이름,지번주소,요일,여는시간,닫는시간,브레이크 시작,브레이크 끝,라스트오더,휴무여부,비고
1등드림,부산광역시 동래구 온천동 1459-21,0,,,,,,,
1등드림,부산광역시 동래구 온천동 1459-21,1,,,,,,,
1등드림,부산광역시 동래구 온천동 1459-21,2,,,,,,,
1등드림,부산광역시 동래구 온천동 1459-21,3,,,,,,,
1등드림,부산광역시 동래구 온천동 1459-21,4,,,,,,,
1등드림,부산광역시 동래구 온천동 1459-21,5,,,,,,,
1등드림,부산광역시 동래구 온천동 1459-21,6,,,,,,,
1번가노래연습장,부산광역시 동래구 명륜동 553-8,0,,,,,,,
1번가노래연습장,부산광역시 동래구 명륜동 553-8,1,,,,,,,
1번가노래연습장,부산광역시 동래구 명륜동 553-8,2,,,,,,,
1번가노래연습장,부산광역시 동래구 명륜동 553-8,3,,,,,,,
1번가노래연습장,부산광역시 동래구 명륜동 553-8,4,,,,,,,
1번가노래연습장,부산광역시 동래구 명륜동 553-8,5,,,,,,,
1번가노래연습장,부산광역시 동래구 명륜동 553-8,6,,,,,,,
21세기노래연습장,부산광역시 금정구 장전동 222-2,0,,,,,,,
21세기노래연습장,부산광역시 금정구 장전동 222-2,1,,,,,,,
21세기노래연습장,부산광역시 금정구 장전동 222-2,2,,,,,,,
21세기노래연습장,부산광역시 금정구 장전동 222-2,3,,,,,,,
21세기노래연습장,부산광역시 금정구 장전동 222-2,4,,,,,,,
21세기노래연습장,부산광역시 금정구 장전동 222-2,5,,,,,,,
21세기노래연습장,부산광역시 금정구 장전동 222-2,6,,,,,,,
B&M척추운동센터,부산광역시 동래구 온천동 503-12,0,,,,,,,
B&M척추운동센터,부산광역시 동래구 온천동 503-12,1,,,,,,,
B&M척추운동센터,부산광역시 동래구 온천동 503-12,2,,,,,,,
B&M척추운동센터,부산광역시 동래구 온천동 503-12,3,,,,,,,
B&M척추운동센터,부산광역시 동래구 온천동 503-12,4,,,,,,,
B&M척추운동센터,부산광역시 동래구 온천동 503-12,5,,,,,,,
B&M척추운동센터,부산광역시 동래구 온천동 503-12,6,,,,,,,
DY휘트니스,부산광역시 금정구 부곡동 225-36,0,9:00,18:00,,,,,
DY휘트니스,부산광역시 금정구 부곡동 225-36,1,6:20,23:30,,,,,
DY휘트니스,부산광역시 금정구 부곡동 225-36,2,6:20,23:30,,,,,
DY휘트니스,부산광역시 금정구 부곡동 225-36,3,6:20,23:30,,,,,
DY휘트니스,부산광역시 금정구 부곡동 225-36,4,6:20,23:30,,,,,
DY휘트니스,부산광역시 금정구 부곡동 225-36,5,6:20,23:30,,,,,
DY휘트니스,부산광역시 금정구 부곡동 225-36,6,9:00,18:00,,,,,
ESPN당구클럽,부산광역시 금정구 구서동 415-2,0,,,,,,,
ESPN당구클럽,부산광역시 금정구 구서동 415-2,1,,,,,,,
ESPN당구클럽,부산광역시 금정구 구서동 415-2,2,,,,,,,
ESPN당구클럽,부산광역시 금정구 구서동 415-2,3,,,,,,,
ESPN당구클럽,부산광역시 금정구 구서동 415-2,4,,,,,,,
ESPN당구클럽,부산광역시 금정구 구서동 415-2,5,,,,,,,
ESPN당구클럽,부산광역시 금정구 구서동 415-2,6,,,,,,,
JJ스크린 골프연습장,부산광역시 금정구 구서동 420-2,0,,,,,,,
JJ스크린 골프연습장,부산광역시 금정구 구서동 420-2,1,,,,,,,
JJ스크린 골프연습장,부산광역시 금정구 구서동 420-2,2,,,,,,,
JJ스크린 골프연습장,부산광역시 금정구 구서동 420-2,3,,,,,,,
JJ스크린 골프연습장,부산광역시 금정구 구서동 420-2,4,,,,,,,
JJ스크린 골프연습장,부산광역시 금정구 구서동 420-2,5,,,,,,,
JJ스크린 골프연습장,부산광역시 금정구 구서동 420-2,6,,,,,,,
JnJ빌리어드카페,부산광역시 금정구 부곡동 225-36,0,,,,,,,
JnJ빌리어드카페,부산광역시 금정구 부곡동 225-36,1,,,,,,,
JnJ빌리어드카페,부산광역시 금정구 부곡동 225-36,2,,,,,,,
JnJ빌리어드카페,부산광역시 금정구 부곡동 225-36,3,,,,,,,
JnJ빌리어드카페,부산광역시 금정구 부곡동 225-36,4,,,,,,,
JnJ빌리어드카페,부산광역시 금정구 부곡동 225-36,5,,,,,,,
JnJ빌리어드카페,부산광역시 금정구 부곡동 225-36,6,,,,,,,
JSM멀티짐,부산광역시 동래구 온천동 871-95,0,,,,,,,
JSM멀티짐,부산광역시 동래구 온천동 871-95,1,,,,,,,
JSM멀티짐,부산광역시 동래구 온천동 871-95,2,,,,,,,
JSM멀티짐,부산광역시 동래구 온천동 871-95,3,,,,,,,
JSM멀티짐,부산광역시 동래구 온천동 871-95,4,,,,,,,
JSM멀티짐,부산광역시 동래구 온천동 871-95,5,,,,,,,
JSM멀티짐,부산광역시 동래구 온천동 871-95,6,,,,,,,
가뮤2노래연습장,부산광역시 금정구 장전동 417-34,0,,,,,,,
가뮤2노래연습장,부산광역시 금정구 장전동 417-34,1,,,,,,,
가뮤2노래연습장,부산광역시 금정구 장전동 417-34,2,,,,,,,
가뮤2노래연습장,부산광역시 금정구 장전동 417-34,3,,,,,,,
가뮤2노래연습장,부산광역시 금정구 장전동 417-34,4,,,,,,,
가뮤2노래연습장,부산광역시 금정구 장전동 417-34,5,,,,,,,
가뮤2노래연습장,부산광역시 금정구 장전동 417-34,6,,,,,,,
가뮤노래연습장,부산광역시 금정구 장전동 415-2,0,,,,,,,
가뮤노래연습장,부산광역시 금정구 장전동 415-2,1,,,,,,,
가뮤노래연습장,부산광역시 금정구 장전동 415-2,2,,,,,,,
가뮤노래연습장,부산광역시 금정구 장전동 415-2,3,,,,,,,
가뮤노래연습장,부산광역시 금정구 장전동 415-2,4,,,,,,,
가뮤노래연습장,부산광역시 금정구 장전동 415-2,5,,,,,,,
가뮤노래연습장,부산광역시 금정구 장전동 415-2,6,,,,,,,
가족오락관,부산광역시 금정구 장전동 643-117,0,,,,,,,
가족오락관,부산광역시 금정구 장전동 643-117,1,,,,,,,
가족오락관,부산광역시 금정구 장전동 643-117,2,,,,,,,
가족오락관,부산광역시 금정구 장전동 643-117,3,,,,,,,
가족오락관,부산광역시 금정구 장전동 643-117,4,,,,,,,
가족오락관,부산광역시 금정구 장전동 643-117,5,,,,,,,
가족오락관,부산광역시 금정구 장전동 643-117,6,,,,,,,
갤러리스크린 골프연습장,부산광역시 동래구 온천동 1600,0,,,,,,,
갤러리스크린 골프연습장,부산광역시 동래구 온천동 1600,1,,,,,,,
갤러리스크린 골프연습장,부산광역시 동래구 온천동 1600,2,,,,,,,
갤러리스크린 골프연습장,부산광역시 동래구 온천동 1600,3,,,,,,,
갤러리스크린 골프연습장,부산광역시 동래구 온천동 1600,4,,,,,,,
갤러리스크린 골프연습장,부산광역시 동래구 온천동 1600,5,,,,,,,
갤러리스크린 골프연습장,부산광역시 동래구 온천동 1600,6,,,,,,,
갤러리지씨주,부산광역시 동래구 온천동 1600,0,,,,,,,
갤러리지씨주,부산광역시 동래구 온천동 1600,1,,,,,,,
갤러리지씨주,부산광역시 동래구 온천동 1600,2,,,,,,,
갤러리지씨주,부산광역시 동래구 온천동 1600,3,,,,,,,
갤러리지씨주,부산광역시 동래구 온천동 1600,4,,,,,,,
갤러리지씨주,부산광역시 동래구 온천동 1600,5,,,,,,,
갤러리지씨주,부산광역시 동래구 온천동 1600,6,,,,,,,
경동스크린골프,부산광역시 금정구 부곡동 886-9,0,,,,,,,
경동스크린골프,부산광역시 금정구 부곡동 886-9,1,,,,,,,
경동스크린골프,부산광역시 금정구 부곡동 886-9,2,,,,,,,
경동스크린골프,부산광역시 금정구 부곡동 886-9,3,,,,,,,
경동스크린골프,부산광역시 금정구 부곡동 886-9,4,,,,,,,
경동스크린골프,부산광역시 금정구 부곡동 886-9,5,,,,,,,
경동스크린골프,부산광역시 금정구 부곡동 886-9,6,,,,,,,
경암체육관 스포츠센터,부산광역시 금정구 장전동 40,0,,,,,,,TRUE
경암체육관 스포츠센터,부산광역시 금정구 장전동 40,1,7:00,22:00,9:00,13:00,,,
경암체육관 스포츠센터,부산광역시 금정구 장전동 40,2,7:00,22:00,9:00,13:00,,,
경암체육관 스포츠센터,부산광역시 금정구 장전동 40,3,7:00,22:00,9:00,13:00,,,
경암체육관 스포츠센터,부산광역시 금정구 장전동 40,4,7:00,22:00,9:00,13:00,,,
경암체육관 스포츠센터,부산광역시 금정구 장전동 40,5,7:00,22:00,9:00,13:00,,,
경암체육관 스포츠센터,부산광역시 금정구 장전동 40,6,,,,,,,TRUE
고래고래노래연습장,부산광역시 동래구 온천동 750-103,0,,,,,,,
고래고래노래연습장,부산광역시 동래구 온천동 750-103,1,,,,,,,
고래고래노래연습장,부산광역시 동래구 온천동 750-103,2,,,,,,,
고래고래노래연습장,부산광역시 동래구 온천동 750-103,3,,,,,,,
고래고래노래연습장,부산광역시 동래구 온천동 750-103,4,,,,,,,
고래고래노래연습장,부산광역시 동래구 온천동 750-103,5,,,,,,,
고래고래노래연습장,부산광역시 동래구 온천동 750-103,6,,,,,,,
골든골프클럽,부산광역시 금정구 부곡동 386-21,0,9:00,22:00,,,,,
골든골프클럽,부산광역시 금정구 부곡동 386-21,1,9:00,22:00,,,,,
골든골프클럽,부산광역시 금정구 부곡동 386-21,2,9:00,22:00,,,,,
골든골프클럽,부산광역시 금정구 부곡동 386-21,3,9:00,22:00,,,,,
골든골프클럽,부산광역시 금정구 부곡동 386-21,4,9:00,22:00,,,,,
골든골프클럽,부산광역시 금정구 부곡동 386-21,5,9:00,22:00,,,,,
골든골프클럽,부산광역시 금정구 부곡동 386-21,6,9:00,22:00,,,,,
골든노래연습장,부산광역시 동래구 명륜동 537,0,,,,,,,
골든노래연습장,부산광역시 동래구 명륜동 537,1,,,,,,,
골든노래연습장,부산광역시 동래구 명륜동 537,2,,,,,,,
골든노래연습장,부산광역시 동래구 명륜동 537,3,,,,,,,
골든노래연습장,부산광역시 동래구 명륜동 537,4,,,,,,,
골든노래연습장,부산광역시 동래구 명륜동 537,5,,,,,,,
골든노래연습장,부산광역시 동래구 명륜동 537,6,,,,,,,
골든벨노래연습장,부산광역시 금정구 부곡동 225-55,0,,,,,,,
골든벨노래연습장,부산광역시 금정구 부곡동 225-55,1,,,,,,,
골든벨노래연습장,부산광역시 금정구 부곡동 225-55,2,,,,,,,
골든벨노래연습장,부산광역시 금정구 부곡동 225-55,3,,,,,,,
골든벨노래연습장,부산광역시 금정구 부곡동 225-55,4,,,,,,,
골든벨노래연습장,부산광역시 금정구 부곡동 225-55,5,,,,,,,
골든벨노래연습장,부산광역시 금정구 부곡동 225-55,6,,,,,,,
골퍼러스,부산광역시 금정구 구서동 184-3,0,,,,,,,
골퍼러스,부산광역시 금정구 구서동 184-3,1,,,,,,,
골퍼러스,부산광역시 금정구 구서동 184-3,2,,,,,,,
골퍼러스,부산광역시 금정구 구서동 184-3,3,,,,,,,
골퍼러스,부산광역시 금정구 구서동 184-3,4,,,,,,,
골퍼러스,부산광역시 금정구 구서동 184-3,5,,,,,,,
골퍼러스,부산광역시 금정구 구서동 184-3,6,,,,,,,
골프존파크 부곡지스타점,부산광역시 금정구 부곡동 235-1,0,,,,,,,
골프존파크 부곡지스타점,부산광역시 금정구 부곡동 235-1,1,,,,,,,
골프존파크 부곡지스타점,부산광역시 금정구 부곡동 235-1,2,,,,,,,
골프존파크 부곡지스타점,부산광역시 금정구 부곡동 235-1,3,,,,,,,
골프존파크 부곡지스타점,부산광역시 금정구 부곡동 235-1,4,,,,,,,
골프존파크 부곡지스타점,부산광역시 금정구 부곡동 235-1,5,,,,,,,
골프존파크 부곡지스타점,부산광역시 금정구 부곡동 235-1,6,,,,,,,
구서JS,부산광역시 금정구 구서동 457-2,0,10:00,0:00,,,,,
구서JS,부산광역시 금정구 구서동 457-2,1,10:00,0:00,,,,,
구서JS,부산광역시 금정구 구서동 457-2,2,10:00,0:00,,,,,
구서JS,부산광역시 금정구 구서동 457-2,3,10:00,0:00,,,,,
구서JS,부산광역시 금정구 구서동 457-2,4,10:00,0:00,,,,,
구서JS,부산광역시 금정구 구서동 457-2,5,10:00,0:00,,,,,
구서JS,부산광역시 금정구 구서동 457-2,6,10:00,0:00,,,,,
구서실내테니스장,부산광역시 금정구 구서동 192-1,0,,,,,,,
구서실내테니스장,부산광역시 금정구 구서동 192-1,1,,,,,,,
구서실내테니스장,부산광역시 금정구 구서동 192-1,2,,,,,,,
구서실내테니스장,부산광역시 금정구 구서동 192-1,3,,,,,,,
구서실내테니스장,부산광역시 금정구 구서동 192-1,4,,,,,,,
구서실내테니스장,부산광역시 금정구 구서동 192-1,5,,,,,,,
구서실내테니스장,부산광역시 금정구 구서동 192-1,6,,,,,,,
구서실버주간보호센터,부산광역시 금정구 구서동 655-26,0,,,,,,,
구서실버주간보호센터,부산광역시 금정구 구서동 655-26,1,,,,,,,
구서실버주간보호센터,부산광역시 금정구 구서동 655-26,2,,,,,,,
구서실버주간보호센터,부산광역시 금정구 구서동 655-26,3,,,,,,,
구서실버주간보호센터,부산광역시 금정구 구서동 655-26,4,,,,,,,
구서실버주간보호센터,부산광역시 금정구 구서동 655-26,5,,,,,,,
구서실버주간보호센터,부산광역시 금정구 구서동 655-26,6,,,,,,,
국물이시원해,부산광역시 금정구 장전동 155-1,0,,,,,,,
국물이시원해,부산광역시 금정구 장전동 155-1,1,,,,,,,
국물이시원해,부산광역시 금정구 장전동 155-1,2,,,,,,,
국물이시원해,부산광역시 금정구 장전동 155-1,3,,,,,,,
국물이시원해,부산광역시 금정구 장전동 155-1,4,,,,,,,
국물이시원해,부산광역시 금정구 장전동 155-1,5,,,,,,,
국물이시원해,부산광역시 금정구 장전동 155-1,6,,,,,,,
굿샷스크린골프,부산광역시 금정구 구서동 458-10,0,9:30,3:00,,,,,
굿샷스크린골프,부산광역시 금정구 구서동 458-10,1,9:30,3:00,,,,,
굿샷스크린골프,부산광역시 금정구 구서동 458-10,2,9:30,3:00,,,,,
굿샷스크린골프,부산광역시 금정구 구서동 458-10,3,9:30,3:00,,,,,
굿샷스크린골프,부산광역시 금정구 구서동 458-10,4,9:30,3:00,,,,,
굿샷스크린골프,부산광역시 금정구 구서동 458-10,5,9:30,3:00,,,,,
굿샷스크린골프,부산광역시 금정구 구서동 458-10,6,9:30,3:00,,,,,
궁전노래연습장,부산광역시 동래구 온천동 1249-14,0,,,,,,,
궁전노래연습장,부산광역시 동래구 온천동 1249-14,1,,,,,,,
궁전노래연습장,부산광역시 동래구 온천동 1249-14,2,,,,,,,
궁전노래연습장,부산광역시 동래구 온천동 1249-14,3,,,,,,,
궁전노래연습장,부산광역시 동래구 온천동 1249-14,4,,,,,,,
궁전노래연습장,부산광역시 동래구 온천동 1249-14,5,,,,,,,
궁전노래연습장,부산광역시 동래구 온천동 1249-14,6,,,,,,,
귀빈노래연습장,부산광역시 동래구 온천동 189-16,0,,,,,,,
귀빈노래연습장,부산광역시 동래구 온천동 189-16,1,,,,,,,
귀빈노래연습장,부산광역시 동래구 온천동 189-16,2,,,,,,,
귀빈노래연습장,부산광역시 동래구 온천동 189-16,3,,,,,,,
귀빈노래연습장,부산광역시 동래구 온천동 189-16,4,,,,,,,
귀빈노래연습장,부산광역시 동래구 온천동 189-16,5,,,,,,,
귀빈노래연습장,부산광역시 동래구 온천동 189-16,6,,,,,,,
귀족당구장,부산광역시 금정구 구서동 175-34,0,,,,,,,
귀족당구장,부산광역시 금정구 구서동 175-34,1,,,,,,,
귀족당구장,부산광역시 금정구 구서동 175-34,2,,,,,,,
귀족당구장,부산광역시 금정구 구서동 175-34,3,,,,,,,
귀족당구장,부산광역시 금정구 구서동 175-34,4,,,,,,,
귀족당구장,부산광역시 금정구 구서동 175-34,5,,,,,,,
귀족당구장,부산광역시 금정구 구서동 175-34,6,,,,,,,
그레이트짐온천장PT&헬스,부산광역시 동래구 온천동 138-3,0,,,,,,,
그레이트짐온천장PT&헬스,부산광역시 동래구 온천동 138-3,1,,,,,,,
그레이트짐온천장PT&헬스,부산광역시 동래구 온천동 138-3,2,,,,,,,
그레이트짐온천장PT&헬스,부산광역시 동래구 온천동 138-3,3,,,,,,,
그레이트짐온천장PT&헬스,부산광역시 동래구 온천동 138-3,4,,,,,,,
그레이트짐온천장PT&헬스,부산광역시 동래구 온천동 138-3,5,,,,,,,
그레이트짐온천장PT&헬스,부산광역시 동래구 온천동 138-3,6,,,,,,,
근의공식GYM,부산광역시 금정구 장전동 96-27,0,,,,,,,
근의공식GYM,부산광역시 금정구 장전동 96-27,1,,,,,,,
근의공식GYM,부산광역시 금정구 장전동 96-27,2,,,,,,,
근의공식GYM,부산광역시 금정구 장전동 96-27,3,,,,,,,
근의공식GYM,부산광역시 금정구 장전동 96-27,4,,,,,,,
근의공식GYM,부산광역시 금정구 장전동 96-27,5,,,,,,,
근의공식GYM,부산광역시 금정구 장전동 96-27,6,,,,,,,
금강 골프연습장,부산광역시 동래구 온천동 435-28,0,,,,,,,
금강 골프연습장,부산광역시 동래구 온천동 435-28,1,,,,,,,
금강 골프연습장,부산광역시 동래구 온천동 435-28,2,,,,,,,
금강 골프연습장,부산광역시 동래구 온천동 435-28,3,,,,,,,
금강 골프연습장,부산광역시 동래구 온천동 435-28,4,,,,,,,
금강 골프연습장,부산광역시 동래구 온천동 435-28,5,,,,,,,
금강 골프연습장,부산광역시 동래구 온천동 435-28,6,,,,,,,
금정남여체력관,부산광역시 금정구 구서동 86-41,0,6:00,17:00,,,,,
금정남여체력관,부산광역시 금정구 구서동 86-41,1,6:00,17:00,,,,,
금정남여체력관,부산광역시 금정구 구서동 86-41,2,6:00,17:00,,,,,
금정남여체력관,부산광역시 금정구 구서동 86-41,3,6:00,17:00,,,,,
금정남여체력관,부산광역시 금정구 구서동 86-41,4,6:00,17:00,,,,,
금정남여체력관,부산광역시 금정구 구서동 86-41,5,6:00,17:00,,,,,
금정남여체력관,부산광역시 금정구 구서동 86-41,6,6:00,17:00,,,,,
금정사우나스크린,부산광역시 금정구 부곡동 235-13,0,5:00,1:00,,,,,
금정사우나스크린,부산광역시 금정구 부곡동 235-13,1,5:00,1:00,,,,,
금정사우나스크린,부산광역시 금정구 부곡동 235-13,2,5:00,1:00,,,,,
금정사우나스크린,부산광역시 금정구 부곡동 235-13,3,5:00,1:00,,,,,
금정사우나스크린,부산광역시 금정구 부곡동 235-13,4,5:00,1:00,,,,,
금정사우나스크린,부산광역시 금정구 부곡동 235-13,5,5:00,1:00,,,,,
금정사우나스크린,부산광역시 금정구 부곡동 235-13,6,5:00,1:00,,,,,
금정산부곡온천,부산광역시 금정구 부곡동 63-1,0,5:00,23:00,,,,,
금정산부곡온천,부산광역시 금정구 부곡동 63-1,1,5:00,23:00,,,,,
금정산부곡온천,부산광역시 금정구 부곡동 63-1,2,5:00,23:00,,,,,
금정산부곡온천,부산광역시 금정구 부곡동 63-1,3,5:00,23:00,,,,,
금정산부곡온천,부산광역시 금정구 부곡동 63-1,4,5:00,23:00,,,,,
금정산부곡온천,부산광역시 금정구 부곡동 63-1,5,5:00,23:00,,,,,
금정산부곡온천,부산광역시 금정구 부곡동 63-1,6,5:00,23:00,,,,,
금정산온천레포츠,부산광역시 금정구 구서동 203-5,0,5:00,23:00,,,,,
금정산온천레포츠,부산광역시 금정구 구서동 203-5,1,5:00,23:00,,,,,
금정산온천레포츠,부산광역시 금정구 구서동 203-5,2,5:00,23:00,,,,,
금정산온천레포츠,부산광역시 금정구 구서동 203-5,3,5:00,23:00,,,,,
금정산온천레포츠,부산광역시 금정구 구서동 203-5,4,5:00,23:00,,,,,
금정산온천레포츠,부산광역시 금정구 구서동 203-5,5,5:00,23:00,,,,,
금정산온천레포츠,부산광역시 금정구 구서동 203-5,6,5:00,23:00,,,,,
금정파크골프,부산광역시 금정구 장전동 419-43,0,9:30,17:00,,,,,
금정파크골프,부산광역시 금정구 장전동 419-43,1,9:30,17:00,,,,,
금정파크골프,부산광역시 금정구 장전동 419-43,2,9:30,17:00,,,,,
금정파크골프,부산광역시 금정구 장전동 419-43,3,9:30,17:00,,,,,
금정파크골프,부산광역시 금정구 장전동 419-43,4,9:30,17:00,,,,,
금정파크골프,부산광역시 금정구 장전동 419-43,5,9:30,17:00,,,,,
금정파크골프,부산광역시 금정구 장전동 419-43,6,9:30,17:00,,,,,
금천파크온천,부산광역시 동래구 온천동 95-38,0,,,,,,,
금천파크온천,부산광역시 동래구 온천동 95-38,1,,,,,,,
금천파크온천,부산광역시 동래구 온천동 95-38,2,,,,,,,
금천파크온천,부산광역시 동래구 온천동 95-38,3,,,,,,,
금천파크온천,부산광역시 동래구 온천동 95-38,4,,,,,,,
금천파크온천,부산광역시 동래구 온천동 95-38,5,,,,,,,
금천파크온천,부산광역시 동래구 온천동 95-38,6,,,,,,,
기치유센터,부산광역시 금정구 부곡동 324-27,0,,,,,,,
기치유센터,부산광역시 금정구 부곡동 324-27,1,,,,,,,
기치유센터,부산광역시 금정구 부곡동 324-27,2,,,,,,,
기치유센터,부산광역시 금정구 부곡동 324-27,3,,,,,,,
기치유센터,부산광역시 금정구 부곡동 324-27,4,,,,,,,
기치유센터,부산광역시 금정구 부곡동 324-27,5,,,,,,,
기치유센터,부산광역시 금정구 부곡동 324-27,6,,,,,,,
긱스타PC카페,부산광역시 금정구 장전동 420-1,0,,,,,,,
긱스타PC카페,부산광역시 금정구 장전동 420-1,1,,,,,,,
긱스타PC카페,부산광역시 금정구 장전동 420-1,2,,,,,,,
긱스타PC카페,부산광역시 금정구 장전동 420-1,3,,,,,,,
긱스타PC카페,부산광역시 금정구 장전동 420-1,4,,,,,,,
긱스타PC카페,부산광역시 금정구 장전동 420-1,5,,,,,,,
긱스타PC카페,부산광역시 금정구 장전동 420-1,6,,,,,,,
길당구장,부산광역시 금정구 구서동 86-36,0,,,,,,,
길당구장,부산광역시 금정구 구서동 86-36,1,,,,,,,
길당구장,부산광역시 금정구 구서동 86-36,2,,,,,,,
길당구장,부산광역시 금정구 구서동 86-36,3,,,,,,,
길당구장,부산광역시 금정구 구서동 86-36,4,,,,,,,
길당구장,부산광역시 금정구 구서동 86-36,5,,,,,,,
길당구장,부산광역시 금정구 구서동 86-36,6,,,,,,,
깐느,부산광역시 금정구 부곡동 305-3,0,0:00,0:00,,,,,
깐느,부산광역시 금정구 부곡동 305-3,1,0:00,0:00,,,,,
깐느,부산광역시 금정구 부곡동 305-3,2,0:00,0:00,,,,,
깐느,부산광역시 금정구 부곡동 305-3,3,0:00,0:00,,,,,
깐느,부산광역시 금정구 부곡동 305-3,4,0:00,0:00,,,,,
깐느,부산광역시 금정구 부곡동 305-3,5,0:00,0:00,,,,,
깐느,부산광역시 금정구 부곡동 305-3,6,0:00,0:00,,,,,
깐느노래연습장,부산광역시 금정구 장전동 417-39,0,,,,,,,
깐느노래연습장,부산광역시 금정구 장전동 417-39,1,,,,,,,
깐느노래연습장,부산광역시 금정구 장전동 417-39,2,,,,,,,
깐느노래연습장,부산광역시 금정구 장전동 417-39,3,,,,,,,
깐느노래연습장,부산광역시 금정구 장전동 417-39,4,,,,,,,
깐느노래연습장,부산광역시 금정구 장전동 417-39,5,,,,,,,
깐느노래연습장,부산광역시 금정구 장전동 417-39,6,,,,,,,
꼬마대통령 구서역점,부산광역시 금정구 구서동 85-9,0,10:00,20:00,,,,,
꼬마대통령 구서역점,부산광역시 금정구 구서동 85-9,1,10:00,20:00,,,,,
꼬마대통령 구서역점,부산광역시 금정구 구서동 85-9,2,10:00,20:00,,,,,
꼬마대통령 구서역점,부산광역시 금정구 구서동 85-9,3,10:00,20:00,,,,,
꼬마대통령 구서역점,부산광역시 금정구 구서동 85-9,4,10:00,20:00,,,,,
꼬마대통령 구서역점,부산광역시 금정구 구서동 85-9,5,10:00,20:00,,,,,
꼬마대통령 구서역점,부산광역시 금정구 구서동 85-9,6,10:00,20:00,,,,,
꿀단지노래연습장,부산광역시 금정구 부곡동 273-24,0,,,,,,,
꿀단지노래연습장,부산광역시 금정구 부곡동 273-24,1,,,,,,,
꿀단지노래연습장,부산광역시 금정구 부곡동 273-24,2,,,,,,,
꿀단지노래연습장,부산광역시 금정구 부곡동 273-24,3,,,,,,,
꿀단지노래연습장,부산광역시 금정구 부곡동 273-24,4,,,,,,,
꿀단지노래연습장,부산광역시 금정구 부곡동 273-24,5,,,,,,,
꿀단지노래연습장,부산광역시 금정구 부곡동 273-24,6,,,,,,,
나나그룹,부산광역시 동래구 온천동 150-3,0,,,,,,,
나나그룹,부산광역시 동래구 온천동 150-3,1,,,,,,,
나나그룹,부산광역시 동래구 온천동 150-3,2,,,,,,,
나나그룹,부산광역시 동래구 온천동 150-3,3,,,,,,,
나나그룹,부산광역시 동래구 온천동 150-3,4,,,,,,,
나나그룹,부산광역시 동래구 온천동 150-3,5,,,,,,,
나나그룹,부산광역시 동래구 온천동 150-3,6,,,,,,,
나무콘텐츠,부산광역시 금정구 장전동 308-2,0,,,,,,,
나무콘텐츠,부산광역시 금정구 장전동 308-2,1,,,,,,,
나무콘텐츠,부산광역시 금정구 장전동 308-2,2,,,,,,,
나무콘텐츠,부산광역시 금정구 장전동 308-2,3,,,,,,,
나무콘텐츠,부산광역시 금정구 장전동 308-2,4,,,,,,,
나무콘텐츠,부산광역시 금정구 장전동 308-2,5,,,,,,,
나무콘텐츠,부산광역시 금정구 장전동 308-2,6,,,,,,,
나비노래연습장,부산광역시 금정구 구서동 1032-4,0,,,,,,,
나비노래연습장,부산광역시 금정구 구서동 1032-4,1,,,,,,,
나비노래연습장,부산광역시 금정구 구서동 1032-4,2,,,,,,,
나비노래연습장,부산광역시 금정구 구서동 1032-4,3,,,,,,,
나비노래연습장,부산광역시 금정구 구서동 1032-4,4,,,,,,,
나비노래연습장,부산광역시 금정구 구서동 1032-4,5,,,,,,,
나비노래연습장,부산광역시 금정구 구서동 1032-4,6,,,,,,,
나인파인땡큐,부산광역시 동래구 온천동 135-6,0,,,,,,,
나인파인땡큐,부산광역시 동래구 온천동 135-6,1,,,,,,,
나인파인땡큐,부산광역시 동래구 온천동 135-6,2,,,,,,,
나인파인땡큐,부산광역시 동래구 온천동 135-6,3,,,,,,,
나인파인땡큐,부산광역시 동래구 온천동 135-6,4,,,,,,,
나인파인땡큐,부산광역시 동래구 온천동 135-6,5,,,,,,,
나인파인땡큐,부산광역시 동래구 온천동 135-6,6,,,,,,,
낙원당구장,부산광역시 동래구 명륜동 702-45,0,,,,,,,
낙원당구장,부산광역시 동래구 명륜동 702-45,1,,,,,,,
낙원당구장,부산광역시 동래구 명륜동 702-45,2,,,,,,,
낙원당구장,부산광역시 동래구 명륜동 702-45,3,,,,,,,
낙원당구장,부산광역시 동래구 명륜동 702-45,4,,,,,,,
낙원당구장,부산광역시 동래구 명륜동 702-45,5,,,,,,,
낙원당구장,부산광역시 동래구 명륜동 702-45,6,,,,,,,
네이처피트니스,부산광역시 동래구 온천동 198-11,0,,,,,,,
네이처피트니스,부산광역시 동래구 온천동 198-11,1,,,,,,,
네이처피트니스,부산광역시 동래구 온천동 198-11,2,,,,,,,
네이처피트니스,부산광역시 동래구 온천동 198-11,3,,,,,,,
네이처피트니스,부산광역시 동래구 온천동 198-11,4,,,,,,,
네이처피트니스,부산광역시 동래구 온천동 198-11,5,,,,,,,
네이처피트니스,부산광역시 동래구 온천동 198-11,6,,,,,,,
노래에반하다,부산광역시 금정구 장전동 219-4,0,,,,,,,
노래에반하다,부산광역시 금정구 장전동 219-4,1,,,,,,,
노래에반하다,부산광역시 금정구 장전동 219-4,2,,,,,,,
노래에반하다,부산광역시 금정구 장전동 219-4,3,,,,,,,
노래에반하다,부산광역시 금정구 장전동 219-4,4,,,,,,,
노래에반하다,부산광역시 금정구 장전동 219-4,5,,,,,,,
노래에반하다,부산광역시 금정구 장전동 219-4,6,,,,,,,
노블PC카페,부산광역시 금정구 장전동 293-175,0,,,,,,,
노블PC카페,부산광역시 금정구 장전동 293-175,1,,,,,,,
노블PC카페,부산광역시 금정구 장전동 293-175,2,,,,,,,
노블PC카페,부산광역시 금정구 장전동 293-175,3,,,,,,,
노블PC카페,부산광역시 금정구 장전동 293-175,4,,,,,,,
노블PC카페,부산광역시 금정구 장전동 293-175,5,,,,,,,
노블PC카페,부산광역시 금정구 장전동 293-175,6,,,,,,,
놀이터당구장,부산광역시 금정구 장전동 155-2,0,,,,,,,
놀이터당구장,부산광역시 금정구 장전동 155-2,1,,,,,,,
놀이터당구장,부산광역시 금정구 장전동 155-2,2,,,,,,,
놀이터당구장,부산광역시 금정구 장전동 155-2,3,,,,,,,
놀이터당구장,부산광역시 금정구 장전동 155-2,4,,,,,,,
놀이터당구장,부산광역시 금정구 장전동 155-2,5,,,,,,,
놀이터당구장,부산광역시 금정구 장전동 155-2,6,,,,,,,
뉴히든싱어 동전노래연습장,부산광역시 금정구 장전동 421-2,0,,,,,,,
뉴히든싱어 동전노래연습장,부산광역시 금정구 장전동 421-2,1,,,,,,,
뉴히든싱어 동전노래연습장,부산광역시 금정구 장전동 421-2,2,,,,,,,
뉴히든싱어 동전노래연습장,부산광역시 금정구 장전동 421-2,3,,,,,,,
뉴히든싱어 동전노래연습장,부산광역시 금정구 장전동 421-2,4,,,,,,,
뉴히든싱어 동전노래연습장,부산광역시 금정구 장전동 421-2,5,,,,,,,
뉴히든싱어 동전노래연습장,부산광역시 금정구 장전동 421-2,6,,,,,,,
다온복권방,부산광역시 금정구 부곡동 295-15,0,,,,,,,
다온복권방,부산광역시 금정구 부곡동 295-15,1,,,,,,,
다온복권방,부산광역시 금정구 부곡동 295-15,2,,,,,,,
다온복권방,부산광역시 금정구 부곡동 295-15,3,,,,,,,
다온복권방,부산광역시 금정구 부곡동 295-15,4,,,,,,,
다온복권방,부산광역시 금정구 부곡동 295-15,5,,,,,,,
다온복권방,부산광역시 금정구 부곡동 295-15,6,,,,,,,
다이나믹노래연습장,부산광역시 금정구 구서동 415-101,0,,,,,,,
다이나믹노래연습장,부산광역시 금정구 구서동 415-101,1,,,,,,,
다이나믹노래연습장,부산광역시 금정구 구서동 415-101,2,,,,,,,
다이나믹노래연습장,부산광역시 금정구 구서동 415-101,3,,,,,,,
다이나믹노래연습장,부산광역시 금정구 구서동 415-101,4,,,,,,,
다이나믹노래연습장,부산광역시 금정구 구서동 415-101,5,,,,,,,
다이나믹노래연습장,부산광역시 금정구 구서동 415-101,6,,,,,,,
다이브포유,부산광역시 동래구 명륜동 515-3,0,10:00,19:00,,,,,
다이브포유,부산광역시 동래구 명륜동 515-3,1,10:00,19:00,,,,,
다이브포유,부산광역시 동래구 명륜동 515-3,2,10:00,19:00,,,,,
다이브포유,부산광역시 동래구 명륜동 515-3,3,10:00,19:00,,,,,
다이브포유,부산광역시 동래구 명륜동 515-3,4,10:00,19:00,,,,,
다이브포유,부산광역시 동래구 명륜동 515-3,5,10:00,19:00,,,,,
다이브포유,부산광역시 동래구 명륜동 515-3,6,10:00,19:00,,,,,
다함께야구왕 동래점,부산광역시 동래구 명륜동 502-13,0,12:00,4:00,,,,,
다함께야구왕 동래점,부산광역시 동래구 명륜동 502-13,1,12:00,2:00,,,,,
다함께야구왕 동래점,부산광역시 동래구 명륜동 502-13,2,12:00,2:00,,,,,
다함께야구왕 동래점,부산광역시 동래구 명륜동 502-13,3,12:00,2:00,,,,,
다함께야구왕 동래점,부산광역시 동래구 명륜동 502-13,4,12:00,2:00,,,,,
다함께야구왕 동래점,부산광역시 동래구 명륜동 502-13,5,12:00,2:00,,,,,
다함께야구왕 동래점,부산광역시 동래구 명륜동 502-13,6,12:00,4:00,,,,,
닥터솔루션,부산광역시 금정구 구서동 735-1,0,,,,,,,
닥터솔루션,부산광역시 금정구 구서동 735-1,1,,,,,,,
닥터솔루션,부산광역시 금정구 구서동 735-1,2,,,,,,,
닥터솔루션,부산광역시 금정구 구서동 735-1,3,,,,,,,
닥터솔루션,부산광역시 금정구 구서동 735-1,4,,,,,,,
닥터솔루션,부산광역시 금정구 구서동 735-1,5,,,,,,,
닥터솔루션,부산광역시 금정구 구서동 735-1,6,,,,,,,
닥터핏24,부산광역시 금정구 구서동 85-9,0,0:00,,,,,,
닥터핏24,부산광역시 금정구 구서동 85-9,1,0:00,,,,,,
닥터핏24,부산광역시 금정구 구서동 85-9,2,0:00,,,,,,
닥터핏24,부산광역시 금정구 구서동 85-9,3,0:00,,,,,,
닥터핏24,부산광역시 금정구 구서동 85-9,4,0:00,,,,,,
닥터핏24,부산광역시 금정구 구서동 85-9,5,0:00,,,,,,
닥터핏24,부산광역시 금정구 구서동 85-9,6,0:00,,,,,,
단골닥터골프,부산광역시 금정구 구서동 85-9,0,6:00,23:00,,,,,
단골닥터골프,부산광역시 금정구 구서동 85-9,1,6:00,23:00,,,,,
단골닥터골프,부산광역시 금정구 구서동 85-9,2,6:00,23:00,,,,,
단골닥터골프,부산광역시 금정구 구서동 85-9,3,6:00,23:00,,,,,
단골닥터골프,부산광역시 금정구 구서동 85-9,4,6:00,23:00,,,,,
단골닥터골프,부산광역시 금정구 구서동 85-9,5,6:00,23:00,,,,,
단골닥터골프,부산광역시 금정구 구서동 85-9,6,6:00,23:00,,,,,
단전호흡,부산광역시 금정구 부곡동 303-5,0,,,,,,,
단전호흡,부산광역시 금정구 부곡동 303-5,1,,,,,,,
단전호흡,부산광역시 금정구 부곡동 303-5,2,,,,,,,
단전호흡,부산광역시 금정구 부곡동 303-5,3,,,,,,,
단전호흡,부산광역시 금정구 부곡동 303-5,4,,,,,,,
단전호흡,부산광역시 금정구 부곡동 303-5,5,,,,,,,
단전호흡,부산광역시 금정구 부곡동 303-5,6,,,,,,,
달오름노래연습장,부산광역시 동래구 온천동 1414-18,0,,,,,,,
달오름노래연습장,부산광역시 동래구 온천동 1414-18,1,,,,,,,
달오름노래연습장,부산광역시 동래구 온천동 1414-18,2,,,,,,,
달오름노래연습장,부산광역시 동래구 온천동 1414-18,3,,,,,,,
달오름노래연습장,부산광역시 동래구 온천동 1414-18,4,,,,,,,
달오름노래연습장,부산광역시 동래구 온천동 1414-18,5,,,,,,,
달오름노래연습장,부산광역시 동래구 온천동 1414-18,6,,,,,,,
달인형뽑기,부산광역시 금정구 장전동 221-22,0,,,,,,,
달인형뽑기,부산광역시 금정구 장전동 221-22,1,,,,,,,
달인형뽑기,부산광역시 금정구 장전동 221-22,2,,,,,,,
달인형뽑기,부산광역시 금정구 장전동 221-22,3,,,,,,,
달인형뽑기,부산광역시 금정구 장전동 221-22,4,,,,,,,
달인형뽑기,부산광역시 금정구 장전동 221-22,5,,,,,,,
달인형뽑기,부산광역시 금정구 장전동 221-22,6,,,,,,,
대박PC,부산광역시 동래구 온천동 1421-16,0,,,,,,,
대박PC,부산광역시 동래구 온천동 1421-16,1,,,,,,,
대박PC,부산광역시 동래구 온천동 1421-16,2,,,,,,,
대박PC,부산광역시 동래구 온천동 1421-16,3,,,,,,,
대박PC,부산광역시 동래구 온천동 1421-16,4,,,,,,,
대박PC,부산광역시 동래구 온천동 1421-16,5,,,,,,,
대박PC,부산광역시 동래구 온천동 1421-16,6,,,,,,,
대박복권,부산광역시 금정구 부곡동 792-68,0,,,,,,,
대박복권,부산광역시 금정구 부곡동 792-68,1,,,,,,,
대박복권,부산광역시 금정구 부곡동 792-68,2,,,,,,,
대박복권,부산광역시 금정구 부곡동 792-68,3,,,,,,,
대박복권,부산광역시 금정구 부곡동 792-68,4,,,,,,,
대박복권,부산광역시 금정구 부곡동 792-68,5,,,,,,,
대박복권,부산광역시 금정구 부곡동 792-68,6,,,,,,,
대박복권방,부산광역시 금정구 부곡동 59-13,0,,,,,,,
대박복권방,부산광역시 금정구 부곡동 59-13,1,,,,,,,
대박복권방,부산광역시 금정구 부곡동 59-13,2,,,,,,,
대박복권방,부산광역시 금정구 부곡동 59-13,3,,,,,,,
대박복권방,부산광역시 금정구 부곡동 59-13,4,,,,,,,
대박복권방,부산광역시 금정구 부곡동 59-13,5,,,,,,,
대박복권방,부산광역시 금정구 부곡동 59-13,6,,,,,,,
대박행운,부산광역시 금정구 장전동 107-6,0,,,,,,,
대박행운,부산광역시 금정구 장전동 107-6,1,,,,,,,
대박행운,부산광역시 금정구 장전동 107-6,2,,,,,,,
대박행운,부산광역시 금정구 장전동 107-6,3,,,,,,,
대박행운,부산광역시 금정구 장전동 107-6,4,,,,,,,
대박행운,부산광역시 금정구 장전동 107-6,5,,,,,,,
대박행운,부산광역시 금정구 장전동 107-6,6,,,,,,,
댄스댄스노래연습장,부산광역시 동래구 명륜동 401-11,0,,,,,,,
댄스댄스노래연습장,부산광역시 동래구 명륜동 401-11,1,,,,,,,
댄스댄스노래연습장,부산광역시 동래구 명륜동 401-11,2,,,,,,,
댄스댄스노래연습장,부산광역시 동래구 명륜동 401-11,3,,,,,,,
댄스댄스노래연습장,부산광역시 동래구 명륜동 401-11,4,,,,,,,
댄스댄스노래연습장,부산광역시 동래구 명륜동 401-11,5,,,,,,,
댄스댄스노래연습장,부산광역시 동래구 명륜동 401-11,6,,,,,,,
댄스업아카데미학원,부산광역시 금정구 장전동 312-17,0,,,,,,,
댄스업아카데미학원,부산광역시 금정구 장전동 312-17,1,,,,,,,
댄스업아카데미학원,부산광역시 금정구 장전동 312-17,2,,,,,,,
댄스업아카데미학원,부산광역시 금정구 장전동 312-17,3,,,,,,,
댄스업아카데미학원,부산광역시 금정구 장전동 312-17,4,,,,,,,
댄스업아카데미학원,부산광역시 금정구 장전동 312-17,5,,,,,,,
댄스업아카데미학원,부산광역시 금정구 장전동 312-17,6,,,,,,,
더나아짐체형교정운동센터,부산광역시 동래구 명륜동 2-63,0,,,,,,TRUE,
더나아짐체형교정운동센터,부산광역시 동래구 명륜동 2-63,1,9:00,20:00,12:30,14:00,,,
더나아짐체형교정운동센터,부산광역시 동래구 명륜동 2-63,2,9:00,20:00,12:30,14:00,,,
더나아짐체형교정운동센터,부산광역시 동래구 명륜동 2-63,3,9:00,20:00,12:30,14:00,,,
더나아짐체형교정운동센터,부산광역시 동래구 명륜동 2-63,4,9:00,20:00,12:30,14:00,,,
더나아짐체형교정운동센터,부산광역시 동래구 명륜동 2-63,5,9:00,20:00,12:30,14:00,,,
더나아짐체형교정운동센터,부산광역시 동래구 명륜동 2-63,6,9:00,20:00,12:30,14:00,,,
더넛츠스튜디오 동래점,부산광역시 동래구 명륜동 553-21,0,,,,,,,
더넛츠스튜디오 동래점,부산광역시 동래구 명륜동 553-21,1,,,,,,,
더넛츠스튜디오 동래점,부산광역시 동래구 명륜동 553-21,2,,,,,,,
더넛츠스튜디오 동래점,부산광역시 동래구 명륜동 553-21,3,,,,,,,
더넛츠스튜디오 동래점,부산광역시 동래구 명륜동 553-21,4,,,,,,,
더넛츠스튜디오 동래점,부산광역시 동래구 명륜동 553-21,5,,,,,,,
더넛츠스튜디오 동래점,부산광역시 동래구 명륜동 553-21,6,,,,,,,
더락이스케이프 부산대점,부산광역시 금정구 장전동 302-13,0,12:00,22:00,,,,,
더락이스케이프 부산대점,부산광역시 금정구 장전동 302-13,1,12:00,22:00,,,,,
더락이스케이프 부산대점,부산광역시 금정구 장전동 302-13,2,12:00,22:00,,,,,
더락이스케이프 부산대점,부산광역시 금정구 장전동 302-13,3,12:00,22:00,,,,,
더락이스케이프 부산대점,부산광역시 금정구 장전동 302-13,4,12:00,22:00,,,,,
더락이스케이프 부산대점,부산광역시 금정구 장전동 302-13,5,12:00,22:00,,,,,
더락이스케이프 부산대점,부산광역시 금정구 장전동 302-13,6,12:00,22:00,,,,,
더매력GYM,부산광역시 금정구 부곡동 386-6,0,10:00,20:00,,,,,
더매력GYM,부산광역시 금정구 부곡동 386-6,1,6:00,0:00,,,,,
더매력GYM,부산광역시 금정구 부곡동 386-6,2,6:00,0:00,,,,,
더매력GYM,부산광역시 금정구 부곡동 386-6,3,6:00,0:00,,,,,
더매력GYM,부산광역시 금정구 부곡동 386-6,4,6:00,0:00,,,,,
더매력GYM,부산광역시 금정구 부곡동 386-6,5,6:00,0:00,,,,,
더매력GYM,부산광역시 금정구 부곡동 386-6,6,10:00,20:00,,,,,
더바디피트니스,부산광역시 동래구 온천동 1600,0,,,,,,,
더바디피트니스,부산광역시 동래구 온천동 1600,1,,,,,,,
더바디피트니스,부산광역시 동래구 온천동 1600,2,,,,,,,
더바디피트니스,부산광역시 동래구 온천동 1600,3,,,,,,,
더바디피트니스,부산광역시 동래구 온천동 1600,4,,,,,,,
더바디피트니스,부산광역시 동래구 온천동 1600,5,,,,,,,
더바디피트니스,부산광역시 동래구 온천동 1600,6,,,,,,,
더앤씨,부산광역시 동래구 온천동 1413-6,0,,,,,,,
더앤씨,부산광역시 동래구 온천동 1413-6,1,,,,,,,
더앤씨,부산광역시 동래구 온천동 1413-6,2,,,,,,,
더앤씨,부산광역시 동래구 온천동 1413-6,3,,,,,,,
더앤씨,부산광역시 동래구 온천동 1413-6,4,,,,,,,
더앤씨,부산광역시 동래구 온천동 1413-6,5,,,,,,,
더앤씨,부산광역시 동래구 온천동 1413-6,6,,,,,,,
더온피트니스,부산광역시 동래구 온천동 1402-3,0,,,,,,,
더온피트니스,부산광역시 동래구 온천동 1402-3,1,,,,,,,
더온피트니스,부산광역시 동래구 온천동 1402-3,2,,,,,,,
더온피트니스,부산광역시 동래구 온천동 1402-3,3,,,,,,,
더온피트니스,부산광역시 동래구 온천동 1402-3,4,,,,,,,
더온피트니스,부산광역시 동래구 온천동 1402-3,5,,,,,,,
더온피트니스,부산광역시 동래구 온천동 1402-3,6,,,,,,,
더온피트니스문화비,부산광역시 동래구 온천동 1402-3,0,,,,,,,
더온피트니스문화비,부산광역시 동래구 온천동 1402-3,1,,,,,,,
더온피트니스문화비,부산광역시 동래구 온천동 1402-3,2,,,,,,,
더온피트니스문화비,부산광역시 동래구 온천동 1402-3,3,,,,,,,
더온피트니스문화비,부산광역시 동래구 온천동 1402-3,4,,,,,,,
더온피트니스문화비,부산광역시 동래구 온천동 1402-3,5,,,,,,,
더온피트니스문화비,부산광역시 동래구 온천동 1402-3,6,,,,,,,
더원짐,부산광역시 동래구 온천동 1853,0,,,,,,,
더원짐,부산광역시 동래구 온천동 1853,1,,,,,,,
더원짐,부산광역시 동래구 온천동 1853,2,,,,,,,
더원짐,부산광역시 동래구 온천동 1853,3,,,,,,,
더원짐,부산광역시 동래구 온천동 1853,4,,,,,,,
더원짐,부산광역시 동래구 온천동 1853,5,,,,,,,
더원짐,부산광역시 동래구 온천동 1853,6,,,,,,,
더파티노래연습장,부산광역시 동래구 명륜동 533-49,0,,,,,,,
더파티노래연습장,부산광역시 동래구 명륜동 533-49,1,,,,,,,
더파티노래연습장,부산광역시 동래구 명륜동 533-49,2,,,,,,,
더파티노래연습장,부산광역시 동래구 명륜동 533-49,3,,,,,,,
더파티노래연습장,부산광역시 동래구 명륜동 533-49,4,,,,,,,
더파티노래연습장,부산광역시 동래구 명륜동 533-49,5,,,,,,,
더파티노래연습장,부산광역시 동래구 명륜동 533-49,6,,,,,,,
돈돈노래연습장,부산광역시 금정구 부곡동 396-1,0,,,,,,,
돈돈노래연습장,부산광역시 금정구 부곡동 396-1,1,,,,,,,
돈돈노래연습장,부산광역시 금정구 부곡동 396-1,2,,,,,,,
돈돈노래연습장,부산광역시 금정구 부곡동 396-1,3,,,,,,,
돈돈노래연습장,부산광역시 금정구 부곡동 396-1,4,,,,,,,
돈돈노래연습장,부산광역시 금정구 부곡동 396-1,5,,,,,,,
돈돈노래연습장,부산광역시 금정구 부곡동 396-1,6,,,,,,,
동래골프존,부산광역시 동래구 명륜동 559-5,0,,,,,,,
동래골프존,부산광역시 동래구 명륜동 559-5,1,,,,,,,
동래골프존,부산광역시 동래구 명륜동 559-5,2,,,,,,,
동래골프존,부산광역시 동래구 명륜동 559-5,3,,,,,,,
동래골프존,부산광역시 동래구 명륜동 559-5,4,,,,,,,
동래골프존,부산광역시 동래구 명륜동 559-5,5,,,,,,,
동래골프존,부산광역시 동래구 명륜동 559-5,6,,,,,,,
동래구국민체육센터,부산광역시 동래구 온천동 1448-2,0,,,,,,,
동래구국민체육센터,부산광역시 동래구 온천동 1448-2,1,,,,,,,
동래구국민체육센터,부산광역시 동래구 온천동 1448-2,2,,,,,,,
동래구국민체육센터,부산광역시 동래구 온천동 1448-2,3,,,,,,,
동래구국민체육센터,부산광역시 동래구 온천동 1448-2,4,,,,,,,
동래구국민체육센터,부산광역시 동래구 온천동 1448-2,5,,,,,,,
동래구국민체육센터,부산광역시 동래구 온천동 1448-2,6,,,,,,,
동래복권방,부산광역시 동래구 명륜동 638-19,0,,,,,,,
동래복권방,부산광역시 동래구 명륜동 638-19,1,,,,,,,
동래복권방,부산광역시 동래구 명륜동 638-19,2,,,,,,,
동래복권방,부산광역시 동래구 명륜동 638-19,3,,,,,,,
동래복권방,부산광역시 동래구 명륜동 638-19,4,,,,,,,
동래복권방,부산광역시 동래구 명륜동 638-19,5,,,,,,,
동래복권방,부산광역시 동래구 명륜동 638-19,6,,,,,,,
둥지노래연습장,부산광역시 금정구 부곡동 294-10,0,,,,,,,
둥지노래연습장,부산광역시 금정구 부곡동 294-10,1,,,,,,,
둥지노래연습장,부산광역시 금정구 부곡동 294-10,2,,,,,,,
둥지노래연습장,부산광역시 금정구 부곡동 294-10,3,,,,,,,
둥지노래연습장,부산광역시 금정구 부곡동 294-10,4,,,,,,,
둥지노래연습장,부산광역시 금정구 부곡동 294-10,5,,,,,,,
둥지노래연습장,부산광역시 금정구 부곡동 294-10,6,,,,,,,
드라이브탁구장,부산광역시 금정구 장전동 400-60,0,8:00,23:00,,,,,
드라이브탁구장,부산광역시 금정구 장전동 400-60,1,8:00,23:00,,,,,
드라이브탁구장,부산광역시 금정구 장전동 400-60,2,8:00,23:00,,,,,
드라이브탁구장,부산광역시 금정구 장전동 400-60,3,8:00,23:00,,,,,
드라이브탁구장,부산광역시 금정구 장전동 400-60,4,8:00,23:00,,,,,
드라이브탁구장,부산광역시 금정구 장전동 400-60,5,8:00,23:00,,,,,
드라이브탁구장,부산광역시 금정구 장전동 400-60,6,8:00,23:00,,,,,
디딤 골프연습장,부산광역시 금정구 부곡동 235-13,0,,,,,,,
디딤 골프연습장,부산광역시 금정구 부곡동 235-13,1,,,,,,,
디딤 골프연습장,부산광역시 금정구 부곡동 235-13,2,,,,,,,
디딤 골프연습장,부산광역시 금정구 부곡동 235-13,3,,,,,,,
디딤 골프연습장,부산광역시 금정구 부곡동 235-13,4,,,,,,,
디딤 골프연습장,부산광역시 금정구 부곡동 235-13,5,,,,,,,
디딤 골프연습장,부산광역시 금정구 부곡동 235-13,6,,,,,,,
라라골프랜드,부산광역시 동래구 온천동 1657-3,0,,,,,,,
라라골프랜드,부산광역시 동래구 온천동 1657-3,1,,,,,,,
라라골프랜드,부산광역시 동래구 온천동 1657-3,2,,,,,,,
라라골프랜드,부산광역시 동래구 온천동 1657-3,3,,,,,,,
라라골프랜드,부산광역시 동래구 온천동 1657-3,4,,,,,,,
라라골프랜드,부산광역시 동래구 온천동 1657-3,5,,,,,,,
라라골프랜드,부산광역시 동래구 온천동 1657-3,6,,,,,,,
라라코인노래연습장,부산광역시 금정구 장전동 643-117,0,,,,,,,
라라코인노래연습장,부산광역시 금정구 장전동 643-117,1,,,,,,,
라라코인노래연습장,부산광역시 금정구 장전동 643-117,2,,,,,,,
라라코인노래연습장,부산광역시 금정구 장전동 643-117,3,,,,,,,
라라코인노래연습장,부산광역시 금정구 장전동 643-117,4,,,,,,,
라라코인노래연습장,부산광역시 금정구 장전동 643-117,5,,,,,,,
라라코인노래연습장,부산광역시 금정구 장전동 643-117,6,,,,,,,
라이트짐,부산광역시 금정구 부곡동 225-71,0,12:00,18:00,,,,,
라이트짐,부산광역시 금정구 부곡동 225-71,1,0:00,0:00,,,,,
라이트짐,부산광역시 금정구 부곡동 225-71,2,0:00,0:00,,,,,
라이트짐,부산광역시 금정구 부곡동 225-71,3,0:00,0:00,,,,,
라이트짐,부산광역시 금정구 부곡동 225-71,4,0:00,0:00,,,,,
라이트짐,부산광역시 금정구 부곡동 225-71,5,0:00,0:00,,,,,
라이트짐,부산광역시 금정구 부곡동 225-71,6,10:00,18:00,,,,,
락휴코인노래연습장 구서역점,부산광역시 금정구 구서동 414-15,0,11:00,3:00,,,,,
락휴코인노래연습장 구서역점,부산광역시 금정구 구서동 414-15,1,11:00,3:00,,,,,
락휴코인노래연습장 구서역점,부산광역시 금정구 구서동 414-15,2,11:00,3:00,,,,,
락휴코인노래연습장 구서역점,부산광역시 금정구 구서동 414-15,3,11:00,3:00,,,,,
락휴코인노래연습장 구서역점,부산광역시 금정구 구서동 414-15,4,11:00,3:00,,,,,
락휴코인노래연습장 구서역점,부산광역시 금정구 구서동 414-15,5,11:00,3:00,,,,,
락휴코인노래연습장 구서역점,부산광역시 금정구 구서동 414-15,6,11:00,3:00,,,,,
락휴코인노래연습장 동래점,부산광역시 동래구 명륜동 485-1,0,11:00,2:30,,,,,
락휴코인노래연습장 동래점,부산광역시 동래구 명륜동 485-1,1,11:00,1:30,,,,,
락휴코인노래연습장 동래점,부산광역시 동래구 명륜동 485-1,2,11:00,1:30,,,,,
락휴코인노래연습장 동래점,부산광역시 동래구 명륜동 485-1,3,11:00,1:30,,,,,
락휴코인노래연습장 동래점,부산광역시 동래구 명륜동 485-1,4,11:00,1:30,,,,,
락휴코인노래연습장 동래점,부산광역시 동래구 명륜동 485-1,5,11:00,1:30,,,,,
락휴코인노래연습장 동래점,부산광역시 동래구 명륜동 485-1,6,11:00,2:30,,,,,
락휴코인노래연습장 부산대,부산광역시 금정구 장전동 420-1,0,,,,,,,
락휴코인노래연습장 부산대,부산광역시 금정구 장전동 420-1,1,,,,,,,
락휴코인노래연습장 부산대,부산광역시 금정구 장전동 420-1,2,,,,,,,
락휴코인노래연습장 부산대,부산광역시 금정구 장전동 420-1,3,,,,,,,
락휴코인노래연습장 부산대,부산광역시 금정구 장전동 420-1,4,,,,,,,
락휴코인노래연습장 부산대,부산광역시 금정구 장전동 420-1,5,,,,,,,
락휴코인노래연습장 부산대,부산광역시 금정구 장전동 420-1,6,,,,,,,
락휴코인노래연습장 부산대역점,부산광역시 금정구 장전동 643-117,0,,,,,,,
락휴코인노래연습장 부산대역점,부산광역시 금정구 장전동 643-117,1,,,,,,,
락휴코인노래연습장 부산대역점,부산광역시 금정구 장전동 643-117,2,,,,,,,
락휴코인노래연습장 부산대역점,부산광역시 금정구 장전동 643-117,3,,,,,,,
락휴코인노래연습장 부산대역점,부산광역시 금정구 장전동 643-117,4,,,,,,,
락휴코인노래연습장 부산대역점,부산광역시 금정구 장전동 643-117,5,,,,,,,
락휴코인노래연습장 부산대역점,부산광역시 금정구 장전동 643-117,6,,,,,,,
락휴코인노래연습장미남역점,부산광역시 동래구 온천동 1248-6,0,,,,,,,
락휴코인노래연습장미남역점,부산광역시 동래구 온천동 1248-6,1,,,,,,,
락휴코인노래연습장미남역점,부산광역시 동래구 온천동 1248-6,2,,,,,,,
락휴코인노래연습장미남역점,부산광역시 동래구 온천동 1248-6,3,,,,,,,
락휴코인노래연습장미남역점,부산광역시 동래구 온천동 1248-6,4,,,,,,,
락휴코인노래연습장미남역점,부산광역시 동래구 온천동 1248-6,5,,,,,,,
락휴코인노래연습장미남역점,부산광역시 동래구 온천동 1248-6,6,,,,,,,
러브노래연습장,부산광역시 동래구 온천동 137-12,0,,,,,,,
러브노래연습장,부산광역시 동래구 온천동 137-12,1,,,,,,,
러브노래연습장,부산광역시 동래구 온천동 137-12,2,,,,,,,
러브노래연습장,부산광역시 동래구 온천동 137-12,3,,,,,,,
러브노래연습장,부산광역시 동래구 온천동 137-12,4,,,,,,,
러브노래연습장,부산광역시 동래구 온천동 137-12,5,,,,,,,
러브노래연습장,부산광역시 동래구 온천동 137-12,6,,,,,,,
레고핏,부산광역시 금정구 구서동 184-1,0,8:00,23:00,,,,,
레고핏,부산광역시 금정구 구서동 184-1,1,8:00,23:00,,,,,
레고핏,부산광역시 금정구 구서동 184-1,2,8:00,23:00,,,,,
레고핏,부산광역시 금정구 구서동 184-1,3,8:00,23:00,,,,,
레고핏,부산광역시 금정구 구서동 184-1,4,8:00,23:00,,,,,
레고핏,부산광역시 금정구 구서동 184-1,5,8:00,23:00,,,,,
레고핏,부산광역시 금정구 구서동 184-1,6,8:00,23:00,,,,,
레드버튼보드게임카페 부산대점,부산광역시 금정구 장전동 417-36,0,,,,,,,
레드버튼보드게임카페 부산대점,부산광역시 금정구 장전동 417-36,1,,,,,,,
레드버튼보드게임카페 부산대점,부산광역시 금정구 장전동 417-36,2,,,,,,,
레드버튼보드게임카페 부산대점,부산광역시 금정구 장전동 417-36,3,,,,,,,
레드버튼보드게임카페 부산대점,부산광역시 금정구 장전동 417-36,4,,,,,,,
레드버튼보드게임카페 부산대점,부산광역시 금정구 장전동 417-36,5,,,,,,,
레드버튼보드게임카페 부산대점,부산광역시 금정구 장전동 417-36,6,,,,,,,
레드포스PC아레나 부산온천장점,부산광역시 동래구 온천동 213,0,,,,,,,
레드포스PC아레나 부산온천장점,부산광역시 동래구 온천동 213,1,,,,,,,
레드포스PC아레나 부산온천장점,부산광역시 동래구 온천동 213,2,,,,,,,
레드포스PC아레나 부산온천장점,부산광역시 동래구 온천동 213,3,,,,,,,
레드포스PC아레나 부산온천장점,부산광역시 동래구 온천동 213,4,,,,,,,
레드포스PC아레나 부산온천장점,부산광역시 동래구 온천동 213,5,,,,,,,
레드포스PC아레나 부산온천장점,부산광역시 동래구 온천동 213,6,,,,,,,
레몬짐,부산광역시 동래구 명륜동 450-4,0,10:00,22:00,,,,,
레몬짐,부산광역시 동래구 명륜동 450-4,1,10:00,22:00,,,,,
레몬짐,부산광역시 동래구 명륜동 450-4,2,10:00,22:00,,,,,
레몬짐,부산광역시 동래구 명륜동 450-4,3,10:00,22:00,,,,,
레몬짐,부산광역시 동래구 명륜동 450-4,4,10:00,22:00,,,,,
레몬짐,부산광역시 동래구 명륜동 450-4,5,10:00,22:00,,,,,
레몬짐,부산광역시 동래구 명륜동 450-4,6,10:00,22:00,,,,,
로떼PC방,부산광역시 금정구 장전동 54-6,0,,,,,,,
로떼PC방,부산광역시 금정구 장전동 54-6,1,,,,,,,
로떼PC방,부산광역시 금정구 장전동 54-6,2,,,,,,,
로떼PC방,부산광역시 금정구 장전동 54-6,3,,,,,,,
로떼PC방,부산광역시 금정구 장전동 54-6,4,,,,,,,
로떼PC방,부산광역시 금정구 장전동 54-6,5,,,,,,,
로떼PC방,부산광역시 금정구 장전동 54-6,6,,,,,,,
로또1번지,부산광역시 동래구 온천동 40-13,0,,,,,,,
로또1번지,부산광역시 동래구 온천동 40-13,1,,,,,,,
로또1번지,부산광역시 동래구 온천동 40-13,2,,,,,,,
로또1번지,부산광역시 동래구 온천동 40-13,3,,,,,,,
로또1번지,부산광역시 동래구 온천동 40-13,4,,,,,,,
로또1번지,부산광역시 동래구 온천동 40-13,5,,,,,,,
로또1번지,부산광역시 동래구 온천동 40-13,6,,,,,,,
로또노래연습장,부산광역시 금정구 구서동 414-60,0,,,,,,,
로또노래연습장,부산광역시 금정구 구서동 414-60,1,,,,,,,
로또노래연습장,부산광역시 금정구 구서동 414-60,2,,,,,,,
로또노래연습장,부산광역시 금정구 구서동 414-60,3,,,,,,,
로또노래연습장,부산광역시 금정구 구서동 414-60,4,,,,,,,
로또노래연습장,부산광역시 금정구 구서동 414-60,5,,,,,,,
로또노래연습장,부산광역시 금정구 구서동 414-60,6,,,,,,,
롭다pjy,부산광역시 금정구 장전동 392-20,0,,,,,,,
롭다pjy,부산광역시 금정구 장전동 392-20,1,,,,,,,
롭다pjy,부산광역시 금정구 장전동 392-20,2,,,,,,,
롭다pjy,부산광역시 금정구 장전동 392-20,3,,,,,,,
롭다pjy,부산광역시 금정구 장전동 392-20,4,,,,,,,
롭다pjy,부산광역시 금정구 장전동 392-20,5,,,,,,,
롭다pjy,부산광역시 금정구 장전동 392-20,6,,,,,,,
롯데골프죤,부산광역시 동래구 온천동 503-29,0,,,,,,,
롯데골프죤,부산광역시 동래구 온천동 503-29,1,,,,,,,
롯데골프죤,부산광역시 동래구 온천동 503-29,2,,,,,,,
롯데골프죤,부산광역시 동래구 온천동 503-29,3,,,,,,,
롯데골프죤,부산광역시 동래구 온천동 503-29,4,,,,,,,
롯데골프죤,부산광역시 동래구 온천동 503-29,5,,,,,,,
롯데골프죤,부산광역시 동래구 온천동 503-29,6,,,,,,,
롯데당구클럽,부산광역시 금정구 구서동 414-3,0,,,,,,,
롯데당구클럽,부산광역시 금정구 구서동 414-3,1,,,,,,,
롯데당구클럽,부산광역시 금정구 구서동 414-3,2,,,,,,,
롯데당구클럽,부산광역시 금정구 구서동 414-3,3,,,,,,,
롯데당구클럽,부산광역시 금정구 구서동 414-3,4,,,,,,,
롯데당구클럽,부산광역시 금정구 구서동 414-3,5,,,,,,,
롯데당구클럽,부산광역시 금정구 구서동 414-3,6,,,,,,,
롯데캐슬당구장,부산광역시 금정구 구서동 86-17,0,0:00,,,,,,
롯데캐슬당구장,부산광역시 금정구 구서동 86-17,1,0:00,,,,,,
롯데캐슬당구장,부산광역시 금정구 구서동 86-17,2,0:00,,,,,,
롯데캐슬당구장,부산광역시 금정구 구서동 86-17,3,0:00,,,,,,
롯데캐슬당구장,부산광역시 금정구 구서동 86-17,4,0:00,,,,,,
롯데캐슬당구장,부산광역시 금정구 구서동 86-17,5,0:00,,,,,,
롯데캐슬당구장,부산광역시 금정구 구서동 86-17,6,0:00,,,,,,
리온피티,부산광역시 금정구 장전동 416-16,0,,,,,,,
리온피티,부산광역시 금정구 장전동 416-16,1,,,,,,,
리온피티,부산광역시 금정구 장전동 416-16,2,,,,,,,
리온피티,부산광역시 금정구 장전동 416-16,3,,,,,,,
리온피티,부산광역시 금정구 장전동 416-16,4,,,,,,,
리온피티,부산광역시 금정구 장전동 416-16,5,,,,,,,
리온피티,부산광역시 금정구 장전동 416-16,6,,,,,,,
리즈핏PT,부산광역시 금정구 부곡동 223-18,0,,,,,,TRUE,
리즈핏PT,부산광역시 금정구 부곡동 223-18,1,10:00,22:00,,,,,
리즈핏PT,부산광역시 금정구 부곡동 223-18,2,10:00,22:00,,,,,
리즈핏PT,부산광역시 금정구 부곡동 223-18,3,10:00,22:00,,,,,
리즈핏PT,부산광역시 금정구 부곡동 223-18,4,10:00,22:00,,,,,
리즈핏PT,부산광역시 금정구 부곡동 223-18,5,10:00,22:00,,,,,
리즈핏PT,부산광역시 금정구 부곡동 223-18,6,10:00,18:00,,,,,
마블피트니스,부산광역시 금정구 부곡동 225-58,0,10:00,18:00,,,,,
마블피트니스,부산광역시 금정구 부곡동 225-58,1,6:00,0:00,,,,,
마블피트니스,부산광역시 금정구 부곡동 225-58,2,0:00,0:00,,,,,
마블피트니스,부산광역시 금정구 부곡동 225-58,3,0:00,0:00,,,,,
마블피트니스,부산광역시 금정구 부곡동 225-58,4,0:00,0:00,,,,,
마블피트니스,부산광역시 금정구 부곡동 225-58,5,0:00,0:00,,,,,
마블피트니스,부산광역시 금정구 부곡동 225-58,6,0:00,20:00,,,,,
마스터테니스,부산광역시 동래구 온천동 750-78,0,,,,,,,
마스터테니스,부산광역시 동래구 온천동 750-78,1,,,,,,,
마스터테니스,부산광역시 동래구 온천동 750-78,2,,,,,,,
마스터테니스,부산광역시 동래구 온천동 750-78,3,,,,,,,
마스터테니스,부산광역시 동래구 온천동 750-78,4,,,,,,,
마스터테니스,부산광역시 동래구 온천동 750-78,5,,,,,,,
마스터테니스,부산광역시 동래구 온천동 750-78,6,,,,,,,
마이너짐,부산광역시 금정구 구서동 1013-5,0,,,,,,TRUE,
마이너짐,부산광역시 금정구 구서동 1013-5,1,9:00,23:00,,,,,
마이너짐,부산광역시 금정구 구서동 1013-5,2,9:00,23:00,,,,,
마이너짐,부산광역시 금정구 구서동 1013-5,3,9:00,23:00,,,,,
마이너짐,부산광역시 금정구 구서동 1013-5,4,9:00,23:00,,,,,
마이너짐,부산광역시 금정구 구서동 1013-5,5,9:00,23:00,,,,,
마이너짐,부산광역시 금정구 구서동 1013-5,6,9:00,23:00,,,,,
마이큐브 동전노래연습장,부산광역시 금정구 장전동 414-23,0,11:00,23:00,,,,,
마이큐브 동전노래연습장,부산광역시 금정구 장전동 414-23,1,11:00,23:00,,,,,
마이큐브 동전노래연습장,부산광역시 금정구 장전동 414-23,2,11:00,23:00,,,,,
마이큐브 동전노래연습장,부산광역시 금정구 장전동 414-23,3,11:00,23:00,,,,,
마이큐브 동전노래연습장,부산광역시 금정구 장전동 414-23,4,11:00,23:00,,,,,
마이큐브 동전노래연습장,부산광역시 금정구 장전동 414-23,5,11:00,23:00,,,,,
마이큐브 동전노래연습장,부산광역시 금정구 장전동 414-23,6,11:00,23:00,,,,,
만남노래연습장,부산광역시 금정구 구서동 86-23,0,,,,,,,
만남노래연습장,부산광역시 금정구 구서동 86-23,1,,,,,,,
만남노래연습장,부산광역시 금정구 구서동 86-23,2,,,,,,,
만남노래연습장,부산광역시 금정구 구서동 86-23,3,,,,,,,
만남노래연습장,부산광역시 금정구 구서동 86-23,4,,,,,,,
만남노래연습장,부산광역시 금정구 구서동 86-23,5,,,,,,,
만남노래연습장,부산광역시 금정구 구서동 86-23,6,,,,,,,
맨하탄토탈휘트니스 구서동점,부산광역시 금정구 구서동 86-1,0,0:00,,,,,,
맨하탄토탈휘트니스 구서동점,부산광역시 금정구 구서동 86-1,1,0:00,,,,,,
맨하탄토탈휘트니스 구서동점,부산광역시 금정구 구서동 86-1,2,0:00,,,,,,
맨하탄토탈휘트니스 구서동점,부산광역시 금정구 구서동 86-1,3,0:00,,,,,,
맨하탄토탈휘트니스 구서동점,부산광역시 금정구 구서동 86-1,4,0:00,,,,,,
맨하탄토탈휘트니스 구서동점,부산광역시 금정구 구서동 86-1,5,0:00,,,,,,
맨하탄토탈휘트니스 구서동점,부산광역시 금정구 구서동 86-1,6,0:00,,,,,,
멋짐,부산광역시 금정구 구서동 162-1,0,0:00,,,,,,
멋짐,부산광역시 금정구 구서동 162-1,1,0:00,,,,,,
멋짐,부산광역시 금정구 구서동 162-1,2,0:00,,,,,,
멋짐,부산광역시 금정구 구서동 162-1,3,0:00,,,,,,
멋짐,부산광역시 금정구 구서동 162-1,4,0:00,,,,,,
멋짐,부산광역시 금정구 구서동 162-1,5,0:00,,,,,,
멋짐,부산광역시 금정구 구서동 162-1,6,0:00,,,,,,
멋짐헬스&PT 동래점,부산광역시 동래구 명륜동 752,0,0:00,,,,,,
멋짐헬스&PT 동래점,부산광역시 동래구 명륜동 752,1,0:00,,,,,,
멋짐헬스&PT 동래점,부산광역시 동래구 명륜동 752,2,0:00,,,,,,
멋짐헬스&PT 동래점,부산광역시 동래구 명륜동 752,3,0:00,,,,,,
멋짐헬스&PT 동래점,부산광역시 동래구 명륜동 752,4,0:00,,,,,,
멋짐헬스&PT 동래점,부산광역시 동래구 명륜동 752,5,0:00,,,,,,
멋짐헬스&PT 동래점,부산광역시 동래구 명륜동 752,6,0:00,,,,,,
메가노래연습장,부산광역시 동래구 명륜동 553-8,0,,,,,,,
메가노래연습장,부산광역시 동래구 명륜동 553-8,1,,,,,,,
메가노래연습장,부산광역시 동래구 명륜동 553-8,2,,,,,,,
메가노래연습장,부산광역시 동래구 명륜동 553-8,3,,,,,,,
메가노래연습장,부산광역시 동래구 명륜동 553-8,4,,,,,,,
메가노래연습장,부산광역시 동래구 명륜동 553-8,5,,,,,,,
메가노래연습장,부산광역시 동래구 명륜동 553-8,6,,,,,,,
메가당구클럽,부산광역시 동래구 명륜동 447-1,0,,,,,,,
메가당구클럽,부산광역시 동래구 명륜동 447-1,1,,,,,,,
메가당구클럽,부산광역시 동래구 명륜동 447-1,2,,,,,,,
메가당구클럽,부산광역시 동래구 명륜동 447-1,3,,,,,,,
메가당구클럽,부산광역시 동래구 명륜동 447-1,4,,,,,,,
메가당구클럽,부산광역시 동래구 명륜동 447-1,5,,,,,,,
메가당구클럽,부산광역시 동래구 명륜동 447-1,6,,,,,,,
메가볼링장,부산광역시 동래구 명륜동 553-5,0,0:00,,7:00,10:00,,,
메가볼링장,부산광역시 동래구 명륜동 553-5,1,0:00,,7:00,10:00,,,
메가볼링장,부산광역시 동래구 명륜동 553-5,2,0:00,,7:00,10:00,,,
메가볼링장,부산광역시 동래구 명륜동 553-5,3,0:00,,7:00,10:00,,,
메가볼링장,부산광역시 동래구 명륜동 553-5,4,0:00,,7:00,10:00,,,
메가볼링장,부산광역시 동래구 명륜동 553-5,5,0:00,,7:00,10:00,,,
메가볼링장,부산광역시 동래구 명륜동 553-5,6,0:00,,7:00,10:00,,,
메가테니스,부산광역시 동래구 명륜동 752,0,8:00,18:00,,,,,
메가테니스,부산광역시 동래구 명륜동 752,1,6:00,22:00,,,,,
메가테니스,부산광역시 동래구 명륜동 752,2,6:00,22:00,,,,,
메가테니스,부산광역시 동래구 명륜동 752,3,6:00,22:00,,,,,
메가테니스,부산광역시 동래구 명륜동 752,4,6:00,22:00,,,,,
메가테니스,부산광역시 동래구 명륜동 752,5,6:00,22:00,,,,,
메가테니스,부산광역시 동래구 명륜동 752,6,8:00,18:00,,,,,
메타PC장전역점,부산광역시 금정구 부곡동 225-55,0,0:00,0:00,,,,,
메타PC장전역점,부산광역시 금정구 부곡동 225-55,1,0:00,0:00,,,,,
메타PC장전역점,부산광역시 금정구 부곡동 225-55,2,0:00,0:00,,,,,
메타PC장전역점,부산광역시 금정구 부곡동 225-55,3,0:00,0:00,,,,,
메타PC장전역점,부산광역시 금정구 부곡동 225-55,4,0:00,0:00,,,,,
메타PC장전역점,부산광역시 금정구 부곡동 225-55,5,0:00,0:00,,,,,
메타PC장전역점,부산광역시 금정구 부곡동 225-55,6,0:00,0:00,,,,,
명장당구클럽,부산광역시 동래구 명륜동 532-4,0,,,,,,,
명장당구클럽,부산광역시 동래구 명륜동 532-4,1,,,,,,,
명장당구클럽,부산광역시 동래구 명륜동 532-4,2,,,,,,,
명장당구클럽,부산광역시 동래구 명륜동 532-4,3,,,,,,,
명장당구클럽,부산광역시 동래구 명륜동 532-4,4,,,,,,,
명장당구클럽,부산광역시 동래구 명륜동 532-4,5,,,,,,,
명장당구클럽,부산광역시 동래구 명륜동 532-4,6,,,,,,,
명정노래연습장,부산광역시 금정구 부곡동 286-14,0,,,,,,,
명정노래연습장,부산광역시 금정구 부곡동 286-14,1,,,,,,,
명정노래연습장,부산광역시 금정구 부곡동 286-14,2,,,,,,,
명정노래연습장,부산광역시 금정구 부곡동 286-14,3,,,,,,,
명정노래연습장,부산광역시 금정구 부곡동 286-14,4,,,,,,,
명정노래연습장,부산광역시 금정구 부곡동 286-14,5,,,,,,,
명정노래연습장,부산광역시 금정구 부곡동 286-14,6,,,,,,,
명품I당구장,부산광역시 동래구 명륜동 553-21,0,,,,,,,
명품I당구장,부산광역시 동래구 명륜동 553-21,1,,,,,,,
명품I당구장,부산광역시 동래구 명륜동 553-21,2,,,,,,,
명품I당구장,부산광역시 동래구 명륜동 553-21,3,,,,,,,
명품I당구장,부산광역시 동래구 명륜동 553-21,4,,,,,,,
명품I당구장,부산광역시 동래구 명륜동 553-21,5,,,,,,,
명품I당구장,부산광역시 동래구 명륜동 553-21,6,,,,,,,
모아골프,부산광역시 금정구 부곡동 273-6,0,9:00,21:00,,,,,
모아골프,부산광역시 금정구 부곡동 273-6,1,9:00,21:00,,,,,
모아골프,부산광역시 금정구 부곡동 273-6,2,9:00,21:00,,,,,
모아골프,부산광역시 금정구 부곡동 273-6,3,9:00,21:00,,,,,
모아골프,부산광역시 금정구 부곡동 273-6,4,9:00,21:00,,,,,
모아골프,부산광역시 금정구 부곡동 273-6,5,9:00,21:00,,,,,
모아골프,부산광역시 금정구 부곡동 273-6,6,9:00,21:00,,,,,
모아당구장,부산광역시 동래구 온천동 751-24,0,,,,,,,
모아당구장,부산광역시 동래구 온천동 751-24,1,,,,,,,
모아당구장,부산광역시 동래구 온천동 751-24,2,,,,,,,
모아당구장,부산광역시 동래구 온천동 751-24,3,,,,,,,
모아당구장,부산광역시 동래구 온천동 751-24,4,,,,,,,
모아당구장,부산광역시 동래구 온천동 751-24,5,,,,,,,
모아당구장,부산광역시 동래구 온천동 751-24,6,,,,,,,
모움피티,부산광역시 동래구 명륜동 721-21,0,,,,,,TRUE,
모움피티,부산광역시 동래구 명륜동 721-21,1,6:00,23:00,,,,,
모움피티,부산광역시 동래구 명륜동 721-21,2,6:00,23:00,,,,,
모움피티,부산광역시 동래구 명륜동 721-21,3,6:00,23:00,,,,,
모움피티,부산광역시 동래구 명륜동 721-21,4,6:00,23:00,,,,,
모움피티,부산광역시 동래구 명륜동 721-21,5,6:00,23:00,,,,,
모움피티,부산광역시 동래구 명륜동 721-21,6,6:00,23:00,,,,,
목화노래연습장,부산광역시 금정구 장전동 96-1,0,,,,,,,
목화노래연습장,부산광역시 금정구 장전동 96-1,1,,,,,,,
목화노래연습장,부산광역시 금정구 장전동 96-1,2,,,,,,,
목화노래연습장,부산광역시 금정구 장전동 96-1,3,,,,,,,
목화노래연습장,부산광역시 금정구 장전동 96-1,4,,,,,,,
목화노래연습장,부산광역시 금정구 장전동 96-1,5,,,,,,,
목화노래연습장,부산광역시 금정구 장전동 96-1,6,,,,,,,
무지개노래연습장,부산광역시 금정구 부곡동 303-29,0,,,,,,,
무지개노래연습장,부산광역시 금정구 부곡동 303-29,1,,,,,,,
무지개노래연습장,부산광역시 금정구 부곡동 303-29,2,,,,,,,
무지개노래연습장,부산광역시 금정구 부곡동 303-29,3,,,,,,,
무지개노래연습장,부산광역시 금정구 부곡동 303-29,4,,,,,,,
무지개노래연습장,부산광역시 금정구 부곡동 303-29,5,,,,,,,
무지개노래연습장,부산광역시 금정구 부곡동 303-29,6,,,,,,,
무지개당구장,부산광역시 금정구 구서동 655,0,,,,,,,
무지개당구장,부산광역시 금정구 구서동 655,1,,,,,,,
무지개당구장,부산광역시 금정구 구서동 655,2,,,,,,,
무지개당구장,부산광역시 금정구 구서동 655,3,,,,,,,
무지개당구장,부산광역시 금정구 구서동 655,4,,,,,,,
무지개당구장,부산광역시 금정구 구서동 655,5,,,,,,,
무지개당구장,부산광역시 금정구 구서동 655,6,,,,,,,
미남기원,부산광역시 동래구 온천동 1277-1,0,,,,,,,
미남기원,부산광역시 동래구 온천동 1277-1,1,,,,,,,
미남기원,부산광역시 동래구 온천동 1277-1,2,,,,,,,
미남기원,부산광역시 동래구 온천동 1277-1,3,,,,,,,
미남기원,부산광역시 동래구 온천동 1277-1,4,,,,,,,
미남기원,부산광역시 동래구 온천동 1277-1,5,,,,,,,
미남기원,부산광역시 동래구 온천동 1277-1,6,,,,,,,
미남당구장,부산광역시 동래구 온천동 1248-4,0,,,,,,,
미남당구장,부산광역시 동래구 온천동 1248-4,1,,,,,,,
미남당구장,부산광역시 동래구 온천동 1248-4,2,,,,,,,
미남당구장,부산광역시 동래구 온천동 1248-4,3,,,,,,,
미남당구장,부산광역시 동래구 온천동 1248-4,4,,,,,,,
미남당구장,부산광역시 동래구 온천동 1248-4,5,,,,,,,
미남당구장,부산광역시 동래구 온천동 1248-4,6,,,,,,,
미래웰리스타운,부산광역시 금정구 구서동 1006-2,0,,,,,,,
미래웰리스타운,부산광역시 금정구 구서동 1006-2,1,,,,,,,
미래웰리스타운,부산광역시 금정구 구서동 1006-2,2,,,,,,,
미래웰리스타운,부산광역시 금정구 구서동 1006-2,3,,,,,,,
미래웰리스타운,부산광역시 금정구 구서동 1006-2,4,,,,,,,
미래웰리스타운,부산광역시 금정구 구서동 1006-2,5,,,,,,,
미래웰리스타운,부산광역시 금정구 구서동 1006-2,6,,,,,,,
미림 골프연습장,부산광역시 금정구 구서동 76-8,0,,,,,,,
미림 골프연습장,부산광역시 금정구 구서동 76-8,1,,,,,,,
미림 골프연습장,부산광역시 금정구 구서동 76-8,2,,,,,,,
미림 골프연습장,부산광역시 금정구 구서동 76-8,3,,,,,,,
미림 골프연습장,부산광역시 금정구 구서동 76-8,4,,,,,,,
미림 골프연습장,부산광역시 금정구 구서동 76-8,5,,,,,,,
미림 골프연습장,부산광역시 금정구 구서동 76-8,6,,,,,,,
미션이스케이프,부산광역시 금정구 장전동 415-20,0,12:30,23:30,,,,,
미션이스케이프,부산광역시 금정구 장전동 415-20,1,14:00,23:30,,,,,
미션이스케이프,부산광역시 금정구 장전동 415-20,2,14:00,23:30,,,,,
미션이스케이프,부산광역시 금정구 장전동 415-20,3,14:00,23:30,,,,,
미션이스케이프,부산광역시 금정구 장전동 415-20,4,14:00,23:30,,,,,
미션이스케이프,부산광역시 금정구 장전동 415-20,5,14:00,23:30,,,,,
미션이스케이프,부산광역시 금정구 장전동 415-20,6,12:30,23:30,,,,,
민사로또판매점,부산광역시 금정구 부곡동 298-19,0,,,,,,,
민사로또판매점,부산광역시 금정구 부곡동 298-19,1,,,,,,,
민사로또판매점,부산광역시 금정구 부곡동 298-19,2,,,,,,,
민사로또판매점,부산광역시 금정구 부곡동 298-19,3,,,,,,,
민사로또판매점,부산광역시 금정구 부곡동 298-19,4,,,,,,,
민사로또판매점,부산광역시 금정구 부곡동 298-19,5,,,,,,,
민사로또판매점,부산광역시 금정구 부곡동 298-19,6,,,,,,,
바디퀄리티,부산광역시 금정구 부곡동 266-15,0,,,,,,TRUE,
바디퀄리티,부산광역시 금정구 부곡동 266-15,1,9:00,22:00,,,,,
바디퀄리티,부산광역시 금정구 부곡동 266-15,2,9:00,22:00,,,,,
바디퀄리티,부산광역시 금정구 부곡동 266-15,3,9:00,22:00,,,,,
바디퀄리티,부산광역시 금정구 부곡동 266-15,4,9:00,22:00,,,,,
바디퀄리티,부산광역시 금정구 부곡동 266-15,5,9:00,22:00,,,,,
바디퀄리티,부산광역시 금정구 부곡동 266-15,6,9:00,18:00,,,,,
바른몸수기케어,부산광역시 동래구 온천동 1452-45,0,,,,,,,
바른몸수기케어,부산광역시 동래구 온천동 1452-45,1,,,,,,,
바른몸수기케어,부산광역시 동래구 온천동 1452-45,2,,,,,,,
바른몸수기케어,부산광역시 동래구 온천동 1452-45,3,,,,,,,
바른몸수기케어,부산광역시 동래구 온천동 1452-45,4,,,,,,,
바른몸수기케어,부산광역시 동래구 온천동 1452-45,5,,,,,,,
바른몸수기케어,부산광역시 동래구 온천동 1452-45,6,,,,,,,
바벨PC시즌2,부산광역시 금정구 구서동 1018-20,0,,,,,,,
바벨PC시즌2,부산광역시 금정구 구서동 1018-20,1,,,,,,,
바벨PC시즌2,부산광역시 금정구 구서동 1018-20,2,,,,,,,
바벨PC시즌2,부산광역시 금정구 구서동 1018-20,3,,,,,,,
바벨PC시즌2,부산광역시 금정구 구서동 1018-20,4,,,,,,,
바벨PC시즌2,부산광역시 금정구 구서동 1018-20,5,,,,,,,
바벨PC시즌2,부산광역시 금정구 구서동 1018-20,6,,,,,,,
반도노래연습장,부산광역시 동래구 온천동 1414-13,0,,,,,,,
반도노래연습장,부산광역시 동래구 온천동 1414-13,1,,,,,,,
반도노래연습장,부산광역시 동래구 온천동 1414-13,2,,,,,,,
반도노래연습장,부산광역시 동래구 온천동 1414-13,3,,,,,,,
반도노래연습장,부산광역시 동래구 온천동 1414-13,4,,,,,,,
반도노래연습장,부산광역시 동래구 온천동 1414-13,5,,,,,,,
반도노래연습장,부산광역시 동래구 온천동 1414-13,6,,,,,,,
반도당구클럽,부산광역시 동래구 온천동 1412-5,0,,,,,,,
반도당구클럽,부산광역시 동래구 온천동 1412-5,1,,,,,,,
반도당구클럽,부산광역시 동래구 온천동 1412-5,2,,,,,,,
반도당구클럽,부산광역시 동래구 온천동 1412-5,3,,,,,,,
반도당구클럽,부산광역시 동래구 온천동 1412-5,4,,,,,,,
반도당구클럽,부산광역시 동래구 온천동 1412-5,5,,,,,,,
반도당구클럽,부산광역시 동래구 온천동 1412-5,6,,,,,,,
발렌타안노래연습장,부산광역시 금정구 장전동 292-23,0,,,,,,,
발렌타안노래연습장,부산광역시 금정구 장전동 292-23,1,,,,,,,
발렌타안노래연습장,부산광역시 금정구 장전동 292-23,2,,,,,,,
발렌타안노래연습장,부산광역시 금정구 장전동 292-23,3,,,,,,,
발렌타안노래연습장,부산광역시 금정구 장전동 292-23,4,,,,,,,
발렌타안노래연습장,부산광역시 금정구 장전동 292-23,5,,,,,,,
발렌타안노래연습장,부산광역시 금정구 장전동 292-23,6,,,,,,,
배산임수로또명당,부산광역시 금정구 장전동 643-310,0,,,,,,,
배산임수로또명당,부산광역시 금정구 장전동 643-310,1,,,,,,,
배산임수로또명당,부산광역시 금정구 장전동 643-310,2,,,,,,,
배산임수로또명당,부산광역시 금정구 장전동 643-310,3,,,,,,,
배산임수로또명당,부산광역시 금정구 장전동 643-310,4,,,,,,,
배산임수로또명당,부산광역시 금정구 장전동 643-310,5,,,,,,,
배산임수로또명당,부산광역시 금정구 장전동 643-310,6,,,,,,,
백석기원,부산광역시 금정구 구서동 809-1,0,,,,,,,
백석기원,부산광역시 금정구 구서동 809-1,1,,,,,,,
백석기원,부산광역시 금정구 구서동 809-1,2,,,,,,,
백석기원,부산광역시 금정구 구서동 809-1,3,,,,,,,
백석기원,부산광역시 금정구 구서동 809-1,4,,,,,,,
백석기원,부산광역시 금정구 구서동 809-1,5,,,,,,,
백석기원,부산광역시 금정구 구서동 809-1,6,,,,,,,
버니하우스 동래점,부산광역시 동래구 명륜동 569-10,0,9:00,0:00,,,,,
버니하우스 동래점,부산광역시 동래구 명륜동 569-10,1,9:00,0:00,,,,,
버니하우스 동래점,부산광역시 동래구 명륜동 569-10,2,9:00,0:00,,,,,
버니하우스 동래점,부산광역시 동래구 명륜동 569-10,3,9:00,0:00,,,,,
버니하우스 동래점,부산광역시 동래구 명륜동 569-10,4,9:00,0:00,,,,,
버니하우스 동래점,부산광역시 동래구 명륜동 569-10,5,9:00,0:00,,,,,
버니하우스 동래점,부산광역시 동래구 명륜동 569-10,6,9:00,0:00,,,,,
버닝 텍사스홀덤 부산대점,부산광역시 금정구 장전동 418-17,0,19:00,6:00,,,,,
버닝 텍사스홀덤 부산대점,부산광역시 금정구 장전동 418-17,1,19:00,6:00,,,,,
버닝 텍사스홀덤 부산대점,부산광역시 금정구 장전동 418-17,2,19:00,6:00,,,,,
버닝 텍사스홀덤 부산대점,부산광역시 금정구 장전동 418-17,3,19:00,6:00,,,,,
버닝 텍사스홀덤 부산대점,부산광역시 금정구 장전동 418-17,4,19:00,6:00,,,,,
버닝 텍사스홀덤 부산대점,부산광역시 금정구 장전동 418-17,5,19:00,6:00,,,,,
버닝 텍사스홀덤 부산대점,부산광역시 금정구 장전동 418-17,6,19:00,6:00,,,,,
보경노래연습장,부산광역시 금정구 구서동 462-10,0,,,,,,,
보경노래연습장,부산광역시 금정구 구서동 462-10,1,,,,,,,
보경노래연습장,부산광역시 금정구 구서동 462-10,2,,,,,,,
보경노래연습장,부산광역시 금정구 구서동 462-10,3,,,,,,,
보경노래연습장,부산광역시 금정구 구서동 462-10,4,,,,,,,
보경노래연습장,부산광역시 금정구 구서동 462-10,5,,,,,,,
보경노래연습장,부산광역시 금정구 구서동 462-10,6,,,,,,,
보드게임카페레드버튼부산 동래점,부산광역시 동래구 명륜동 560-6,0,12:00,0:00,,,,,
보드게임카페레드버튼부산 동래점,부산광역시 동래구 명륜동 560-6,1,13:00,0:00,,,,,
보드게임카페레드버튼부산 동래점,부산광역시 동래구 명륜동 560-6,2,13:00,0:00,,,,,
보드게임카페레드버튼부산 동래점,부산광역시 동래구 명륜동 560-6,3,13:00,0:00,,,,,
보드게임카페레드버튼부산 동래점,부산광역시 동래구 명륜동 560-6,4,13:00,0:00,,,,,
보드게임카페레드버튼부산 동래점,부산광역시 동래구 명륜동 560-6,5,13:00,1:00,,,,,
보드게임카페레드버튼부산 동래점,부산광역시 동래구 명륜동 560-6,6,12:00,1:00,,,,,
보우야구연습장,부산광역시 금정구 장전동 643-110,0,9:00,1:00,,,,,
보우야구연습장,부산광역시 금정구 장전동 643-110,1,9:00,1:00,,,,,
보우야구연습장,부산광역시 금정구 장전동 643-110,2,9:00,1:00,,,,,
보우야구연습장,부산광역시 금정구 장전동 643-110,3,9:00,1:00,,,,,
보우야구연습장,부산광역시 금정구 장전동 643-110,4,9:00,1:00,,,,,
보우야구연습장,부산광역시 금정구 장전동 643-110,5,9:00,1:00,,,,,
보우야구연습장,부산광역시 금정구 장전동 643-110,6,9:00,1:00,,,,,
보우월드게임장,부산광역시 금정구 장전동 643-110,0,9:00,1:00,,,,,
보우월드게임장,부산광역시 금정구 장전동 643-110,1,9:00,1:00,,,,,
보우월드게임장,부산광역시 금정구 장전동 643-110,2,9:00,1:00,,,,,
보우월드게임장,부산광역시 금정구 장전동 643-110,3,9:00,1:00,,,,,
보우월드게임장,부산광역시 금정구 장전동 643-110,4,9:00,1:00,,,,,
보우월드게임장,부산광역시 금정구 장전동 643-110,5,9:00,1:00,,,,,
보우월드게임장,부산광역시 금정구 장전동 643-110,6,9:00,1:00,,,,,
복돼지복권,부산광역시 금정구 부곡동 325-4,0,,,,,,,
복돼지복권,부산광역시 금정구 부곡동 325-4,1,,,,,,,
복돼지복권,부산광역시 금정구 부곡동 325-4,2,,,,,,,
복돼지복권,부산광역시 금정구 부곡동 325-4,3,,,,,,,
복돼지복권,부산광역시 금정구 부곡동 325-4,4,,,,,,,
복돼지복권,부산광역시 금정구 부곡동 325-4,5,,,,,,,
복돼지복권,부산광역시 금정구 부곡동 325-4,6,,,,,,,
부대당구장,부산광역시 금정구 장전동 419-15,0,,,,,,,
부대당구장,부산광역시 금정구 장전동 419-15,1,,,,,,,
부대당구장,부산광역시 금정구 장전동 419-15,2,,,,,,,
부대당구장,부산광역시 금정구 장전동 419-15,3,,,,,,,
부대당구장,부산광역시 금정구 장전동 419-15,4,,,,,,,
부대당구장,부산광역시 금정구 장전동 419-15,5,,,,,,,
부대당구장,부산광역시 금정구 장전동 419-15,6,,,,,,,
부산대1등점,부산광역시 금정구 장전동 316-3,0,,,,,,,
부산대1등점,부산광역시 금정구 장전동 316-3,1,,,,,,,
부산대1등점,부산광역시 금정구 장전동 316-3,2,,,,,,,
부산대1등점,부산광역시 금정구 장전동 316-3,3,,,,,,,
부산대1등점,부산광역시 금정구 장전동 316-3,4,,,,,,,
부산대1등점,부산광역시 금정구 장전동 316-3,5,,,,,,,
부산대1등점,부산광역시 금정구 장전동 316-3,6,,,,,,,
부산대점,부산광역시 금정구 장전동 414-23,0,,,,,,,
부산대점,부산광역시 금정구 장전동 414-23,1,,,,,,,
부산대점,부산광역시 금정구 장전동 414-23,2,,,,,,,
부산대점,부산광역시 금정구 장전동 414-23,3,,,,,,,
부산대점,부산광역시 금정구 장전동 414-23,4,,,,,,,
부산대점,부산광역시 금정구 장전동 414-23,5,,,,,,,
부산대점,부산광역시 금정구 장전동 414-23,6,,,,,,,
부산동래그룹PT전문피트니스REFIT타운점미남 온천점,부산광역시 동래구 온천동 779-25,0,,,,,,,
부산동래그룹PT전문피트니스REFIT타운점미남 온천점,부산광역시 동래구 온천동 779-25,1,,,,,,,
부산동래그룹PT전문피트니스REFIT타운점미남 온천점,부산광역시 동래구 온천동 779-25,2,,,,,,,
부산동래그룹PT전문피트니스REFIT타운점미남 온천점,부산광역시 동래구 온천동 779-25,3,,,,,,,
부산동래그룹PT전문피트니스REFIT타운점미남 온천점,부산광역시 동래구 온천동 779-25,4,,,,,,,
부산동래그룹PT전문피트니스REFIT타운점미남 온천점,부산광역시 동래구 온천동 779-25,5,,,,,,,
부산동래그룹PT전문피트니스REFIT타운점미남 온천점,부산광역시 동래구 온천동 779-25,6,,,,,,,
부자클라쓰,부산광역시 금정구 구서동 735-30,0,,,,,,,
부자클라쓰,부산광역시 금정구 구서동 735-30,1,,,,,,,
부자클라쓰,부산광역시 금정구 구서동 735-30,2,,,,,,,
부자클라쓰,부산광역시 금정구 구서동 735-30,3,,,,,,,
부자클라쓰,부산광역시 금정구 구서동 735-30,4,,,,,,,
부자클라쓰,부산광역시 금정구 구서동 735-30,5,,,,,,,
부자클라쓰,부산광역시 금정구 구서동 735-30,6,,,,,,,
브이아이피당구장,부산광역시 동래구 온천동 189-3,0,,,,,,,
브이아이피당구장,부산광역시 동래구 온천동 189-3,1,,,,,,,
브이아이피당구장,부산광역시 동래구 온천동 189-3,2,,,,,,,
브이아이피당구장,부산광역시 동래구 온천동 189-3,3,,,,,,,
브이아이피당구장,부산광역시 동래구 온천동 189-3,4,,,,,,,
브이아이피당구장,부산광역시 동래구 온천동 189-3,5,,,,,,,
브이아이피당구장,부산광역시 동래구 온천동 189-3,6,,,,,,,
브이엠짐,부산광역시 동래구 온천동 183-8,0,,,,,,,
브이엠짐,부산광역시 동래구 온천동 183-8,1,,,,,,,
브이엠짐,부산광역시 동래구 온천동 183-8,2,,,,,,,
브이엠짐,부산광역시 동래구 온천동 183-8,3,,,,,,,
브이엠짐,부산광역시 동래구 온천동 183-8,4,,,,,,,
브이엠짐,부산광역시 동래구 온천동 183-8,5,,,,,,,
브이엠짐,부산광역시 동래구 온천동 183-8,6,,,,,,,
블랙바디GYM,부산광역시 금정구 장전동 213-9,0,,,,,,TRUE,
블랙바디GYM,부산광역시 금정구 장전동 213-9,1,6:00,23:00,,,,,
블랙바디GYM,부산광역시 금정구 장전동 213-9,2,6:00,23:00,,,,,
블랙바디GYM,부산광역시 금정구 장전동 213-9,3,6:00,23:00,,,,,
블랙바디GYM,부산광역시 금정구 장전동 213-9,4,6:00,23:00,,,,,
블랙바디GYM,부산광역시 금정구 장전동 213-9,5,6:00,23:00,,,,,
블랙바디GYM,부산광역시 금정구 장전동 213-9,6,8:00,18:00,,,,,
블랙바디PTGYM,부산광역시 금정구 장전동 222-2,0,,,,,,TRUE,
블랙바디PTGYM,부산광역시 금정구 장전동 222-2,1,6:00,0:00,,,,,
블랙바디PTGYM,부산광역시 금정구 장전동 222-2,2,6:00,0:00,,,,,
블랙바디PTGYM,부산광역시 금정구 장전동 222-2,3,6:00,0:00,,,,,
블랙바디PTGYM,부산광역시 금정구 장전동 222-2,4,6:00,0:00,,,,,
블랙바디PTGYM,부산광역시 금정구 장전동 222-2,5,6:00,0:00,,,,,
블랙바디PTGYM,부산광역시 금정구 장전동 222-2,6,8:00,20:00,,,,,
비너스짐,부산광역시 금정구 장전동 414-25,0,,,,,,TRUE,
비너스짐,부산광역시 금정구 장전동 414-25,1,9:00,23:00,,,,,
비너스짐,부산광역시 금정구 장전동 414-25,2,9:00,23:00,,,,,
비너스짐,부산광역시 금정구 장전동 414-25,3,9:00,23:00,,,,,
비너스짐,부산광역시 금정구 장전동 414-25,4,9:00,23:00,,,,,
비너스짐,부산광역시 금정구 장전동 414-25,5,9:00,23:00,,,,,
비너스짐,부산광역시 금정구 장전동 414-25,6,9:00,23:00,,,,,
비비PC방,부산광역시 금정구 장전동 420-47,0,,,,,,,
비비PC방,부산광역시 금정구 장전동 420-47,1,,,,,,,
비비PC방,부산광역시 금정구 장전동 420-47,2,,,,,,,
비비PC방,부산광역시 금정구 장전동 420-47,3,,,,,,,
비비PC방,부산광역시 금정구 장전동 420-47,4,,,,,,,
비비PC방,부산광역시 금정구 장전동 420-47,5,,,,,,,
비비PC방,부산광역시 금정구 장전동 420-47,6,,,,,,,
비알비피씨방,부산광역시 동래구 명륜동 505-6,0,,,,,,,
비알비피씨방,부산광역시 동래구 명륜동 505-6,1,,,,,,,
비알비피씨방,부산광역시 동래구 명륜동 505-6,2,,,,,,,
비알비피씨방,부산광역시 동래구 명륜동 505-6,3,,,,,,,
비알비피씨방,부산광역시 동래구 명륜동 505-6,4,,,,,,,
비알비피씨방,부산광역시 동래구 명륜동 505-6,5,,,,,,,
비알비피씨방,부산광역시 동래구 명륜동 505-6,6,,,,,,,
비타민노래연습장,부산광역시 금정구 구서동 415-1,0,18:00,2:00,,,,,
비타민노래연습장,부산광역시 금정구 구서동 415-1,1,18:00,2:00,,,,,
비타민노래연습장,부산광역시 금정구 구서동 415-1,2,18:00,2:00,,,,,
비타민노래연습장,부산광역시 금정구 구서동 415-1,3,18:00,2:00,,,,,
비타민노래연습장,부산광역시 금정구 구서동 415-1,4,18:00,2:00,,,,,
비타민노래연습장,부산광역시 금정구 구서동 415-1,5,18:00,2:00,,,,,
비타민노래연습장,부산광역시 금정구 구서동 415-1,6,18:00,2:00,,,,,
빅베어짐,부산광역시 동래구 온천동 184-7,0,,,,,,,
빅베어짐,부산광역시 동래구 온천동 184-7,1,,,,,,,
빅베어짐,부산광역시 동래구 온천동 184-7,2,,,,,,,
빅베어짐,부산광역시 동래구 온천동 184-7,3,,,,,,,
빅베어짐,부산광역시 동래구 온천동 184-7,4,,,,,,,
빅베어짐,부산광역시 동래구 온천동 184-7,5,,,,,,,
빅베어짐,부산광역시 동래구 온천동 184-7,6,,,,,,,
빌보드노래연습장,부산광역시 금정구 장전동 418-71,0,,,,,,,
빌보드노래연습장,부산광역시 금정구 장전동 418-71,1,,,,,,,
빌보드노래연습장,부산광역시 금정구 장전동 418-71,2,,,,,,,
빌보드노래연습장,부산광역시 금정구 장전동 418-71,3,,,,,,,
빌보드노래연습장,부산광역시 금정구 장전동 418-71,4,,,,,,,
빌보드노래연습장,부산광역시 금정구 장전동 418-71,5,,,,,,,
빌보드노래연습장,부산광역시 금정구 장전동 418-71,6,,,,,,,
뽀끼왕,부산광역시 동래구 명륜동 502-5,0,,,,,,,
뽀끼왕,부산광역시 동래구 명륜동 502-5,1,,,,,,,
뽀끼왕,부산광역시 동래구 명륜동 502-5,2,,,,,,,
뽀끼왕,부산광역시 동래구 명륜동 502-5,3,,,,,,,
뽀끼왕,부산광역시 동래구 명륜동 502-5,4,,,,,,,
뽀끼왕,부산광역시 동래구 명륜동 502-5,5,,,,,,,
뽀끼왕,부산광역시 동래구 명륜동 502-5,6,,,,,,,
뽀바뽀바,부산광역시 금정구 장전동 153-4,0,,,,,,,
뽀바뽀바,부산광역시 금정구 장전동 153-4,1,,,,,,,
뽀바뽀바,부산광역시 금정구 장전동 153-4,2,,,,,,,
뽀바뽀바,부산광역시 금정구 장전동 153-4,3,,,,,,,
뽀바뽀바,부산광역시 금정구 장전동 153-4,4,,,,,,,
뽀바뽀바,부산광역시 금정구 장전동 153-4,5,,,,,,,
뽀바뽀바,부산광역시 금정구 장전동 153-4,6,,,,,,,
산들체험학교,부산광역시 금정구 부곡동 225-6,0,,,,,,,
산들체험학교,부산광역시 금정구 부곡동 225-6,1,,,,,,,
산들체험학교,부산광역시 금정구 부곡동 225-6,2,,,,,,,
산들체험학교,부산광역시 금정구 부곡동 225-6,3,,,,,,,
산들체험학교,부산광역시 금정구 부곡동 225-6,4,,,,,,,
산들체험학교,부산광역시 금정구 부곡동 225-6,5,,,,,,,
산들체험학교,부산광역시 금정구 부곡동 225-6,6,,,,,,,
산타나노래연습장,부산광역시 동래구 온천동 1412-5,0,,,,,,,
산타나노래연습장,부산광역시 동래구 온천동 1412-5,1,,,,,,,
산타나노래연습장,부산광역시 동래구 온천동 1412-5,2,,,,,,,
산타나노래연습장,부산광역시 동래구 온천동 1412-5,3,,,,,,,
산타나노래연습장,부산광역시 동래구 온천동 1412-5,4,,,,,,,
산타나노래연습장,부산광역시 동래구 온천동 1412-5,5,,,,,,,
산타나노래연습장,부산광역시 동래구 온천동 1412-5,6,,,,,,,
삼삼노래연습장,부산광역시 동래구 온천동 44-3,0,,,,,,,
삼삼노래연습장,부산광역시 동래구 온천동 44-3,1,,,,,,,
삼삼노래연습장,부산광역시 동래구 온천동 44-3,2,,,,,,,
삼삼노래연습장,부산광역시 동래구 온천동 44-3,3,,,,,,,
삼삼노래연습장,부산광역시 동래구 온천동 44-3,4,,,,,,,
삼삼노래연습장,부산광역시 동래구 온천동 44-3,5,,,,,,,
삼삼노래연습장,부산광역시 동래구 온천동 44-3,6,,,,,,,
샤프노래방,부산광역시 금정구 구서동 175-29,0,,,,,,,
샤프노래방,부산광역시 금정구 구서동 175-29,1,,,,,,,
샤프노래방,부산광역시 금정구 구서동 175-29,2,,,,,,,
샤프노래방,부산광역시 금정구 구서동 175-29,3,,,,,,,
샤프노래방,부산광역시 금정구 구서동 175-29,4,,,,,,,
샤프노래방,부산광역시 금정구 구서동 175-29,5,,,,,,,
샤프노래방,부산광역시 금정구 구서동 175-29,6,,,,,,,
서연파크,부산광역시 동래구 명륜동 283,0,,,,,,,
서연파크,부산광역시 동래구 명륜동 283,1,,,,,,,
서연파크,부산광역시 동래구 명륜동 283,2,,,,,,,
서연파크,부산광역시 동래구 명륜동 283,3,,,,,,,
서연파크,부산광역시 동래구 명륜동 283,4,,,,,,,
서연파크,부산광역시 동래구 명륜동 283,5,,,,,,,
서연파크,부산광역시 동래구 명륜동 283,6,,,,,,,
석천노래연습장,부산광역시 동래구 온천동 1428-4,0,,,,,,,
석천노래연습장,부산광역시 동래구 온천동 1428-4,1,,,,,,,
석천노래연습장,부산광역시 동래구 온천동 1428-4,2,,,,,,,
석천노래연습장,부산광역시 동래구 온천동 1428-4,3,,,,,,,
석천노래연습장,부산광역시 동래구 온천동 1428-4,4,,,,,,,
석천노래연습장,부산광역시 동래구 온천동 1428-4,5,,,,,,,
석천노래연습장,부산광역시 동래구 온천동 1428-4,6,,,,,,,
선경노래연습장,부산광역시 금정구 구서동 656-1,0,,,,,,,
선경노래연습장,부산광역시 금정구 구서동 656-1,1,,,,,,,
선경노래연습장,부산광역시 금정구 구서동 656-1,2,,,,,,,
선경노래연습장,부산광역시 금정구 구서동 656-1,3,,,,,,,
선경노래연습장,부산광역시 금정구 구서동 656-1,4,,,,,,,
선경노래연습장,부산광역시 금정구 구서동 656-1,5,,,,,,,
선경노래연습장,부산광역시 금정구 구서동 656-1,6,,,,,,,
세광아트컴퍼니,부산광역시 동래구 온천동 850-15,0,,,,,,,
세광아트컴퍼니,부산광역시 동래구 온천동 850-15,1,,,,,,,
세광아트컴퍼니,부산광역시 동래구 온천동 850-15,2,,,,,,,
세광아트컴퍼니,부산광역시 동래구 온천동 850-15,3,,,,,,,
세광아트컴퍼니,부산광역시 동래구 온천동 850-15,4,,,,,,,
세광아트컴퍼니,부산광역시 동래구 온천동 850-15,5,,,,,,,
세광아트컴퍼니,부산광역시 동래구 온천동 850-15,6,,,,,,,
세리골프존스크린,부산광역시 동래구 온천동 1447-1,0,,,,,,,
세리골프존스크린,부산광역시 동래구 온천동 1447-1,1,,,,,,,
세리골프존스크린,부산광역시 동래구 온천동 1447-1,2,,,,,,,
세리골프존스크린,부산광역시 동래구 온천동 1447-1,3,,,,,,,
세리골프존스크린,부산광역시 동래구 온천동 1447-1,4,,,,,,,
세리골프존스크린,부산광역시 동래구 온천동 1447-1,5,,,,,,,
세리골프존스크린,부산광역시 동래구 온천동 1447-1,6,,,,,,,
세븐스타코인노래연습장 동래역점,부산광역시 동래구 명륜동 569-10,0,12:00,1:00,,,,,
세븐스타코인노래연습장 동래역점,부산광역시 동래구 명륜동 569-10,1,13:00,1:00,,,,,
세븐스타코인노래연습장 동래역점,부산광역시 동래구 명륜동 569-10,2,13:00,1:00,,,,,
세븐스타코인노래연습장 동래역점,부산광역시 동래구 명륜동 569-10,3,13:00,1:00,,,,,
세븐스타코인노래연습장 동래역점,부산광역시 동래구 명륜동 569-10,4,13:00,1:00,,,,,
세븐스타코인노래연습장 동래역점,부산광역시 동래구 명륜동 569-10,5,13:00,1:00,,,,,
세븐스타코인노래연습장 동래역점,부산광역시 동래구 명륜동 569-10,6,12:00,1:00,,,,,
센트럴힐탁구교실,부산광역시 동래구 명륜동 172-24,0,10:00,21:00,,,,,
센트럴힐탁구교실,부산광역시 동래구 명륜동 172-24,1,10:00,21:00,,,,,
센트럴힐탁구교실,부산광역시 동래구 명륜동 172-24,2,10:00,21:00,,,,,
센트럴힐탁구교실,부산광역시 동래구 명륜동 172-24,3,10:00,21:00,,,,,
센트럴힐탁구교실,부산광역시 동래구 명륜동 172-24,4,10:00,21:00,,,,,
센트럴힐탁구교실,부산광역시 동래구 명륜동 172-24,5,10:00,21:00,,,,,
센트럴힐탁구교실,부산광역시 동래구 명륜동 172-24,6,10:00,21:00,,,,,
소소PLAY 부산대점,부산광역시 금정구 장전동 643-117,0,,,,,,,
소소PLAY 부산대점,부산광역시 금정구 장전동 643-117,1,,,,,,,
소소PLAY 부산대점,부산광역시 금정구 장전동 643-117,2,,,,,,,
소소PLAY 부산대점,부산광역시 금정구 장전동 643-117,3,,,,,,,
소소PLAY 부산대점,부산광역시 금정구 장전동 643-117,4,,,,,,,
소소PLAY 부산대점,부산광역시 금정구 장전동 643-117,5,,,,,,,
소소PLAY 부산대점,부산광역시 금정구 장전동 643-117,6,,,,,,,
수노래연습장,부산광역시 동래구 명륜동 533-26,0,,,,,,,
수노래연습장,부산광역시 동래구 명륜동 533-26,1,,,,,,,
수노래연습장,부산광역시 동래구 명륜동 533-26,2,,,,,,,
수노래연습장,부산광역시 동래구 명륜동 533-26,3,,,,,,,
수노래연습장,부산광역시 동래구 명륜동 533-26,4,,,,,,,
수노래연습장,부산광역시 동래구 명륜동 533-26,5,,,,,,,
수노래연습장,부산광역시 동래구 명륜동 533-26,6,,,,,,,
숲속의향기,부산광역시 동래구 온천동 1720,0,,,,,,,
숲속의향기,부산광역시 동래구 온천동 1720,1,,,,,,,
숲속의향기,부산광역시 동래구 온천동 1720,2,,,,,,,
숲속의향기,부산광역시 동래구 온천동 1720,3,,,,,,,
숲속의향기,부산광역시 동래구 온천동 1720,4,,,,,,,
숲속의향기,부산광역시 동래구 온천동 1720,5,,,,,,,
숲속의향기,부산광역시 동래구 온천동 1720,6,,,,,,,
숲속의헬스,부산광역시 금정구 부곡동 26-9,0,9:00,22:00,,,,,
숲속의헬스,부산광역시 금정구 부곡동 26-9,1,9:00,22:00,,,,,
숲속의헬스,부산광역시 금정구 부곡동 26-9,2,9:00,22:00,,,,,
숲속의헬스,부산광역시 금정구 부곡동 26-9,3,9:00,22:00,,,,,
숲속의헬스,부산광역시 금정구 부곡동 26-9,4,9:00,22:00,,,,,
숲속의헬스,부산광역시 금정구 부곡동 26-9,5,9:00,22:00,,,,,
숲속의헬스,부산광역시 금정구 부곡동 26-9,6,9:00,22:00,,,,,
스마트짐구서점,부산광역시 금정구 구서동 775-1,0,5:00,,,,,,
스마트짐구서점,부산광역시 금정구 구서동 775-1,1,5:00,,,,,,
스마트짐구서점,부산광역시 금정구 구서동 775-1,2,5:00,,,,,,
스마트짐구서점,부산광역시 금정구 구서동 775-1,3,5:00,,,,,,
스마트짐구서점,부산광역시 금정구 구서동 775-1,4,5:00,,,,,,
스마트짐구서점,부산광역시 금정구 구서동 775-1,5,5:00,,,,,,
스마트짐구서점,부산광역시 금정구 구서동 775-1,6,5:00,,,,,,
스카이당구클럽,부산광역시 동래구 온천동 1413-7,0,,,,,,,
스카이당구클럽,부산광역시 동래구 온천동 1413-7,1,,,,,,,
스카이당구클럽,부산광역시 동래구 온천동 1413-7,2,,,,,,,
스카이당구클럽,부산광역시 동래구 온천동 1413-7,3,,,,,,,
스카이당구클럽,부산광역시 동래구 온천동 1413-7,4,,,,,,,
스카이당구클럽,부산광역시 동래구 온천동 1413-7,5,,,,,,,
스카이당구클럽,부산광역시 동래구 온천동 1413-7,6,,,,,,,
스카이스크린골프,부산광역시 금정구 부곡동 234-1,0,,,,,,,
스카이스크린골프,부산광역시 금정구 부곡동 234-1,1,,,,,,,
스카이스크린골프,부산광역시 금정구 부곡동 234-1,2,,,,,,,
스카이스크린골프,부산광역시 금정구 부곡동 234-1,3,,,,,,,
스카이스크린골프,부산광역시 금정구 부곡동 234-1,4,,,,,,,
스카이스크린골프,부산광역시 금정구 부곡동 234-1,5,,,,,,,
스카이스크린골프,부산광역시 금정구 부곡동 234-1,6,,,,,,,
스타노래방,부산광역시 동래구 온천동 40-14,0,,,,,,,
스타노래방,부산광역시 동래구 온천동 40-14,1,,,,,,,
스타노래방,부산광역시 동래구 온천동 40-14,2,,,,,,,
스타노래방,부산광역시 동래구 온천동 40-14,3,,,,,,,
스타노래방,부산광역시 동래구 온천동 40-14,4,,,,,,,
스타노래방,부산광역시 동래구 온천동 40-14,5,,,,,,,
스타노래방,부산광역시 동래구 온천동 40-14,6,,,,,,,
스텝테니스,부산광역시 동래구 온천동 153-8,0,,,,,,,
스텝테니스,부산광역시 동래구 온천동 153-8,1,,,,,,,
스텝테니스,부산광역시 동래구 온천동 153-8,2,,,,,,,
스텝테니스,부산광역시 동래구 온천동 153-8,3,,,,,,,
스텝테니스,부산광역시 동래구 온천동 153-8,4,,,,,,,
스텝테니스,부산광역시 동래구 온천동 153-8,5,,,,,,,
스텝테니스,부산광역시 동래구 온천동 153-8,6,,,,,,,
스튜디오노래연습장,부산광역시 금정구 부곡동 308-20,0,,,,,,,
스튜디오노래연습장,부산광역시 금정구 부곡동 308-20,1,,,,,,,
스튜디오노래연습장,부산광역시 금정구 부곡동 308-20,2,,,,,,,
스튜디오노래연습장,부산광역시 금정구 부곡동 308-20,3,,,,,,,
스튜디오노래연습장,부산광역시 금정구 부곡동 308-20,4,,,,,,,
스튜디오노래연습장,부산광역시 금정구 부곡동 308-20,5,,,,,,,
스튜디오노래연습장,부산광역시 금정구 부곡동 308-20,6,,,,,,,
스튜디오마이핏 트랙맨골프,부산광역시 금정구 구서동 1026-13,0,,,,,,TRUE,
스튜디오마이핏 트랙맨골프,부산광역시 금정구 구서동 1026-13,1,10:00,22:00,,,,,
스튜디오마이핏 트랙맨골프,부산광역시 금정구 구서동 1026-13,2,10:00,22:00,,,,,
스튜디오마이핏 트랙맨골프,부산광역시 금정구 구서동 1026-13,3,10:00,22:00,,,,,
스튜디오마이핏 트랙맨골프,부산광역시 금정구 구서동 1026-13,4,10:00,22:00,,,,,
스튜디오마이핏 트랙맨골프,부산광역시 금정구 구서동 1026-13,5,10:00,22:00,,,,,
스튜디오마이핏 트랙맨골프,부산광역시 금정구 구서동 1026-13,6,10:00,16:00,,,,,
스트라이크존 부산대구장,부산광역시 금정구 장전동 414-23,0,10:30,3:30,,,,,
스트라이크존 부산대구장,부산광역시 금정구 장전동 414-23,1,10:30,3:30,,,,,
스트라이크존 부산대구장,부산광역시 금정구 장전동 414-23,2,10:30,3:30,,,,,
스트라이크존 부산대구장,부산광역시 금정구 장전동 414-23,3,10:30,3:30,,,,,
스트라이크존 부산대구장,부산광역시 금정구 장전동 414-23,4,10:30,3:30,,,,,
스트라이크존 부산대구장,부산광역시 금정구 장전동 414-23,5,10:30,3:30,,,,,
스트라이크존 부산대구장,부산광역시 금정구 장전동 414-23,6,10:30,3:30,,,,,
스파골프랜드,부산광역시 동래구 온천동 165-2,0,,,,,,,
스파골프랜드,부산광역시 동래구 온천동 165-2,1,,,,,,,
스파골프랜드,부산광역시 동래구 온천동 165-2,2,,,,,,,
스파골프랜드,부산광역시 동래구 온천동 165-2,3,,,,,,,
스파골프랜드,부산광역시 동래구 온천동 165-2,4,,,,,,,
스파골프랜드,부산광역시 동래구 온천동 165-2,5,,,,,,,
스파골프랜드,부산광역시 동래구 온천동 165-2,6,,,,,,,
스파골프랜드,부산광역시 동래구 온천동 165-2,0,,,,,,,
스파골프랜드,부산광역시 동래구 온천동 165-2,1,,,,,,,
스파골프랜드,부산광역시 동래구 온천동 165-2,2,,,,,,,
스파골프랜드,부산광역시 동래구 온천동 165-2,3,,,,,,,
스파골프랜드,부산광역시 동래구 온천동 165-2,4,,,,,,,
스파골프랜드,부산광역시 동래구 온천동 165-2,5,,,,,,,
스파골프랜드,부산광역시 동래구 온천동 165-2,6,,,,,,,
스파볼링센터,부산광역시 동래구 온천동 165-2,0,,,,,,,
스파볼링센터,부산광역시 동래구 온천동 165-2,1,,,,,,,
스파볼링센터,부산광역시 동래구 온천동 165-2,2,,,,,,,
스파볼링센터,부산광역시 동래구 온천동 165-2,3,,,,,,,
스파볼링센터,부산광역시 동래구 온천동 165-2,4,,,,,,,
스파볼링센터,부산광역시 동래구 온천동 165-2,5,,,,,,,
스파볼링센터,부산광역시 동래구 온천동 165-2,6,,,,,,,
스파볼링장,부산광역시 동래구 온천동 165-2,0,,,,,,,
스파볼링장,부산광역시 동래구 온천동 165-2,1,,,,,,,
스파볼링장,부산광역시 동래구 온천동 165-2,2,,,,,,,
스파볼링장,부산광역시 동래구 온천동 165-2,3,,,,,,,
스파볼링장,부산광역시 동래구 온천동 165-2,4,,,,,,,
스파볼링장,부산광역시 동래구 온천동 165-2,5,,,,,,,
스파볼링장,부산광역시 동래구 온천동 165-2,6,,,,,,,
스포케이,부산광역시 금정구 구서동 192-11,0,6:00,18:00,,,,,
스포케이,부산광역시 금정구 구서동 192-11,1,6:00,22:30,,,,,
스포케이,부산광역시 금정구 구서동 192-11,2,6:00,22:30,,,,,
스포케이,부산광역시 금정구 구서동 192-11,3,6:00,22:30,,,,,
스포케이,부산광역시 금정구 구서동 192-11,4,6:00,22:30,,,,,
스포케이,부산광역시 금정구 구서동 192-11,5,6:00,22:30,,,,,
스포케이,부산광역시 금정구 구서동 192-11,6,6:00,21:30,,,,,
스포케이,부산광역시 금정구 구서동 203-5,0,,,,,,,
스포케이,부산광역시 금정구 구서동 203-5,1,,,,,,,
스포케이,부산광역시 금정구 구서동 203-5,2,,,,,,,
스포케이,부산광역시 금정구 구서동 203-5,3,,,,,,,
스포케이,부산광역시 금정구 구서동 203-5,4,,,,,,,
스포케이,부산광역시 금정구 구서동 203-5,5,,,,,,,
스포케이,부산광역시 금정구 구서동 203-5,6,,,,,,,
스포케이,부산광역시 금정구 구서동 203-5,0,,,,,,,
스포케이,부산광역시 금정구 구서동 203-5,1,,,,,,,
스포케이,부산광역시 금정구 구서동 203-5,2,,,,,,,
스포케이,부산광역시 금정구 구서동 203-5,3,,,,,,,
스포케이,부산광역시 금정구 구서동 203-5,4,,,,,,,
스포케이,부산광역시 금정구 구서동 203-5,5,,,,,,,
스포케이,부산광역시 금정구 구서동 203-5,6,,,,,,,
스포케이주,부산광역시 금정구 구서동 203-5,0,,,,,,,
스포케이주,부산광역시 금정구 구서동 203-5,1,,,,,,,
스포케이주,부산광역시 금정구 구서동 203-5,2,,,,,,,
스포케이주,부산광역시 금정구 구서동 203-5,3,,,,,,,
스포케이주,부산광역시 금정구 구서동 203-5,4,,,,,,,
스포케이주,부산광역시 금정구 구서동 203-5,5,,,,,,,
스포케이주,부산광역시 금정구 구서동 203-5,6,,,,,,,
승산스크린골프,부산광역시 금정구 구서동 203-5,0,8:00,0:00,,,,,
승산스크린골프,부산광역시 금정구 구서동 203-5,1,8:00,0:00,,,,,
승산스크린골프,부산광역시 금정구 구서동 203-5,2,8:00,0:00,,,,,
승산스크린골프,부산광역시 금정구 구서동 203-5,3,8:00,0:00,,,,,
승산스크린골프,부산광역시 금정구 구서동 203-5,4,8:00,0:00,,,,,
승산스크린골프,부산광역시 금정구 구서동 203-5,5,8:00,0:00,,,,,
승산스크린골프,부산광역시 금정구 구서동 203-5,6,8:00,0:00,,,,,
승산스포렉스,부산광역시 금정구 구서동 203-5,0,,,,,,,
승산스포렉스,부산광역시 금정구 구서동 203-5,1,,,,,,,
승산스포렉스,부산광역시 금정구 구서동 203-5,2,,,,,,,
승산스포렉스,부산광역시 금정구 구서동 203-5,3,,,,,,,
승산스포렉스,부산광역시 금정구 구서동 203-5,4,,,,,,,
승산스포렉스,부산광역시 금정구 구서동 203-5,5,,,,,,,
승산스포렉스,부산광역시 금정구 구서동 203-5,6,,,,,,,
시나브로,부산광역시 동래구 명륜동 553-21,0,,,,,,TRUE,
시나브로,부산광역시 동래구 명륜동 553-21,1,10:00,23:00,,,,,
시나브로,부산광역시 동래구 명륜동 553-21,2,10:00,23:00,,,,,
시나브로,부산광역시 동래구 명륜동 553-21,3,10:00,23:00,,,,,
시나브로,부산광역시 동래구 명륜동 553-21,4,10:00,23:00,,,,,
시나브로,부산광역시 동래구 명륜동 553-21,5,10:00,23:00,,,,,
시나브로,부산광역시 동래구 명륜동 553-21,6,10:00,17:00,,,,,
시네마파크,부산광역시 금정구 장전동 302-9,0,,,,,,,
시네마파크,부산광역시 금정구 장전동 302-9,1,,,,,,,
시네마파크,부산광역시 금정구 장전동 302-9,2,,,,,,,
시네마파크,부산광역시 금정구 장전동 302-9,3,,,,,,,
시네마파크,부산광역시 금정구 장전동 302-9,4,,,,,,,
시네마파크,부산광역시 금정구 장전동 302-9,5,,,,,,,
시네마파크,부산광역시 금정구 장전동 302-9,6,,,,,,,
신바람노래연습장,부산광역시 금정구 부곡동 224-58,0,,,,,,,
신바람노래연습장,부산광역시 금정구 부곡동 224-58,1,,,,,,,
신바람노래연습장,부산광역시 금정구 부곡동 224-58,2,,,,,,,
신바람노래연습장,부산광역시 금정구 부곡동 224-58,3,,,,,,,
신바람노래연습장,부산광역시 금정구 부곡동 224-58,4,,,,,,,
신바람노래연습장,부산광역시 금정구 부곡동 224-58,5,,,,,,,
신바람노래연습장,부산광역시 금정구 부곡동 224-58,6,,,,,,,
싸이동전 노래연습장,부산광역시 금정구 장전동 414-13,0,11:00,3:00,,,,,
싸이동전 노래연습장,부산광역시 금정구 장전동 414-13,1,11:00,3:00,,,,,
싸이동전 노래연습장,부산광역시 금정구 장전동 414-13,2,11:00,3:00,,,,,
싸이동전 노래연습장,부산광역시 금정구 장전동 414-13,3,11:00,3:00,,,,,
싸이동전 노래연습장,부산광역시 금정구 장전동 414-13,4,11:00,3:00,,,,,
싸이동전 노래연습장,부산광역시 금정구 장전동 414-13,5,11:00,3:00,,,,,
싸이동전 노래연습장,부산광역시 금정구 장전동 414-13,6,11:00,3:00,,,,,
쌍용당구클럽,부산광역시 금정구 구서동 413-8,0,,,,,,,
쌍용당구클럽,부산광역시 금정구 구서동 413-8,1,,,,,,,
쌍용당구클럽,부산광역시 금정구 구서동 413-8,2,,,,,,,
쌍용당구클럽,부산광역시 금정구 구서동 413-8,3,,,,,,,
쌍용당구클럽,부산광역시 금정구 구서동 413-8,4,,,,,,,
쌍용당구클럽,부산광역시 금정구 구서동 413-8,5,,,,,,,
쌍용당구클럽,부산광역시 금정구 구서동 413-8,6,,,,,,,
써니스크린,부산광역시 금정구 부곡동 225-58,0,,,,,,,
써니스크린,부산광역시 금정구 부곡동 225-58,1,,,,,,,
써니스크린,부산광역시 금정구 부곡동 225-58,2,,,,,,,
써니스크린,부산광역시 금정구 부곡동 225-58,3,,,,,,,
써니스크린,부산광역시 금정구 부곡동 225-58,4,,,,,,,
써니스크린,부산광역시 금정구 부곡동 225-58,5,,,,,,,
써니스크린,부산광역시 금정구 부곡동 225-58,6,,,,,,,
아리랑노래연습장,부산광역시 금정구 장전동 155-19,0,,,,,,,
아리랑노래연습장,부산광역시 금정구 장전동 155-19,1,,,,,,,
아리랑노래연습장,부산광역시 금정구 장전동 155-19,2,,,,,,,
아리랑노래연습장,부산광역시 금정구 장전동 155-19,3,,,,,,,
아리랑노래연습장,부산광역시 금정구 장전동 155-19,4,,,,,,,
아리랑노래연습장,부산광역시 금정구 장전동 155-19,5,,,,,,,
아리랑노래연습장,부산광역시 금정구 장전동 155-19,6,,,,,,,
아리아노래연습장,부산광역시 금정구 부곡동 223-18,0,,,,,,,
아리아노래연습장,부산광역시 금정구 부곡동 223-18,1,,,,,,,
아리아노래연습장,부산광역시 금정구 부곡동 223-18,2,,,,,,,
아리아노래연습장,부산광역시 금정구 부곡동 223-18,3,,,,,,,
아리아노래연습장,부산광역시 금정구 부곡동 223-18,4,,,,,,,
아리아노래연습장,부산광역시 금정구 부곡동 223-18,5,,,,,,,
아리아노래연습장,부산광역시 금정구 부곡동 223-18,6,,,,,,,
아성당구장,부산광역시 금정구 구서동 162-12,0,0:00,,,,,,
아성당구장,부산광역시 금정구 구서동 162-12,1,0:00,,,,,,
아성당구장,부산광역시 금정구 구서동 162-12,2,0:00,,,,,,
아성당구장,부산광역시 금정구 구서동 162-12,3,0:00,,,,,,
아성당구장,부산광역시 금정구 구서동 162-12,4,0:00,,,,,,
아성당구장,부산광역시 금정구 구서동 162-12,5,0:00,,,,,,
아성당구장,부산광역시 금정구 구서동 162-12,6,0:00,,,,,,
아수라발발타,부산광역시 동래구 명륜동 447-1,0,13:00,6:00,,,,,
아수라발발타,부산광역시 동래구 명륜동 447-1,1,13:00,6:00,,,,,
아수라발발타,부산광역시 동래구 명륜동 447-1,2,13:00,6:00,,,,,
아수라발발타,부산광역시 동래구 명륜동 447-1,3,13:00,6:00,,,,,
아수라발발타,부산광역시 동래구 명륜동 447-1,4,13:00,6:00,,,,,
아수라발발타,부산광역시 동래구 명륜동 447-1,5,13:00,6:00,,,,,
아수라발발타,부산광역시 동래구 명륜동 447-1,6,13:00,6:00,,,,,
아우디노래연습장,부산광역시 동래구 온천동 137-11,0,,,,,,,
아우디노래연습장,부산광역시 동래구 온천동 137-11,1,,,,,,,
아우디노래연습장,부산광역시 동래구 온천동 137-11,2,,,,,,,
아우디노래연습장,부산광역시 동래구 온천동 137-11,3,,,,,,,
아우디노래연습장,부산광역시 동래구 온천동 137-11,4,,,,,,,
아우디노래연습장,부산광역시 동래구 온천동 137-11,5,,,,,,,
아우디노래연습장,부산광역시 동래구 온천동 137-11,6,,,,,,,
아이라이크핏,부산광역시 금정구 장전동 109-10,0,,,,,,,
아이라이크핏,부산광역시 금정구 장전동 109-10,1,,,,,,,
아이라이크핏,부산광역시 금정구 장전동 109-10,2,,,,,,,
아이라이크핏,부산광역시 금정구 장전동 109-10,3,,,,,,,
아이라이크핏,부산광역시 금정구 장전동 109-10,4,,,,,,,
아이라이크핏,부산광역시 금정구 장전동 109-10,5,,,,,,,
아이라이크핏,부산광역시 금정구 장전동 109-10,6,,,,,,,
아이린PC방 부산대점,부산광역시 금정구 장전동 414-20,0,,,,,,,
아이린PC방 부산대점,부산광역시 금정구 장전동 414-20,1,,,,,,,
아이린PC방 부산대점,부산광역시 금정구 장전동 414-20,2,,,,,,,
아이린PC방 부산대점,부산광역시 금정구 장전동 414-20,3,,,,,,,
아이린PC방 부산대점,부산광역시 금정구 장전동 414-20,4,,,,,,,
아이린PC방 부산대점,부산광역시 금정구 장전동 414-20,5,,,,,,,
아이린PC방 부산대점,부산광역시 금정구 장전동 414-20,6,,,,,,,
아이린PC방 장전본점,부산광역시 금정구 장전동 153-5,0,,,,,,,
아이린PC방 장전본점,부산광역시 금정구 장전동 153-5,1,,,,,,,
아이린PC방 장전본점,부산광역시 금정구 장전동 153-5,2,,,,,,,
아이린PC방 장전본점,부산광역시 금정구 장전동 153-5,3,,,,,,,
아이린PC방 장전본점,부산광역시 금정구 장전동 153-5,4,,,,,,,
아이린PC방 장전본점,부산광역시 금정구 장전동 153-5,5,,,,,,,
아이린PC방 장전본점,부산광역시 금정구 장전동 153-5,6,,,,,,,
아이센스리그PC방,부산광역시 금정구 구서동 414-15,0,0:00,,,,,,
아이센스리그PC방,부산광역시 금정구 구서동 414-15,1,0:00,,,,,,
아이센스리그PC방,부산광역시 금정구 구서동 414-15,2,0:00,,,,,,
아이센스리그PC방,부산광역시 금정구 구서동 414-15,3,0:00,,,,,,
아이센스리그PC방,부산광역시 금정구 구서동 414-15,4,0:00,,,,,,
아이센스리그PC방,부산광역시 금정구 구서동 414-15,5,0:00,,,,,,
아이센스리그PC방,부산광역시 금정구 구서동 414-15,6,0:00,,,,,,
아이파크PC방,부산광역시 금정구 부곡동 225-71,0,,,,,,,
아이파크PC방,부산광역시 금정구 부곡동 225-71,1,,,,,,,
아이파크PC방,부산광역시 금정구 부곡동 225-71,2,,,,,,,
아이파크PC방,부산광역시 금정구 부곡동 225-71,3,,,,,,,
아이파크PC방,부산광역시 금정구 부곡동 225-71,4,,,,,,,
아이파크PC방,부산광역시 금정구 부곡동 225-71,5,,,,,,,
아이파크PC방,부산광역시 금정구 부곡동 225-71,6,,,,,,,
아이파크PC방,부산광역시 동래구 온천동 751-24,0,,,,,,,
아이파크PC방,부산광역시 동래구 온천동 751-24,1,,,,,,,
아이파크PC방,부산광역시 동래구 온천동 751-24,2,,,,,,,
아이파크PC방,부산광역시 동래구 온천동 751-24,3,,,,,,,
아이파크PC방,부산광역시 동래구 온천동 751-24,4,,,,,,,
아이파크PC방,부산광역시 동래구 온천동 751-24,5,,,,,,,
아이파크PC방,부산광역시 동래구 온천동 751-24,6,,,,,,,
아테나PC,부산광역시 금정구 장전동 400-31,0,,,,,,,
아테나PC,부산광역시 금정구 장전동 400-31,1,,,,,,,
아테나PC,부산광역시 금정구 장전동 400-31,2,,,,,,,
아테나PC,부산광역시 금정구 장전동 400-31,3,,,,,,,
아테나PC,부산광역시 금정구 장전동 400-31,4,,,,,,,
아테나PC,부산광역시 금정구 장전동 400-31,5,,,,,,,
아테나PC,부산광역시 금정구 장전동 400-31,6,,,,,,,
애플노래연습장,부산광역시 동래구 온천동 137-10,0,,,,,,,
애플노래연습장,부산광역시 동래구 온천동 137-10,1,,,,,,,
애플노래연습장,부산광역시 동래구 온천동 137-10,2,,,,,,,
애플노래연습장,부산광역시 동래구 온천동 137-10,3,,,,,,,
애플노래연습장,부산광역시 동래구 온천동 137-10,4,,,,,,,
애플노래연습장,부산광역시 동래구 온천동 137-10,5,,,,,,,
애플노래연습장,부산광역시 동래구 온천동 137-10,6,,,,,,,
앵두노래연습장,부산광역시 금정구 부곡동 223-57,0,,,,,,,
앵두노래연습장,부산광역시 금정구 부곡동 223-57,1,,,,,,,
앵두노래연습장,부산광역시 금정구 부곡동 223-57,2,,,,,,,
앵두노래연습장,부산광역시 금정구 부곡동 223-57,3,,,,,,,
앵두노래연습장,부산광역시 금정구 부곡동 223-57,4,,,,,,,
앵두노래연습장,부산광역시 금정구 부곡동 223-57,5,,,,,,,
앵두노래연습장,부산광역시 금정구 부곡동 223-57,6,,,,,,,
앵콜노래연습장,부산광역시 금정구 부곡동 392-31,0,,,,,,,
앵콜노래연습장,부산광역시 금정구 부곡동 392-31,1,,,,,,,
앵콜노래연습장,부산광역시 금정구 부곡동 392-31,2,,,,,,,
앵콜노래연습장,부산광역시 금정구 부곡동 392-31,3,,,,,,,
앵콜노래연습장,부산광역시 금정구 부곡동 392-31,4,,,,,,,
앵콜노래연습장,부산광역시 금정구 부곡동 392-31,5,,,,,,,
앵콜노래연습장,부산광역시 금정구 부곡동 392-31,6,,,,,,,
앵콜노래연습장,부산광역시 금정구 부곡동 59-8,0,,,,,,,
앵콜노래연습장,부산광역시 금정구 부곡동 59-8,1,,,,,,,
앵콜노래연습장,부산광역시 금정구 부곡동 59-8,2,,,,,,,
앵콜노래연습장,부산광역시 금정구 부곡동 59-8,3,,,,,,,
앵콜노래연습장,부산광역시 금정구 부곡동 59-8,4,,,,,,,
앵콜노래연습장,부산광역시 금정구 부곡동 59-8,5,,,,,,,
앵콜노래연습장,부산광역시 금정구 부곡동 59-8,6,,,,,,,
야호노래연습장,부산광역시 동래구 온천동 751-24,0,,,,,,,
야호노래연습장,부산광역시 동래구 온천동 751-24,1,,,,,,,
야호노래연습장,부산광역시 동래구 온천동 751-24,2,,,,,,,
야호노래연습장,부산광역시 동래구 온천동 751-24,3,,,,,,,
야호노래연습장,부산광역시 동래구 온천동 751-24,4,,,,,,,
야호노래연습장,부산광역시 동래구 온천동 751-24,5,,,,,,,
야호노래연습장,부산광역시 동래구 온천동 751-24,6,,,,,,,
어썸바디PT,부산광역시 금정구 장전동 312-34,0,9:00,13:00,,,,,
어썸바디PT,부산광역시 금정구 장전동 312-34,1,9:00,22:00,,,,,
어썸바디PT,부산광역시 금정구 장전동 312-34,2,9:00,22:00,,,,,
어썸바디PT,부산광역시 금정구 장전동 312-34,3,9:00,22:00,,,,,
어썸바디PT,부산광역시 금정구 장전동 312-34,4,9:00,22:00,,,,,
어썸바디PT,부산광역시 금정구 장전동 312-34,5,9:00,22:00,,,,,
어썸바디PT,부산광역시 금정구 장전동 312-34,6,9:00,13:00,,,,,
어썸피씨,부산광역시 금정구 장전동 222-2,0,0:00,,,,,,
어썸피씨,부산광역시 금정구 장전동 222-2,1,0:00,,,,,,
어썸피씨,부산광역시 금정구 장전동 222-2,2,0:00,,,,,,
어썸피씨,부산광역시 금정구 장전동 222-2,3,0:00,,,,,,
어썸피씨,부산광역시 금정구 장전동 222-2,4,0:00,,,,,,
어썸피씨,부산광역시 금정구 장전동 222-2,5,0:00,,,,,,
어썸피씨,부산광역시 금정구 장전동 222-2,6,0:00,,,,,,
어울림탁구장,부산광역시 동래구 온천동 1465-7,0,,,,,,,
어울림탁구장,부산광역시 동래구 온천동 1465-7,1,,,,,,,
어울림탁구장,부산광역시 동래구 온천동 1465-7,2,,,,,,,
어울림탁구장,부산광역시 동래구 온천동 1465-7,3,,,,,,,
어울림탁구장,부산광역시 동래구 온천동 1465-7,4,,,,,,,
어울림탁구장,부산광역시 동래구 온천동 1465-7,5,,,,,,,
어울림탁구장,부산광역시 동래구 온천동 1465-7,6,,,,,,,
에메랄드,부산광역시 동래구 온천동 1276-1,0,,,,,,,
에메랄드,부산광역시 동래구 온천동 1276-1,1,,,,,,,
에메랄드,부산광역시 동래구 온천동 1276-1,2,,,,,,,
에메랄드,부산광역시 동래구 온천동 1276-1,3,,,,,,,
에메랄드,부산광역시 동래구 온천동 1276-1,4,,,,,,,
에메랄드,부산광역시 동래구 온천동 1276-1,5,,,,,,,
에메랄드,부산광역시 동래구 온천동 1276-1,6,,,,,,,
에스엔피이바른자세척추운동 부산대점,부산광역시 금정구 장전동 414-23,0,,,,,,,
에스엔피이바른자세척추운동 부산대점,부산광역시 금정구 장전동 414-23,1,,,,,,,
에스엔피이바른자세척추운동 부산대점,부산광역시 금정구 장전동 414-23,2,,,,,,,
에스엔피이바른자세척추운동 부산대점,부산광역시 금정구 장전동 414-23,3,,,,,,,
에스엔피이바른자세척추운동 부산대점,부산광역시 금정구 장전동 414-23,4,,,,,,,
에스엔피이바른자세척추운동 부산대점,부산광역시 금정구 장전동 414-23,5,,,,,,,
에스엔피이바른자세척추운동 부산대점,부산광역시 금정구 장전동 414-23,6,,,,,,,
에스짐SGYM,부산광역시 금정구 부곡동 397-15,0,,,,,,TRUE,
에스짐SGYM,부산광역시 금정구 부곡동 397-15,1,8:00,0:00,,,,,
에스짐SGYM,부산광역시 금정구 부곡동 397-15,2,8:00,0:00,,,,,
에스짐SGYM,부산광역시 금정구 부곡동 397-15,3,8:00,0:00,,,,,
에스짐SGYM,부산광역시 금정구 부곡동 397-15,4,8:00,0:00,,,,,
에스짐SGYM,부산광역시 금정구 부곡동 397-15,5,8:00,0:00,,,,,
에스짐SGYM,부산광역시 금정구 부곡동 397-15,6,9:00,20:00,,,,,
에이스노래연습장,부산광역시 금정구 부곡동 224-9,0,,,,,,,
에이스노래연습장,부산광역시 금정구 부곡동 224-9,1,,,,,,,
에이스노래연습장,부산광역시 금정구 부곡동 224-9,2,,,,,,,
에이스노래연습장,부산광역시 금정구 부곡동 224-9,3,,,,,,,
에이스노래연습장,부산광역시 금정구 부곡동 224-9,4,,,,,,,
에이스노래연습장,부산광역시 금정구 부곡동 224-9,5,,,,,,,
에이스노래연습장,부산광역시 금정구 부곡동 224-9,6,,,,,,,
에이치24점핑다이어트 부산대점,부산광역시 금정구 장전동 419-28,0,9:00,22:00,,,,,
에이치24점핑다이어트 부산대점,부산광역시 금정구 장전동 419-28,1,9:00,22:00,,,,,
에이치24점핑다이어트 부산대점,부산광역시 금정구 장전동 419-28,2,9:00,22:00,,,,,
에이치24점핑다이어트 부산대점,부산광역시 금정구 장전동 419-28,3,9:00,22:00,,,,,
에이치24점핑다이어트 부산대점,부산광역시 금정구 장전동 419-28,4,9:00,22:00,,,,,
에이치24점핑다이어트 부산대점,부산광역시 금정구 장전동 419-28,5,9:00,22:00,,,,,
에이치24점핑다이어트 부산대점,부산광역시 금정구 장전동 419-28,6,9:00,22:00,,,,,
에이치코어운동센터,부산광역시 금정구 구서동 203-18,0,10:00,22:00,,,,,
에이치코어운동센터,부산광역시 금정구 구서동 203-18,1,10:00,22:00,,,,,
에이치코어운동센터,부산광역시 금정구 구서동 203-18,2,10:00,22:00,,,,,
에이치코어운동센터,부산광역시 금정구 구서동 203-18,3,10:00,22:00,,,,,
에이치코어운동센터,부산광역시 금정구 구서동 203-18,4,10:00,22:00,,,,,
에이치코어운동센터,부산광역시 금정구 구서동 203-18,5,10:00,22:00,,,,,
에이치코어운동센터,부산광역시 금정구 구서동 203-18,6,10:00,22:00,,,,,
에임핏,부산광역시 동래구 온천동 750-78,0,,,,,,,
에임핏,부산광역시 동래구 온천동 750-78,1,,,,,,,
에임핏,부산광역시 동래구 온천동 750-78,2,,,,,,,
에임핏,부산광역시 동래구 온천동 750-78,3,,,,,,,
에임핏,부산광역시 동래구 온천동 750-78,4,,,,,,,
에임핏,부산광역시 동래구 온천동 750-78,5,,,,,,,
에임핏,부산광역시 동래구 온천동 750-78,6,,,,,,,
에코동전노래연습장,부산광역시 금정구 장전동 155-2,0,,,,,,,
에코동전노래연습장,부산광역시 금정구 장전동 155-2,1,,,,,,,
에코동전노래연습장,부산광역시 금정구 장전동 155-2,2,,,,,,,
에코동전노래연습장,부산광역시 금정구 장전동 155-2,3,,,,,,,
에코동전노래연습장,부산광역시 금정구 장전동 155-2,4,,,,,,,
에코동전노래연습장,부산광역시 금정구 장전동 155-2,5,,,,,,,
에코동전노래연습장,부산광역시 금정구 장전동 155-2,6,,,,,,,
엔젤노래연습장,부산광역시 동래구 명륜동 559-30,0,,,,,,,
엔젤노래연습장,부산광역시 동래구 명륜동 559-30,1,,,,,,,
엔젤노래연습장,부산광역시 동래구 명륜동 559-30,2,,,,,,,
엔젤노래연습장,부산광역시 동래구 명륜동 559-30,3,,,,,,,
엔젤노래연습장,부산광역시 동래구 명륜동 559-30,4,,,,,,,
엔젤노래연습장,부산광역시 동래구 명륜동 559-30,5,,,,,,,
엔젤노래연습장,부산광역시 동래구 명륜동 559-30,6,,,,,,,
엔젤스노래연습장,부산광역시 금정구 장전동 293-6,0,10:50,0:30,,,,,
엔젤스노래연습장,부산광역시 금정구 장전동 293-6,1,10:50,0:30,,,,,
엔젤스노래연습장,부산광역시 금정구 장전동 293-6,2,10:50,0:30,,,,,
엔젤스노래연습장,부산광역시 금정구 장전동 293-6,3,10:50,0:30,,,,,
엔젤스노래연습장,부산광역시 금정구 장전동 293-6,4,10:50,0:30,,,,,
엔젤스노래연습장,부산광역시 금정구 장전동 293-6,5,10:50,1:00,,,,,
엔젤스노래연습장,부산광역시 금정구 장전동 293-6,6,10:50,1:00,,,,,
엔터존PC방,부산광역시 금정구 장전동 54-2,0,,,,,,,
엔터존PC방,부산광역시 금정구 장전동 54-2,1,,,,,,,
엔터존PC방,부산광역시 금정구 장전동 54-2,2,,,,,,,
엔터존PC방,부산광역시 금정구 장전동 54-2,3,,,,,,,
엔터존PC방,부산광역시 금정구 장전동 54-2,4,,,,,,,
엔터존PC방,부산광역시 금정구 장전동 54-2,5,,,,,,,
엔터존PC방,부산광역시 금정구 장전동 54-2,6,,,,,,,
엘리트스포츠스쿨,부산광역시 금정구 장전동 401-5,0,,,,,,,
엘리트스포츠스쿨,부산광역시 금정구 장전동 401-5,1,,,,,,,
엘리트스포츠스쿨,부산광역시 금정구 장전동 401-5,2,,,,,,,
엘리트스포츠스쿨,부산광역시 금정구 장전동 401-5,3,,,,,,,
엘리트스포츠스쿨,부산광역시 금정구 장전동 401-5,4,,,,,,,
엘리트스포츠스쿨,부산광역시 금정구 장전동 401-5,5,,,,,,,
엘리트스포츠스쿨,부산광역시 금정구 장전동 401-5,6,,,,,,,
엘리트탁구장,부산광역시 금정구 장전동 401-5,0,10:00,23:00,,,,,
엘리트탁구장,부산광역시 금정구 장전동 401-5,1,10:00,23:00,,,,,
엘리트탁구장,부산광역시 금정구 장전동 401-5,2,10:00,23:00,,,,,
엘리트탁구장,부산광역시 금정구 장전동 401-5,3,10:00,23:00,,,,,
엘리트탁구장,부산광역시 금정구 장전동 401-5,4,10:00,23:00,,,,,
엘리트탁구장,부산광역시 금정구 장전동 401-5,5,10:00,23:00,,,,,
엘리트탁구장,부산광역시 금정구 장전동 401-5,6,10:00,23:00,,,,,
엠노래연습장,부산광역시 동래구 명륜동 532-4,0,,,,,,,
엠노래연습장,부산광역시 동래구 명륜동 532-4,1,,,,,,,
엠노래연습장,부산광역시 동래구 명륜동 532-4,2,,,,,,,
엠노래연습장,부산광역시 동래구 명륜동 532-4,3,,,,,,,
엠노래연습장,부산광역시 동래구 명륜동 532-4,4,,,,,,,
엠노래연습장,부산광역시 동래구 명륜동 532-4,5,,,,,,,
엠노래연습장,부산광역시 동래구 명륜동 532-4,6,,,,,,,
엠씨피트니스,부산광역시 동래구 명륜동 637-5,0,10:00,20:00,,,,,
엠씨피트니스,부산광역시 동래구 명륜동 637-5,1,0:00,,,,,,
엠씨피트니스,부산광역시 동래구 명륜동 637-5,2,0:00,,,,,,
엠씨피트니스,부산광역시 동래구 명륜동 637-5,3,0:00,,,,,,
엠씨피트니스,부산광역시 동래구 명륜동 637-5,4,0:00,,,,,,
엠씨피트니스,부산광역시 동래구 명륜동 637-5,5,0:00,,,,,,
엠씨피트니스,부산광역시 동래구 명륜동 637-5,6,10:00,20:00,,,,,
엠지스크린골프,부산광역시 금정구 장전동 390-7,0,,,,,,,
엠지스크린골프,부산광역시 금정구 장전동 390-7,1,,,,,,,
엠지스크린골프,부산광역시 금정구 장전동 390-7,2,,,,,,,
엠지스크린골프,부산광역시 금정구 장전동 390-7,3,,,,,,,
엠지스크린골프,부산광역시 금정구 장전동 390-7,4,,,,,,,
엠지스크린골프,부산광역시 금정구 장전동 390-7,5,,,,,,,
엠지스크린골프,부산광역시 금정구 장전동 390-7,6,,,,,,,
영,부산광역시 금정구 부곡동 59-2,0,,,,,,,
영,부산광역시 금정구 부곡동 59-2,1,,,,,,,
영,부산광역시 금정구 부곡동 59-2,2,,,,,,,
영,부산광역시 금정구 부곡동 59-2,3,,,,,,,
영,부산광역시 금정구 부곡동 59-2,4,,,,,,,
영,부산광역시 금정구 부곡동 59-2,5,,,,,,,
영,부산광역시 금정구 부곡동 59-2,6,,,,,,,
영선개발,부산광역시 동래구 온천동 871-95,0,,,,,,,
영선개발,부산광역시 동래구 온천동 871-95,1,,,,,,,
영선개발,부산광역시 동래구 온천동 871-95,2,,,,,,,
영선개발,부산광역시 동래구 온천동 871-95,3,,,,,,,
영선개발,부산광역시 동래구 온천동 871-95,4,,,,,,,
영선개발,부산광역시 동래구 온천동 871-95,5,,,,,,,
영선개발,부산광역시 동래구 온천동 871-95,6,,,,,,,
영선개발,부산광역시 동래구 온천동 871-95,0,,,,,,,
영선개발,부산광역시 동래구 온천동 871-95,1,,,,,,,
영선개발,부산광역시 동래구 온천동 871-95,2,,,,,,,
영선개발,부산광역시 동래구 온천동 871-95,3,,,,,,,
영선개발,부산광역시 동래구 온천동 871-95,4,,,,,,,
영선개발,부산광역시 동래구 온천동 871-95,5,,,,,,,
영선개발,부산광역시 동래구 온천동 871-95,6,,,,,,,
옐로우피티,부산광역시 금정구 장전동 423-17,0,,,,,,TRUE,
옐로우피티,부산광역시 금정구 장전동 423-17,1,9:00,22:00,,,,,
옐로우피티,부산광역시 금정구 장전동 423-17,2,9:00,22:00,,,,,
옐로우피티,부산광역시 금정구 장전동 423-17,3,9:00,22:00,,,,,
옐로우피티,부산광역시 금정구 장전동 423-17,4,9:00,22:00,,,,,
옐로우피티,부산광역시 금정구 장전동 423-17,5,9:00,22:00,,,,,
옐로우피티,부산광역시 금정구 장전동 423-17,6,9:00,22:00,,,,,
옐로우피티_문화비,부산광역시 금정구 장전동 423-17,0,,,,,,,
옐로우피티_문화비,부산광역시 금정구 장전동 423-17,1,,,,,,,
옐로우피티_문화비,부산광역시 금정구 장전동 423-17,2,,,,,,,
옐로우피티_문화비,부산광역시 금정구 장전동 423-17,3,,,,,,,
옐로우피티_문화비,부산광역시 금정구 장전동 423-17,4,,,,,,,
옐로우피티_문화비,부산광역시 금정구 장전동 423-17,5,,,,,,,
옐로우피티_문화비,부산광역시 금정구 장전동 423-17,6,,,,,,,
옐로우필드,부산광역시 동래구 온천동 1249-6,0,,,,,,,
옐로우필드,부산광역시 동래구 온천동 1249-6,1,,,,,,,
옐로우필드,부산광역시 동래구 온천동 1249-6,2,,,,,,,
옐로우필드,부산광역시 동래구 온천동 1249-6,3,,,,,,,
옐로우필드,부산광역시 동래구 온천동 1249-6,4,,,,,,,
옐로우필드,부산광역시 동래구 온천동 1249-6,5,,,,,,,
옐로우필드,부산광역시 동래구 온천동 1249-6,6,,,,,,,
오늘피트니스,부산광역시 동래구 명륜동 569-1,0,0:00,,,,,,
오늘피트니스,부산광역시 동래구 명륜동 569-1,1,0:00,,,,,,
오늘피트니스,부산광역시 동래구 명륜동 569-1,2,0:00,,,,,,
오늘피트니스,부산광역시 동래구 명륜동 569-1,3,0:00,,,,,,
오늘피트니스,부산광역시 동래구 명륜동 569-1,4,0:00,,,,,,
오늘피트니스,부산광역시 동래구 명륜동 569-1,5,0:00,,,,,,
오늘피트니스,부산광역시 동래구 명륜동 569-1,6,0:00,,,,,,
오렌지노래연습장,부산광역시 동래구 온천동 1425-16,0,,,,,,,
오렌지노래연습장,부산광역시 동래구 온천동 1425-16,1,,,,,,,
오렌지노래연습장,부산광역시 동래구 온천동 1425-16,2,,,,,,,
오렌지노래연습장,부산광역시 동래구 온천동 1425-16,3,,,,,,,
오렌지노래연습장,부산광역시 동래구 온천동 1425-16,4,,,,,,,
오렌지노래연습장,부산광역시 동래구 온천동 1425-16,5,,,,,,,
오렌지노래연습장,부산광역시 동래구 온천동 1425-16,6,,,,,,,
오로라노래연습장,부산광역시 동래구 명륜동 532-4,0,,,,,,,
오로라노래연습장,부산광역시 동래구 명륜동 532-4,1,,,,,,,
오로라노래연습장,부산광역시 동래구 명륜동 532-4,2,,,,,,,
오로라노래연습장,부산광역시 동래구 명륜동 532-4,3,,,,,,,
오로라노래연습장,부산광역시 동래구 명륜동 532-4,4,,,,,,,
오로라노래연습장,부산광역시 동래구 명륜동 532-4,5,,,,,,,
오로라노래연습장,부산광역시 동래구 명륜동 532-4,6,,,,,,,
오빠야노래연습장,부산광역시 동래구 명륜동 540-3,0,,,,,,,
오빠야노래연습장,부산광역시 동래구 명륜동 540-3,1,,,,,,,
오빠야노래연습장,부산광역시 동래구 명륜동 540-3,2,,,,,,,
오빠야노래연습장,부산광역시 동래구 명륜동 540-3,3,,,,,,,
오빠야노래연습장,부산광역시 동래구 명륜동 540-3,4,,,,,,,
오빠야노래연습장,부산광역시 동래구 명륜동 540-3,5,,,,,,,
오빠야노래연습장,부산광역시 동래구 명륜동 540-3,6,,,,,,,
오성피트니스,부산광역시 금정구 구서동 192-1,0,0:00,,,,,,
오성피트니스,부산광역시 금정구 구서동 192-1,1,0:00,,,,,,
오성피트니스,부산광역시 금정구 구서동 192-1,2,0:00,,,,,,
오성피트니스,부산광역시 금정구 구서동 192-1,3,0:00,,,,,,
오성피트니스,부산광역시 금정구 구서동 192-1,4,0:00,,,,,,
오성피트니스,부산광역시 금정구 구서동 192-1,5,0:00,,,,,,
오성피트니스,부산광역시 금정구 구서동 192-1,6,0:00,,,,,,
오성피트니스,부산광역시 금정구 장전동 420-1,0,0:00,,,,,,
오성피트니스,부산광역시 금정구 장전동 420-1,1,0:00,,,,,,
오성피트니스,부산광역시 금정구 장전동 420-1,2,0:00,,,,,,
오성피트니스,부산광역시 금정구 장전동 420-1,3,0:00,,,,,,
오성피트니스,부산광역시 금정구 장전동 420-1,4,0:00,,,,,,
오성피트니스,부산광역시 금정구 장전동 420-1,5,0:00,,,,,,
오성피트니스,부산광역시 금정구 장전동 420-1,6,0:00,,,,,,
오션당구장,부산광역시 금정구 장전동 420-1,0,11:00,3:00,,,,,
오션당구장,부산광역시 금정구 장전동 420-1,1,11:00,3:00,,,,,
오션당구장,부산광역시 금정구 장전동 420-1,2,11:00,3:00,,,,,
오션당구장,부산광역시 금정구 장전동 420-1,3,11:00,3:00,,,,,
오션당구장,부산광역시 금정구 장전동 420-1,4,11:00,3:00,,,,,
오션당구장,부산광역시 금정구 장전동 420-1,5,11:00,3:00,,,,,
오션당구장,부산광역시 금정구 장전동 420-1,6,11:00,3:00,,,,,
오션플라자볼링센터,부산광역시 금정구 장전동 420-1,0,11:00,4:00,,,,,
오션플라자볼링센터,부산광역시 금정구 장전동 420-1,1,11:00,4:00,,,,,
오션플라자볼링센터,부산광역시 금정구 장전동 420-1,2,11:00,4:00,,,,,
오션플라자볼링센터,부산광역시 금정구 장전동 420-1,3,11:00,4:00,,,,,
오션플라자볼링센터,부산광역시 금정구 장전동 420-1,4,11:00,4:00,,,,,
오션플라자볼링센터,부산광역시 금정구 장전동 420-1,5,11:00,4:00,,,,,
오션플라자볼링센터,부산광역시 금정구 장전동 420-1,6,11:00,4:00,,,,,
오엑스PC 온천장역점,부산광역시 금정구 장전동 607-37,0,,,,,,,
오엑스PC 온천장역점,부산광역시 금정구 장전동 607-37,1,,,,,,,
오엑스PC 온천장역점,부산광역시 금정구 장전동 607-37,2,,,,,,,
오엑스PC 온천장역점,부산광역시 금정구 장전동 607-37,3,,,,,,,
오엑스PC 온천장역점,부산광역시 금정구 장전동 607-37,4,,,,,,,
오엑스PC 온천장역점,부산광역시 금정구 장전동 607-37,5,,,,,,,
오엑스PC 온천장역점,부산광역시 금정구 장전동 607-37,6,,,,,,,
오엑스PC방 부산대 2호점,부산광역시 금정구 장전동 308-4,0,,,,,,,
오엑스PC방 부산대 2호점,부산광역시 금정구 장전동 308-4,1,,,,,,,
오엑스PC방 부산대 2호점,부산광역시 금정구 장전동 308-4,2,,,,,,,
오엑스PC방 부산대 2호점,부산광역시 금정구 장전동 308-4,3,,,,,,,
오엑스PC방 부산대 2호점,부산광역시 금정구 장전동 308-4,4,,,,,,,
오엑스PC방 부산대 2호점,부산광역시 금정구 장전동 308-4,5,,,,,,,
오엑스PC방 부산대 2호점,부산광역시 금정구 장전동 308-4,6,,,,,,,
오엑스피시명륜역점,부산광역시 동래구 온천동 473-7,0,,,,,,,
오엑스피시명륜역점,부산광역시 동래구 온천동 473-7,1,,,,,,,
오엑스피시명륜역점,부산광역시 동래구 온천동 473-7,2,,,,,,,
오엑스피시명륜역점,부산광역시 동래구 온천동 473-7,3,,,,,,,
오엑스피시명륜역점,부산광역시 동래구 온천동 473-7,4,,,,,,,
오엑스피시명륜역점,부산광역시 동래구 온천동 473-7,5,,,,,,,
오엑스피시명륜역점,부산광역시 동래구 온천동 473-7,6,,,,,,,
오엑스피시미남역점,부산광역시 동래구 온천동 1412-5,0,,,,,,,
오엑스피시미남역점,부산광역시 동래구 온천동 1412-5,1,,,,,,,
오엑스피시미남역점,부산광역시 동래구 온천동 1412-5,2,,,,,,,
오엑스피시미남역점,부산광역시 동래구 온천동 1412-5,3,,,,,,,
오엑스피시미남역점,부산광역시 동래구 온천동 1412-5,4,,,,,,,
오엑스피시미남역점,부산광역시 동래구 온천동 1412-5,5,,,,,,,
오엑스피시미남역점,부산광역시 동래구 온천동 1412-5,6,,,,,,,
오엑스피시방 동래역점,부산광역시 동래구 명륜동 553-5,0,8:00,21:00,,,,,
오엑스피시방 동래역점,부산광역시 동래구 명륜동 553-5,1,8:00,21:00,,,,,
오엑스피시방 동래역점,부산광역시 동래구 명륜동 553-5,2,8:00,21:00,,,,,
오엑스피시방 동래역점,부산광역시 동래구 명륜동 553-5,3,8:00,21:00,,,,,
오엑스피시방 동래역점,부산광역시 동래구 명륜동 553-5,4,8:00,21:00,,,,,
오엑스피시방 동래역점,부산광역시 동래구 명륜동 553-5,5,8:00,21:00,,,,,
오엑스피시방 동래역점,부산광역시 동래구 명륜동 553-5,6,8:00,21:00,,,,,
오엑스피시방허심청점,부산광역시 동래구 온천동 94-19,0,,,,,,,
오엑스피시방허심청점,부산광역시 동래구 온천동 94-19,1,,,,,,,
오엑스피시방허심청점,부산광역시 동래구 온천동 94-19,2,,,,,,,
오엑스피시방허심청점,부산광역시 동래구 온천동 94-19,3,,,,,,,
오엑스피시방허심청점,부산광역시 동래구 온천동 94-19,4,,,,,,,
오엑스피시방허심청점,부산광역시 동래구 온천동 94-19,5,,,,,,,
오엑스피시방허심청점,부산광역시 동래구 온천동 94-19,6,,,,,,,
오엑스피씨,부산광역시 금정구 구서동 184-1,0,0:00,,,,,,
오엑스피씨,부산광역시 금정구 구서동 184-1,1,0:00,,,,,,
오엑스피씨,부산광역시 금정구 구서동 184-1,2,0:00,,,,,,
오엑스피씨,부산광역시 금정구 구서동 184-1,3,0:00,,,,,,
오엑스피씨,부산광역시 금정구 구서동 184-1,4,0:00,,,,,,
오엑스피씨,부산광역시 금정구 구서동 184-1,5,0:00,,,,,,
오엑스피씨,부산광역시 금정구 구서동 184-1,6,0:00,,,,,,
오엑스피씨방 부곡점,부산광역시 금정구 부곡동 295-16,0,,,,,,,
오엑스피씨방 부곡점,부산광역시 금정구 부곡동 295-16,1,,,,,,,
오엑스피씨방 부곡점,부산광역시 금정구 부곡동 295-16,2,,,,,,,
오엑스피씨방 부곡점,부산광역시 금정구 부곡동 295-16,3,,,,,,,
오엑스피씨방 부곡점,부산광역시 금정구 부곡동 295-16,4,,,,,,,
오엑스피씨방 부곡점,부산광역시 금정구 부곡동 295-16,5,,,,,,,
오엑스피씨방 부곡점,부산광역시 금정구 부곡동 295-16,6,,,,,,,
오엑스피씨방 장전동점,부산광역시 금정구 장전동 95,0,,,,,,,
오엑스피씨방 장전동점,부산광역시 금정구 장전동 95,1,,,,,,,
오엑스피씨방 장전동점,부산광역시 금정구 장전동 95,2,,,,,,,
오엑스피씨방 장전동점,부산광역시 금정구 장전동 95,3,,,,,,,
오엑스피씨방 장전동점,부산광역시 금정구 장전동 95,4,,,,,,,
오엑스피씨방 장전동점,부산광역시 금정구 장전동 95,5,,,,,,,
오엑스피씨방 장전동점,부산광역시 금정구 장전동 95,6,,,,,,,
오엑스피씨온 천동점,부산광역시 동래구 온천동 183-8,0,,,,,,,
오엑스피씨온 천동점,부산광역시 동래구 온천동 183-8,1,,,,,,,
오엑스피씨온 천동점,부산광역시 동래구 온천동 183-8,2,,,,,,,
오엑스피씨온 천동점,부산광역시 동래구 온천동 183-8,3,,,,,,,
오엑스피씨온 천동점,부산광역시 동래구 온천동 183-8,4,,,,,,,
오엑스피씨온 천동점,부산광역시 동래구 온천동 183-8,5,,,,,,,
오엑스피씨온 천동점,부산광역시 동래구 온천동 183-8,6,,,,,,,
오케이당구클럽,부산광역시 금정구 구서동 414-15,0,,,,,,,
오케이당구클럽,부산광역시 금정구 구서동 414-15,1,,,,,,,
오케이당구클럽,부산광역시 금정구 구서동 414-15,2,,,,,,,
오케이당구클럽,부산광역시 금정구 구서동 414-15,3,,,,,,,
오케이당구클럽,부산광역시 금정구 구서동 414-15,4,,,,,,,
오케이당구클럽,부산광역시 금정구 구서동 414-15,5,,,,,,,
오케이당구클럽,부산광역시 금정구 구서동 414-15,6,,,,,,,
오페라노래연습장,부산광역시 금정구 구서동 159-3,0,,,,,,,
오페라노래연습장,부산광역시 금정구 구서동 159-3,1,,,,,,,
오페라노래연습장,부산광역시 금정구 구서동 159-3,2,,,,,,,
오페라노래연습장,부산광역시 금정구 구서동 159-3,3,,,,,,,
오페라노래연습장,부산광역시 금정구 구서동 159-3,4,,,,,,,
오페라노래연습장,부산광역시 금정구 구서동 159-3,5,,,,,,,
오페라노래연습장,부산광역시 금정구 구서동 159-3,6,,,,,,,
옥소리노래방,부산광역시 금정구 부곡동 295-30,0,,,,,,,
옥소리노래방,부산광역시 금정구 부곡동 295-30,1,,,,,,,
옥소리노래방,부산광역시 금정구 부곡동 295-30,2,,,,,,,
옥소리노래방,부산광역시 금정구 부곡동 295-30,3,,,,,,,
옥소리노래방,부산광역시 금정구 부곡동 295-30,4,,,,,,,
옥소리노래방,부산광역시 금정구 부곡동 295-30,5,,,,,,,
옥소리노래방,부산광역시 금정구 부곡동 295-30,6,,,,,,,
옥스PC방,부산광역시 금정구 장전동 401-5,0,,,,,,,
옥스PC방,부산광역시 금정구 장전동 401-5,1,,,,,,,
옥스PC방,부산광역시 금정구 장전동 401-5,2,,,,,,,
옥스PC방,부산광역시 금정구 장전동 401-5,3,,,,,,,
옥스PC방,부산광역시 금정구 장전동 401-5,4,,,,,,,
옥스PC방,부산광역시 금정구 장전동 401-5,5,,,,,,,
옥스PC방,부산광역시 금정구 장전동 401-5,6,,,,,,,
올빼미노래연습장,부산광역시 동래구 명륜동 533-26,0,,,,,,,
올빼미노래연습장,부산광역시 동래구 명륜동 533-26,1,,,,,,,
올빼미노래연습장,부산광역시 동래구 명륜동 533-26,2,,,,,,,
올빼미노래연습장,부산광역시 동래구 명륜동 533-26,3,,,,,,,
올빼미노래연습장,부산광역시 동래구 명륜동 533-26,4,,,,,,,
올빼미노래연습장,부산광역시 동래구 명륜동 533-26,5,,,,,,,
올빼미노래연습장,부산광역시 동래구 명륜동 533-26,6,,,,,,,
와이트레이닝센터 동래점,부산광역시 동래구 명륜동 753,0,,,,,,TRUE,
와이트레이닝센터 동래점,부산광역시 동래구 명륜동 753,1,6:00,23:00,,,,,
와이트레이닝센터 동래점,부산광역시 동래구 명륜동 753,2,6:00,23:00,,,,,
와이트레이닝센터 동래점,부산광역시 동래구 명륜동 753,3,6:00,23:00,,,,,
와이트레이닝센터 동래점,부산광역시 동래구 명륜동 753,4,6:00,23:00,,,,,
와이트레이닝센터 동래점,부산광역시 동래구 명륜동 753,5,6:00,23:00,,,,,
와이트레이닝센터 동래점,부산광역시 동래구 명륜동 753,6,9:00,18:00,,,,,
욜로PC방부산동래 본점,부산광역시 동래구 명륜동 569-10,0,0:00,,,,,,
욜로PC방부산동래 본점,부산광역시 동래구 명륜동 569-10,1,0:00,,,,,,
욜로PC방부산동래 본점,부산광역시 동래구 명륜동 569-10,2,0:00,,,,,,
욜로PC방부산동래 본점,부산광역시 동래구 명륜동 569-10,3,0:00,,,,,,
욜로PC방부산동래 본점,부산광역시 동래구 명륜동 569-10,4,0:00,,,,,,
욜로PC방부산동래 본점,부산광역시 동래구 명륜동 569-10,5,0:00,,,,,,
욜로PC방부산동래 본점,부산광역시 동래구 명륜동 569-10,6,0:00,,,,,,
욜로PC방부산미남역점,부산광역시 동래구 온천동 1413-7,0,,,,,,,
욜로PC방부산미남역점,부산광역시 동래구 온천동 1413-7,1,,,,,,,
욜로PC방부산미남역점,부산광역시 동래구 온천동 1413-7,2,,,,,,,
욜로PC방부산미남역점,부산광역시 동래구 온천동 1413-7,3,,,,,,,
욜로PC방부산미남역점,부산광역시 동래구 온천동 1413-7,4,,,,,,,
욜로PC방부산미남역점,부산광역시 동래구 온천동 1413-7,5,,,,,,,
욜로PC방부산미남역점,부산광역시 동래구 온천동 1413-7,6,,,,,,,
용꿈로또,부산광역시 금정구 부곡동 218-4,0,,,,,,,
용꿈로또,부산광역시 금정구 부곡동 218-4,1,,,,,,,
용꿈로또,부산광역시 금정구 부곡동 218-4,2,,,,,,,
용꿈로또,부산광역시 금정구 부곡동 218-4,3,,,,,,,
용꿈로또,부산광역시 금정구 부곡동 218-4,4,,,,,,,
용꿈로또,부산광역시 금정구 부곡동 218-4,5,,,,,,,
용꿈로또,부산광역시 금정구 부곡동 218-4,6,,,,,,,
용당구클럽,부산광역시 동래구 온천동 191-16,0,,,,,,,
용당구클럽,부산광역시 동래구 온천동 191-16,1,,,,,,,
용당구클럽,부산광역시 동래구 온천동 191-16,2,,,,,,,
용당구클럽,부산광역시 동래구 온천동 191-16,3,,,,,,,
용당구클럽,부산광역시 동래구 온천동 191-16,4,,,,,,,
용당구클럽,부산광역시 동래구 온천동 191-16,5,,,,,,,
용당구클럽,부산광역시 동래구 온천동 191-16,6,,,,,,,
우리당구장,부산광역시 금정구 장전동 204-1,0,,,,,,,
우리당구장,부산광역시 금정구 장전동 204-1,1,,,,,,,
우리당구장,부산광역시 금정구 장전동 204-1,2,,,,,,,
우리당구장,부산광역시 금정구 장전동 204-1,3,,,,,,,
우리당구장,부산광역시 금정구 장전동 204-1,4,,,,,,,
우리당구장,부산광역시 금정구 장전동 204-1,5,,,,,,,
우리당구장,부산광역시 금정구 장전동 204-1,6,,,,,,,
우리당구장,부산광역시 동래구 온천동 1248-3,0,,,,,,,
우리당구장,부산광역시 동래구 온천동 1248-3,1,,,,,,,
우리당구장,부산광역시 동래구 온천동 1248-3,2,,,,,,,
우리당구장,부산광역시 동래구 온천동 1248-3,3,,,,,,,
우리당구장,부산광역시 동래구 온천동 1248-3,4,,,,,,,
우리당구장,부산광역시 동래구 온천동 1248-3,5,,,,,,,
우리당구장,부산광역시 동래구 온천동 1248-3,6,,,,,,,
우성스포츠센터,부산광역시 금정구 구서동 1027-1,0,,,,,,TRUE,
우성스포츠센터,부산광역시 금정구 구서동 1027-1,1,6:00,22:00,,,,,
우성스포츠센터,부산광역시 금정구 구서동 1027-1,2,6:00,22:00,,,,,
우성스포츠센터,부산광역시 금정구 구서동 1027-1,3,6:00,22:00,,,,,
우성스포츠센터,부산광역시 금정구 구서동 1027-1,4,6:00,22:00,,,,,
우성스포츠센터,부산광역시 금정구 구서동 1027-1,5,6:00,22:00,,,,,
우성스포츠센터,부산광역시 금정구 구서동 1027-1,6,6:00,18:00,,,,,
우쥬골프레슨샵,부산광역시 금정구 장전동 414-23,0,9:00,19:00,,,,,
우쥬골프레슨샵,부산광역시 금정구 장전동 414-23,1,7:00,11:00,,,,,
우쥬골프레슨샵,부산광역시 금정구 장전동 414-23,2,7:00,11:00,,,,,
우쥬골프레슨샵,부산광역시 금정구 장전동 414-23,3,7:00,11:00,,,,,
우쥬골프레슨샵,부산광역시 금정구 장전동 414-23,4,7:00,11:00,,,,,
우쥬골프레슨샵,부산광역시 금정구 장전동 414-23,5,7:00,11:00,,,,,
우쥬골프레슨샵,부산광역시 금정구 장전동 414-23,6,9:00,19:00,,,,,
워너짐부산대,부산광역시 금정구 장전동 420-47,0,10:00,18:00,,,,,
워너짐부산대,부산광역시 금정구 장전동 420-47,1,0:00,,,,,,
워너짐부산대,부산광역시 금정구 장전동 420-47,2,0:00,,,,,,
워너짐부산대,부산광역시 금정구 장전동 420-47,3,0:00,,,,,,
워너짐부산대,부산광역시 금정구 장전동 420-47,4,0:00,,,,,,
워너짐부산대,부산광역시 금정구 장전동 420-47,5,0:00,,,,,,
워너짐부산대,부산광역시 금정구 장전동 420-47,6,8:00,20:00,,,,,
워너짐온천장점,부산광역시 동래구 온천동 198-11,0,,,,,,,
워너짐온천장점,부산광역시 동래구 온천동 198-11,1,,,,,,,
워너짐온천장점,부산광역시 동래구 온천동 198-11,2,,,,,,,
워너짐온천장점,부산광역시 동래구 온천동 198-11,3,,,,,,,
워너짐온천장점,부산광역시 동래구 온천동 198-11,4,,,,,,,
워너짐온천장점,부산광역시 동래구 온천동 198-11,5,,,,,,,
워너짐온천장점,부산광역시 동래구 온천동 198-11,6,,,,,,,
원당구클럽,부산광역시 금정구 구서동 203-19,0,12:00,,,,,,
원당구클럽,부산광역시 금정구 구서동 203-19,1,12:00,,,,,,
원당구클럽,부산광역시 금정구 구서동 203-19,2,12:00,,,,,,
원당구클럽,부산광역시 금정구 구서동 203-19,3,12:00,,,,,,
원당구클럽,부산광역시 금정구 구서동 203-19,4,12:00,,,,,,
원당구클럽,부산광역시 금정구 구서동 203-19,5,12:00,,,,,,
원당구클럽,부산광역시 금정구 구서동 203-19,6,12:00,,,,,,
원당구클럽,부산광역시 금정구 부곡동 295-10,0,0:00,0:00,,,,,
원당구클럽,부산광역시 금정구 부곡동 295-10,1,0:00,0:00,,,,,
원당구클럽,부산광역시 금정구 부곡동 295-10,2,0:00,0:00,,,,,
원당구클럽,부산광역시 금정구 부곡동 295-10,3,0:00,0:00,,,,,
원당구클럽,부산광역시 금정구 부곡동 295-10,4,0:00,0:00,,,,,
원당구클럽,부산광역시 금정구 부곡동 295-10,5,0:00,0:00,,,,,
원당구클럽,부산광역시 금정구 부곡동 295-10,6,0:00,0:00,,,,,
원일핏,부산광역시 동래구 명륜동 15-9,0,,,,,,TRUE,
원일핏,부산광역시 동래구 명륜동 15-9,1,6:00,23:00,,,,,
원일핏,부산광역시 동래구 명륜동 15-9,2,6:00,23:00,,,,,
원일핏,부산광역시 동래구 명륜동 15-9,3,6:00,23:00,,,,,
원일핏,부산광역시 동래구 명륜동 15-9,4,6:00,23:00,,,,,
원일핏,부산광역시 동래구 명륜동 15-9,5,6:00,23:00,,,,,
원일핏,부산광역시 동래구 명륜동 15-9,6,8:00,18:00,,,,,
월드칼라현상소,부산광역시 금정구 부곡동 391-14,0,,,,,,,
월드칼라현상소,부산광역시 금정구 부곡동 391-14,1,,,,,,,
월드칼라현상소,부산광역시 금정구 부곡동 391-14,2,,,,,,,
월드칼라현상소,부산광역시 금정구 부곡동 391-14,3,,,,,,,
월드칼라현상소,부산광역시 금정구 부곡동 391-14,4,,,,,,,
월드칼라현상소,부산광역시 금정구 부곡동 391-14,5,,,,,,,
월드칼라현상소,부산광역시 금정구 부곡동 391-14,6,,,,,,,
웨이브락짐,부산광역시 금정구 장전동 643-117,0,10:00,21:00,,,,,
웨이브락짐,부산광역시 금정구 장전동 643-117,1,10:00,22:30,,,,,
웨이브락짐,부산광역시 금정구 장전동 643-117,2,10:00,22:30,,,,,
웨이브락짐,부산광역시 금정구 장전동 643-117,3,10:00,22:30,,,,,
웨이브락짐,부산광역시 금정구 장전동 643-117,4,10:00,22:30,,,,,
웨이브락짐,부산광역시 금정구 장전동 643-117,5,10:00,22:30,,,,,
웨이브락짐,부산광역시 금정구 장전동 643-117,6,10:00,21:00,,,,,
웨일짐,부산광역시 동래구 온천동 1421-8,0,,,,,,,
웨일짐,부산광역시 동래구 온천동 1421-8,1,,,,,,,
웨일짐,부산광역시 동래구 온천동 1421-8,2,,,,,,,
웨일짐,부산광역시 동래구 온천동 1421-8,3,,,,,,,
웨일짐,부산광역시 동래구 온천동 1421-8,4,,,,,,,
웨일짐,부산광역시 동래구 온천동 1421-8,5,,,,,,,
웨일짐,부산광역시 동래구 온천동 1421-8,6,,,,,,,
위너노래연습장,부산광역시 금정구 구서동 654-45,0,,,,,,,
위너노래연습장,부산광역시 금정구 구서동 654-45,1,,,,,,,
위너노래연습장,부산광역시 금정구 구서동 654-45,2,,,,,,,
위너노래연습장,부산광역시 금정구 구서동 654-45,3,,,,,,,
위너노래연습장,부산광역시 금정구 구서동 654-45,4,,,,,,,
위너노래연습장,부산광역시 금정구 구서동 654-45,5,,,,,,,
위너노래연습장,부산광역시 금정구 구서동 654-45,6,,,,,,,
위드골프존,부산광역시 금정구 구서동 83-8,0,9:00,,,,,,
위드골프존,부산광역시 금정구 구서동 83-8,1,9:00,,,,,,
위드골프존,부산광역시 금정구 구서동 83-8,2,9:00,,,,,,
위드골프존,부산광역시 금정구 구서동 83-8,3,9:00,,,,,,
위드골프존,부산광역시 금정구 구서동 83-8,4,9:00,,,,,,
위드골프존,부산광역시 금정구 구서동 83-8,5,9:00,,,,,,
위드골프존,부산광역시 금정구 구서동 83-8,6,9:00,,,,,,
위드짐,부산광역시 동래구 명륜동 528-4,0,,,,,,TRUE,
위드짐,부산광역시 동래구 명륜동 528-4,1,9:00,23:00,,,,,
위드짐,부산광역시 동래구 명륜동 528-4,2,9:00,23:00,,,,,
위드짐,부산광역시 동래구 명륜동 528-4,3,9:00,23:00,,,,,
위드짐,부산광역시 동래구 명륜동 528-4,4,9:00,23:00,,,,,
위드짐,부산광역시 동래구 명륜동 528-4,5,9:00,23:00,,,,,
위드짐,부산광역시 동래구 명륜동 528-4,6,9:00,18:00,,,,,
위드휘트니스,부산광역시 금정구 부곡동 244-7,0,,,,,,TRUE,
위드휘트니스,부산광역시 금정구 부곡동 244-7,1,7:00,19:00,,,,,
위드휘트니스,부산광역시 금정구 부곡동 244-7,2,7:00,19:00,,,,,
위드휘트니스,부산광역시 금정구 부곡동 244-7,3,7:00,19:00,,,,,
위드휘트니스,부산광역시 금정구 부곡동 244-7,4,7:00,19:00,,,,,
위드휘트니스,부산광역시 금정구 부곡동 244-7,5,7:00,19:00,,,,,
위드휘트니스,부산광역시 금정구 부곡동 244-7,6,6:00,0:00,,,,,
위트레이닝PT스튜디오 온천점,부산광역시 동래구 온천동 1850,0,,,,,,,
위트레이닝PT스튜디오 온천점,부산광역시 동래구 온천동 1850,1,,,,,,,
위트레이닝PT스튜디오 온천점,부산광역시 동래구 온천동 1850,2,,,,,,,
위트레이닝PT스튜디오 온천점,부산광역시 동래구 온천동 1850,3,,,,,,,
위트레이닝PT스튜디오 온천점,부산광역시 동래구 온천동 1850,4,,,,,,,
위트레이닝PT스튜디오 온천점,부산광역시 동래구 온천동 1850,5,,,,,,,
위트레이닝PT스튜디오 온천점,부산광역시 동래구 온천동 1850,6,,,,,,,
위트레이닝스튜디오,부산광역시 금정구 장전동 643-117,0,,,,,,TRUE,
위트레이닝스튜디오,부산광역시 금정구 장전동 643-117,1,10:00,21:30,11:30,17:50,,,
위트레이닝스튜디오,부산광역시 금정구 장전동 643-117,2,10:00,21:30,11:30,17:50,,,
위트레이닝스튜디오,부산광역시 금정구 장전동 643-117,3,10:00,21:30,11:30,17:50,,,
위트레이닝스튜디오,부산광역시 금정구 장전동 643-117,4,10:00,21:30,11:30,17:50,,,
위트레이닝스튜디오,부산광역시 금정구 장전동 643-117,5,10:00,21:30,11:30,17:50,,,
위트레이닝스튜디오,부산광역시 금정구 장전동 643-117,6,10:00,21:30,11:30,17:50,,,
윤PT&GYM,부산광역시 금정구 장전동 422-38,0,0:00,,,,,,
윤PT&GYM,부산광역시 금정구 장전동 422-38,1,0:00,,,,,,
윤PT&GYM,부산광역시 금정구 장전동 422-38,2,0:00,,,,,,
윤PT&GYM,부산광역시 금정구 장전동 422-38,3,0:00,,,,,,
윤PT&GYM,부산광역시 금정구 장전동 422-38,4,0:00,,,,,,
윤PT&GYM,부산광역시 금정구 장전동 422-38,5,0:00,,,,,,
윤PT&GYM,부산광역시 금정구 장전동 422-38,6,0:00,,,,,,
윤희자탁구교실,부산광역시 금정구 구서동 414-3,0,9:00,22:00,,,,,
윤희자탁구교실,부산광역시 금정구 구서동 414-3,1,9:00,22:00,,,,,
윤희자탁구교실,부산광역시 금정구 구서동 414-3,2,9:00,22:00,,,,,
윤희자탁구교실,부산광역시 금정구 구서동 414-3,3,9:00,22:00,,,,,
윤희자탁구교실,부산광역시 금정구 구서동 414-3,4,9:00,22:00,,,,,
윤희자탁구교실,부산광역시 금정구 구서동 414-3,5,9:00,22:00,,,,,
윤희자탁구교실,부산광역시 금정구 구서동 414-3,6,9:00,22:00,,,,,
으뜸핏,부산광역시 동래구 온천동 1442-11,0,,,,,,,
으뜸핏,부산광역시 동래구 온천동 1442-11,1,,,,,,,
으뜸핏,부산광역시 동래구 온천동 1442-11,2,,,,,,,
으뜸핏,부산광역시 동래구 온천동 1442-11,3,,,,,,,
으뜸핏,부산광역시 동래구 온천동 1442-11,4,,,,,,,
으뜸핏,부산광역시 동래구 온천동 1442-11,5,,,,,,,
으뜸핏,부산광역시 동래구 온천동 1442-11,6,,,,,,,
이룸핏,부산광역시 금정구 장전동 605-1,0,0:00,,,,,,
이룸핏,부산광역시 금정구 장전동 605-1,1,0:00,,,,,,
이룸핏,부산광역시 금정구 장전동 605-1,2,0:00,,,,,,
이룸핏,부산광역시 금정구 장전동 605-1,3,0:00,,,,,,
이룸핏,부산광역시 금정구 장전동 605-1,4,0:00,,,,,,
이룸핏,부산광역시 금정구 장전동 605-1,5,0:00,,,,,,
이룸핏,부산광역시 금정구 장전동 605-1,6,0:00,,,,,,
이진호水휘트니스수,부산광역시 동래구 온천동 1443-1,0,,,,,,,
이진호水휘트니스수,부산광역시 동래구 온천동 1443-1,1,,,,,,,
이진호水휘트니스수,부산광역시 동래구 온천동 1443-1,2,,,,,,,
이진호水휘트니스수,부산광역시 동래구 온천동 1443-1,3,,,,,,,
이진호水휘트니스수,부산광역시 동래구 온천동 1443-1,4,,,,,,,
이진호水휘트니스수,부산광역시 동래구 온천동 1443-1,5,,,,,,,
이진호水휘트니스수,부산광역시 동래구 온천동 1443-1,6,,,,,,,
이한나탁구클럽,부산광역시 금정구 장전동 401-5,0,9:00,23:00,,,,,
이한나탁구클럽,부산광역시 금정구 장전동 401-5,1,9:00,23:00,,,,,
이한나탁구클럽,부산광역시 금정구 장전동 401-5,2,9:00,23:00,,,,,
이한나탁구클럽,부산광역시 금정구 장전동 401-5,3,9:00,23:00,,,,,
이한나탁구클럽,부산광역시 금정구 장전동 401-5,4,9:00,23:00,,,,,
이한나탁구클럽,부산광역시 금정구 장전동 401-5,5,9:00,23:00,,,,,
이한나탁구클럽,부산광역시 금정구 장전동 401-5,6,9:00,23:00,,,,,
인더짐,부산광역시 동래구 온천동 1248-4,0,,,,,,,
인더짐,부산광역시 동래구 온천동 1248-4,1,,,,,,,
인더짐,부산광역시 동래구 온천동 1248-4,2,,,,,,,
인더짐,부산광역시 동래구 온천동 1248-4,3,,,,,,,
인더짐,부산광역시 동래구 온천동 1248-4,4,,,,,,,
인더짐,부산광역시 동래구 온천동 1248-4,5,,,,,,,
인더짐,부산광역시 동래구 온천동 1248-4,6,,,,,,,
인리치짐,부산광역시 동래구 명륜동 418,0,,,,,,TRUE,
인리치짐,부산광역시 동래구 명륜동 418,1,6:00,22:00,,,,,
인리치짐,부산광역시 동래구 명륜동 418,2,6:00,22:00,,,,,
인리치짐,부산광역시 동래구 명륜동 418,3,6:00,22:00,,,,,
인리치짐,부산광역시 동래구 명륜동 418,4,6:00,22:00,,,,,
인리치짐,부산광역시 동래구 명륜동 418,5,6:00,22:00,,,,,
인리치짐,부산광역시 동래구 명륜동 418,6,6:00,12:00,,,,,
인앤스타,부산광역시 금정구 부곡동 235-1,0,,,,,,TRUE,
인앤스타,부산광역시 금정구 부곡동 235-1,1,0:00,0:00,,,,,
인앤스타,부산광역시 금정구 부곡동 235-1,2,0:00,0:00,,,,,
인앤스타,부산광역시 금정구 부곡동 235-1,3,0:00,0:00,,,,,
인앤스타,부산광역시 금정구 부곡동 235-1,4,0:00,0:00,,,,,
인앤스타,부산광역시 금정구 부곡동 235-1,5,0:00,0:00,,,,,
인앤스타,부산광역시 금정구 부곡동 235-1,6,0:00,20:00,,,,,
인코어,부산광역시 동래구 온천동 153-8,0,,,,,,,
인코어,부산광역시 동래구 온천동 153-8,1,,,,,,,
인코어,부산광역시 동래구 온천동 153-8,2,,,,,,,
인코어,부산광역시 동래구 온천동 153-8,3,,,,,,,
인코어,부산광역시 동래구 온천동 153-8,4,,,,,,,
인코어,부산광역시 동래구 온천동 153-8,5,,,,,,,
인코어,부산광역시 동래구 온천동 153-8,6,,,,,,,
일타뽑기방,부산광역시 금정구 장전동 415-3,0,,,,,,,
일타뽑기방,부산광역시 금정구 장전동 415-3,1,,,,,,,
일타뽑기방,부산광역시 금정구 장전동 415-3,2,,,,,,,
일타뽑기방,부산광역시 금정구 장전동 415-3,3,,,,,,,
일타뽑기방,부산광역시 금정구 장전동 415-3,4,,,,,,,
일타뽑기방,부산광역시 금정구 장전동 415-3,5,,,,,,,
일타뽑기방,부산광역시 금정구 장전동 415-3,6,,,,,,,
잇짐헬스&PT,부산광역시 동래구 온천동 1397-5,0,,,,,,,
잇짐헬스&PT,부산광역시 동래구 온천동 1397-5,1,,,,,,,
잇짐헬스&PT,부산광역시 동래구 온천동 1397-5,2,,,,,,,
잇짐헬스&PT,부산광역시 동래구 온천동 1397-5,3,,,,,,,
잇짐헬스&PT,부산광역시 동래구 온천동 1397-5,4,,,,,,,
잇짐헬스&PT,부산광역시 동래구 온천동 1397-5,5,,,,,,,
잇짐헬스&PT,부산광역시 동래구 온천동 1397-5,6,,,,,,,
자연 골프연습장,부산광역시 금정구 구서동 83-4,0,10:00,22:00,,,,,
자연 골프연습장,부산광역시 금정구 구서동 83-4,1,10:00,22:00,,,,,
자연 골프연습장,부산광역시 금정구 구서동 83-4,2,10:00,22:00,,,,,
자연 골프연습장,부산광역시 금정구 구서동 83-4,3,10:00,22:00,,,,,
자연 골프연습장,부산광역시 금정구 구서동 83-4,4,10:00,22:00,,,,,
자연 골프연습장,부산광역시 금정구 구서동 83-4,5,10:00,22:00,,,,,
자연 골프연습장,부산광역시 금정구 구서동 83-4,6,10:00,22:00,,,,,
자연 골프연습장,부산광역시 금정구 구서동 83-8,0,10:00,22:00,,,,,
자연 골프연습장,부산광역시 금정구 구서동 83-8,1,10:00,22:00,,,,,
자연 골프연습장,부산광역시 금정구 구서동 83-8,2,10:00,22:00,,,,,
자연 골프연습장,부산광역시 금정구 구서동 83-8,3,10:00,22:00,,,,,
자연 골프연습장,부산광역시 금정구 구서동 83-8,4,10:00,22:00,,,,,
자연 골프연습장,부산광역시 금정구 구서동 83-8,5,10:00,22:00,,,,,
자연 골프연습장,부산광역시 금정구 구서동 83-8,6,10:00,22:00,,,,,
자우디자인,부산광역시 동래구 온천동 1397-1,0,,,,,,,
자우디자인,부산광역시 동래구 온천동 1397-1,1,,,,,,,
자우디자인,부산광역시 동래구 온천동 1397-1,2,,,,,,,
자우디자인,부산광역시 동래구 온천동 1397-1,3,,,,,,,
자우디자인,부산광역시 동래구 온천동 1397-1,4,,,,,,,
자우디자인,부산광역시 동래구 온천동 1397-1,5,,,,,,,
자우디자인,부산광역시 동래구 온천동 1397-1,6,,,,,,,
자이언트당구장,부산광역시 금정구 부곡동 225-71,0,,,,,,,
자이언트당구장,부산광역시 금정구 부곡동 225-71,1,,,,,,,
자이언트당구장,부산광역시 금정구 부곡동 225-71,2,,,,,,,
자이언트당구장,부산광역시 금정구 부곡동 225-71,3,,,,,,,
자이언트당구장,부산광역시 금정구 부곡동 225-71,4,,,,,,,
자이언트당구장,부산광역시 금정구 부곡동 225-71,5,,,,,,,
자이언트당구장,부산광역시 금정구 부곡동 225-71,6,,,,,,,
작당당구장,부산광역시 금정구 부곡동 394-13,0,11:00,23:00,,,,,
작당당구장,부산광역시 금정구 부곡동 394-13,1,11:00,23:00,,,,,
작당당구장,부산광역시 금정구 부곡동 394-13,2,11:00,23:00,,,,,
작당당구장,부산광역시 금정구 부곡동 394-13,3,11:00,23:00,,,,,
작당당구장,부산광역시 금정구 부곡동 394-13,4,11:00,23:00,,,,,
작당당구장,부산광역시 금정구 부곡동 394-13,5,11:00,23:00,,,,,
작당당구장,부산광역시 금정구 부곡동 394-13,6,11:00,23:00,,,,,
장전스크린골프,부산광역시 금정구 장전동 713,0,10:00,0:00,,,,,
장전스크린골프,부산광역시 금정구 장전동 713,1,10:00,0:00,,,,,
장전스크린골프,부산광역시 금정구 장전동 713,2,10:00,0:00,,,,,
장전스크린골프,부산광역시 금정구 장전동 713,3,10:00,0:00,,,,,
장전스크린골프,부산광역시 금정구 장전동 713,4,10:00,0:00,,,,,
장전스크린골프,부산광역시 금정구 장전동 713,5,10:00,0:00,,,,,
장전스크린골프,부산광역시 금정구 장전동 713,6,10:00,0:00,,,,,
재미있는놀이 퐁퐁,부산광역시 금정구 부곡동 713-1,0,,,,,,,
재미있는놀이 퐁퐁,부산광역시 금정구 부곡동 713-1,1,,,,,,,
재미있는놀이 퐁퐁,부산광역시 금정구 부곡동 713-1,2,,,,,,,
재미있는놀이 퐁퐁,부산광역시 금정구 부곡동 713-1,3,,,,,,,
재미있는놀이 퐁퐁,부산광역시 금정구 부곡동 713-1,4,,,,,,,
재미있는놀이 퐁퐁,부산광역시 금정구 부곡동 713-1,5,,,,,,,
재미있는놀이 퐁퐁,부산광역시 금정구 부곡동 713-1,6,,,,,,,
잼노래연습장,부산광역시 금정구 장전동 415-5,0,,,,,,,
잼노래연습장,부산광역시 금정구 장전동 415-5,1,,,,,,,
잼노래연습장,부산광역시 금정구 장전동 415-5,2,,,,,,,
잼노래연습장,부산광역시 금정구 장전동 415-5,3,,,,,,,
잼노래연습장,부산광역시 금정구 장전동 415-5,4,,,,,,,
잼노래연습장,부산광역시 금정구 장전동 415-5,5,,,,,,,
잼노래연습장,부산광역시 금정구 장전동 415-5,6,,,,,,,
쟁반노래연습장,부산광역시 금정구 부곡동 224-70,0,,,,,,,
쟁반노래연습장,부산광역시 금정구 부곡동 224-70,1,,,,,,,
쟁반노래연습장,부산광역시 금정구 부곡동 224-70,2,,,,,,,
쟁반노래연습장,부산광역시 금정구 부곡동 224-70,3,,,,,,,
쟁반노래연습장,부산광역시 금정구 부곡동 224-70,4,,,,,,,
쟁반노래연습장,부산광역시 금정구 부곡동 224-70,5,,,,,,,
쟁반노래연습장,부산광역시 금정구 부곡동 224-70,6,,,,,,,
점프윙스줄넘기클럽 장전점,부산광역시 금정구 장전동 542-10,0,,,,,,,
점프윙스줄넘기클럽 장전점,부산광역시 금정구 장전동 542-10,1,,,,,,,
점프윙스줄넘기클럽 장전점,부산광역시 금정구 장전동 542-10,2,,,,,,,
점프윙스줄넘기클럽 장전점,부산광역시 금정구 장전동 542-10,3,,,,,,,
점프윙스줄넘기클럽 장전점,부산광역시 금정구 장전동 542-10,4,,,,,,,
점프윙스줄넘기클럽 장전점,부산광역시 금정구 장전동 542-10,5,,,,,,,
점프윙스줄넘기클럽 장전점,부산광역시 금정구 장전동 542-10,6,,,,,,,
점핑다이어트,부산광역시 금정구 부곡동 223-63,0,,,,,,,
점핑다이어트,부산광역시 금정구 부곡동 223-63,1,,,,,,,
점핑다이어트,부산광역시 금정구 부곡동 223-63,2,,,,,,,
점핑다이어트,부산광역시 금정구 부곡동 223-63,3,,,,,,,
점핑다이어트,부산광역시 금정구 부곡동 223-63,4,,,,,,,
점핑다이어트,부산광역시 금정구 부곡동 223-63,5,,,,,,,
점핑다이어트,부산광역시 금정구 부곡동 223-63,6,,,,,,,
점핑배틀 부산대점,부산광역시 금정구 장전동 302-9,0,,,,,,,
점핑배틀 부산대점,부산광역시 금정구 장전동 302-9,1,,,,,,,
점핑배틀 부산대점,부산광역시 금정구 장전동 302-9,2,,,,,,,
점핑배틀 부산대점,부산광역시 금정구 장전동 302-9,3,,,,,,,
점핑배틀 부산대점,부산광역시 금정구 장전동 302-9,4,,,,,,,
점핑배틀 부산대점,부산광역시 금정구 장전동 302-9,5,,,,,,,
점핑배틀 부산대점,부산광역시 금정구 장전동 302-9,6,,,,,,,
정승원탁구클럽,부산광역시 금정구 부곡동 268-2,0,10:00,22:00,,,,,
정승원탁구클럽,부산광역시 금정구 부곡동 268-2,1,10:00,23:00,,,,,
정승원탁구클럽,부산광역시 금정구 부곡동 268-2,2,10:00,23:00,,,,,
정승원탁구클럽,부산광역시 금정구 부곡동 268-2,3,10:00,23:00,,,,,
정승원탁구클럽,부산광역시 금정구 부곡동 268-2,4,10:00,23:00,,,,,
정승원탁구클럽,부산광역시 금정구 부곡동 268-2,5,10:00,23:00,,,,,
정승원탁구클럽,부산광역시 금정구 부곡동 268-2,6,10:00,22:00,,,,,
제이디피트니스,부산광역시 금정구 구서동 1018-20,0,0:00,,,,,,
제이디피트니스,부산광역시 금정구 구서동 1018-20,1,0:00,,,,,,
제이디피트니스,부산광역시 금정구 구서동 1018-20,2,0:00,,,,,,
제이디피트니스,부산광역시 금정구 구서동 1018-20,3,0:00,,,,,,
제이디피트니스,부산광역시 금정구 구서동 1018-20,4,0:00,,,,,,
제이디피트니스,부산광역시 금정구 구서동 1018-20,5,0:00,,,,,,
제이디피트니스,부산광역시 금정구 구서동 1018-20,6,0:00,,,,,,
제이시빌리어드카페,부산광역시 금정구 장전동 95,0,,,,,,,
제이시빌리어드카페,부산광역시 금정구 장전동 95,1,,,,,,,
제이시빌리어드카페,부산광역시 금정구 장전동 95,2,,,,,,,
제이시빌리어드카페,부산광역시 금정구 장전동 95,3,,,,,,,
제이시빌리어드카페,부산광역시 금정구 장전동 95,4,,,,,,,
제이시빌리어드카페,부산광역시 금정구 장전동 95,5,,,,,,,
제이시빌리어드카페,부산광역시 금정구 장전동 95,6,,,,,,,
제이앤앤,부산광역시 동래구 온천동 1413-6,0,,,,,,,
제이앤앤,부산광역시 동래구 온천동 1413-6,1,,,,,,,
제이앤앤,부산광역시 동래구 온천동 1413-6,2,,,,,,,
제이앤앤,부산광역시 동래구 온천동 1413-6,3,,,,,,,
제이앤앤,부산광역시 동래구 온천동 1413-6,4,,,,,,,
제이앤앤,부산광역시 동래구 온천동 1413-6,5,,,,,,,
제이앤앤,부산광역시 동래구 온천동 1413-6,6,,,,,,,
제이케이파크,부산광역시 동래구 온천동 303-11,0,,,,,,,
제이케이파크,부산광역시 동래구 온천동 303-11,1,,,,,,,
제이케이파크,부산광역시 동래구 온천동 303-11,2,,,,,,,
제이케이파크,부산광역시 동래구 온천동 303-11,3,,,,,,,
제이케이파크,부산광역시 동래구 온천동 303-11,4,,,,,,,
제이케이파크,부산광역시 동래구 온천동 303-11,5,,,,,,,
제이케이파크,부산광역시 동래구 온천동 303-11,6,,,,,,,
제이티에이치세이프티,부산광역시 동래구 온천동 1465-20,0,,,,,,,
제이티에이치세이프티,부산광역시 동래구 온천동 1465-20,1,,,,,,,
제이티에이치세이프티,부산광역시 동래구 온천동 1465-20,2,,,,,,,
제이티에이치세이프티,부산광역시 동래구 온천동 1465-20,3,,,,,,,
제이티에이치세이프티,부산광역시 동래구 온천동 1465-20,4,,,,,,,
제이티에이치세이프티,부산광역시 동래구 온천동 1465-20,5,,,,,,,
제이티에이치세이프티,부산광역시 동래구 온천동 1465-20,6,,,,,,,
제이피당구클럽,부산광역시 동래구 명륜동 559-5,0,11:00,0:00,,,,,
제이피당구클럽,부산광역시 동래구 명륜동 559-5,1,11:00,0:00,,,,,
제이피당구클럽,부산광역시 동래구 명륜동 559-5,2,11:00,0:00,,,,,
제이피당구클럽,부산광역시 동래구 명륜동 559-5,3,11:00,0:00,,,,,
제이피당구클럽,부산광역시 동래구 명륜동 559-5,4,11:00,0:00,,,,,
제이피당구클럽,부산광역시 동래구 명륜동 559-5,5,11:00,0:00,,,,,
제이피당구클럽,부산광역시 동래구 명륜동 559-5,6,11:00,0:00,,,,,
제임스휘트니스,부산광역시 동래구 온천동 153-8,0,,,,,,,
제임스휘트니스,부산광역시 동래구 온천동 153-8,1,,,,,,,
제임스휘트니스,부산광역시 동래구 온천동 153-8,2,,,,,,,
제임스휘트니스,부산광역시 동래구 온천동 153-8,3,,,,,,,
제임스휘트니스,부산광역시 동래구 온천동 153-8,4,,,,,,,
제임스휘트니스,부산광역시 동래구 온천동 153-8,5,,,,,,,
제임스휘트니스,부산광역시 동래구 온천동 153-8,6,,,,,,,
젠PC방,부산광역시 금정구 부곡동 394-19,0,,,,,,,
젠PC방,부산광역시 금정구 부곡동 394-19,1,,,,,,,
젠PC방,부산광역시 금정구 부곡동 394-19,2,,,,,,,
젠PC방,부산광역시 금정구 부곡동 394-19,3,,,,,,,
젠PC방,부산광역시 금정구 부곡동 394-19,4,,,,,,,
젠PC방,부산광역시 금정구 부곡동 394-19,5,,,,,,,
젠PC방,부산광역시 금정구 부곡동 394-19,6,,,,,,,
젬스톤PC,부산광역시 동래구 명륜동 560-6,0,,,,,,,
젬스톤PC,부산광역시 동래구 명륜동 560-6,1,,,,,,,
젬스톤PC,부산광역시 동래구 명륜동 560-6,2,,,,,,,
젬스톤PC,부산광역시 동래구 명륜동 560-6,3,,,,,,,
젬스톤PC,부산광역시 동래구 명륜동 560-6,4,,,,,,,
젬스톤PC,부산광역시 동래구 명륜동 560-6,5,,,,,,,
젬스톤PC,부산광역시 동래구 명륜동 560-6,6,,,,,,,
조아짐,부산광역시 동래구 명륜동 570,0,,,,,,TRUE,
조아짐,부산광역시 동래구 명륜동 570,1,8:30,22:00,,,,,
조아짐,부산광역시 동래구 명륜동 570,2,8:30,22:00,,,,,
조아짐,부산광역시 동래구 명륜동 570,3,8:30,22:00,,,,,
조아짐,부산광역시 동래구 명륜동 570,4,8:30,22:00,,,,,
조아짐,부산광역시 동래구 명륜동 570,5,8:30,22:00,,,,,
조아짐,부산광역시 동래구 명륜동 570,6,8:30,17:00,,,,,
죠짐크로스핏,부산광역시 금정구 장전동 401-5,0,,,,,,,
죠짐크로스핏,부산광역시 금정구 장전동 401-5,1,,,,,,,
죠짐크로스핏,부산광역시 금정구 장전동 401-5,2,,,,,,,
죠짐크로스핏,부산광역시 금정구 장전동 401-5,3,,,,,,,
죠짐크로스핏,부산광역시 금정구 장전동 401-5,4,,,,,,,
죠짐크로스핏,부산광역시 금정구 장전동 401-5,5,,,,,,,
죠짐크로스핏,부산광역시 금정구 장전동 401-5,6,,,,,,,
즐거운노래마당,부산광역시 금정구 부곡동 395-1,0,,,,,,,
즐거운노래마당,부산광역시 금정구 부곡동 395-1,1,,,,,,,
즐거운노래마당,부산광역시 금정구 부곡동 395-1,2,,,,,,,
즐거운노래마당,부산광역시 금정구 부곡동 395-1,3,,,,,,,
즐거운노래마당,부산광역시 금정구 부곡동 395-1,4,,,,,,,
즐거운노래마당,부산광역시 금정구 부곡동 395-1,5,,,,,,,
즐거운노래마당,부산광역시 금정구 부곡동 395-1,6,,,,,,,
지니키즈스윔스쿨,부산광역시 동래구 온천동 1834,0,,,,,,,
지니키즈스윔스쿨,부산광역시 동래구 온천동 1834,1,,,,,,,
지니키즈스윔스쿨,부산광역시 동래구 온천동 1834,2,,,,,,,
지니키즈스윔스쿨,부산광역시 동래구 온천동 1834,3,,,,,,,
지니키즈스윔스쿨,부산광역시 동래구 온천동 1834,4,,,,,,,
지니키즈스윔스쿨,부산광역시 동래구 온천동 1834,5,,,,,,,
지니키즈스윔스쿨,부산광역시 동래구 온천동 1834,6,,,,,,,
지디알아카데미동래래미안점,부산광역시 동래구 온천동 1020-9,0,,,,,,,
지디알아카데미동래래미안점,부산광역시 동래구 온천동 1020-9,1,,,,,,,
지디알아카데미동래래미안점,부산광역시 동래구 온천동 1020-9,2,,,,,,,
지디알아카데미동래래미안점,부산광역시 동래구 온천동 1020-9,3,,,,,,,
지디알아카데미동래래미안점,부산광역시 동래구 온천동 1020-9,4,,,,,,,
지디알아카데미동래래미안점,부산광역시 동래구 온천동 1020-9,5,,,,,,,
지디알아카데미동래래미안점,부산광역시 동래구 온천동 1020-9,6,,,,,,,
진수레포츠,부산광역시 금정구 부곡동 386-21,0,,,,,,,
진수레포츠,부산광역시 금정구 부곡동 386-21,1,,,,,,,
진수레포츠,부산광역시 금정구 부곡동 386-21,2,,,,,,,
진수레포츠,부산광역시 금정구 부곡동 386-21,3,,,,,,,
진수레포츠,부산광역시 금정구 부곡동 386-21,4,,,,,,,
진수레포츠,부산광역시 금정구 부곡동 386-21,5,,,,,,,
진수레포츠,부산광역시 금정구 부곡동 386-21,6,,,,,,,
짐핏부산,부산광역시 금정구 장전동 146-5,0,,,,,,,
짐핏부산,부산광역시 금정구 장전동 146-5,1,,,,,,,
짐핏부산,부산광역시 금정구 장전동 146-5,2,,,,,,,
짐핏부산,부산광역시 금정구 장전동 146-5,3,,,,,,,
짐핏부산,부산광역시 금정구 장전동 146-5,4,,,,,,,
짐핏부산,부산광역시 금정구 장전동 146-5,5,,,,,,,
짐핏부산,부산광역시 금정구 장전동 146-5,6,,,,,,,
짱탁구장,부산광역시 금정구 장전동 414-11,0,,,,,,,
짱탁구장,부산광역시 금정구 장전동 414-11,1,,,,,,,
짱탁구장,부산광역시 금정구 장전동 414-11,2,,,,,,,
짱탁구장,부산광역시 금정구 장전동 414-11,3,,,,,,,
짱탁구장,부산광역시 금정구 장전동 414-11,4,,,,,,,
짱탁구장,부산광역시 금정구 장전동 414-11,5,,,,,,,
짱탁구장,부산광역시 금정구 장전동 414-11,6,,,,,,,
짱탁구장 부산대정문점,부산광역시 금정구 장전동 419-15,0,,,,,,,
짱탁구장 부산대정문점,부산광역시 금정구 장전동 419-15,1,,,,,,,
짱탁구장 부산대정문점,부산광역시 금정구 장전동 419-15,2,,,,,,,
짱탁구장 부산대정문점,부산광역시 금정구 장전동 419-15,3,,,,,,,
짱탁구장 부산대정문점,부산광역시 금정구 장전동 419-15,4,,,,,,,
짱탁구장 부산대정문점,부산광역시 금정구 장전동 419-15,5,,,,,,,
짱탁구장 부산대정문점,부산광역시 금정구 장전동 419-15,6,,,,,,,
짱탁구장명륜 동래점,부산광역시 동래구 명륜동 532-28,0,0:00,,,,,,
짱탁구장명륜 동래점,부산광역시 동래구 명륜동 532-28,1,0:00,,,,,,
짱탁구장명륜 동래점,부산광역시 동래구 명륜동 532-28,2,0:00,,,,,,
짱탁구장명륜 동래점,부산광역시 동래구 명륜동 532-28,3,0:00,,,,,,
짱탁구장명륜 동래점,부산광역시 동래구 명륜동 532-28,4,0:00,,,,,,
짱탁구장명륜 동래점,부산광역시 동래구 명륜동 532-28,5,0:00,,,,,,
짱탁구장명륜 동래점,부산광역시 동래구 명륜동 532-28,6,0:00,,,,,,
쭌코인노래연습장,부산광역시 금정구 장전동 293-175,0,,,,,,,
쭌코인노래연습장,부산광역시 금정구 장전동 293-175,1,,,,,,,
쭌코인노래연습장,부산광역시 금정구 장전동 293-175,2,,,,,,,
쭌코인노래연습장,부산광역시 금정구 장전동 293-175,3,,,,,,,
쭌코인노래연습장,부산광역시 금정구 장전동 293-175,4,,,,,,,
쭌코인노래연습장,부산광역시 금정구 장전동 293-175,5,,,,,,,
쭌코인노래연습장,부산광역시 금정구 장전동 293-175,6,,,,,,,
찬스당구장,부산광역시 금정구 장전동 399-9,0,,,,,,,
찬스당구장,부산광역시 금정구 장전동 399-9,1,,,,,,,
찬스당구장,부산광역시 금정구 장전동 399-9,2,,,,,,,
찬스당구장,부산광역시 금정구 장전동 399-9,3,,,,,,,
찬스당구장,부산광역시 금정구 장전동 399-9,4,,,,,,,
찬스당구장,부산광역시 금정구 장전동 399-9,5,,,,,,,
찬스당구장,부산광역시 금정구 장전동 399-9,6,,,,,,,
천당구,부산광역시 금정구 구서동 414-48,0,,,,,,,
천당구,부산광역시 금정구 구서동 414-48,1,,,,,,,
천당구,부산광역시 금정구 구서동 414-48,2,,,,,,,
천당구,부산광역시 금정구 구서동 414-48,3,,,,,,,
천당구,부산광역시 금정구 구서동 414-48,4,,,,,,,
천당구,부산광역시 금정구 구서동 414-48,5,,,,,,,
천당구,부산광역시 금정구 구서동 414-48,6,,,,,,,
천보퍼스널스튜디오,부산광역시 금정구 구서동 86-55,0,6:00,22:00,,,,,
천보퍼스널스튜디오,부산광역시 금정구 구서동 86-55,1,6:00,22:00,,,,,
천보퍼스널스튜디오,부산광역시 금정구 구서동 86-55,2,6:00,22:00,,,,,
천보퍼스널스튜디오,부산광역시 금정구 구서동 86-55,3,6:00,22:00,,,,,
천보퍼스널스튜디오,부산광역시 금정구 구서동 86-55,4,6:00,22:00,,,,,
천보퍼스널스튜디오,부산광역시 금정구 구서동 86-55,5,6:00,22:00,,,,,
천보퍼스널스튜디오,부산광역시 금정구 구서동 86-55,6,6:00,22:00,,,,,
천지24당구클럽,부산광역시 동래구 온천동 189-25,0,,,,,,,
천지24당구클럽,부산광역시 동래구 온천동 189-25,1,,,,,,,
천지24당구클럽,부산광역시 동래구 온천동 189-25,2,,,,,,,
천지24당구클럽,부산광역시 동래구 온천동 189-25,3,,,,,,,
천지24당구클럽,부산광역시 동래구 온천동 189-25,4,,,,,,,
천지24당구클럽,부산광역시 동래구 온천동 189-25,5,,,,,,,
천지24당구클럽,부산광역시 동래구 온천동 189-25,6,,,,,,,
천지연피트니스,부산광역시 금정구 부곡동 225-36,0,6:00,0:00,,,,,
천지연피트니스,부산광역시 금정구 부곡동 225-36,1,6:00,0:00,,,,,
천지연피트니스,부산광역시 금정구 부곡동 225-36,2,6:00,0:00,,,,,
천지연피트니스,부산광역시 금정구 부곡동 225-36,3,6:00,0:00,,,,,
천지연피트니스,부산광역시 금정구 부곡동 225-36,4,6:00,0:00,,,,,
천지연피트니스,부산광역시 금정구 부곡동 225-36,5,6:00,0:00,,,,,
천지연피트니스,부산광역시 금정구 부곡동 225-36,6,6:00,0:00,,,,,
체스보드게임,부산광역시 금정구 장전동 419-22,0,,,,,,,
체스보드게임,부산광역시 금정구 장전동 419-22,1,,,,,,,
체스보드게임,부산광역시 금정구 장전동 419-22,2,,,,,,,
체스보드게임,부산광역시 금정구 장전동 419-22,3,,,,,,,
체스보드게임,부산광역시 금정구 장전동 419-22,4,,,,,,,
체스보드게임,부산광역시 금정구 장전동 419-22,5,,,,,,,
체스보드게임,부산광역시 금정구 장전동 419-22,6,,,,,,,
체육타임운동전문센터,부산광역시 동래구 온천동 1433-12,0,,,,,,,
체육타임운동전문센터,부산광역시 동래구 온천동 1433-12,1,,,,,,,
체육타임운동전문센터,부산광역시 동래구 온천동 1433-12,2,,,,,,,
체육타임운동전문센터,부산광역시 동래구 온천동 1433-12,3,,,,,,,
체육타임운동전문센터,부산광역시 동래구 온천동 1433-12,4,,,,,,,
체육타임운동전문센터,부산광역시 동래구 온천동 1433-12,5,,,,,,,
체육타임운동전문센터,부산광역시 동래구 온천동 1433-12,6,,,,,,,
친구2노래연습장,부산광역시 동래구 온천동 1412-5,0,,,,,,,
친구2노래연습장,부산광역시 동래구 온천동 1412-5,1,,,,,,,
친구2노래연습장,부산광역시 동래구 온천동 1412-5,2,,,,,,,
친구2노래연습장,부산광역시 동래구 온천동 1412-5,3,,,,,,,
친구2노래연습장,부산광역시 동래구 온천동 1412-5,4,,,,,,,
친구2노래연습장,부산광역시 동래구 온천동 1412-5,5,,,,,,,
친구2노래연습장,부산광역시 동래구 온천동 1412-5,6,,,,,,,
카니발노래연습장,부산광역시 동래구 온천동 1468-12,0,,,,,,,
카니발노래연습장,부산광역시 동래구 온천동 1468-12,1,,,,,,,
카니발노래연습장,부산광역시 동래구 온천동 1468-12,2,,,,,,,
카니발노래연습장,부산광역시 동래구 온천동 1468-12,3,,,,,,,
카니발노래연습장,부산광역시 동래구 온천동 1468-12,4,,,,,,,
카니발노래연습장,부산광역시 동래구 온천동 1468-12,5,,,,,,,
카니발노래연습장,부산광역시 동래구 온천동 1468-12,6,,,,,,,
카페고양이랙돌,부산광역시 금정구 장전동 293-163,0,,,,,,,
카페고양이랙돌,부산광역시 금정구 장전동 293-163,1,,,,,,,
카페고양이랙돌,부산광역시 금정구 장전동 293-163,2,,,,,,,
카페고양이랙돌,부산광역시 금정구 장전동 293-163,3,,,,,,,
카페고양이랙돌,부산광역시 금정구 장전동 293-163,4,,,,,,,
카페고양이랙돌,부산광역시 금정구 장전동 293-163,5,,,,,,,
카페고양이랙돌,부산광역시 금정구 장전동 293-163,6,,,,,,,
카페반하나X금샘복권,부산광역시 금정구 구서동 251-24,0,6:00,23:00,,,,,
카페반하나X금샘복권,부산광역시 금정구 구서동 251-24,1,6:00,23:00,,,,,
카페반하나X금샘복권,부산광역시 금정구 구서동 251-24,2,6:00,23:00,,,,,
카페반하나X금샘복권,부산광역시 금정구 구서동 251-24,3,6:00,23:00,,,,,
카페반하나X금샘복권,부산광역시 금정구 구서동 251-24,4,6:00,23:00,,,,,
카페반하나X금샘복권,부산광역시 금정구 구서동 251-24,5,6:00,23:00,,,,,
카페반하나X금샘복권,부산광역시 금정구 구서동 251-24,6,6:00,23:00,,,,,
칼리스핏,부산광역시 금정구 장전동 424-2,0,,,,,,,
칼리스핏,부산광역시 금정구 장전동 424-2,1,,,,,,,
칼리스핏,부산광역시 금정구 장전동 424-2,2,,,,,,,
칼리스핏,부산광역시 금정구 장전동 424-2,3,,,,,,,
칼리스핏,부산광역시 금정구 장전동 424-2,4,,,,,,,
칼리스핏,부산광역시 금정구 장전동 424-2,5,,,,,,,
칼리스핏,부산광역시 금정구 장전동 424-2,6,,,,,,,
캐롬당구장,부산광역시 동래구 온천동 140-52,0,,,,,,,
캐롬당구장,부산광역시 동래구 온천동 140-52,1,,,,,,,
캐롬당구장,부산광역시 동래구 온천동 140-52,2,,,,,,,
캐롬당구장,부산광역시 동래구 온천동 140-52,3,,,,,,,
캐롬당구장,부산광역시 동래구 온천동 140-52,4,,,,,,,
캐롬당구장,부산광역시 동래구 온천동 140-52,5,,,,,,,
캐롬당구장,부산광역시 동래구 온천동 140-52,6,,,,,,,
캐슬노래연습장,부산광역시 금정구 구서동 414-3,0,,,,,,,
캐슬노래연습장,부산광역시 금정구 구서동 414-3,1,,,,,,,
캐슬노래연습장,부산광역시 금정구 구서동 414-3,2,,,,,,,
캐슬노래연습장,부산광역시 금정구 구서동 414-3,3,,,,,,,
캐슬노래연습장,부산광역시 금정구 구서동 414-3,4,,,,,,,
캐슬노래연습장,부산광역시 금정구 구서동 414-3,5,,,,,,,
캐슬노래연습장,부산광역시 금정구 구서동 414-3,6,,,,,,,
캠퍼스당구장,부산광역시 금정구 장전동 418-2,0,,,,,,,
캠퍼스당구장,부산광역시 금정구 장전동 418-2,1,,,,,,,
캠퍼스당구장,부산광역시 금정구 장전동 418-2,2,,,,,,,
캠퍼스당구장,부산광역시 금정구 장전동 418-2,3,,,,,,,
캠퍼스당구장,부산광역시 금정구 장전동 418-2,4,,,,,,,
캠퍼스당구장,부산광역시 금정구 장전동 418-2,5,,,,,,,
캠퍼스당구장,부산광역시 금정구 장전동 418-2,6,,,,,,,
캡틴테니스아카데미,부산광역시 동래구 온천동 152-18,0,,,,,,,
캡틴테니스아카데미,부산광역시 동래구 온천동 152-18,1,,,,,,,
캡틴테니스아카데미,부산광역시 동래구 온천동 152-18,2,,,,,,,
캡틴테니스아카데미,부산광역시 동래구 온천동 152-18,3,,,,,,,
캡틴테니스아카데미,부산광역시 동래구 온천동 152-18,4,,,,,,,
캡틴테니스아카데미,부산광역시 동래구 온천동 152-18,5,,,,,,,
캡틴테니스아카데미,부산광역시 동래구 온천동 152-18,6,,,,,,,
커브스명륜클럽,부산광역시 동래구 온천동 503-12,0,,,,,,,
커브스명륜클럽,부산광역시 동래구 온천동 503-12,1,,,,,,,
커브스명륜클럽,부산광역시 동래구 온천동 503-12,2,,,,,,,
커브스명륜클럽,부산광역시 동래구 온천동 503-12,3,,,,,,,
커브스명륜클럽,부산광역시 동래구 온천동 503-12,4,,,,,,,
커브스명륜클럽,부산광역시 동래구 온천동 503-12,5,,,,,,,
커브스명륜클럽,부산광역시 동래구 온천동 503-12,6,,,,,,,
케이2당구클럽,부산광역시 금정구 장전동 423-17,0,,,,,,,
케이2당구클럽,부산광역시 금정구 장전동 423-17,1,,,,,,,
케이2당구클럽,부산광역시 금정구 장전동 423-17,2,,,,,,,
케이2당구클럽,부산광역시 금정구 장전동 423-17,3,,,,,,,
케이2당구클럽,부산광역시 금정구 장전동 423-17,4,,,,,,,
케이2당구클럽,부산광역시 금정구 장전동 423-17,5,,,,,,,
케이2당구클럽,부산광역시 금정구 장전동 423-17,6,,,,,,,
케이앤피트니스동래 온천점,부산광역시 동래구 온천동 728-82,0,,,,,,,
케이앤피트니스동래 온천점,부산광역시 동래구 온천동 728-82,1,,,,,,,
케이앤피트니스동래 온천점,부산광역시 동래구 온천동 728-82,2,,,,,,,
케이앤피트니스동래 온천점,부산광역시 동래구 온천동 728-82,3,,,,,,,
케이앤피트니스동래 온천점,부산광역시 동래구 온천동 728-82,4,,,,,,,
케이앤피트니스동래 온천점,부산광역시 동래구 온천동 728-82,5,,,,,,,
케이앤피트니스동래 온천점,부산광역시 동래구 온천동 728-82,6,,,,,,,
케이티스크린골프,부산광역시 금정구 부곡동 63-1,0,9:00,0:30,,,,,
케이티스크린골프,부산광역시 금정구 부곡동 63-1,1,9:00,0:30,,,,,
케이티스크린골프,부산광역시 금정구 부곡동 63-1,2,9:00,0:30,,,,,
케이티스크린골프,부산광역시 금정구 부곡동 63-1,3,9:00,0:30,,,,,
케이티스크린골프,부산광역시 금정구 부곡동 63-1,4,9:00,0:30,,,,,
케이티스크린골프,부산광역시 금정구 부곡동 63-1,5,9:00,0:30,,,,,
케이티스크린골프,부산광역시 금정구 부곡동 63-1,6,9:00,0:30,,,,,
케이팝노래연습장,부산광역시 동래구 명륜동 553-21,0,,,,,,,
케이팝노래연습장,부산광역시 동래구 명륜동 553-21,1,,,,,,,
케이팝노래연습장,부산광역시 동래구 명륜동 553-21,2,,,,,,,
케이팝노래연습장,부산광역시 동래구 명륜동 553-21,3,,,,,,,
케이팝노래연습장,부산광역시 동래구 명륜동 553-21,4,,,,,,,
케이팝노래연습장,부산광역시 동래구 명륜동 553-21,5,,,,,,,
케이팝노래연습장,부산광역시 동래구 명륜동 553-21,6,,,,,,,
코인싱어동전노래연습장,부산광역시 동래구 명륜동 532-7,0,,,,,,,
코인싱어동전노래연습장,부산광역시 동래구 명륜동 532-7,1,,,,,,,
코인싱어동전노래연습장,부산광역시 동래구 명륜동 532-7,2,,,,,,,
코인싱어동전노래연습장,부산광역시 동래구 명륜동 532-7,3,,,,,,,
코인싱어동전노래연습장,부산광역시 동래구 명륜동 532-7,4,,,,,,,
코인싱어동전노래연습장,부산광역시 동래구 명륜동 532-7,5,,,,,,,
코인싱어동전노래연습장,부산광역시 동래구 명륜동 532-7,6,,,,,,,
코코몽키즈랜드 부산대점,부산광역시 금정구 장전동 40,0,,,,,,,
코코몽키즈랜드 부산대점,부산광역시 금정구 장전동 40,1,,,,,,,
코코몽키즈랜드 부산대점,부산광역시 금정구 장전동 40,2,,,,,,,
코코몽키즈랜드 부산대점,부산광역시 금정구 장전동 40,3,,,,,,,
코코몽키즈랜드 부산대점,부산광역시 금정구 장전동 40,4,,,,,,,
코코몽키즈랜드 부산대점,부산광역시 금정구 장전동 40,5,,,,,,,
코코몽키즈랜드 부산대점,부산광역시 금정구 장전동 40,6,,,,,,,
콜노래연습장,부산광역시 금정구 구서동 414-82,0,,,,,,,
콜노래연습장,부산광역시 금정구 구서동 414-82,1,,,,,,,
콜노래연습장,부산광역시 금정구 구서동 414-82,2,,,,,,,
콜노래연습장,부산광역시 금정구 구서동 414-82,3,,,,,,,
콜노래연습장,부산광역시 금정구 구서동 414-82,4,,,,,,,
콜노래연습장,부산광역시 금정구 구서동 414-82,5,,,,,,,
콜노래연습장,부산광역시 금정구 구서동 414-82,6,,,,,,,
쿨노래연습장,부산광역시 금정구 구서동 414-89,0,,,,,,,
쿨노래연습장,부산광역시 금정구 구서동 414-89,1,,,,,,,
쿨노래연습장,부산광역시 금정구 구서동 414-89,2,,,,,,,
쿨노래연습장,부산광역시 금정구 구서동 414-89,3,,,,,,,
쿨노래연습장,부산광역시 금정구 구서동 414-89,4,,,,,,,
쿨노래연습장,부산광역시 금정구 구서동 414-89,5,,,,,,,
쿨노래연습장,부산광역시 금정구 구서동 414-89,6,,,,,,,
쿨당구장,부산광역시 동래구 온천동 40-35,0,,,,,,,
쿨당구장,부산광역시 동래구 온천동 40-35,1,,,,,,,
쿨당구장,부산광역시 동래구 온천동 40-35,2,,,,,,,
쿨당구장,부산광역시 동래구 온천동 40-35,3,,,,,,,
쿨당구장,부산광역시 동래구 온천동 40-35,4,,,,,,,
쿨당구장,부산광역시 동래구 온천동 40-35,5,,,,,,,
쿨당구장,부산광역시 동래구 온천동 40-35,6,,,,,,,
쿵따리노래연습장,부산광역시 금정구 부곡동 274-39,0,,,,,,,
쿵따리노래연습장,부산광역시 금정구 부곡동 274-39,1,,,,,,,
쿵따리노래연습장,부산광역시 금정구 부곡동 274-39,2,,,,,,,
쿵따리노래연습장,부산광역시 금정구 부곡동 274-39,3,,,,,,,
쿵따리노래연습장,부산광역시 금정구 부곡동 274-39,4,,,,,,,
쿵따리노래연습장,부산광역시 금정구 부곡동 274-39,5,,,,,,,
쿵따리노래연습장,부산광역시 금정구 부곡동 274-39,6,,,,,,,
퀸즈보드게임카페,부산광역시 금정구 장전동 643-117,0,,,,,,,
퀸즈보드게임카페,부산광역시 금정구 장전동 643-117,1,,,,,,,
퀸즈보드게임카페,부산광역시 금정구 장전동 643-117,2,,,,,,,
퀸즈보드게임카페,부산광역시 금정구 장전동 643-117,3,,,,,,,
퀸즈보드게임카페,부산광역시 금정구 장전동 643-117,4,,,,,,,
퀸즈보드게임카페,부산광역시 금정구 장전동 643-117,5,,,,,,,
퀸즈보드게임카페,부산광역시 금정구 장전동 643-117,6,,,,,,,
큐브짐구서점,부산광역시 금정구 구서동 203-5,0,9:00,18:00,,,,,
큐브짐구서점,부산광역시 금정구 구서동 203-5,1,6:00,22:30,,,,,
큐브짐구서점,부산광역시 금정구 구서동 203-5,2,6:00,22:30,,,,,
큐브짐구서점,부산광역시 금정구 구서동 203-5,3,6:00,22:30,,,,,
큐브짐구서점,부산광역시 금정구 구서동 203-5,4,6:00,22:30,,,,,
큐브짐구서점,부산광역시 금정구 구서동 203-5,5,6:00,22:30,,,,,
큐브짐구서점,부산광역시 금정구 구서동 203-5,6,9:00,18:00,,,,,
크라운스트라이크,부산광역시 금정구 장전동 292-4,0,,,,,,,
크라운스트라이크,부산광역시 금정구 장전동 292-4,1,,,,,,,
크라운스트라이크,부산광역시 금정구 장전동 292-4,2,,,,,,,
크라운스트라이크,부산광역시 금정구 장전동 292-4,3,,,,,,,
크라운스트라이크,부산광역시 금정구 장전동 292-4,4,,,,,,,
크라운스트라이크,부산광역시 금정구 장전동 292-4,5,,,,,,,
크라운스트라이크,부산광역시 금정구 장전동 292-4,6,,,,,,,
크로스핏에이치,부산광역시 동래구 온천동 1443-1,0,,,,,,,
크로스핏에이치,부산광역시 동래구 온천동 1443-1,1,,,,,,,
크로스핏에이치,부산광역시 동래구 온천동 1443-1,2,,,,,,,
크로스핏에이치,부산광역시 동래구 온천동 1443-1,3,,,,,,,
크로스핏에이치,부산광역시 동래구 온천동 1443-1,4,,,,,,,
크로스핏에이치,부산광역시 동래구 온천동 1443-1,5,,,,,,,
크로스핏에이치,부산광역시 동래구 온천동 1443-1,6,,,,,,,
키네스 부산점,부산광역시 동래구 온천동 1439-3,0,,,,,,,
키네스 부산점,부산광역시 동래구 온천동 1439-3,1,,,,,,,
키네스 부산점,부산광역시 동래구 온천동 1439-3,2,,,,,,,
키네스 부산점,부산광역시 동래구 온천동 1439-3,3,,,,,,,
키네스 부산점,부산광역시 동래구 온천동 1439-3,4,,,,,,,
키네스 부산점,부산광역시 동래구 온천동 1439-3,5,,,,,,,
키네스 부산점,부산광역시 동래구 온천동 1439-3,6,,,,,,,
타코이야기 두근두근복권판매점,부산광역시 금정구 구서동 194-11,0,,,,,,TRUE,
타코이야기 두근두근복권판매점,부산광역시 금정구 구서동 194-11,1,11:00,21:30,,,,,
타코이야기 두근두근복권판매점,부산광역시 금정구 구서동 194-11,2,11:00,21:30,,,,,
타코이야기 두근두근복권판매점,부산광역시 금정구 구서동 194-11,3,11:00,21:30,,,,,
타코이야기 두근두근복권판매점,부산광역시 금정구 구서동 194-11,4,11:00,21:30,,,,,
타코이야기 두근두근복권판매점,부산광역시 금정구 구서동 194-11,5,11:00,21:30,,,,,
타코이야기 두근두근복권판매점,부산광역시 금정구 구서동 194-11,6,10:00,21:30,,,,,
탁구장,부산광역시 금정구 구서동 468-42,0,,,,,,,
탁구장,부산광역시 금정구 구서동 468-42,1,,,,,,,
탁구장,부산광역시 금정구 구서동 468-42,2,,,,,,,
탁구장,부산광역시 금정구 구서동 468-42,3,,,,,,,
탁구장,부산광역시 금정구 구서동 468-42,4,,,,,,,
탁구장,부산광역시 금정구 구서동 468-42,5,,,,,,,
탁구장,부산광역시 금정구 구서동 468-42,6,,,,,,,
탑스피드,부산광역시 금정구 장전동 154-15,0,,,,,,,
탑스피드,부산광역시 금정구 장전동 154-15,1,,,,,,,
탑스피드,부산광역시 금정구 장전동 154-15,2,,,,,,,
탑스피드,부산광역시 금정구 장전동 154-15,3,,,,,,,
탑스피드,부산광역시 금정구 장전동 154-15,4,,,,,,,
탑스피드,부산광역시 금정구 장전동 154-15,5,,,,,,,
탑스피드,부산광역시 금정구 장전동 154-15,6,,,,,,,
태림물산,부산광역시 금정구 구서동 409-11,0,,,,,,,
태림물산,부산광역시 금정구 구서동 409-11,1,,,,,,,
태림물산,부산광역시 금정구 구서동 409-11,2,,,,,,,
태림물산,부산광역시 금정구 구서동 409-11,3,,,,,,,
태림물산,부산광역시 금정구 구서동 409-11,4,,,,,,,
태림물산,부산광역시 금정구 구서동 409-11,5,,,,,,,
태림물산,부산광역시 금정구 구서동 409-11,6,,,,,,,
터서점,부산광역시 동래구 온천동 1249-14,0,,,,,,,
터서점,부산광역시 동래구 온천동 1249-14,1,,,,,,,
터서점,부산광역시 동래구 온천동 1249-14,2,,,,,,,
터서점,부산광역시 동래구 온천동 1249-14,3,,,,,,,
터서점,부산광역시 동래구 온천동 1249-14,4,,,,,,,
터서점,부산광역시 동래구 온천동 1249-14,5,,,,,,,
터서점,부산광역시 동래구 온천동 1249-14,6,,,,,,,
터치나인PC 구서점,부산광역시 금정구 구서동 654-52,0,0:00,,,,,,
터치나인PC 구서점,부산광역시 금정구 구서동 654-52,1,0:00,,,,,,
터치나인PC 구서점,부산광역시 금정구 구서동 654-52,2,0:00,,,,,,
터치나인PC 구서점,부산광역시 금정구 구서동 654-52,3,0:00,,,,,,
터치나인PC 구서점,부산광역시 금정구 구서동 654-52,4,0:00,,,,,,
터치나인PC 구서점,부산광역시 금정구 구서동 654-52,5,0:00,,,,,,
터치나인PC 구서점,부산광역시 금정구 구서동 654-52,6,0:00,,,,,,
테니스킹,부산광역시 금정구 장전동 423-17,0,,,,,,,
테니스킹,부산광역시 금정구 장전동 423-17,1,,,,,,,
테니스킹,부산광역시 금정구 장전동 423-17,2,,,,,,,
테니스킹,부산광역시 금정구 장전동 423-17,3,,,,,,,
테니스킹,부산광역시 금정구 장전동 423-17,4,,,,,,,
테니스킹,부산광역시 금정구 장전동 423-17,5,,,,,,,
테니스킹,부산광역시 금정구 장전동 423-17,6,,,,,,,
테니스홀릭,부산광역시 동래구 온천동 170-3,0,,,,,,,
테니스홀릭,부산광역시 동래구 온천동 170-3,1,,,,,,,
테니스홀릭,부산광역시 동래구 온천동 170-3,2,,,,,,,
테니스홀릭,부산광역시 동래구 온천동 170-3,3,,,,,,,
테니스홀릭,부산광역시 동래구 온천동 170-3,4,,,,,,,
테니스홀릭,부산광역시 동래구 온천동 170-3,5,,,,,,,
테니스홀릭,부산광역시 동래구 온천동 170-3,6,,,,,,,
테라스락볼링장,부산광역시 금정구 장전동 643-117,0,,,,,,,
테라스락볼링장,부산광역시 금정구 장전동 643-117,1,,,,,,,
테라스락볼링장,부산광역시 금정구 장전동 643-117,2,,,,,,,
테라스락볼링장,부산광역시 금정구 장전동 643-117,3,,,,,,,
테라스락볼링장,부산광역시 금정구 장전동 643-117,4,,,,,,,
테라스락볼링장,부산광역시 금정구 장전동 643-117,5,,,,,,,
테라스락볼링장,부산광역시 금정구 장전동 643-117,6,,,,,,,
토마토노래연습장,부산광역시 동래구 명륜동 503-8,0,,,,,,,
토마토노래연습장,부산광역시 동래구 명륜동 503-8,1,,,,,,,
토마토노래연습장,부산광역시 동래구 명륜동 503-8,2,,,,,,,
토마토노래연습장,부산광역시 동래구 명륜동 503-8,3,,,,,,,
토마토노래연습장,부산광역시 동래구 명륜동 503-8,4,,,,,,,
토마토노래연습장,부산광역시 동래구 명륜동 503-8,5,,,,,,,
토마토노래연습장,부산광역시 동래구 명륜동 503-8,6,,,,,,,
토이,부산광역시 금정구 장전동 418-11,0,,,,,,,
토이,부산광역시 금정구 장전동 418-11,1,,,,,,,
토이,부산광역시 금정구 장전동 418-11,2,,,,,,,
토이,부산광역시 금정구 장전동 418-11,3,,,,,,,
토이,부산광역시 금정구 장전동 418-11,4,,,,,,,
토이,부산광역시 금정구 장전동 418-11,5,,,,,,,
토이,부산광역시 금정구 장전동 418-11,6,,,,,,,
티박스스크린 골프연습장,부산광역시 동래구 온천동 152-18,0,,,,,,,
티박스스크린 골프연습장,부산광역시 동래구 온천동 152-18,1,,,,,,,
티박스스크린 골프연습장,부산광역시 동래구 온천동 152-18,2,,,,,,,
티박스스크린 골프연습장,부산광역시 동래구 온천동 152-18,3,,,,,,,
티박스스크린 골프연습장,부산광역시 동래구 온천동 152-18,4,,,,,,,
티박스스크린 골프연습장,부산광역시 동래구 온천동 152-18,5,,,,,,,
티박스스크린 골프연습장,부산광역시 동래구 온천동 152-18,6,,,,,,,
티비에프,부산광역시 동래구 온천동 1600,0,,,,,,,
티비에프,부산광역시 동래구 온천동 1600,1,,,,,,,
티비에프,부산광역시 동래구 온천동 1600,2,,,,,,,
티비에프,부산광역시 동래구 온천동 1600,3,,,,,,,
티비에프,부산광역시 동래구 온천동 1600,4,,,,,,,
티비에프,부산광역시 동래구 온천동 1600,5,,,,,,,
티비에프,부산광역시 동래구 온천동 1600,6,,,,,,,
파디글스,부산광역시 금정구 부곡동 65-15,0,6:00,2:00,,,,,
파디글스,부산광역시 금정구 부곡동 65-15,1,6:00,2:00,,,,,
파디글스,부산광역시 금정구 부곡동 65-15,2,6:00,2:00,,,,,
파디글스,부산광역시 금정구 부곡동 65-15,3,6:00,2:00,,,,,
파디글스,부산광역시 금정구 부곡동 65-15,4,6:00,2:00,,,,,
파디글스,부산광역시 금정구 부곡동 65-15,5,6:00,2:00,,,,,
파디글스,부산광역시 금정구 부곡동 65-15,6,6:00,2:00,,,,,
파라다이스골프랜드,부산광역시 동래구 온천동 1657-3,0,,,,,,,
파라다이스골프랜드,부산광역시 동래구 온천동 1657-3,1,,,,,,,
파라다이스골프랜드,부산광역시 동래구 온천동 1657-3,2,,,,,,,
파라다이스골프랜드,부산광역시 동래구 온천동 1657-3,3,,,,,,,
파라다이스골프랜드,부산광역시 동래구 온천동 1657-3,4,,,,,,,
파라다이스골프랜드,부산광역시 동래구 온천동 1657-3,5,,,,,,,
파라다이스골프랜드,부산광역시 동래구 온천동 1657-3,6,,,,,,,
팡팡노래연습장,부산광역시 동래구 명륜동 533-115,0,,,,,,,
팡팡노래연습장,부산광역시 동래구 명륜동 533-115,1,,,,,,,
팡팡노래연습장,부산광역시 동래구 명륜동 533-115,2,,,,,,,
팡팡노래연습장,부산광역시 동래구 명륜동 533-115,3,,,,,,,
팡팡노래연습장,부산광역시 동래구 명륜동 533-115,4,,,,,,,
팡팡노래연습장,부산광역시 동래구 명륜동 533-115,5,,,,,,,
팡팡노래연습장,부산광역시 동래구 명륜동 533-115,6,,,,,,,
퍼센트스튜디오,부산광역시 동래구 명륜동 672-2,0,,,,,,TRUE,
퍼센트스튜디오,부산광역시 동래구 명륜동 672-2,1,9:00,22:00,,,,,
퍼센트스튜디오,부산광역시 동래구 명륜동 672-2,2,9:00,22:00,,,,,
퍼센트스튜디오,부산광역시 동래구 명륜동 672-2,3,9:00,22:00,,,,,
퍼센트스튜디오,부산광역시 동래구 명륜동 672-2,4,9:00,22:00,,,,,
퍼센트스튜디오,부산광역시 동래구 명륜동 672-2,5,9:00,22:00,,,,,
퍼센트스튜디오,부산광역시 동래구 명륜동 672-2,6,9:00,17:00,,,,,
퍼스트핏,부산광역시 금정구 장전동 296-28,0,,,,,,TRUE,
퍼스트핏,부산광역시 금정구 장전동 296-28,1,,,,,,,
퍼스트핏,부산광역시 금정구 장전동 296-28,2,,,,,,,
퍼스트핏,부산광역시 금정구 장전동 296-28,3,,,,,,,
퍼스트핏,부산광역시 금정구 장전동 296-28,4,,,,,,,
퍼스트핏,부산광역시 금정구 장전동 296-28,5,,,,,,,
퍼스트핏,부산광역시 금정구 장전동 296-28,6,,,,,,,
펏스원 부산대1호점,부산광역시 금정구 장전동 401-20,0,,,,,,,
펏스원 부산대1호점,부산광역시 금정구 장전동 401-20,1,,,,,,,
펏스원 부산대1호점,부산광역시 금정구 장전동 401-20,2,,,,,,,
펏스원 부산대1호점,부산광역시 금정구 장전동 401-20,3,,,,,,,
펏스원 부산대1호점,부산광역시 금정구 장전동 401-20,4,,,,,,,
펏스원 부산대1호점,부산광역시 금정구 장전동 401-20,5,,,,,,,
펏스원 부산대1호점,부산광역시 금정구 장전동 401-20,6,,,,,,,
포레스트핏,부산광역시 금정구 장전동 293-6,0,,,,,,,
포레스트핏,부산광역시 금정구 장전동 293-6,1,,,,,,,
포레스트핏,부산광역시 금정구 장전동 293-6,2,,,,,,,
포레스트핏,부산광역시 금정구 장전동 293-6,3,,,,,,,
포레스트핏,부산광역시 금정구 장전동 293-6,4,,,,,,,
포레스트핏,부산광역시 금정구 장전동 293-6,5,,,,,,,
포레스트핏,부산광역시 금정구 장전동 293-6,6,,,,,,,
표박사크로스핏,부산광역시 금정구 구서동 471-8,0,,,,,,,
표박사크로스핏,부산광역시 금정구 구서동 471-8,1,,,,,,,
표박사크로스핏,부산광역시 금정구 구서동 471-8,2,,,,,,,
표박사크로스핏,부산광역시 금정구 구서동 471-8,3,,,,,,,
표박사크로스핏,부산광역시 금정구 구서동 471-8,4,,,,,,,
표박사크로스핏,부산광역시 금정구 구서동 471-8,5,,,,,,,
표박사크로스핏,부산광역시 금정구 구서동 471-8,6,,,,,,,
프레리키즈카페명륜점,부산광역시 동래구 명륜동 98-17,0,10:00,20:00,,,,,
프레리키즈카페명륜점,부산광역시 동래구 명륜동 98-17,1,11:00,20:00,,,,,
프레리키즈카페명륜점,부산광역시 동래구 명륜동 98-17,2,11:00,20:00,,,,,
프레리키즈카페명륜점,부산광역시 동래구 명륜동 98-17,3,11:00,20:00,,,,,
프레리키즈카페명륜점,부산광역시 동래구 명륜동 98-17,4,11:00,20:00,,,,,
프레리키즈카페명륜점,부산광역시 동래구 명륜동 98-17,5,11:00,20:00,,,,,
프레리키즈카페명륜점,부산광역시 동래구 명륜동 98-17,6,10:00,20:00,,,,,
프렌즈스크린골프 금정부곡점,부산광역시 금정구 부곡동 235-13,0,5:00,1:00,,,,,
프렌즈스크린골프 금정부곡점,부산광역시 금정구 부곡동 235-13,1,5:00,1:00,,,,,
프렌즈스크린골프 금정부곡점,부산광역시 금정구 부곡동 235-13,2,5:00,1:00,,,,,
프렌즈스크린골프 금정부곡점,부산광역시 금정구 부곡동 235-13,3,5:00,1:00,,,,,
프렌즈스크린골프 금정부곡점,부산광역시 금정구 부곡동 235-13,4,5:00,1:00,,,,,
프렌즈스크린골프 금정부곡점,부산광역시 금정구 부곡동 235-13,5,5:00,1:00,,,,,
프렌즈스크린골프 금정부곡점,부산광역시 금정구 부곡동 235-13,6,5:00,1:00,,,,,
프로방스노래연습장,부산광역시 금정구 구서동 446-6,0,0:00,,,,,,
프로방스노래연습장,부산광역시 금정구 구서동 446-6,1,0:00,,,,,,
프로방스노래연습장,부산광역시 금정구 구서동 446-6,2,0:00,,,,,,
프로방스노래연습장,부산광역시 금정구 구서동 446-6,3,0:00,,,,,,
프로방스노래연습장,부산광역시 금정구 구서동 446-6,4,0:00,,,,,,
프로방스노래연습장,부산광역시 금정구 구서동 446-6,5,0:00,,,,,,
프로방스노래연습장,부산광역시 금정구 구서동 446-6,6,0:00,,,,,,
플랙스CAROMCLUB,부산광역시 동래구 명륜동 553-5,0,9:00,18:00,,,,,
플랙스CAROMCLUB,부산광역시 동래구 명륜동 553-5,1,6:00,23:00,,,,,
플랙스CAROMCLUB,부산광역시 동래구 명륜동 553-5,2,6:00,23:00,,,,,
플랙스CAROMCLUB,부산광역시 동래구 명륜동 553-5,3,6:00,23:00,,,,,
플랙스CAROMCLUB,부산광역시 동래구 명륜동 553-5,4,6:00,23:00,,,,,
플랙스CAROMCLUB,부산광역시 동래구 명륜동 553-5,5,6:00,23:00,,,,,
플랙스CAROMCLUB,부산광역시 동래구 명륜동 553-5,6,9:00,18:00,,,,,
플레이샵,부산광역시 금정구 부곡동 391-29,0,,,,,,,
플레이샵,부산광역시 금정구 부곡동 391-29,1,,,,,,,
플레이샵,부산광역시 금정구 부곡동 391-29,2,,,,,,,
플레이샵,부산광역시 금정구 부곡동 391-29,3,,,,,,,
플레이샵,부산광역시 금정구 부곡동 391-29,4,,,,,,,
플레이샵,부산광역시 금정구 부곡동 391-29,5,,,,,,,
플레이샵,부산광역시 금정구 부곡동 391-29,6,,,,,,,
플렉스짐,부산광역시 동래구 온천동 1412-8,0,,,,,,,
플렉스짐,부산광역시 동래구 온천동 1412-8,1,,,,,,,
플렉스짐,부산광역시 동래구 온천동 1412-8,2,,,,,,,
플렉스짐,부산광역시 동래구 온천동 1412-8,3,,,,,,,
플렉스짐,부산광역시 동래구 온천동 1412-8,4,,,,,,,
플렉스짐,부산광역시 동래구 온천동 1412-8,5,,,,,,,
플렉스짐,부산광역시 동래구 온천동 1412-8,6,,,,,,,
피지에이스크린골프,부산광역시 금정구 부곡동 324-2,0,10:00,22:00,,,,,
피지에이스크린골프,부산광역시 금정구 부곡동 324-2,1,10:00,22:00,,,,,
피지에이스크린골프,부산광역시 금정구 부곡동 324-2,2,10:00,22:00,,,,,
피지에이스크린골프,부산광역시 금정구 부곡동 324-2,3,10:00,22:00,,,,,
피지에이스크린골프,부산광역시 금정구 부곡동 324-2,4,10:00,22:00,,,,,
피지에이스크린골프,부산광역시 금정구 부곡동 324-2,5,10:00,22:00,,,,,
피지에이스크린골프,부산광역시 금정구 부곡동 324-2,6,10:00,22:00,,,,,
피트니스메이트그룹운동센터,부산광역시 동래구 온천동 170-3,0,,,,,,,
피트니스메이트그룹운동센터,부산광역시 동래구 온천동 170-3,1,,,,,,,
피트니스메이트그룹운동센터,부산광역시 동래구 온천동 170-3,2,,,,,,,
피트니스메이트그룹운동센터,부산광역시 동래구 온천동 170-3,3,,,,,,,
피트니스메이트그룹운동센터,부산광역시 동래구 온천동 170-3,4,,,,,,,
피트니스메이트그룹운동센터,부산광역시 동래구 온천동 170-3,5,,,,,,,
피트니스메이트그룹운동센터,부산광역시 동래구 온천동 170-3,6,,,,,,,
피트니스인앤스타,부산광역시 동래구 온천동 182-7,0,,,,,,,
피트니스인앤스타,부산광역시 동래구 온천동 182-7,1,,,,,,,
피트니스인앤스타,부산광역시 동래구 온천동 182-7,2,,,,,,,
피트니스인앤스타,부산광역시 동래구 온천동 182-7,3,,,,,,,
피트니스인앤스타,부산광역시 동래구 온천동 182-7,4,,,,,,,
피트니스인앤스타,부산광역시 동래구 온천동 182-7,5,,,,,,,
피트니스인앤스타,부산광역시 동래구 온천동 182-7,6,,,,,,,
피티가치4,부산광역시 동래구 온천동 1428-43,0,,,,,,,
피티가치4,부산광역시 동래구 온천동 1428-43,1,,,,,,,
피티가치4,부산광역시 동래구 온천동 1428-43,2,,,,,,,
피티가치4,부산광역시 동래구 온천동 1428-43,3,,,,,,,
피티가치4,부산광역시 동래구 온천동 1428-43,4,,,,,,,
피티가치4,부산광역시 동래구 온천동 1428-43,5,,,,,,,
피티가치4,부산광역시 동래구 온천동 1428-43,6,,,,,,,
피티메이저,부산광역시 동래구 명륜동 174-35,0,9:00,18:00,,,,,
피티메이저,부산광역시 동래구 명륜동 174-35,1,9:00,23:00,,,,,
피티메이저,부산광역시 동래구 명륜동 174-35,2,9:00,23:00,,,,,
피티메이저,부산광역시 동래구 명륜동 174-35,3,9:00,23:00,,,,,
피티메이저,부산광역시 동래구 명륜동 174-35,4,9:00,23:00,,,,,
피티메이저,부산광역시 동래구 명륜동 174-35,5,9:00,23:00,,,,,
피티메이저,부산광역시 동래구 명륜동 174-35,6,9:00,18:00,,,,,
피티메이저,부산광역시 동래구 명륜동 795,0,,,,,,TRUE,
피티메이저,부산광역시 동래구 명륜동 795,1,9:00,23:00,,,,,
피티메이저,부산광역시 동래구 명륜동 795,2,9:00,23:00,,,,,
피티메이저,부산광역시 동래구 명륜동 795,3,9:00,23:00,,,,,
피티메이저,부산광역시 동래구 명륜동 795,4,9:00,23:00,,,,,
피티메이저,부산광역시 동래구 명륜동 795,5,9:00,23:00,,,,,
피티메이저,부산광역시 동래구 명륜동 795,6,9:00,18:00,,,,,
피플PC,부산광역시 동래구 온천동 1421-8,0,,,,,,,
피플PC,부산광역시 동래구 온천동 1421-8,1,,,,,,,
피플PC,부산광역시 동래구 온천동 1421-8,2,,,,,,,
피플PC,부산광역시 동래구 온천동 1421-8,3,,,,,,,
피플PC,부산광역시 동래구 온천동 1421-8,4,,,,,,,
피플PC,부산광역시 동래구 온천동 1421-8,5,,,,,,,
피플PC,부산광역시 동래구 온천동 1421-8,6,,,,,,,
필당구장,부산광역시 동래구 온천동 150-3,0,,,,,,,
필당구장,부산광역시 동래구 온천동 150-3,1,,,,,,,
필당구장,부산광역시 동래구 온천동 150-3,2,,,,,,,
필당구장,부산광역시 동래구 온천동 150-3,3,,,,,,,
필당구장,부산광역시 동래구 온천동 150-3,4,,,,,,,
필당구장,부산광역시 동래구 온천동 150-3,5,,,,,,,
필당구장,부산광역시 동래구 온천동 150-3,6,,,,,,,
필승노래연습장,부산광역시 금정구 구서동 87-26,0,,,,,,,
필승노래연습장,부산광역시 금정구 구서동 87-26,1,,,,,,,
필승노래연습장,부산광역시 금정구 구서동 87-26,2,,,,,,,
필승노래연습장,부산광역시 금정구 구서동 87-26,3,,,,,,,
필승노래연습장,부산광역시 금정구 구서동 87-26,4,,,,,,,
필승노래연습장,부산광역시 금정구 구서동 87-26,5,,,,,,,
필승노래연습장,부산광역시 금정구 구서동 87-26,6,,,,,,,
핏핏,부산광역시 금정구 구서동 1022-7,0,,,,,,TRUE,
핏핏,부산광역시 금정구 구서동 1022-7,1,8:00,23:00,,,,,
핏핏,부산광역시 금정구 구서동 1022-7,2,8:00,23:00,,,,,
핏핏,부산광역시 금정구 구서동 1022-7,3,8:00,23:00,,,,,
핏핏,부산광역시 금정구 구서동 1022-7,4,8:00,23:00,,,,,
핏핏,부산광역시 금정구 구서동 1022-7,5,8:00,23:00,,,,,
핏핏,부산광역시 금정구 구서동 1022-7,6,8:00,14:00,,,,,
핏핏구서점,부산광역시 금정구 구서동 248-26,0,,,,,,TRUE,
핏핏구서점,부산광역시 금정구 구서동 248-26,1,8:00,23:00,,,,,
핏핏구서점,부산광역시 금정구 구서동 248-26,2,8:00,23:00,,,,,
핏핏구서점,부산광역시 금정구 구서동 248-26,3,8:00,23:00,,,,,
핏핏구서점,부산광역시 금정구 구서동 248-26,4,8:00,23:00,,,,,
핏핏구서점,부산광역시 금정구 구서동 248-26,5,8:00,23:00,,,,,
핏핏구서점,부산광역시 금정구 구서동 248-26,6,8:00,14:00,,,,,
핏핏바디트레이닝PT센터 동래점,부산광역시 동래구 명륜동 618-5,0,,,,,,TRUE,
핏핏바디트레이닝PT센터 동래점,부산광역시 동래구 명륜동 618-5,1,7:00,23:00,,,,,
핏핏바디트레이닝PT센터 동래점,부산광역시 동래구 명륜동 618-5,2,7:00,23:00,,,,,
핏핏바디트레이닝PT센터 동래점,부산광역시 동래구 명륜동 618-5,3,7:00,23:00,,,,,
핏핏바디트레이닝PT센터 동래점,부산광역시 동래구 명륜동 618-5,4,7:00,23:00,,,,,
핏핏바디트레이닝PT센터 동래점,부산광역시 동래구 명륜동 618-5,5,7:00,23:00,,,,,
핏핏바디트레이닝PT센터 동래점,부산광역시 동래구 명륜동 618-5,6,7:00,18:00,,,,,
핑계노래연습장,부산광역시 동래구 온천동 153-24,0,,,,,,,
핑계노래연습장,부산광역시 동래구 온천동 153-24,1,,,,,,,
핑계노래연습장,부산광역시 동래구 온천동 153-24,2,,,,,,,
핑계노래연습장,부산광역시 동래구 온천동 153-24,3,,,,,,,
핑계노래연습장,부산광역시 동래구 온천동 153-24,4,,,,,,,
핑계노래연습장,부산광역시 동래구 온천동 153-24,5,,,,,,,
핑계노래연습장,부산광역시 동래구 온천동 153-24,6,,,,,,,
하루하루움직임연구소,부산광역시 금정구 구서동 1032-3,0,,,,,,TRUE,
하루하루움직임연구소,부산광역시 금정구 구서동 1032-3,1,9:00,20:00,,,,,
하루하루움직임연구소,부산광역시 금정구 구서동 1032-3,2,9:00,20:00,,,,,
하루하루움직임연구소,부산광역시 금정구 구서동 1032-3,3,9:00,20:00,,,,,
하루하루움직임연구소,부산광역시 금정구 구서동 1032-3,4,9:00,20:00,,,,,
하루하루움직임연구소,부산광역시 금정구 구서동 1032-3,5,9:00,20:00,,,,,
하루하루움직임연구소,부산광역시 금정구 구서동 1032-3,6,10:00,17:00,,,,,
하바스다이어트스쿨,부산광역시 동래구 온천동 200-30,0,,,,,,,
하바스다이어트스쿨,부산광역시 동래구 온천동 200-30,1,,,,,,,
하바스다이어트스쿨,부산광역시 동래구 온천동 200-30,2,,,,,,,
하바스다이어트스쿨,부산광역시 동래구 온천동 200-30,3,,,,,,,
하바스다이어트스쿨,부산광역시 동래구 온천동 200-30,4,,,,,,,
하바스다이어트스쿨,부산광역시 동래구 온천동 200-30,5,,,,,,,
하바스다이어트스쿨,부산광역시 동래구 온천동 200-30,6,,,,,,,
하와이피티,부산광역시 금정구 부곡동 224-71,0,,,,,,,
하와이피티,부산광역시 금정구 부곡동 224-71,1,,,,,,,
하와이피티,부산광역시 금정구 부곡동 224-71,2,,,,,,,
하와이피티,부산광역시 금정구 부곡동 224-71,3,,,,,,,
하와이피티,부산광역시 금정구 부곡동 224-71,4,,,,,,,
하와이피티,부산광역시 금정구 부곡동 224-71,5,,,,,,,
하와이피티,부산광역시 금정구 부곡동 224-71,6,,,,,,,
하이테니스랩,부산광역시 금정구 부곡동 225-58,0,6:00,22:00,,,,,
하이테니스랩,부산광역시 금정구 부곡동 225-58,1,6:00,22:00,,,,,
하이테니스랩,부산광역시 금정구 부곡동 225-58,2,6:00,22:00,,,,,
하이테니스랩,부산광역시 금정구 부곡동 225-58,3,6:00,22:00,,,,,
하이테니스랩,부산광역시 금정구 부곡동 225-58,4,6:00,22:00,,,,,
하이테니스랩,부산광역시 금정구 부곡동 225-58,5,6:00,22:00,,,,,
하이테니스랩,부산광역시 금정구 부곡동 225-58,6,6:00,22:00,,,,,
한성당구클럽,부산광역시 금정구 부곡동 295-16,0,,,,,,,
한성당구클럽,부산광역시 금정구 부곡동 295-16,1,,,,,,,
한성당구클럽,부산광역시 금정구 부곡동 295-16,2,,,,,,,
한성당구클럽,부산광역시 금정구 부곡동 295-16,3,,,,,,,
한성당구클럽,부산광역시 금정구 부곡동 295-16,4,,,,,,,
한성당구클럽,부산광역시 금정구 부곡동 295-16,5,,,,,,,
한성당구클럽,부산광역시 금정구 부곡동 295-16,6,,,,,,,
한일스크린골프,부산광역시 금정구 부곡동 234-2,0,10:00,2:00,,,,,
한일스크린골프,부산광역시 금정구 부곡동 234-2,1,10:00,2:00,,,,,
한일스크린골프,부산광역시 금정구 부곡동 234-2,2,10:00,2:00,,,,,
한일스크린골프,부산광역시 금정구 부곡동 234-2,3,10:00,2:00,,,,,
한일스크린골프,부산광역시 금정구 부곡동 234-2,4,10:00,2:00,,,,,
한일스크린골프,부산광역시 금정구 부곡동 234-2,5,10:00,2:00,,,,,
한일스크린골프,부산광역시 금정구 부곡동 234-2,6,10:00,2:00,,,,,
한큐당구장,부산광역시 금정구 장전동 417-34,0,,,,,,,
한큐당구장,부산광역시 금정구 장전동 417-34,1,,,,,,,
한큐당구장,부산광역시 금정구 장전동 417-34,2,,,,,,,
한큐당구장,부산광역시 금정구 장전동 417-34,3,,,,,,,
한큐당구장,부산광역시 금정구 장전동 417-34,4,,,,,,,
한큐당구장,부산광역시 금정구 장전동 417-34,5,,,,,,,
한큐당구장,부산광역시 금정구 장전동 417-34,6,,,,,,,
한큐당구클럽,부산광역시 금정구 부곡동 22-17,0,,,,,,,
한큐당구클럽,부산광역시 금정구 부곡동 22-17,1,,,,,,,
한큐당구클럽,부산광역시 금정구 부곡동 22-17,2,,,,,,,
한큐당구클럽,부산광역시 금정구 부곡동 22-17,3,,,,,,,
한큐당구클럽,부산광역시 금정구 부곡동 22-17,4,,,,,,,
한큐당구클럽,부산광역시 금정구 부곡동 22-17,5,,,,,,,
한큐당구클럽,부산광역시 금정구 부곡동 22-17,6,,,,,,,
합창노래연습장,부산광역시 금정구 구서동 415-33,0,,,,,,,
합창노래연습장,부산광역시 금정구 구서동 415-33,1,,,,,,,
합창노래연습장,부산광역시 금정구 구서동 415-33,2,,,,,,,
합창노래연습장,부산광역시 금정구 구서동 415-33,3,,,,,,,
합창노래연습장,부산광역시 금정구 구서동 415-33,4,,,,,,,
합창노래연습장,부산광역시 금정구 구서동 415-33,5,,,,,,,
합창노래연습장,부산광역시 금정구 구서동 415-33,6,,,,,,,
해오름 골프연습장,부산광역시 동래구 온천동 1414-18,0,,,,,,,
해오름 골프연습장,부산광역시 동래구 온천동 1414-18,1,,,,,,,
해오름 골프연습장,부산광역시 동래구 온천동 1414-18,2,,,,,,,
해오름 골프연습장,부산광역시 동래구 온천동 1414-18,3,,,,,,,
해오름 골프연습장,부산광역시 동래구 온천동 1414-18,4,,,,,,,
해오름 골프연습장,부산광역시 동래구 온천동 1414-18,5,,,,,,,
해오름 골프연습장,부산광역시 동래구 온천동 1414-18,6,,,,,,,
해오름탁구장,부산광역시 동래구 명륜동 681-16,0,,,,,,,
해오름탁구장,부산광역시 동래구 명륜동 681-16,1,,,,,,,
해오름탁구장,부산광역시 동래구 명륜동 681-16,2,,,,,,,
해오름탁구장,부산광역시 동래구 명륜동 681-16,3,,,,,,,
해오름탁구장,부산광역시 동래구 명륜동 681-16,4,,,,,,,
해오름탁구장,부산광역시 동래구 명륜동 681-16,5,,,,,,,
해오름탁구장,부산광역시 동래구 명륜동 681-16,6,,,,,,,
해피로PC,부산광역시 금정구 장전동 155-4,0,,,,,,,
해피로PC,부산광역시 금정구 장전동 155-4,1,,,,,,,
해피로PC,부산광역시 금정구 장전동 155-4,2,,,,,,,
해피로PC,부산광역시 금정구 장전동 155-4,3,,,,,,,
해피로PC,부산광역시 금정구 장전동 155-4,4,,,,,,,
해피로PC,부산광역시 금정구 장전동 155-4,5,,,,,,,
해피로PC,부산광역시 금정구 장전동 155-4,6,,,,,,,
해피점핑다이어트,부산광역시 금정구 부곡동 303-1,0,,,,,,,
해피점핑다이어트,부산광역시 금정구 부곡동 303-1,1,,,,,,,
해피점핑다이어트,부산광역시 금정구 부곡동 303-1,2,,,,,,,
해피점핑다이어트,부산광역시 금정구 부곡동 303-1,3,,,,,,,
해피점핑다이어트,부산광역시 금정구 부곡동 303-1,4,,,,,,,
해피점핑다이어트,부산광역시 금정구 부곡동 303-1,5,,,,,,,
해피점핑다이어트,부산광역시 금정구 부곡동 303-1,6,,,,,,,
행운동래로또,부산광역시 동래구 온천동 777-27,0,,,,,,,
행운동래로또,부산광역시 동래구 온천동 777-27,1,,,,,,,
행운동래로또,부산광역시 동래구 온천동 777-27,2,,,,,,,
행운동래로또,부산광역시 동래구 온천동 777-27,3,,,,,,,
행운동래로또,부산광역시 동래구 온천동 777-27,4,,,,,,,
행운동래로또,부산광역시 동래구 온천동 777-27,5,,,,,,,
행운동래로또,부산광역시 동래구 온천동 777-27,6,,,,,,,
행운복권방,부산광역시 동래구 온천동 154-26,0,,,,,,,
행운복권방,부산광역시 동래구 온천동 154-26,1,,,,,,,
행운복권방,부산광역시 동래구 온천동 154-26,2,,,,,,,
행운복권방,부산광역시 동래구 온천동 154-26,3,,,,,,,
행운복권방,부산광역시 동래구 온천동 154-26,4,,,,,,,
행운복권방,부산광역시 동래구 온천동 154-26,5,,,,,,,
행운복권방,부산광역시 동래구 온천동 154-26,6,,,,,,,
행운의열쇠복권방 구서,부산광역시 금정구 구서동 413-11,0,,,,,,,
행운의열쇠복권방 구서,부산광역시 금정구 구서동 413-11,1,,,,,,,
행운의열쇠복권방 구서,부산광역시 금정구 구서동 413-11,2,,,,,,,
행운의열쇠복권방 구서,부산광역시 금정구 구서동 413-11,3,,,,,,,
행운의열쇠복권방 구서,부산광역시 금정구 구서동 413-11,4,,,,,,,
행운의열쇠복권방 구서,부산광역시 금정구 구서동 413-11,5,,,,,,,
행운의열쇠복권방 구서,부산광역시 금정구 구서동 413-11,6,,,,,,,
허니보이스 동전노래연습장,부산광역시 금정구 장전동 415-21,0,,,,,,,
허니보이스 동전노래연습장,부산광역시 금정구 장전동 415-21,1,,,,,,,
허니보이스 동전노래연습장,부산광역시 금정구 장전동 415-21,2,,,,,,,
허니보이스 동전노래연습장,부산광역시 금정구 장전동 415-21,3,,,,,,,
허니보이스 동전노래연습장,부산광역시 금정구 장전동 415-21,4,,,,,,,
허니보이스 동전노래연습장,부산광역시 금정구 장전동 415-21,5,,,,,,,
허니보이스 동전노래연습장,부산광역시 금정구 장전동 415-21,6,,,,,,,
헬스인더짐&PT&스피닝동래미남역점,부산광역시 동래구 온천동 1248-4,0,,,,,,,
헬스인더짐&PT&스피닝동래미남역점,부산광역시 동래구 온천동 1248-4,1,,,,,,,
헬스인더짐&PT&스피닝동래미남역점,부산광역시 동래구 온천동 1248-4,2,,,,,,,
헬스인더짐&PT&스피닝동래미남역점,부산광역시 동래구 온천동 1248-4,3,,,,,,,
헬스인더짐&PT&스피닝동래미남역점,부산광역시 동래구 온천동 1248-4,4,,,,,,,
헬스인더짐&PT&스피닝동래미남역점,부산광역시 동래구 온천동 1248-4,5,,,,,,,
헬스인더짐&PT&스피닝동래미남역점,부산광역시 동래구 온천동 1248-4,6,,,,,,,
헬스인더짐&스피닝미남점,부산광역시 동래구 온천동 1248-4,0,,,,,,,
헬스인더짐&스피닝미남점,부산광역시 동래구 온천동 1248-4,1,,,,,,,
헬스인더짐&스피닝미남점,부산광역시 동래구 온천동 1248-4,2,,,,,,,
헬스인더짐&스피닝미남점,부산광역시 동래구 온천동 1248-4,3,,,,,,,
헬스인더짐&스피닝미남점,부산광역시 동래구 온천동 1248-4,4,,,,,,,
헬스인더짐&스피닝미남점,부산광역시 동래구 온천동 1248-4,5,,,,,,,
헬스인더짐&스피닝미남점,부산광역시 동래구 온천동 1248-4,6,,,,,,,
현대휘트니스,부산광역시 금정구 부곡동 333-1,0,6:30,22:00,,,,,
현대휘트니스,부산광역시 금정구 부곡동 333-1,1,6:30,22:00,,,,,
현대휘트니스,부산광역시 금정구 부곡동 333-1,2,6:30,22:00,,,,,
현대휘트니스,부산광역시 금정구 부곡동 333-1,3,6:30,22:00,,,,,
현대휘트니스,부산광역시 금정구 부곡동 333-1,4,6:30,22:00,,,,,
현대휘트니스,부산광역시 금정구 부곡동 333-1,5,6:30,22:00,,,,,
현대휘트니스,부산광역시 금정구 부곡동 333-1,6,6:30,22:00,,,,,
현자 스크린골프연습장,부산광역시 금정구 부곡동 333-1,0,,,,,,,
현자 스크린골프연습장,부산광역시 금정구 부곡동 333-1,1,,,,,,,
현자 스크린골프연습장,부산광역시 금정구 부곡동 333-1,2,,,,,,,
현자 스크린골프연습장,부산광역시 금정구 부곡동 333-1,3,,,,,,,
현자 스크린골프연습장,부산광역시 금정구 부곡동 333-1,4,,,,,,,
현자 스크린골프연습장,부산광역시 금정구 부곡동 333-1,5,,,,,,,
현자 스크린골프연습장,부산광역시 금정구 부곡동 333-1,6,,,,,,,
현피트니스,부산광역시 금정구 부곡동 268-2,0,,,,,,TRUE,
현피트니스,부산광역시 금정구 부곡동 268-2,1,6:30,22:30,,,,,
현피트니스,부산광역시 금정구 부곡동 268-2,2,6:30,22:30,,,,,
현피트니스,부산광역시 금정구 부곡동 268-2,3,6:30,22:30,,,,,
현피트니스,부산광역시 금정구 부곡동 268-2,4,6:30,22:30,,,,,
현피트니스,부산광역시 금정구 부곡동 268-2,5,6:30,22:30,,,,,
현피트니스,부산광역시 금정구 부곡동 268-2,6,9:00,20:00,,,,,
화이팅노래연습장,부산광역시 금정구 구서동 414-82,0,,,,,,,
화이팅노래연습장,부산광역시 금정구 구서동 414-82,1,,,,,,,
화이팅노래연습장,부산광역시 금정구 구서동 414-82,2,,,,,,,
화이팅노래연습장,부산광역시 금정구 구서동 414-82,3,,,,,,,
화이팅노래연습장,부산광역시 금정구 구서동 414-82,4,,,,,,,
화이팅노래연습장,부산광역시 금정구 구서동 414-82,5,,,,,,,
화이팅노래연습장,부산광역시 금정구 구서동 414-82,6,,,,,,,
황금노래연습장,부산광역시 금정구 구서동 445-1,0,,,,,,,
황금노래연습장,부산광역시 금정구 구서동 445-1,1,,,,,,,
황금노래연습장,부산광역시 금정구 구서동 445-1,2,,,,,,,
황금노래연습장,부산광역시 금정구 구서동 445-1,3,,,,,,,
황금노래연습장,부산광역시 금정구 구서동 445-1,4,,,,,,,
황금노래연습장,부산광역시 금정구 구서동 445-1,5,,,,,,,
황금노래연습장,부산광역시 금정구 구서동 445-1,6,,,,,,,
황제,부산광역시 동래구 온천동 137-5,0,,,,,,,
황제,부산광역시 동래구 온천동 137-5,1,,,,,,,
황제,부산광역시 동래구 온천동 137-5,2,,,,,,,
황제,부산광역시 동래구 온천동 137-5,3,,,,,,,
황제,부산광역시 동래구 온천동 137-5,4,,,,,,,
황제,부산광역시 동래구 온천동 137-5,5,,,,,,,
황제,부산광역시 동래구 온천동 137-5,6,,,,,,,
황태자노래연습장,부산광역시 동래구 온천동 751-13,0,,,,,,,
황태자노래연습장,부산광역시 동래구 온천동 751-13,1,,,,,,,
황태자노래연습장,부산광역시 동래구 온천동 751-13,2,,,,,,,
황태자노래연습장,부산광역시 동래구 온천동 751-13,3,,,,,,,
황태자노래연습장,부산광역시 동래구 온천동 751-13,4,,,,,,,
황태자노래연습장,부산광역시 동래구 온천동 751-13,5,,,,,,,
황태자노래연습장,부산광역시 동래구 온천동 751-13,6,,,,,,,
후니골프,부산광역시 금정구 장전동 538-1,0,,,,,,,
후니골프,부산광역시 금정구 장전동 538-1,1,,,,,,,
후니골프,부산광역시 금정구 장전동 538-1,2,,,,,,,
후니골프,부산광역시 금정구 장전동 538-1,3,,,,,,,
후니골프,부산광역시 금정구 장전동 538-1,4,,,,,,,
후니골프,부산광역시 금정구 장전동 538-1,5,,,,,,,
후니골프,부산광역시 금정구 장전동 538-1,6,,,,,,,
휴앤씨마실스크린파크골프 금정점,부산광역시 금정구 부곡동 63-1,0,,,,,,,
휴앤씨마실스크린파크골프 금정점,부산광역시 금정구 부곡동 63-1,1,,,,,,,
휴앤씨마실스크린파크골프 금정점,부산광역시 금정구 부곡동 63-1,2,,,,,,,
휴앤씨마실스크린파크골프 금정점,부산광역시 금정구 부곡동 63-1,3,,,,,,,
휴앤씨마실스크린파크골프 금정점,부산광역시 금정구 부곡동 63-1,4,,,,,,,
휴앤씨마실스크린파크골프 금정점,부산광역시 금정구 부곡동 63-1,5,,,,,,,
휴앤씨마실스크린파크골프 금정점,부산광역시 금정구 부곡동 63-1,6,,,,,,,
흥부와놀부,부산광역시 금정구 장전동 415-13,0,,,,,,,
흥부와놀부,부산광역시 금정구 장전동 415-13,1,,,,,,,
흥부와놀부,부산광역시 금정구 장전동 415-13,2,,,,,,,
흥부와놀부,부산광역시 금정구 장전동 415-13,3,,,,,,,
흥부와놀부,부산광역시 금정구 장전동 415-13,4,,,,,,,
흥부와놀부,부산광역시 금정구 장전동 415-13,5,,,,,,,
흥부와놀부,부산광역시 금정구 장전동 415-13,6,,,,,,,
히든노래연습장,부산광역시 동래구 온천동 138-41,0,,,,,,,
히든노래연습장,부산광역시 동래구 온천동 138-41,1,,,,,,,
히든노래연습장,부산광역시 동래구 온천동 138-41,2,,,,,,,
히든노래연습장,부산광역시 동래구 온천동 138-41,3,,,,,,,
히든노래연습장,부산광역시 동래구 온천동 138-41,4,,,,,,,
히든노래연습장,부산광역시 동래구 온천동 138-41,5,,,,,,,
히든노래연습장,부산광역시 동래구 온천동 138-41,6,,,,,,,
힐링,부산광역시 금정구 구서동 654-52,0,,,,,,,
힐링,부산광역시 금정구 구서동 654-52,1,,,,,,,
힐링,부산광역시 금정구 구서동 654-52,2,,,,,,,
힐링,부산광역시 금정구 구서동 654-52,3,,,,,,,
힐링,부산광역시 금정구 구서동 654-52,4,,,,,,,
힐링,부산광역시 금정구 구서동 654-52,5,,,,,,,
힐링,부산광역시 금정구 구서동 654-52,6,,,,,,,
히든에이스,부산광역시 동래구 명륜동 553-21,0,,,,,,,
히든에이스,부산광역시 동래구 명륜동 553-21,1,,,,,,,
히든에이스,부산광역시 동래구 명륜동 553-21,2,,,,,,,
히든에이스,부산광역시 동래구 명륜동 553-21,3,,,,,,,
히든에이스,부산광역시 동래구 명륜동 553-21,4,,,,,,,
히든에이스,부산광역시 동래구 명륜동 553-21,5,,,,,,,
히든에이스,부산광역시 동래구 명륜동 553-21,6,,,,,,,
