이름,지번주소,도로명주소,요일,여는시간,닫는시간,라스트오더,휴무여부,비고,Column1,_1,_2
13月:리쳄버,부산광역시 금정구 구서동 472-2,부산광역시 금정구 수림로66번길 91,0,,,,,,,,
13月:리쳄버,부산광역시 금정구 구서동 472-2,부산광역시 금정구 수림로66번길 91,1,,,,,,,,
13月:리쳄버,부산광역시 금정구 구서동 472-2,부산광역시 금정구 수림로66번길 91,2,,,,,,,,
13月:리쳄버,부산광역시 금정구 구서동 472-2,부산광역시 금정구 수림로66번길 91,3,,,,,,,,
13月:리쳄버,부산광역시 금정구 구서동 472-2,부산광역시 금정구 수림로66번길 91,4,,,,,,,,
13月:리쳄버,부산광역시 금정구 구서동 472-2,부산광역시 금정구 수림로66번길 91,5,,,,,,,,
13月:리쳄버,부산광역시 금정구 구서동 472-2,부산광역시 금정구 수림로66번길 91,6,,,,,,,,
22그램,부산광역시 금정구 장전동 401-1,부산광역시 금정구 금강로 271-11,0,,,,TRUE,,,,
22그램,부산광역시 금정구 장전동 401-1,부산광역시 금정구 금강로 271-11,1,8:00,16:00,,,,,,
22그램,부산광역시 금정구 장전동 401-1,부산광역시 금정구 금강로 271-11,2,8:00,16:00,,,,,,
22그램,부산광역시 금정구 장전동 401-1,부산광역시 금정구 금강로 271-11,3,8:00,16:00,,,,,,
22그램,부산광역시 금정구 장전동 401-1,부산광역시 금정구 금강로 271-11,4,8:00,16:00,,,,,,
22그램,부산광역시 금정구 장전동 401-1,부산광역시 금정구 금강로 271-11,5,8:00,16:00,,,,,,
22그램,부산광역시 금정구 장전동 401-1,부산광역시 금정구 금강로 271-11,6,,,,TRUE,,,,
가배차 명륜점,부산광역시 동래구 명륜동 700-130,부산광역시 동래구 동래로57번길 44,0,,,,TRUE,,,,
가배차 명륜점,부산광역시 동래구 명륜동 700-130,부산광역시 동래구 동래로57번길 44,1,10:00,20:00,,,,,,
가배차 명륜점,부산광역시 동래구 명륜동 700-130,부산광역시 동래구 동래로57번길 44,2,10:00,20:00,,,,,,
가배차 명륜점,부산광역시 동래구 명륜동 700-130,부산광역시 동래구 동래로57번길 44,3,10:00,20:00,,,,,,
가배차 명륜점,부산광역시 동래구 명륜동 700-130,부산광역시 동래구 동래로57번길 44,4,10:00,20:00,,,,,,
가배차 명륜점,부산광역시 동래구 명륜동 700-130,부산광역시 동래구 동래로57번길 44,5,10:00,20:00,,,,,,
가배차 명륜점,부산광역시 동래구 명륜동 700-130,부산광역시 동래구 동래로57번길 44,6,10:00,20:00,,,,,,
가배헌,부산광역시 금정구 구서동 1012-5,부산광역시 금정구 금샘로 423,0,11:00,20:00,,,,,,
가배헌,부산광역시 금정구 구서동 1012-5,부산광역시 금정구 금샘로 423,1,,,,TRUE,,,,
가배헌,부산광역시 금정구 구서동 1012-5,부산광역시 금정구 금샘로 423,2,11:00,20:00,,,,,,
가배헌,부산광역시 금정구 구서동 1012-5,부산광역시 금정구 금샘로 423,3,11:00,20:00,,,,,,
가배헌,부산광역시 금정구 구서동 1012-5,부산광역시 금정구 금샘로 423,4,11:00,20:00,,,,,,
가배헌,부산광역시 금정구 구서동 1012-5,부산광역시 금정구 금샘로 423,5,11:00,20:00,,,,,,
가배헌,부산광역시 금정구 구서동 1012-5,부산광역시 금정구 금샘로 423,6,11:00,20:00,,,,,,
가비방,부산광역시 금정구 장전동 393-7,부산광역시 금정구 장전온천천로89번길 5,0,,,,TRUE,,,,
가비방,부산광역시 금정구 장전동 393-7,부산광역시 금정구 장전온천천로89번길 5,1,10:00,21:00,,,,,,
가비방,부산광역시 금정구 장전동 393-7,부산광역시 금정구 장전온천천로89번길 5,2,10:00,21:00,,,,,,
가비방,부산광역시 금정구 장전동 393-7,부산광역시 금정구 장전온천천로89번길 5,3,10:00,21:00,,,,,,
가비방,부산광역시 금정구 장전동 393-7,부산광역시 금정구 장전온천천로89번길 5,4,10:00,21:00,,,,,,
가비방,부산광역시 금정구 장전동 393-7,부산광역시 금정구 장전온천천로89번길 5,5,10:00,21:00,,,,,,
가비방,부산광역시 금정구 장전동 393-7,부산광역시 금정구 장전온천천로89번길 5,6,10:00,21:00,,,,,,
경성코페,부산광역시 동래구 명륜동 553-12,부산광역시 동래구 명륜로129번길 28-7,0,11:00,17:00,,,,,,
경성코페,부산광역시 동래구 명륜동 553-12,부산광역시 동래구 명륜로129번길 28-7,1,11:00,17:00,,,,,,
경성코페,부산광역시 동래구 명륜동 553-12,부산광역시 동래구 명륜로129번길 28-7,2,11:00,17:00,,,,,,
경성코페,부산광역시 동래구 명륜동 553-12,부산광역시 동래구 명륜로129번길 28-7,3,11:00,17:00,,,,,,
경성코페,부산광역시 동래구 명륜동 553-12,부산광역시 동래구 명륜로129번길 28-7,4,11:00,17:00,,,,,,
경성코페,부산광역시 동래구 명륜동 553-12,부산광역시 동래구 명륜로129번길 28-7,5,11:00,17:00,,,,,,
경성코페,부산광역시 동래구 명륜동 553-12,부산광역시 동래구 명륜로129번길 28-7,6,11:00,17:00,,,,,,
고더커피 동래구청점,부산광역시 동래구 명륜동 398-3,부산광역시 동래구 명륜로94번길 43-1,0,8:00,17:00,,,,,,
고더커피 동래구청점,부산광역시 동래구 명륜동 398-3,부산광역시 동래구 명륜로94번길 43-1,1,8:00,19:00,,,,,,
고더커피 동래구청점,부산광역시 동래구 명륜동 398-3,부산광역시 동래구 명륜로94번길 43-1,2,8:00,19:00,,,,,,
고더커피 동래구청점,부산광역시 동래구 명륜동 398-3,부산광역시 동래구 명륜로94번길 43-1,3,8:00,19:00,,,,,,
고더커피 동래구청점,부산광역시 동래구 명륜동 398-3,부산광역시 동래구 명륜로94번길 43-1,4,8:00,19:00,,,,,,
고더커피 동래구청점,부산광역시 동래구 명륜동 398-3,부산광역시 동래구 명륜로94번길 43-1,5,8:00,19:00,,,,,,
고더커피 동래구청점,부산광역시 동래구 명륜동 398-3,부산광역시 동래구 명륜로94번길 43-1,6,8:00,17:00,,,,,,
고더커피 동래구체육센타점,부산광역시 동래구 온천동 1448-2,부산광역시 동래구 미남로 110,0,,,,,,,,
고더커피 동래구체육센타점,부산광역시 동래구 온천동 1448-2,부산광역시 동래구 미남로 110,1,,,,,,,,
고더커피 동래구체육센타점,부산광역시 동래구 온천동 1448-2,부산광역시 동래구 미남로 110,2,,,,,,,,
고더커피 동래구체육센타점,부산광역시 동래구 온천동 1448-2,부산광역시 동래구 미남로 110,3,,,,,,,,
고더커피 동래구체육센타점,부산광역시 동래구 온천동 1448-2,부산광역시 동래구 미남로 110,4,,,,,,,,
고더커피 동래구체육센타점,부산광역시 동래구 온천동 1448-2,부산광역시 동래구 미남로 110,5,,,,,,,,
고더커피 동래구체육센타점,부산광역시 동래구 온천동 1448-2,부산광역시 동래구 미남로 110,6,,,,,,,,
고더커피 부산대북문점,부산광역시 금정구 장전동 145-3,부산광역시 금정구 수림로85번길 54,0,8:00,20:00,,,,,,
고더커피 부산대북문점,부산광역시 금정구 장전동 145-3,부산광역시 금정구 수림로85번길 54,1,8:00,21:00,,,,,,
고더커피 부산대북문점,부산광역시 금정구 장전동 145-3,부산광역시 금정구 수림로85번길 54,2,8:00,21:00,,,,,,
고더커피 부산대북문점,부산광역시 금정구 장전동 145-3,부산광역시 금정구 수림로85번길 54,3,8:00,21:00,,,,,,
고더커피 부산대북문점,부산광역시 금정구 장전동 145-3,부산광역시 금정구 수림로85번길 54,4,8:00,21:00,,,,,,
고더커피 부산대북문점,부산광역시 금정구 장전동 145-3,부산광역시 금정구 수림로85번길 54,5,8:00,21:00,,,,,,
고더커피 부산대북문점,부산광역시 금정구 장전동 145-3,부산광역시 금정구 수림로85번길 54,6,8:00,20:00,,,,,,
고더커피 부산대정문점,부산광역시 금정구 장전동 401-11,부산광역시 금정구 부산대학로64번길 14,0,8:00,20:00,,,,,,
고더커피 부산대정문점,부산광역시 금정구 장전동 401-11,부산광역시 금정구 부산대학로64번길 14,1,8:00,21:00,,,,,,
고더커피 부산대정문점,부산광역시 금정구 장전동 401-11,부산광역시 금정구 부산대학로64번길 14,2,8:00,21:00,,,,,,
고더커피 부산대정문점,부산광역시 금정구 장전동 401-11,부산광역시 금정구 부산대학로64번길 14,3,8:00,21:00,,,,,,
고더커피 부산대정문점,부산광역시 금정구 장전동 401-11,부산광역시 금정구 부산대학로64번길 14,4,8:00,21:00,,,,,,
고더커피 부산대정문점,부산광역시 금정구 장전동 401-11,부산광역시 금정구 부산대학로64번길 14,5,8:00,21:00,,,,,,
고더커피 부산대정문점,부산광역시 금정구 장전동 401-11,부산광역시 금정구 부산대학로64번길 14,6,8:00,20:00,,,,,,
고래2.0커피구서점,부산광역시 금정구 구서동 460-2,부산광역시 금정구 수림로72번길 120-1,0,,,,,,,,
고래2.0커피구서점,부산광역시 금정구 구서동 460-2,부산광역시 금정구 수림로72번길 120-1,1,,,,,,,,
고래2.0커피구서점,부산광역시 금정구 구서동 460-2,부산광역시 금정구 수림로72번길 120-1,2,,,,,,,,
고래2.0커피구서점,부산광역시 금정구 구서동 460-2,부산광역시 금정구 수림로72번길 120-1,3,,,,,,,,
고래2.0커피구서점,부산광역시 금정구 구서동 460-2,부산광역시 금정구 수림로72번길 120-1,4,,,,,,,,
고래2.0커피구서점,부산광역시 금정구 구서동 460-2,부산광역시 금정구 수림로72번길 120-1,5,,,,,,,,
고래2.0커피구서점,부산광역시 금정구 구서동 460-2,부산광역시 금정구 수림로72번길 120-1,6,,,,,,,,
고품격커피공장,부산광역시 동래구 온천동 178-7,부산광역시 동래구 중앙대로1473번길 13,0,,,,,,,,
고품격커피공장,부산광역시 동래구 온천동 178-7,부산광역시 동래구 중앙대로1473번길 13,1,,,,,,,,
고품격커피공장,부산광역시 동래구 온천동 178-7,부산광역시 동래구 중앙대로1473번길 13,2,,,,,,,,
고품격커피공장,부산광역시 동래구 온천동 178-7,부산광역시 동래구 중앙대로1473번길 13,3,,,,,,,,
고품격커피공장,부산광역시 동래구 온천동 178-7,부산광역시 동래구 중앙대로1473번길 13,4,,,,,,,,
고품격커피공장,부산광역시 동래구 온천동 178-7,부산광역시 동래구 중앙대로1473번길 13,5,,,,,,,,
고품격커피공장,부산광역시 동래구 온천동 178-7,부산광역시 동래구 중앙대로1473번길 13,6,,,,,,,,
고품격커피공장 동래점,부산광역시 동래구 온천동 750-61,부산광역시 동래구 중앙대로1367번길 32-3,0,,,,,,,,
고품격커피공장 동래점,부산광역시 동래구 온천동 750-61,부산광역시 동래구 중앙대로1367번길 32-3,1,,,,,,,,
고품격커피공장 동래점,부산광역시 동래구 온천동 750-61,부산광역시 동래구 중앙대로1367번길 32-3,2,,,,,,,,
고품격커피공장 동래점,부산광역시 동래구 온천동 750-61,부산광역시 동래구 중앙대로1367번길 32-3,3,,,,,,,,
고품격커피공장 동래점,부산광역시 동래구 온천동 750-61,부산광역시 동래구 중앙대로1367번길 32-3,4,,,,,,,,
고품격커피공장 동래점,부산광역시 동래구 온천동 750-61,부산광역시 동래구 중앙대로1367번길 32-3,5,,,,,,,,
고품격커피공장 동래점,부산광역시 동래구 온천동 750-61,부산광역시 동래구 중앙대로1367번길 32-3,6,,,,,,,,
골드카페,부산광역시 금정구 구서동 463-25,부산광역시 금정구 금정로207번길 24,0,10:00,20:00,,,,,,
골드카페,부산광역시 금정구 구서동 463-25,부산광역시 금정구 금정로207번길 24,1,10:00,20:00,,,,,,
골드카페,부산광역시 금정구 구서동 463-25,부산광역시 금정구 금정로207번길 24,2,10:00,20:00,,,,,,
골드카페,부산광역시 금정구 구서동 463-25,부산광역시 금정구 금정로207번길 24,3,10:00,20:00,,,,,,
골드카페,부산광역시 금정구 구서동 463-25,부산광역시 금정구 금정로207번길 24,4,10:00,20:00,,,,,,
골드카페,부산광역시 금정구 구서동 463-25,부산광역시 금정구 금정로207번길 24,5,10:00,20:00,,,,,,
골드카페,부산광역시 금정구 구서동 463-25,부산광역시 금정구 금정로207번길 24,6,10:00,20:00,,,,,,
공차 부산구서점,부산광역시 금정구 구서동 368,부산광역시 금정구 중앙대로1841번길 24,0,,,,,,,,
공차 부산구서점,부산광역시 금정구 구서동 368,부산광역시 금정구 중앙대로1841번길 24,1,,,,,,,,
공차 부산구서점,부산광역시 금정구 구서동 368,부산광역시 금정구 중앙대로1841번길 24,2,,,,,,,,
공차 부산구서점,부산광역시 금정구 구서동 368,부산광역시 금정구 중앙대로1841번길 24,3,,,,,,,,
공차 부산구서점,부산광역시 금정구 구서동 368,부산광역시 금정구 중앙대로1841번길 24,4,,,,,,,,
공차 부산구서점,부산광역시 금정구 구서동 368,부산광역시 금정구 중앙대로1841번길 24,5,,,,,,,,
공차 부산구서점,부산광역시 금정구 구서동 368,부산광역시 금정구 중앙대로1841번길 24,6,,,,,,,,
공차 부산대점,부산광역시 금정구 장전동 308-4,부산광역시 금정구 금정로68번길 22,0,,,,,,,,
공차 부산대점,부산광역시 금정구 장전동 308-4,부산광역시 금정구 금정로68번길 22,1,,,,,,,,
공차 부산대점,부산광역시 금정구 장전동 308-4,부산광역시 금정구 금정로68번길 22,2,,,,,,,,
공차 부산대점,부산광역시 금정구 장전동 308-4,부산광역시 금정구 금정로68번길 22,3,,,,,,,,
공차 부산대점,부산광역시 금정구 장전동 308-4,부산광역시 금정구 금정로68번길 22,4,,,,,,,,
공차 부산대점,부산광역시 금정구 장전동 308-4,부산광역시 금정구 금정로68번길 22,5,,,,,,,,
공차 부산대점,부산광역시 금정구 장전동 308-4,부산광역시 금정구 금정로68번길 22,6,,,,,,,,
공차 부산대정문점,부산광역시 금정구 장전동 399-13,부산광역시 금정구 부산대학로 60,0,,,,,,,,
공차 부산대정문점,부산광역시 금정구 장전동 399-13,부산광역시 금정구 부산대학로 60,1,,,,,,,,
공차 부산대정문점,부산광역시 금정구 장전동 399-13,부산광역시 금정구 부산대학로 60,2,,,,,,,,
공차 부산대정문점,부산광역시 금정구 장전동 399-13,부산광역시 금정구 부산대학로 60,3,,,,,,,,
공차 부산대정문점,부산광역시 금정구 장전동 399-13,부산광역시 금정구 부산대학로 60,4,,,,,,,,
공차 부산대정문점,부산광역시 금정구 장전동 399-13,부산광역시 금정구 부산대학로 60,5,,,,,,,,
공차 부산대정문점,부산광역시 금정구 장전동 399-13,부산광역시 금정구 부산대학로 60,6,,,,,,,,
구디너프,부산광역시 금정구 장전동 299-47,부산광역시 금정구 금정로52번길 21,0,11:30,23:00,,,,,,
구디너프,부산광역시 금정구 장전동 299-47,부산광역시 금정구 금정로52번길 21,1,11:30,23:00,,,,,,
구디너프,부산광역시 금정구 장전동 299-47,부산광역시 금정구 금정로52번길 21,2,11:30,23:00,,,,,,
구디너프,부산광역시 금정구 장전동 299-47,부산광역시 금정구 금정로52번길 21,3,11:30,23:00,,,,,,
구디너프,부산광역시 금정구 장전동 299-47,부산광역시 금정구 금정로52번길 21,4,11:30,23:00,,,,,,
구디너프,부산광역시 금정구 장전동 299-47,부산광역시 금정구 금정로52번길 21,5,11:30,23:00,,,,,,
구디너프,부산광역시 금정구 장전동 299-47,부산광역시 금정구 금정로52번길 21,6,11:30,23:00,,,,,,
구르미곳간,부산광역시 금정구 부곡동 274-1,부산광역시 금정구 동부곡로5번길 85,0,8:00,19:00,,,,,,
구르미곳간,부산광역시 금정구 부곡동 274-1,부산광역시 금정구 동부곡로5번길 85,1,8:00,19:00,,,,,,
구르미곳간,부산광역시 금정구 부곡동 274-1,부산광역시 금정구 동부곡로5번길 85,2,8:00,19:00,,,,,,
구르미곳간,부산광역시 금정구 부곡동 274-1,부산광역시 금정구 동부곡로5번길 85,3,8:00,19:00,,,,,,
구르미곳간,부산광역시 금정구 부곡동 274-1,부산광역시 금정구 동부곡로5번길 85,4,8:00,19:00,,,,,,
구르미곳간,부산광역시 금정구 부곡동 274-1,부산광역시 금정구 동부곡로5번길 85,5,8:00,19:00,,,,,,
구르미곳간,부산광역시 금정구 부곡동 274-1,부산광역시 금정구 동부곡로5번길 85,6,8:00,19:00,,,,,,
구서커피,부산광역시 금정구 구서동 1074,부산광역시 금정구 금샘로246번길 18,0,,,,,,,,
구서커피,부산광역시 금정구 구서동 1074,부산광역시 금정구 금샘로246번길 18,1,,,,,,,,
구서커피,부산광역시 금정구 구서동 1074,부산광역시 금정구 금샘로246번길 18,2,,,,,,,,
구서커피,부산광역시 금정구 구서동 1074,부산광역시 금정구 금샘로246번길 18,3,,,,,,,,
구서커피,부산광역시 금정구 구서동 1074,부산광역시 금정구 금샘로246번길 18,4,,,,,,,,
구서커피,부산광역시 금정구 구서동 1074,부산광역시 금정구 금샘로246번길 18,5,,,,,,,,
구서커피,부산광역시 금정구 구서동 1074,부산광역시 금정구 금샘로246번길 18,6,,,,,,,,
궁전레스토랑,부산광역시 동래구 명륜동 339-7,부산광역시 동래구 충렬대로237번길 112,0,,,,,,,,
궁전레스토랑,부산광역시 동래구 명륜동 339-7,부산광역시 동래구 충렬대로237번길 112,1,,,,,,,,
궁전레스토랑,부산광역시 동래구 명륜동 339-7,부산광역시 동래구 충렬대로237번길 112,2,,,,,,,,
궁전레스토랑,부산광역시 동래구 명륜동 339-7,부산광역시 동래구 충렬대로237번길 112,3,,,,,,,,
궁전레스토랑,부산광역시 동래구 명륜동 339-7,부산광역시 동래구 충렬대로237번길 112,4,,,,,,,,
궁전레스토랑,부산광역시 동래구 명륜동 339-7,부산광역시 동래구 충렬대로237번길 112,5,,,,,,,,
궁전레스토랑,부산광역시 동래구 명륜동 339-7,부산광역시 동래구 충렬대로237번길 112,6,,,,,,,,
그라찌에 대동대점,부산광역시 금정구 부곡동 373-4,부산광역시 금정구 동부곡로27번길 88,0,,,,,,,,
그라찌에 대동대점,부산광역시 금정구 부곡동 373-4,부산광역시 금정구 동부곡로27번길 88,1,,,,,,,,
그라찌에 대동대점,부산광역시 금정구 부곡동 373-4,부산광역시 금정구 동부곡로27번길 88,2,,,,,,,,
그라찌에 대동대점,부산광역시 금정구 부곡동 373-4,부산광역시 금정구 동부곡로27번길 88,3,,,,,,,,
그라찌에 대동대점,부산광역시 금정구 부곡동 373-4,부산광역시 금정구 동부곡로27번길 88,4,,,,,,,,
그라찌에 대동대점,부산광역시 금정구 부곡동 373-4,부산광역시 금정구 동부곡로27번길 88,5,,,,,,,,
그라찌에 대동대점,부산광역시 금정구 부곡동 373-4,부산광역시 금정구 동부곡로27번길 88,6,,,,,,,,
그랜마하우스,부산광역시 금정구 부곡동 395-12,부산광역시 금정구 부곡로 32-3,0,,,,TRUE,,,,
그랜마하우스,부산광역시 금정구 부곡동 395-12,부산광역시 금정구 부곡로 32-3,1,9:00,20:00,,,,,,
그랜마하우스,부산광역시 금정구 부곡동 395-12,부산광역시 금정구 부곡로 32-3,2,9:00,20:00,,,,,,
그랜마하우스,부산광역시 금정구 부곡동 395-12,부산광역시 금정구 부곡로 32-3,3,9:00,20:00,,,,,,
그랜마하우스,부산광역시 금정구 부곡동 395-12,부산광역시 금정구 부곡로 32-3,4,9:00,20:00,,,,,,
그랜마하우스,부산광역시 금정구 부곡동 395-12,부산광역시 금정구 부곡로 32-3,5,9:00,20:00,,,,,,
그랜마하우스,부산광역시 금정구 부곡동 395-12,부산광역시 금정구 부곡로 32-3,6,9:00,20:00,,,,,,
그랩;위클리로스터스,부산광역시 금정구 부곡동 22-1,부산광역시 금정구 무학송로 132,0,10:00,17:00,,,,,,
그랩;위클리로스터스,부산광역시 금정구 부곡동 22-1,부산광역시 금정구 무학송로 132,1,8:00,19:00,,,,,,
그랩;위클리로스터스,부산광역시 금정구 부곡동 22-1,부산광역시 금정구 무학송로 132,2,8:00,19:00,,,,,,
그랩;위클리로스터스,부산광역시 금정구 부곡동 22-1,부산광역시 금정구 무학송로 132,3,8:00,19:00,,,,,,
그랩;위클리로스터스,부산광역시 금정구 부곡동 22-1,부산광역시 금정구 무학송로 132,4,8:00,19:00,,,,,,
그랩;위클리로스터스,부산광역시 금정구 부곡동 22-1,부산광역시 금정구 무학송로 132,5,8:00,19:00,,,,,,
그랩;위클리로스터스,부산광역시 금정구 부곡동 22-1,부산광역시 금정구 무학송로 132,6,10:00,17:00,,,,,,
그레이핍플커피,부산광역시 동래구 온천동 473-6,부산광역시 동래구 온천장로 9-1,0,,,,,,,,
그레이핍플커피,부산광역시 동래구 온천동 473-6,부산광역시 동래구 온천장로 9-1,1,,,,,,,,
그레이핍플커피,부산광역시 동래구 온천동 473-6,부산광역시 동래구 온천장로 9-1,2,,,,,,,,
그레이핍플커피,부산광역시 동래구 온천동 473-6,부산광역시 동래구 온천장로 9-1,3,,,,,,,,
그레이핍플커피,부산광역시 동래구 온천동 473-6,부산광역시 동래구 온천장로 9-1,4,,,,,,,,
그레이핍플커피,부산광역시 동래구 온천동 473-6,부산광역시 동래구 온천장로 9-1,5,,,,,,,,
그레이핍플커피,부산광역시 동래구 온천동 473-6,부산광역시 동래구 온천장로 9-1,6,,,,,,,,
그릭베리 부산대점,부산광역시 금정구 장전동 423-15,부산광역시 금정구 금강로 248-4,0,,,,,,,,
그릭베리 부산대점,부산광역시 금정구 장전동 423-15,부산광역시 금정구 금강로 248-4,1,,,,,,,,
그릭베리 부산대점,부산광역시 금정구 장전동 423-15,부산광역시 금정구 금강로 248-4,2,,,,,,,,
그릭베리 부산대점,부산광역시 금정구 장전동 423-15,부산광역시 금정구 금강로 248-4,3,,,,,,,,
그릭베리 부산대점,부산광역시 금정구 장전동 423-15,부산광역시 금정구 금강로 248-4,4,,,,,,,,
그릭베리 부산대점,부산광역시 금정구 장전동 423-15,부산광역시 금정구 금강로 248-4,5,,,,,,,,
그릭베리 부산대점,부산광역시 금정구 장전동 423-15,부산광역시 금정구 금강로 248-4,6,,,,,,,,
그릭오 부산대점,부산광역시 금정구 장전동 388-33,부산광역시 금정구 금강로279번길 4,0,11:00,23:00,,,,,,
그릭오 부산대점,부산광역시 금정구 장전동 388-33,부산광역시 금정구 금강로279번길 4,1,11:00,23:00,,,,,,
그릭오 부산대점,부산광역시 금정구 장전동 388-33,부산광역시 금정구 금강로279번길 4,2,11:00,23:00,,,,,,
그릭오 부산대점,부산광역시 금정구 장전동 388-33,부산광역시 금정구 금강로279번길 4,3,11:00,23:00,,,,,,
그릭오 부산대점,부산광역시 금정구 장전동 388-33,부산광역시 금정구 금강로279번길 4,4,11:00,23:00,,,,,,
그릭오 부산대점,부산광역시 금정구 장전동 388-33,부산광역시 금정구 금강로279번길 4,5,11:00,23:00,,,,,,
그릭오 부산대점,부산광역시 금정구 장전동 388-33,부산광역시 금정구 금강로279번길 4,6,11:00,23:00,,,,,,
그릭하다,부산광역시 금정구 장전동 203-12,부산광역시 금정구 금강로 350-1,0,11:00,22:00,,,,,,
그릭하다,부산광역시 금정구 장전동 203-12,부산광역시 금정구 금강로 350-1,1,11:00,22:00,,,,,,
그릭하다,부산광역시 금정구 장전동 203-12,부산광역시 금정구 금강로 350-1,2,11:00,22:00,,,,,,
그릭하다,부산광역시 금정구 장전동 203-12,부산광역시 금정구 금강로 350-1,3,11:00,22:00,,,,,,
그릭하다,부산광역시 금정구 장전동 203-12,부산광역시 금정구 금강로 350-1,4,11:00,22:00,,,,,,
그릭하다,부산광역시 금정구 장전동 203-12,부산광역시 금정구 금강로 350-1,5,11:00,22:00,,,,,,
그릭하다,부산광역시 금정구 장전동 203-12,부산광역시 금정구 금강로 350-1,6,11:00,22:00,,,,,,
그릭하다 부산대점,부산광역시 금정구 장전동 155-1,부산광역시 금정구 금강로335번길 17,0,11:00,22:00,,,,,,
그릭하다 부산대점,부산광역시 금정구 장전동 155-1,부산광역시 금정구 금강로335번길 17,1,11:00,22:00,,,,,,
그릭하다 부산대점,부산광역시 금정구 장전동 155-1,부산광역시 금정구 금강로335번길 17,2,11:00,22:00,,,,,,
그릭하다 부산대점,부산광역시 금정구 장전동 155-1,부산광역시 금정구 금강로335번길 17,3,11:00,22:00,,,,,,
그릭하다 부산대점,부산광역시 금정구 장전동 155-1,부산광역시 금정구 금강로335번길 17,4,11:00,22:00,,,,,,
그릭하다 부산대점,부산광역시 금정구 장전동 155-1,부산광역시 금정구 금강로335번길 17,5,11:00,22:00,,,,,,
그릭하다 부산대점,부산광역시 금정구 장전동 155-1,부산광역시 금정구 금강로335번길 17,6,11:00,22:00,,,,,,
글래드커피,부산광역시 금정구 장전동 106-2,부산광역시 금정구 금강로379번길 13,0,9:00,18:00,,,,,,
글래드커피,부산광역시 금정구 장전동 106-2,부산광역시 금정구 금강로379번길 13,1,9:00,18:00,,,,,,
글래드커피,부산광역시 금정구 장전동 106-2,부산광역시 금정구 금강로379번길 13,2,9:00,18:00,,,,,,
글래드커피,부산광역시 금정구 장전동 106-2,부산광역시 금정구 금강로379번길 13,3,9:00,18:00,,,,,,
글래드커피,부산광역시 금정구 장전동 106-2,부산광역시 금정구 금강로379번길 13,4,9:00,18:00,,,,,,
글래드커피,부산광역시 금정구 장전동 106-2,부산광역시 금정구 금강로379번길 13,5,9:00,18:00,,,,,,
글래드커피,부산광역시 금정구 장전동 106-2,부산광역시 금정구 금강로379번길 13,6,9:00,18:00,,,,,,
글로벌그린,부산광역시 동래구 온천동 473-11,부산광역시 동래구 온천장로 3,0,,,,,,,,
글로벌그린,부산광역시 동래구 온천동 473-11,부산광역시 동래구 온천장로 3,1,,,,,,,,
글로벌그린,부산광역시 동래구 온천동 473-11,부산광역시 동래구 온천장로 3,2,,,,,,,,
글로벌그린,부산광역시 동래구 온천동 473-11,부산광역시 동래구 온천장로 3,3,,,,,,,,
글로벌그린,부산광역시 동래구 온천동 473-11,부산광역시 동래구 온천장로 3,4,,,,,,,,
글로벌그린,부산광역시 동래구 온천동 473-11,부산광역시 동래구 온천장로 3,5,,,,,,,,
글로벌그린,부산광역시 동래구 온천동 473-11,부산광역시 동래구 온천장로 3,6,,,,,,,,
금낭화,부산광역시 금정구 장전동 501-112,부산광역시 금정구 금샘로 44,0,,,,,,,,
금낭화,부산광역시 금정구 장전동 501-112,부산광역시 금정구 금샘로 44,1,,,,,,,,
금낭화,부산광역시 금정구 장전동 501-112,부산광역시 금정구 금샘로 44,2,,,,,,,,
금낭화,부산광역시 금정구 장전동 501-112,부산광역시 금정구 금샘로 44,3,,,,,,,,
금낭화,부산광역시 금정구 장전동 501-112,부산광역시 금정구 금샘로 44,4,,,,,,,,
금낭화,부산광역시 금정구 장전동 501-112,부산광역시 금정구 금샘로 44,5,,,,,,,,
금낭화,부산광역시 금정구 장전동 501-112,부산광역시 금정구 금샘로 44,6,,,,,,,,
금샘도서관 Cafe금샘,부산광역시 금정구 부곡동 982,부산광역시 금정구 기찰로 94,0,9:00,17:00,,,,,,
금샘도서관 Cafe금샘,부산광역시 금정구 부곡동 982,부산광역시 금정구 기찰로 94,1,,,,TRUE,,,,
금샘도서관 Cafe금샘,부산광역시 금정구 부곡동 982,부산광역시 금정구 기찰로 94,2,9:00,18:00,,,,,,
금샘도서관 Cafe금샘,부산광역시 금정구 부곡동 982,부산광역시 금정구 기찰로 94,3,9:00,18:00,,,,,,
금샘도서관 Cafe금샘,부산광역시 금정구 부곡동 982,부산광역시 금정구 기찰로 94,4,9:00,18:00,,,,,,
금샘도서관 Cafe금샘,부산광역시 금정구 부곡동 982,부산광역시 금정구 기찰로 94,5,9:00,18:00,,,,,,
금샘도서관 Cafe금샘,부산광역시 금정구 부곡동 982,부산광역시 금정구 기찰로 94,6,9:00,17:00,,,,,,
스타벅스 금정이마트,부산광역시 금정구 구서동 368,부산광역시 금정구 중앙대로1841번길 24,0,,,,,,,,
스타벅스 금정이마트,부산광역시 금정구 구서동 368,부산광역시 금정구 중앙대로1841번길 24,1,,,,,,,,
스타벅스 금정이마트,부산광역시 금정구 구서동 368,부산광역시 금정구 중앙대로1841번길 24,2,,,,,,,,
스타벅스 금정이마트,부산광역시 금정구 구서동 368,부산광역시 금정구 중앙대로1841번길 24,3,,,,,,,,
스타벅스 금정이마트,부산광역시 금정구 구서동 368,부산광역시 금정구 중앙대로1841번길 24,4,,,,,,,,
스타벅스 금정이마트,부산광역시 금정구 구서동 368,부산광역시 금정구 중앙대로1841번길 24,5,,,,,,,,
스타벅스 금정이마트,부산광역시 금정구 구서동 368,부산광역시 금정구 중앙대로1841번길 24,6,,,,,,,,
금정총림범어금정시니어클럽슬기롭게마시고가게,부산광역시 금정구 부곡동 958,부산광역시 금정구 동현로 67,0,9:00,18:00,,,,,,
금정총림범어금정시니어클럽슬기롭게마시고가게,부산광역시 금정구 부곡동 958,부산광역시 금정구 동현로 67,1,9:00,18:00,,,,,,
금정총림범어금정시니어클럽슬기롭게마시고가게,부산광역시 금정구 부곡동 958,부산광역시 금정구 동현로 67,2,9:00,18:00,,,,,,
금정총림범어금정시니어클럽슬기롭게마시고가게,부산광역시 금정구 부곡동 958,부산광역시 금정구 동현로 67,3,9:00,18:00,,,,,,
금정총림범어금정시니어클럽슬기롭게마시고가게,부산광역시 금정구 부곡동 958,부산광역시 금정구 동현로 67,4,9:00,18:00,,,,,,
금정총림범어금정시니어클럽슬기롭게마시고가게,부산광역시 금정구 부곡동 958,부산광역시 금정구 동현로 67,5,9:00,18:00,,,,,,
금정총림범어금정시니어클럽슬기롭게마시고가게,부산광역시 금정구 부곡동 958,부산광역시 금정구 동현로 67,6,9:00,18:00,,,,,,
금정총림범어금정시니어클럽향기롭게마시고가게,부산광역시 금정구 부곡동 64-31,부산광역시 금정구 중앙대로1763번길 26,0,9:00,18:00,,,,,,
금정총림범어금정시니어클럽향기롭게마시고가게,부산광역시 금정구 부곡동 64-31,부산광역시 금정구 중앙대로1763번길 26,1,9:00,18:00,,,,,,
금정총림범어금정시니어클럽향기롭게마시고가게,부산광역시 금정구 부곡동 64-31,부산광역시 금정구 중앙대로1763번길 26,2,9:00,18:00,,,,,,
금정총림범어금정시니어클럽향기롭게마시고가게,부산광역시 금정구 부곡동 64-31,부산광역시 금정구 중앙대로1763번길 26,3,9:00,18:00,,,,,,
금정총림범어금정시니어클럽향기롭게마시고가게,부산광역시 금정구 부곡동 64-31,부산광역시 금정구 중앙대로1763번길 26,4,9:00,18:00,,,,,,
금정총림범어금정시니어클럽향기롭게마시고가게,부산광역시 금정구 부곡동 64-31,부산광역시 금정구 중앙대로1763번길 26,5,9:00,18:00,,,,,,
금정총림범어금정시니어클럽향기롭게마시고가게,부산광역시 금정구 부곡동 64-31,부산광역시 금정구 중앙대로1763번길 26,6,9:00,18:00,,,,,,
긱스타,부산광역시 금정구 장전동 420-1,부산광역시 금정구 부산대학로 49,0,,,,,,,,
긱스타,부산광역시 금정구 장전동 420-1,부산광역시 금정구 부산대학로 49,1,,,,,,,,
긱스타,부산광역시 금정구 장전동 420-1,부산광역시 금정구 부산대학로 49,2,,,,,,,,
긱스타,부산광역시 금정구 장전동 420-1,부산광역시 금정구 부산대학로 49,3,,,,,,,,
긱스타,부산광역시 금정구 장전동 420-1,부산광역시 금정구 부산대학로 49,4,,,,,,,,
긱스타,부산광역시 금정구 장전동 420-1,부산광역시 금정구 부산대학로 49,5,,,,,,,,
긱스타,부산광역시 금정구 장전동 420-1,부산광역시 금정구 부산대학로 49,6,,,,,,,,
길 다방,부산광역시 금정구 장전동 96-11,부산광역시 금정구 수림로62번길 57 (장전동),0,,,,,,,,
길 다방,부산광역시 금정구 장전동 96-11,부산광역시 금정구 수림로62번길 57 (장전동),1,,,,,,,,
길 다방,부산광역시 금정구 장전동 96-11,부산광역시 금정구 수림로62번길 57 (장전동),2,,,,,,,,
길 다방,부산광역시 금정구 장전동 96-11,부산광역시 금정구 수림로62번길 57 (장전동),3,,,,,,,,
길 다방,부산광역시 금정구 장전동 96-11,부산광역시 금정구 수림로62번길 57 (장전동),4,,,,,,,,
길 다방,부산광역시 금정구 장전동 96-11,부산광역시 금정구 수림로62번길 57 (장전동),5,,,,,,,,
길 다방,부산광역시 금정구 장전동 96-11,부산광역시 금정구 수림로62번길 57 (장전동),6,,,,,,,,
김욱진커피로스터즈,부산광역시 금정구 부곡동 286-15,부산광역시 금정구 동부곡로9번길 56,0,12:00,16:00,,,,,,
김욱진커피로스터즈,부산광역시 금정구 부곡동 286-15,부산광역시 금정구 동부곡로9번길 56,1,,,,TRUE,,,,
김욱진커피로스터즈,부산광역시 금정구 부곡동 286-15,부산광역시 금정구 동부곡로9번길 56,2,,,,TRUE,,,,
김욱진커피로스터즈,부산광역시 금정구 부곡동 286-15,부산광역시 금정구 동부곡로9번길 56,3,12:00,16:00,,,,,,
김욱진커피로스터즈,부산광역시 금정구 부곡동 286-15,부산광역시 금정구 동부곡로9번길 56,4,12:00,16:00,,,,,,
김욱진커피로스터즈,부산광역시 금정구 부곡동 286-15,부산광역시 금정구 동부곡로9번길 56,5,12:00,16:00,,,,,,
김욱진커피로스터즈,부산광역시 금정구 부곡동 286-15,부산광역시 금정구 동부곡로9번길 56,6,12:00,16:00,,,,,,
까사버나뎃,부산광역시 동래구 온천동 1435-15,부산광역시 동래구 중앙대로1333번길 22,0,,,,,,,,
까사버나뎃,부산광역시 동래구 온천동 1435-15,부산광역시 동래구 중앙대로1333번길 22,1,,,,,,,,
까사버나뎃,부산광역시 동래구 온천동 1435-15,부산광역시 동래구 중앙대로1333번길 22,2,,,,,,,,
까사버나뎃,부산광역시 동래구 온천동 1435-15,부산광역시 동래구 중앙대로1333번길 22,3,,,,,,,,
까사버나뎃,부산광역시 동래구 온천동 1435-15,부산광역시 동래구 중앙대로1333번길 22,4,,,,,,,,
까사버나뎃,부산광역시 동래구 온천동 1435-15,부산광역시 동래구 중앙대로1333번길 22,5,,,,,,,,
까사버나뎃,부산광역시 동래구 온천동 1435-15,부산광역시 동래구 중앙대로1333번길 22,6,,,,,,,,
까페051 구서롯데캐슬골드점,부산광역시 금정구 구서동 718-9,부산광역시 금정구 금강로 477,0,8:00,22:30,,,,,,
까페051 구서롯데캐슬골드점,부산광역시 금정구 구서동 718-9,부산광역시 금정구 금강로 477,1,8:00,22:30,,,,,,
까페051 구서롯데캐슬골드점,부산광역시 금정구 구서동 718-9,부산광역시 금정구 금강로 477,2,8:00,22:30,,,,,,
까페051 구서롯데캐슬골드점,부산광역시 금정구 구서동 718-9,부산광역시 금정구 금강로 477,3,8:00,22:30,,,,,,
까페051 구서롯데캐슬골드점,부산광역시 금정구 구서동 718-9,부산광역시 금정구 금강로 477,4,8:00,22:30,,,,,,
까페051 구서롯데캐슬골드점,부산광역시 금정구 구서동 718-9,부산광역시 금정구 금강로 477,5,8:00,22:30,,,,,,
까페051 구서롯데캐슬골드점,부산광역시 금정구 구서동 718-9,부산광역시 금정구 금강로 477,6,8:00,22:30,,,,,,
까페꽃마실,부산광역시 동래구 온천동 1459-45,부산광역시 동래구 여고북로 179,0,,,,,,,,
까페꽃마실,부산광역시 동래구 온천동 1459-45,부산광역시 동래구 여고북로 179,1,,,,,,,,
까페꽃마실,부산광역시 동래구 온천동 1459-45,부산광역시 동래구 여고북로 179,2,,,,,,,,
까페꽃마실,부산광역시 동래구 온천동 1459-45,부산광역시 동래구 여고북로 179,3,,,,,,,,
까페꽃마실,부산광역시 동래구 온천동 1459-45,부산광역시 동래구 여고북로 179,4,,,,,,,,
까페꽃마실,부산광역시 동래구 온천동 1459-45,부산광역시 동래구 여고북로 179,5,,,,,,,,
까페꽃마실,부산광역시 동래구 온천동 1459-45,부산광역시 동래구 여고북로 179,6,,,,,,,,
까페오에니,부산광역시 금정구 장전동 305-8,부산광역시 금정구 금정로68번길 26-13,0,,,,,,,,
까페오에니,부산광역시 금정구 장전동 305-8,부산광역시 금정구 금정로68번길 26-13,1,,,,,,,,
까페오에니,부산광역시 금정구 장전동 305-8,부산광역시 금정구 금정로68번길 26-13,2,,,,,,,,
까페오에니,부산광역시 금정구 장전동 305-8,부산광역시 금정구 금정로68번길 26-13,3,,,,,,,,
까페오에니,부산광역시 금정구 장전동 305-8,부산광역시 금정구 금정로68번길 26-13,4,,,,,,,,
까페오에니,부산광역시 금정구 장전동 305-8,부산광역시 금정구 금정로68번길 26-13,5,,,,,,,,
까페오에니,부산광역시 금정구 장전동 305-8,부산광역시 금정구 금정로68번길 26-13,6,,,,,,,,
꿈터 열린카페,부산광역시 금정구 장전동 391-4,부산광역시 금정구 부산대학로38번길 41,0,,,,,,,,
꿈터 열린카페,부산광역시 금정구 장전동 391-4,부산광역시 금정구 부산대학로38번길 41,1,,,,,,,,
꿈터 열린카페,부산광역시 금정구 장전동 391-4,부산광역시 금정구 부산대학로38번길 41,2,,,,,,,,
꿈터 열린카페,부산광역시 금정구 장전동 391-4,부산광역시 금정구 부산대학로38번길 41,3,,,,,,,,
꿈터 열린카페,부산광역시 금정구 장전동 391-4,부산광역시 금정구 부산대학로38번길 41,4,,,,,,,,
꿈터 열린카페,부산광역시 금정구 장전동 391-4,부산광역시 금정구 부산대학로38번길 41,5,,,,,,,,
꿈터 열린카페,부산광역시 금정구 장전동 391-4,부산광역시 금정구 부산대학로38번길 41,6,,,,,,,,
나우커피 온천점,부산광역시 동래구 온천동 1678,부산광역시 동래구 쇠미로129번길 100,0,,,,,,,,
나우커피 온천점,부산광역시 동래구 온천동 1678,부산광역시 동래구 쇠미로129번길 100,1,,,,,,,,
나우커피 온천점,부산광역시 동래구 온천동 1678,부산광역시 동래구 쇠미로129번길 100,2,,,,,,,,
나우커피 온천점,부산광역시 동래구 온천동 1678,부산광역시 동래구 쇠미로129번길 100,3,,,,,,,,
나우커피 온천점,부산광역시 동래구 온천동 1678,부산광역시 동래구 쇠미로129번길 100,4,,,,,,,,
나우커피 온천점,부산광역시 동래구 온천동 1678,부산광역시 동래구 쇠미로129번길 100,5,,,,,,,,
나우커피 온천점,부산광역시 동래구 온천동 1678,부산광역시 동래구 쇠미로129번길 100,6,,,,,,,,
나인,부산광역시 동래구 온천동 143-6,부산광역시 동래구 온천장로119번길 51,0,,,,,,,,
나인,부산광역시 동래구 온천동 143-6,부산광역시 동래구 온천장로119번길 51,1,,,,,,,,
나인,부산광역시 동래구 온천동 143-6,부산광역시 동래구 온천장로119번길 51,2,,,,,,,,
나인,부산광역시 동래구 온천동 143-6,부산광역시 동래구 온천장로119번길 51,3,,,,,,,,
나인,부산광역시 동래구 온천동 143-6,부산광역시 동래구 온천장로119번길 51,4,,,,,,,,
나인,부산광역시 동래구 온천동 143-6,부산광역시 동래구 온천장로119번길 51,5,,,,,,,,
나인,부산광역시 동래구 온천동 143-6,부산광역시 동래구 온천장로119번길 51,6,,,,,,,,
날마다;빛나,부산광역시 동래구 온천동 1247-22,부산광역시 동래구 아시아드대로231번길 20-3,0,,,,,,,,
날마다;빛나,부산광역시 동래구 온천동 1247-22,부산광역시 동래구 아시아드대로231번길 20-3,1,,,,,,,,
날마다;빛나,부산광역시 동래구 온천동 1247-22,부산광역시 동래구 아시아드대로231번길 20-3,2,,,,,,,,
날마다;빛나,부산광역시 동래구 온천동 1247-22,부산광역시 동래구 아시아드대로231번길 20-3,3,,,,,,,,
날마다;빛나,부산광역시 동래구 온천동 1247-22,부산광역시 동래구 아시아드대로231번길 20-3,4,,,,,,,,
날마다;빛나,부산광역시 동래구 온천동 1247-22,부산광역시 동래구 아시아드대로231번길 20-3,5,,,,,,,,
날마다;빛나,부산광역시 동래구 온천동 1247-22,부산광역시 동래구 아시아드대로231번길 20-3,6,,,,,,,,
낫스소스,부산광역시 동래구 온천동 784-38,부산광역시 동래구 금강로10번길 18,0,,,,,,,,
낫스소스,부산광역시 동래구 온천동 784-38,부산광역시 동래구 금강로10번길 18,1,,,,,,,,
낫스소스,부산광역시 동래구 온천동 784-38,부산광역시 동래구 금강로10번길 18,2,,,,,,,,
낫스소스,부산광역시 동래구 온천동 784-38,부산광역시 동래구 금강로10번길 18,3,,,,,,,,
낫스소스,부산광역시 동래구 온천동 784-38,부산광역시 동래구 금강로10번길 18,4,,,,,,,,
낫스소스,부산광역시 동래구 온천동 784-38,부산광역시 동래구 금강로10번길 18,5,,,,,,,,
낫스소스,부산광역시 동래구 온천동 784-38,부산광역시 동래구 금강로10번길 18,6,,,,,,,,
13月:리쳄버,부산광역시 금정구 구서동 472-2,부산광역시 금정구 수림로66번길 91,3,,,,,,,,
13月:리쳄버,부산광역시 금정구 구서동 472-2,부산광역시 금정구 수림로66번길 91,3,,,,,,,,
13月:리쳄버,부산광역시 금정구 구서동 472-2,부산광역시 금정구 수림로66번길 91,3,,,,,,,,
13月:리쳄버,부산광역시 금정구 구서동 472-2,부산광역시 금정구 수림로66번길 91,3,,,,,,,,
13月:리쳄버,부산광역시 금정구 구서동 472-2,부산광역시 금정구 수림로66번길 91,3,,,,,,,,
13月:리쳄버,부산광역시 금정구 구서동 472-2,부산광역시 금정구 수림로66번길 91,3,,,,,,,,
13月:리쳄버,부산광역시 금정구 구서동 472-2,부산광역시 금정구 수림로66번길 91,3,,,,,,,,
22그램,부산광역시 금정구 장전동 401-1,부산광역시 금정구 금강로 271-11,3,,,,TRUE,,,,
22그램,부산광역시 금정구 장전동 401-1,부산광역시 금정구 금강로 271-11,3,8:00,16:00,,,,,,
22그램,부산광역시 금정구 장전동 401-1,부산광역시 금정구 금강로 271-11,3,8:00,16:00,,,,,,
22그램,부산광역시 금정구 장전동 401-1,부산광역시 금정구 금강로 271-11,3,8:00,16:00,,,,,,
22그램,부산광역시 금정구 장전동 401-1,부산광역시 금정구 금강로 271-11,3,8:00,16:00,,,,,,
22그램,부산광역시 금정구 장전동 401-1,부산광역시 금정구 금강로 271-11,3,8:00,16:00,,,,,,
22그램,부산광역시 금정구 장전동 401-1,부산광역시 금정구 금강로 271-11,3,,,,TRUE,,,,
가배차 명륜점,부산광역시 동래구 명륜동 700-130,부산광역시 동래구 동래로57번길 44,3,,,,TRUE,,,,
가배차 명륜점,부산광역시 동래구 명륜동 700-130,부산광역시 동래구 동래로57번길 44,3,10:00,20:00,,,,,,
가배차 명륜점,부산광역시 동래구 명륜동 700-130,부산광역시 동래구 동래로57번길 44,3,10:00,20:00,,,,,,
가배차 명륜점,부산광역시 동래구 명륜동 700-130,부산광역시 동래구 동래로57번길 44,3,10:00,20:00,,,,,,
가배차 명륜점,부산광역시 동래구 명륜동 700-130,부산광역시 동래구 동래로57번길 44,3,10:00,20:00,,,,,,
가배차 명륜점,부산광역시 동래구 명륜동 700-130,부산광역시 동래구 동래로57번길 44,3,10:00,20:00,,,,,,
가배차 명륜점,부산광역시 동래구 명륜동 700-130,부산광역시 동래구 동래로57번길 44,3,10:00,20:00,,,,,,
가배헌,부산광역시 금정구 구서동 1012-5,부산광역시 금정구 금샘로 423,3,11:00,20:00,,,,,,
가배헌,부산광역시 금정구 구서동 1012-5,부산광역시 금정구 금샘로 423,3,,,,TRUE,,,,
가배헌,부산광역시 금정구 구서동 1012-5,부산광역시 금정구 금샘로 423,3,11:00,20:00,,,,,,
가배헌,부산광역시 금정구 구서동 1012-5,부산광역시 금정구 금샘로 423,3,11:00,20:00,,,,,,
가배헌,부산광역시 금정구 구서동 1012-5,부산광역시 금정구 금샘로 423,3,11:00,20:00,,,,,,
가배헌,부산광역시 금정구 구서동 1012-5,부산광역시 금정구 금샘로 423,3,11:00,20:00,,,,,,
가배헌,부산광역시 금정구 구서동 1012-5,부산광역시 금정구 금샘로 423,3,11:00,20:00,,,,,,
가비방,부산광역시 금정구 장전동 393-7,부산광역시 금정구 장전온천천로89번길 5,3,,,,TRUE,,,,
가비방,부산광역시 금정구 장전동 393-7,부산광역시 금정구 장전온천천로89번길 5,3,10:00,21:00,,,,,,
가비방,부산광역시 금정구 장전동 393-7,부산광역시 금정구 장전온천천로89번길 5,3,10:00,21:00,,,,,,
가비방,부산광역시 금정구 장전동 393-7,부산광역시 금정구 장전온천천로89번길 5,3,10:00,21:00,,,,,,
가비방,부산광역시 금정구 장전동 393-7,부산광역시 금정구 장전온천천로89번길 5,3,10:00,21:00,,,,,,
가비방,부산광역시 금정구 장전동 393-7,부산광역시 금정구 장전온천천로89번길 5,3,10:00,21:00,,,,,,
가비방,부산광역시 금정구 장전동 393-7,부산광역시 금정구 장전온천천로89번길 5,3,10:00,21:00,,,,,,
다울,부산광역시 금정구 구서동 769-14,부산광역시 금정구 금샘로 327-1,0,,,,,,,,
다울,부산광역시 금정구 구서동 769-14,부산광역시 금정구 금샘로 327-1,1,,,,,,,,
다울,부산광역시 금정구 구서동 769-14,부산광역시 금정구 금샘로 327-1,2,,,,,,,,
다울,부산광역시 금정구 구서동 769-14,부산광역시 금정구 금샘로 327-1,3,,,,,,,,
다울,부산광역시 금정구 구서동 769-14,부산광역시 금정구 금샘로 327-1,4,,,,,,,,
다울,부산광역시 금정구 구서동 769-14,부산광역시 금정구 금샘로 327-1,5,,,,,,,,
다울,부산광역시 금정구 구서동 769-14,부산광역시 금정구 금샘로 327-1,6,,,,,,,,
다이노빈커피 사직직영점,부산광역시 동래구 온천동 1467-9,부산광역시 동래구 여고북로 145,0,,,,,,,,
다이노빈커피 사직직영점,부산광역시 동래구 온천동 1467-9,부산광역시 동래구 여고북로 145,1,,,,,,,,
다이노빈커피 사직직영점,부산광역시 동래구 온천동 1467-9,부산광역시 동래구 여고북로 145,2,,,,,,,,
다이노빈커피 사직직영점,부산광역시 동래구 온천동 1467-9,부산광역시 동래구 여고북로 145,3,,,,,,,,
다이노빈커피 사직직영점,부산광역시 동래구 온천동 1467-9,부산광역시 동래구 여고북로 145,4,,,,,,,,
다이노빈커피 사직직영점,부산광역시 동래구 온천동 1467-9,부산광역시 동래구 여고북로 145,5,,,,,,,,
다이노빈커피 사직직영점,부산광역시 동래구 온천동 1467-9,부산광역시 동래구 여고북로 145,6,,,,,,,,
단;커피,부산광역시 금정구 구서동 158-6,부산광역시 금정구 금강로 592,0,,,,,,,,
단;커피,부산광역시 금정구 구서동 158-6,부산광역시 금정구 금강로 592,1,,,,,,,,
단;커피,부산광역시 금정구 구서동 158-6,부산광역시 금정구 금강로 592,2,,,,,,,,
단;커피,부산광역시 금정구 구서동 158-6,부산광역시 금정구 금강로 592,3,,,,,,,,
단;커피,부산광역시 금정구 구서동 158-6,부산광역시 금정구 금강로 592,4,,,,,,,,
단;커피,부산광역시 금정구 구서동 158-6,부산광역시 금정구 금강로 592,5,,,,,,,,
단;커피,부산광역시 금정구 구서동 158-6,부산광역시 금정구 금강로 592,6,,,,,,,,
달퐁,부산광역시 금정구 구서동 775-20,부산광역시 금정구 금강로 457-1,0,,,,,,,,
달퐁,부산광역시 금정구 구서동 775-20,부산광역시 금정구 금강로 457-1,1,,,,,,,,
달퐁,부산광역시 금정구 구서동 775-20,부산광역시 금정구 금강로 457-1,2,,,,,,,,
달퐁,부산광역시 금정구 구서동 775-20,부산광역시 금정구 금강로 457-1,3,,,,,,,,
달퐁,부산광역시 금정구 구서동 775-20,부산광역시 금정구 금강로 457-1,4,,,,,,,,
달퐁,부산광역시 금정구 구서동 775-20,부산광역시 금정구 금강로 457-1,5,,,,,,,,
달퐁,부산광역시 금정구 구서동 775-20,부산광역시 금정구 금강로 457-1,6,,,,,,,,
대동커피공장,부산광역시 금정구 장전동 386-16,부산광역시 금정구 부산대학로64번길 75,0,10:00,22:00,,,,,,
대동커피공장,부산광역시 금정구 장전동 386-16,부산광역시 금정구 부산대학로64번길 75,1,10:00,22:00,,,,,,
대동커피공장,부산광역시 금정구 장전동 386-16,부산광역시 금정구 부산대학로64번길 75,2,10:00,22:00,,,,,,
대동커피공장,부산광역시 금정구 장전동 386-16,부산광역시 금정구 부산대학로64번길 75,3,10:00,22:00,,,,,,
대동커피공장,부산광역시 금정구 장전동 386-16,부산광역시 금정구 부산대학로64번길 75,4,10:00,22:00,,,,,,
대동커피공장,부산광역시 금정구 장전동 386-16,부산광역시 금정구 부산대학로64번길 75,5,10:00,22:00,,,,,,
대동커피공장,부산광역시 금정구 장전동 386-16,부산광역시 금정구 부산대학로64번길 75,6,10:00,22:00,,,,,,
댄싱컵 동래문화상사점,부산광역시 동래구 온천동 1429-29,부산광역시 동래구 중앙대로1335번길 77,0,,,,,,,,
댄싱컵 동래문화상사점,부산광역시 동래구 온천동 1429-29,부산광역시 동래구 중앙대로1335번길 77,1,,,,,,,,
댄싱컵 동래문화상사점,부산광역시 동래구 온천동 1429-29,부산광역시 동래구 중앙대로1335번길 77,2,,,,,,,,
댄싱컵 동래문화상사점,부산광역시 동래구 온천동 1429-29,부산광역시 동래구 중앙대로1335번길 77,3,,,,,,,,
댄싱컵 동래문화상사점,부산광역시 동래구 온천동 1429-29,부산광역시 동래구 중앙대로1335번길 77,4,,,,,,,,
댄싱컵 동래문화상사점,부산광역시 동래구 온천동 1429-29,부산광역시 동래구 중앙대로1335번길 77,5,,,,,,,,
댄싱컵 동래문화상사점,부산광역시 동래구 온천동 1429-29,부산광역시 동래구 중앙대로1335번길 77,6,,,,,,,,
댄싱컵동래래미안 아이파크점,부산광역시 동래구 온천동 1853-29,부산광역시 동래구 금정마을로 152,0,,,,,,,,
댄싱컵동래래미안 아이파크점,부산광역시 동래구 온천동 1853-29,부산광역시 동래구 금정마을로 152,1,,,,,,,,
댄싱컵동래래미안 아이파크점,부산광역시 동래구 온천동 1853-29,부산광역시 동래구 금정마을로 152,2,,,,,,,,
댄싱컵동래래미안 아이파크점,부산광역시 동래구 온천동 1853-29,부산광역시 동래구 금정마을로 152,3,,,,,,,,
댄싱컵동래래미안 아이파크점,부산광역시 동래구 온천동 1853-29,부산광역시 동래구 금정마을로 152,4,,,,,,,,
댄싱컵동래래미안 아이파크점,부산광역시 동래구 온천동 1853-29,부산광역시 동래구 금정마을로 152,5,,,,,,,,
댄싱컵동래래미안 아이파크점,부산광역시 동래구 온천동 1853-29,부산광역시 동래구 금정마을로 152,6,,,,,,,,
댄싱컵명륜역점,부산광역시 동래구 명륜동 805,부산광역시 동래구 동래로57번길 94,0,8:30,21:00,,,,,,
댄싱컵명륜역점,부산광역시 동래구 명륜동 805,부산광역시 동래구 동래로57번길 94,1,8:00,21:30,,,,,,
댄싱컵명륜역점,부산광역시 동래구 명륜동 805,부산광역시 동래구 동래로57번길 94,2,8:00,21:30,,,,,,
댄싱컵명륜역점,부산광역시 동래구 명륜동 805,부산광역시 동래구 동래로57번길 94,3,8:00,21:30,,,,,,
댄싱컵명륜역점,부산광역시 동래구 명륜동 805,부산광역시 동래구 동래로57번길 94,4,8:00,21:30,,,,,,
댄싱컵명륜역점,부산광역시 동래구 명륜동 805,부산광역시 동래구 동래로57번길 94,5,8:00,22:00,,,,,,
댄싱컵명륜역점,부산광역시 동래구 명륜동 805,부산광역시 동래구 동래로57번길 94,6,8:30,22:00,,,,,,
더다락,부산광역시 금정구 장전동 316-11,부산광역시 금정구 금정로60번길 6,0,,,,,,,,
더다락,부산광역시 금정구 장전동 316-11,부산광역시 금정구 금정로60번길 6,1,,,,,,,,
더다락,부산광역시 금정구 장전동 316-11,부산광역시 금정구 금정로60번길 6,2,,,,,,,,
더다락,부산광역시 금정구 장전동 316-11,부산광역시 금정구 금정로60번길 6,3,,,,,,,,
더다락,부산광역시 금정구 장전동 316-11,부산광역시 금정구 금정로60번길 6,4,,,,,,,,
더다락,부산광역시 금정구 장전동 316-11,부산광역시 금정구 금정로60번길 6,5,,,,,,,,
더다락,부산광역시 금정구 장전동 316-11,부산광역시 금정구 금정로60번길 6,6,,,,,,,,
더다락,부산광역시 금정구 장전동 399-13,부산광역시 금정구 부산대학로 60,0,,,,TRUE,,,,
더다락,부산광역시 금정구 장전동 399-13,부산광역시 금정구 부산대학로 60,1,11:00,21:00,,,,,,
더다락,부산광역시 금정구 장전동 399-13,부산광역시 금정구 부산대학로 60,2,11:00,21:00,,,,,,
더다락,부산광역시 금정구 장전동 399-13,부산광역시 금정구 부산대학로 60,3,11:00,21:00,,,,,,
더다락,부산광역시 금정구 장전동 399-13,부산광역시 금정구 부산대학로 60,4,11:00,21:00,,,,,,
더다락,부산광역시 금정구 장전동 399-13,부산광역시 금정구 부산대학로 60,5,11:00,14:00,,,,,,
더다락,부산광역시 금정구 장전동 399-13,부산광역시 금정구 부산대학로 60,6,11:00,21:00,,,,,,
더리터,부산광역시 동래구 온천동 1412-5,부산광역시 동래구 아시아드대로228번길 8,0,,,,,,,,
더리터,부산광역시 동래구 온천동 1412-5,부산광역시 동래구 아시아드대로228번길 8,1,,,,,,,,
더리터,부산광역시 동래구 온천동 1412-5,부산광역시 동래구 아시아드대로228번길 8,2,,,,,,,,
더리터,부산광역시 동래구 온천동 1412-5,부산광역시 동래구 아시아드대로228번길 8,3,,,,,,,,
더리터,부산광역시 동래구 온천동 1412-5,부산광역시 동래구 아시아드대로228번길 8,4,,,,,,,,
더리터,부산광역시 동래구 온천동 1412-5,부산광역시 동래구 아시아드대로228번길 8,5,,,,,,,,
더리터,부산광역시 동래구 온천동 1412-5,부산광역시 동래구 아시아드대로228번길 8,6,,,,,,,,
더리터 동래역점,부산광역시 동래구 온천동 1441-12,부산광역시 동래구 충렬대로 150,0,,,,,,,,
더리터 동래역점,부산광역시 동래구 온천동 1441-12,부산광역시 동래구 충렬대로 150,1,,,,,,,,
더리터 동래역점,부산광역시 동래구 온천동 1441-12,부산광역시 동래구 충렬대로 150,2,,,,,,,,
더리터 동래역점,부산광역시 동래구 온천동 1441-12,부산광역시 동래구 충렬대로 150,3,,,,,,,,
더리터 동래역점,부산광역시 동래구 온천동 1441-12,부산광역시 동래구 충렬대로 150,4,,,,,,,,
더리터 동래역점,부산광역시 동래구 온천동 1441-12,부산광역시 동래구 충렬대로 150,5,,,,,,,,
더리터 동래역점,부산광역시 동래구 온천동 1441-12,부산광역시 동래구 충렬대로 150,6,,,,,,,,
더리터 온천장2호점,부산광역시 동래구 온천동 190-36,부산광역시 동래구 차밭골로 23-9,0,,,,,,,,
더리터 온천장2호점,부산광역시 동래구 온천동 190-36,부산광역시 동래구 차밭골로 23-9,1,,,,,,,,
더리터 온천장2호점,부산광역시 동래구 온천동 190-36,부산광역시 동래구 차밭골로 23-9,2,,,,,,,,
더리터 온천장2호점,부산광역시 동래구 온천동 190-36,부산광역시 동래구 차밭골로 23-9,3,,,,,,,,
더리터 온천장2호점,부산광역시 동래구 온천동 190-36,부산광역시 동래구 차밭골로 23-9,4,,,,,,,,
더리터 온천장2호점,부산광역시 동래구 온천동 190-36,부산광역시 동래구 차밭골로 23-9,5,,,,,,,,
더리터 온천장2호점,부산광역시 동래구 온천동 190-36,부산광역시 동래구 차밭골로 23-9,6,,,,,,,,
더마스터커피 금정점,부산광역시 금정구 구서동 203-5,부산광역시 금정구 구서중앙로15번길 20,0,,,,,,,,
더마스터커피 금정점,부산광역시 금정구 구서동 203-5,부산광역시 금정구 구서중앙로15번길 20,1,,,,,,,,
더마스터커피 금정점,부산광역시 금정구 구서동 203-5,부산광역시 금정구 구서중앙로15번길 20,2,,,,,,,,
더마스터커피 금정점,부산광역시 금정구 구서동 203-5,부산광역시 금정구 구서중앙로15번길 20,3,,,,,,,,
더마스터커피 금정점,부산광역시 금정구 구서동 203-5,부산광역시 금정구 구서중앙로15번길 20,4,,,,,,,,
더마스터커피 금정점,부산광역시 금정구 구서동 203-5,부산광역시 금정구 구서중앙로15번길 20,5,,,,,,,,
더마스터커피 금정점,부산광역시 금정구 구서동 203-5,부산광역시 금정구 구서중앙로15번길 20,6,,,,,,,,
더벤티 부산온천점,부산광역시 동래구 온천동 210-47,부산광역시 동래구 금강공원로 25-1,0,,,,,,,,
더벤티 부산온천점,부산광역시 동래구 온천동 210-47,부산광역시 동래구 금강공원로 25-1,1,,,,,,,,
더벤티 부산온천점,부산광역시 동래구 온천동 210-47,부산광역시 동래구 금강공원로 25-1,2,,,,,,,,
더벤티 부산온천점,부산광역시 동래구 온천동 210-47,부산광역시 동래구 금강공원로 25-1,3,,,,,,,,
더벤티 부산온천점,부산광역시 동래구 온천동 210-47,부산광역시 동래구 금강공원로 25-1,4,,,,,,,,
더벤티 부산온천점,부산광역시 동래구 온천동 210-47,부산광역시 동래구 금강공원로 25-1,5,,,,,,,,
더벤티 부산온천점,부산광역시 동래구 온천동 210-47,부산광역시 동래구 금강공원로 25-1,6,,,,,,,,
더벤티 카톨릭대점,부산광역시 금정구 부곡동 9-22,부산광역시 금정구 오륜대로 43,0,,,,,,,,
더벤티 카톨릭대점,부산광역시 금정구 부곡동 9-22,부산광역시 금정구 오륜대로 43,1,,,,,,,,
더벤티 카톨릭대점,부산광역시 금정구 부곡동 9-22,부산광역시 금정구 오륜대로 43,2,,,,,,,,
더벤티 카톨릭대점,부산광역시 금정구 부곡동 9-22,부산광역시 금정구 오륜대로 43,3,,,,,,,,
더벤티 카톨릭대점,부산광역시 금정구 부곡동 9-22,부산광역시 금정구 오륜대로 43,4,,,,,,,,
더벤티 카톨릭대점,부산광역시 금정구 부곡동 9-22,부산광역시 금정구 오륜대로 43,5,,,,,,,,
더벤티 카톨릭대점,부산광역시 금정구 부곡동 9-22,부산광역시 금정구 오륜대로 43,6,,,,,,,,
더소셜라이징,부산광역시 금정구 장전동 365-32,부산광역시 금정구 장전온천천로101번길 10,0,,,,,,,,
더소셜라이징,부산광역시 금정구 장전동 365-32,부산광역시 금정구 장전온천천로101번길 10,1,,,,,,,,
더소셜라이징,부산광역시 금정구 장전동 365-32,부산광역시 금정구 장전온천천로101번길 10,2,,,,,,,,
더소셜라이징,부산광역시 금정구 장전동 365-32,부산광역시 금정구 장전온천천로101번길 10,3,,,,,,,,
더소셜라이징,부산광역시 금정구 장전동 365-32,부산광역시 금정구 장전온천천로101번길 10,4,,,,,,,,
더소셜라이징,부산광역시 금정구 장전동 365-32,부산광역시 금정구 장전온천천로101번길 10,5,,,,,,,,
더소셜라이징,부산광역시 금정구 장전동 365-32,부산광역시 금정구 장전온천천로101번길 10,6,,,,,,,,
더웨이닝커피,부산광역시 금정구 구서동 1070,부산광역시 금정구 금샘로245번길 11,0,10:00,23:00,,,,,,
더웨이닝커피,부산광역시 금정구 구서동 1070,부산광역시 금정구 금샘로245번길 11,1,10:00,23:00,,,,,,
더웨이닝커피,부산광역시 금정구 구서동 1070,부산광역시 금정구 금샘로245번길 11,2,10:00,23:00,,,,,,
더웨이닝커피,부산광역시 금정구 구서동 1070,부산광역시 금정구 금샘로245번길 11,3,10:00,23:00,,,,,,
더웨이닝커피,부산광역시 금정구 구서동 1070,부산광역시 금정구 금샘로245번길 11,4,10:00,23:00,,,,,,
더웨이닝커피,부산광역시 금정구 구서동 1070,부산광역시 금정구 금샘로245번길 11,5,10:00,23:00,,,,,,
더웨이닝커피,부산광역시 금정구 구서동 1070,부산광역시 금정구 금샘로245번길 11,6,10:00,23:00,,,,,,
더카페,부산광역시 금정구 장전동 40,부산광역시 금정구 부산대학로63번길 2,0,,,,,,,,
더카페,부산광역시 금정구 장전동 40,부산광역시 금정구 부산대학로63번길 2,1,,,,,,,,
더카페,부산광역시 금정구 장전동 40,부산광역시 금정구 부산대학로63번길 2,2,,,,,,,,
더카페,부산광역시 금정구 장전동 40,부산광역시 금정구 부산대학로63번길 2,3,,,,,,,,
더카페,부산광역시 금정구 장전동 40,부산광역시 금정구 부산대학로63번길 2,4,,,,,,,,
더카페,부산광역시 금정구 장전동 40,부산광역시 금정구 부산대학로63번길 2,5,,,,,,,,
더카페,부산광역시 금정구 장전동 40,부산광역시 금정구 부산대학로63번길 2,6,,,,,,,,
덕자네김밥,부산광역시 동래구 온천동 728-16,부산광역시 동래구 충렬대로107번길 43,0,,,,,,,,
덕자네김밥,부산광역시 동래구 온천동 728-16,부산광역시 동래구 충렬대로107번길 43,1,,,,,,,,
덕자네김밥,부산광역시 동래구 온천동 728-16,부산광역시 동래구 충렬대로107번길 43,2,,,,,,,,
덕자네김밥,부산광역시 동래구 온천동 728-16,부산광역시 동래구 충렬대로107번길 43,3,,,,,,,,
덕자네김밥,부산광역시 동래구 온천동 728-16,부산광역시 동래구 충렬대로107번길 43,4,,,,,,,,
덕자네김밥,부산광역시 동래구 온천동 728-16,부산광역시 동래구 충렬대로107번길 43,5,,,,,,,,
덕자네김밥,부산광역시 동래구 온천동 728-16,부산광역시 동래구 충렬대로107번길 43,6,,,,,,,,
데이너커피,부산광역시 금정구 장전동 390-5,부산광역시 금정구 금정로 97-1,0,8:30,19:00,,,,,,
데이너커피,부산광역시 금정구 장전동 390-5,부산광역시 금정구 금정로 97-1,1,8:30,15:00,,,,,,
데이너커피,부산광역시 금정구 장전동 390-5,부산광역시 금정구 금정로 97-1,2,8:30,19:00,,,,,,
데이너커피,부산광역시 금정구 장전동 390-5,부산광역시 금정구 금정로 97-1,3,8:30,19:00,,,,,,
데이너커피,부산광역시 금정구 장전동 390-5,부산광역시 금정구 금정로 97-1,4,8:30,19:00,,,,,,
데이너커피,부산광역시 금정구 장전동 390-5,부산광역시 금정구 금정로 97-1,5,8:30,19:00,,,,,,
데이너커피,부산광역시 금정구 장전동 390-5,부산광역시 금정구 금정로 97-1,6,8:30,19:00,,,,,,
도르샐러드,부산광역시 금정구 장전동 413-50,부산광역시 금정구 부산대학로 30-3,0,11:30,21:30,21:00,,,,,
도르샐러드,부산광역시 금정구 장전동 413-50,부산광역시 금정구 부산대학로 30-3,1,,,,,TRUE,,,
도르샐러드,부산광역시 금정구 장전동 413-50,부산광역시 금정구 부산대학로 30-3,2,11:30,21:30,21:00,,,,,
도르샐러드,부산광역시 금정구 장전동 413-50,부산광역시 금정구 부산대학로 30-3,3,11:30,21:30,21:00,,,,,
도르샐러드,부산광역시 금정구 장전동 413-50,부산광역시 금정구 부산대학로 30-3,4,11:30,21:30,21:00,,,,,
도르샐러드,부산광역시 금정구 장전동 413-50,부산광역시 금정구 부산대학로 30-3,5,11:30,21:30,21:00,,,,,
도르샐러드,부산광역시 금정구 장전동 413-50,부산광역시 금정구 부산대학로 30-3,6,11:30,21:30,21:00,,,,,
동래온천작심스페이스,부산광역시 동래구 온천동 153-8,부산광역시 동래구 중앙대로 1523,0,,,,,,,,
동래온천작심스페이스,부산광역시 동래구 온천동 153-8,부산광역시 동래구 중앙대로 1523,1,,,,,,,,
동래온천작심스페이스,부산광역시 동래구 온천동 153-8,부산광역시 동래구 중앙대로 1523,2,,,,,,,,
동래온천작심스페이스,부산광역시 동래구 온천동 153-8,부산광역시 동래구 중앙대로 1523,3,,,,,,,,
동래온천작심스페이스,부산광역시 동래구 온천동 153-8,부산광역시 동래구 중앙대로 1523,4,,,,,,,,
동래온천작심스페이스,부산광역시 동래구 온천동 153-8,부산광역시 동래구 중앙대로 1523,5,,,,,,,,
동래온천작심스페이스,부산광역시 동래구 온천동 153-8,부산광역시 동래구 중앙대로 1523,6,,,,,,,,
동백,부산광역시 금정구 장전동 617-13,부산광역시 금정구 온천장로125번길 70,0,,,,,,,,
동백,부산광역시 금정구 장전동 617-13,부산광역시 금정구 온천장로125번길 70,1,,,,,,,,
동백,부산광역시 금정구 장전동 617-13,부산광역시 금정구 온천장로125번길 70,2,,,,,,,,
동백,부산광역시 금정구 장전동 617-13,부산광역시 금정구 온천장로125번길 70,3,,,,,,,,
동백,부산광역시 금정구 장전동 617-13,부산광역시 금정구 온천장로125번길 70,4,,,,,,,,
동백,부산광역시 금정구 장전동 617-13,부산광역시 금정구 온천장로125번길 70,5,,,,,,,,
동백,부산광역시 금정구 장전동 617-13,부산광역시 금정구 온천장로125번길 70,6,,,,,,,,
동카페컴퍼니,부산광역시 동래구 온천동 1447-21,부산광역시 동래구 미남로 130-1,0,,,,,,,,
동카페컴퍼니,부산광역시 동래구 온천동 1447-21,부산광역시 동래구 미남로 130-1,1,,,,,,,,
동카페컴퍼니,부산광역시 동래구 온천동 1447-21,부산광역시 동래구 미남로 130-1,2,,,,,,,,
동카페컴퍼니,부산광역시 동래구 온천동 1447-21,부산광역시 동래구 미남로 130-1,3,,,,,,,,
동카페컴퍼니,부산광역시 동래구 온천동 1447-21,부산광역시 동래구 미남로 130-1,4,,,,,,,,
동카페컴퍼니,부산광역시 동래구 온천동 1447-21,부산광역시 동래구 미남로 130-1,5,,,,,,,,
동카페컴퍼니,부산광역시 동래구 온천동 1447-21,부산광역시 동래구 미남로 130-1,6,,,,,,,,
듀코비,부산광역시 금정구 구서동 1009-4,부산광역시 금정구 두실로 37,0,9:00,22:00,21:00,,,,,
듀코비,부산광역시 금정구 구서동 1009-4,부산광역시 금정구 두실로 37,1,,,,TRUE,,,,
듀코비,부산광역시 금정구 구서동 1009-4,부산광역시 금정구 두실로 37,2,9:00,22:00,21:00,,,,,
듀코비,부산광역시 금정구 구서동 1009-4,부산광역시 금정구 두실로 37,3,9:00,22:00,21:00,,,,,
듀코비,부산광역시 금정구 구서동 1009-4,부산광역시 금정구 두실로 37,4,9:00,22:00,21:00,,,,,
듀코비,부산광역시 금정구 구서동 1009-4,부산광역시 금정구 두실로 37,5,9:00,22:00,21:00,,,,,
듀코비,부산광역시 금정구 구서동 1009-4,부산광역시 금정구 두실로 37,6,9:00,22:00,21:00,,,,,
디벨롭커피,부산광역시 금정구 부곡동 268-2,부산광역시 금정구 중앙대로 1617-12,0,10:00,19:00,,,,,,
디벨롭커피,부산광역시 금정구 부곡동 268-2,부산광역시 금정구 중앙대로 1617-12,1,10:00,19:00,,,,,,
디벨롭커피,부산광역시 금정구 부곡동 268-2,부산광역시 금정구 중앙대로 1617-12,2,10:00,19:00,,,,,,
디벨롭커피,부산광역시 금정구 부곡동 268-2,부산광역시 금정구 중앙대로 1617-12,3,,,,TRUE,,,,
디벨롭커피,부산광역시 금정구 부곡동 268-2,부산광역시 금정구 중앙대로 1617-12,4,10:00,19:00,,,,,,
디벨롭커피,부산광역시 금정구 부곡동 268-2,부산광역시 금정구 중앙대로 1617-12,5,10:00,19:00,,,,,,
디벨롭커피,부산광역시 금정구 부곡동 268-2,부산광역시 금정구 중앙대로 1617-12,6,10:00,19:00,,,,,,
디셈버２,부산광역시 금정구 장전동 309-3,부산광역시 금정구 금정로 64-2,0,11:00,0:00,,,,,,
디셈버２,부산광역시 금정구 장전동 309-3,부산광역시 금정구 금정로 64-2,1,11:00,0:00,,,,,,
디셈버２,부산광역시 금정구 장전동 309-3,부산광역시 금정구 금정로 64-2,2,11:00,0:00,,,,,,
디셈버２,부산광역시 금정구 장전동 309-3,부산광역시 금정구 금정로 64-2,3,11:00,0:00,,,,,,
디셈버２,부산광역시 금정구 장전동 309-3,부산광역시 금정구 금정로 64-2,4,11:00,0:00,,,,,,
디셈버２,부산광역시 금정구 장전동 309-3,부산광역시 금정구 금정로 64-2,5,11:00,0:00,,,,,,
디셈버２,부산광역시 금정구 장전동 309-3,부산광역시 금정구 금정로 64-2,6,11:00,0:00,,,,,,
디저트39 부산대점,부산광역시 금정구 장전동 416-18,부산광역시 금정구 부산대학로38번길 1,0,,,,,,,,
디저트39 부산대점,부산광역시 금정구 장전동 416-18,부산광역시 금정구 부산대학로38번길 1,1,,,,,,,,
디저트39 부산대점,부산광역시 금정구 장전동 416-18,부산광역시 금정구 부산대학로38번길 1,2,,,,,,,,
디저트39 부산대점,부산광역시 금정구 장전동 416-18,부산광역시 금정구 부산대학로38번길 1,3,,,,,,,,
디저트39 부산대점,부산광역시 금정구 장전동 416-18,부산광역시 금정구 부산대학로38번길 1,4,,,,,,,,
디저트39 부산대점,부산광역시 금정구 장전동 416-18,부산광역시 금정구 부산대학로38번길 1,5,,,,,,,,
디저트39 부산대점,부산광역시 금정구 장전동 416-18,부산광역시 금정구 부산대학로38번길 1,6,,,,,,,,
디저트참잘하는집 부산대점,부산광역시 금정구 장전동 417-13,부산광역시 금정구 금정로 83,0,,,,,,,,
디저트참잘하는집 부산대점,부산광역시 금정구 장전동 417-13,부산광역시 금정구 금정로 83,1,,,,,,,,
디저트참잘하는집 부산대점,부산광역시 금정구 장전동 417-13,부산광역시 금정구 금정로 83,2,,,,,,,,
디저트참잘하는집 부산대점,부산광역시 금정구 장전동 417-13,부산광역시 금정구 금정로 83,3,,,,,,,,
디저트참잘하는집 부산대점,부산광역시 금정구 장전동 417-13,부산광역시 금정구 금정로 83,4,,,,,,,,
디저트참잘하는집 부산대점,부산광역시 금정구 장전동 417-13,부산광역시 금정구 금정로 83,5,,,,,,,,
디저트참잘하는집 부산대점,부산광역시 금정구 장전동 417-13,부산광역시 금정구 금정로 83,6,,,,,,,,
디초콜릿커피앤드 부산온천장점,부산광역시 동래구 온천동 153-8,부산광역시 동래구 중앙대로 1523,0,,,,,,,,
디초콜릿커피앤드 부산온천장점,부산광역시 동래구 온천동 153-8,부산광역시 동래구 중앙대로 1523,1,,,,,,,,
디초콜릿커피앤드 부산온천장점,부산광역시 동래구 온천동 153-8,부산광역시 동래구 중앙대로 1523,2,,,,,,,,
디초콜릿커피앤드 부산온천장점,부산광역시 동래구 온천동 153-8,부산광역시 동래구 중앙대로 1523,3,,,,,,,,
디초콜릿커피앤드 부산온천장점,부산광역시 동래구 온천동 153-8,부산광역시 동래구 중앙대로 1523,4,,,,,,,,
디초콜릿커피앤드 부산온천장점,부산광역시 동래구 온천동 153-8,부산광역시 동래구 중앙대로 1523,5,,,,,,,,
디초콜릿커피앤드 부산온천장점,부산광역시 동래구 온천동 153-8,부산광역시 동래구 중앙대로 1523,6,,,,,,,,
디프런트데이즈,부산광역시 금정구 장전동 293-84,부산광역시 금정구 장전로12번길 11,0,12:00,23:00,,,,,,
디프런트데이즈,부산광역시 금정구 장전동 293-84,부산광역시 금정구 장전로12번길 11,1,12:00,23:00,,,,,,
디프런트데이즈,부산광역시 금정구 장전동 293-84,부산광역시 금정구 장전로12번길 11,2,12:00,23:00,,,,,,
디프런트데이즈,부산광역시 금정구 장전동 293-84,부산광역시 금정구 장전로12번길 11,3,12:00,23:00,,,,,,
디프런트데이즈,부산광역시 금정구 장전동 293-84,부산광역시 금정구 장전로12번길 11,4,12:00,23:00,,,,,,
디프런트데이즈,부산광역시 금정구 장전동 293-84,부산광역시 금정구 장전로12번길 11,5,12:00,23:00,,,,,,
디프런트데이즈,부산광역시 금정구 장전동 293-84,부산광역시 금정구 장전로12번길 11,6,12:00,23:00,,,,,,
라디페,부산광역시 금정구 구서동 413-7,부산광역시 금정구 수림로72번길 150,0,,,,,,,,
라디페,부산광역시 금정구 구서동 413-7,부산광역시 금정구 수림로72번길 150,1,,,,,,,,
라디페,부산광역시 금정구 구서동 413-7,부산광역시 금정구 수림로72번길 150,2,,,,,,,,
라디페,부산광역시 금정구 구서동 413-7,부산광역시 금정구 수림로72번길 150,3,,,,,,,,
라디페,부산광역시 금정구 구서동 413-7,부산광역시 금정구 수림로72번길 150,4,,,,,,,,
라디페,부산광역시 금정구 구서동 413-7,부산광역시 금정구 수림로72번길 150,5,,,,,,,,
라디페,부산광역시 금정구 구서동 413-7,부산광역시 금정구 수림로72번길 150,6,,,,,,,,
라루타,부산광역시 금정구 구서동 1017-32,부산광역시 금정구 두실로37번길 3,0,,,,,,,,
라루타,부산광역시 금정구 구서동 1017-32,부산광역시 금정구 두실로37번길 3,1,,,,,,,,
라루타,부산광역시 금정구 구서동 1017-32,부산광역시 금정구 두실로37번길 3,2,,,,,,,,
라루타,부산광역시 금정구 구서동 1017-32,부산광역시 금정구 두실로37번길 3,3,,,,,,,,
라루타,부산광역시 금정구 구서동 1017-32,부산광역시 금정구 두실로37번길 3,4,,,,,,,,
라루타,부산광역시 금정구 구서동 1017-32,부산광역시 금정구 두실로37번길 3,5,,,,,,,,
라루타,부산광역시 금정구 구서동 1017-32,부산광역시 금정구 두실로37번길 3,6,,,,,,,,
라브,부산광역시 금정구 구서동 246-51,부산광역시 금정구 중앙대로1873번길 33,0,,,,TRUE,,,,
라브,부산광역시 금정구 구서동 246-51,부산광역시 금정구 중앙대로1873번길 33,1,11:00,20:00,,,,,,
라브,부산광역시 금정구 구서동 246-51,부산광역시 금정구 중앙대로1873번길 33,2,11:00,20:00,,,,,,
라브,부산광역시 금정구 구서동 246-51,부산광역시 금정구 중앙대로1873번길 33,3,11:00,20:00,,,,,,
라브,부산광역시 금정구 구서동 246-51,부산광역시 금정구 중앙대로1873번길 33,4,11:00,20:00,,,,,,
라브,부산광역시 금정구 구서동 246-51,부산광역시 금정구 중앙대로1873번길 33,5,11:00,20:00,,,,,,
라브,부산광역시 금정구 구서동 246-51,부산광역시 금정구 중앙대로1873번길 33,6,11:00,20:00,,,,,,
라뽀아르,부산광역시 금정구 구서동 460-21,부산광역시 금정구 수림로72번길 120,0,11:00,21:00,,,,,,
라뽀아르,부산광역시 금정구 구서동 460-21,부산광역시 금정구 수림로72번길 120,1,,,,TRUE,,,,
라뽀아르,부산광역시 금정구 구서동 460-21,부산광역시 금정구 수림로72번길 120,2,11:00,21:00,,,,,,
라뽀아르,부산광역시 금정구 구서동 460-21,부산광역시 금정구 수림로72번길 120,3,11:00,21:00,,,,,,
라뽀아르,부산광역시 금정구 구서동 460-21,부산광역시 금정구 수림로72번길 120,4,11:00,21:00,,,,,,
라뽀아르,부산광역시 금정구 구서동 460-21,부산광역시 금정구 수림로72번길 120,5,11:00,21:00,,,,,,
라뽀아르,부산광역시 금정구 구서동 460-21,부산광역시 금정구 수림로72번길 120,6,11:00,21:00,,,,,,
라소,부산광역시 동래구 명륜동 533-154,부산광역시 동래구 충렬대로 178,0,10:00,18:00,,,,,,
라소,부산광역시 동래구 명륜동 533-154,부산광역시 동래구 충렬대로 178,1,10:00,19:00,,,,,,
라소,부산광역시 동래구 명륜동 533-154,부산광역시 동래구 충렬대로 178,2,10:00,19:00,,,,,,
라소,부산광역시 동래구 명륜동 533-154,부산광역시 동래구 충렬대로 178,3,10:00,19:00,,,,,,
라소,부산광역시 동래구 명륜동 533-154,부산광역시 동래구 충렬대로 178,4,10:00,19:00,,,,,,
라소,부산광역시 동래구 명륜동 533-154,부산광역시 동래구 충렬대로 178,5,10:00,19:00,,,,,,
라소,부산광역시 동래구 명륜동 533-154,부산광역시 동래구 충렬대로 178,6,10:00,18:00,,,,,,
라이크댓커피,부산광역시 금정구 장전동 145-22,부산광역시 금정구 수림로91번길 51,0,,,,TRUE,,,,
라이크댓커피,부산광역시 금정구 장전동 145-22,부산광역시 금정구 수림로91번길 51,1,10:00,18:00,,,,,,
라이크댓커피,부산광역시 금정구 장전동 145-22,부산광역시 금정구 수림로91번길 51,2,10:00,18:00,,,,,,
라이크댓커피,부산광역시 금정구 장전동 145-22,부산광역시 금정구 수림로91번길 51,3,10:00,18:00,,,,,,
라이크댓커피,부산광역시 금정구 장전동 145-22,부산광역시 금정구 수림로91번길 51,4,10:00,18:00,,,,,,
라이크댓커피,부산광역시 금정구 장전동 145-22,부산광역시 금정구 수림로91번길 51,5,10:00,18:00,,,,,,
라이크댓커피,부산광역시 금정구 장전동 145-22,부산광역시 금정구 수림로91번길 51,6,,,,TRUE,,,,
란나쏘이,부산광역시 동래구 온천동 153-8,부산광역시 동래구 중앙대로 1523,0,,,,,,,,
란나쏘이,부산광역시 동래구 온천동 153-8,부산광역시 동래구 중앙대로 1523,1,,,,,,,,
란나쏘이,부산광역시 동래구 온천동 153-8,부산광역시 동래구 중앙대로 1523,2,,,,,,,,
란나쏘이,부산광역시 동래구 온천동 153-8,부산광역시 동래구 중앙대로 1523,3,,,,,,,,
란나쏘이,부산광역시 동래구 온천동 153-8,부산광역시 동래구 중앙대로 1523,4,,,,,,,,
란나쏘이,부산광역시 동래구 온천동 153-8,부산광역시 동래구 중앙대로 1523,5,,,,,,,,
란나쏘이,부산광역시 동래구 온천동 153-8,부산광역시 동래구 중앙대로 1523,6,,,,,,,,
러빗윤,부산광역시 동래구 온천동 198-10,부산광역시 동래구 금강로 85,0,,,,,,,,
러빗윤,부산광역시 동래구 온천동 198-10,부산광역시 동래구 금강로 85,1,,,,,,,,
러빗윤,부산광역시 동래구 온천동 198-10,부산광역시 동래구 금강로 85,2,,,,,,,,
러빗윤,부산광역시 동래구 온천동 198-10,부산광역시 동래구 금강로 85,3,,,,,,,,
러빗윤,부산광역시 동래구 온천동 198-10,부산광역시 동래구 금강로 85,4,,,,,,,,
러빗윤,부산광역시 동래구 온천동 198-10,부산광역시 동래구 금강로 85,5,,,,,,,,
러빗윤,부산광역시 동래구 온천동 198-10,부산광역시 동래구 금강로 85,6,,,,,,,,
로제이브,부산광역시 금정구 장전동 387-17,부산광역시 금정구 금강로279번길 22,0,8:00,21:30,,,,,,
로제이브,부산광역시 금정구 장전동 387-17,부산광역시 금정구 금강로279번길 22,1,8:00,23:00,,,,,,
로제이브,부산광역시 금정구 장전동 387-17,부산광역시 금정구 금강로279번길 22,2,8:00,23:00,,,,,,
로제이브,부산광역시 금정구 장전동 387-17,부산광역시 금정구 금강로279번길 22,3,8:00,23:00,,,,,,
로제이브,부산광역시 금정구 장전동 387-17,부산광역시 금정구 금강로279번길 22,4,8:00,23:00,,,,,,
로제이브,부산광역시 금정구 장전동 387-17,부산광역시 금정구 금강로279번길 22,5,8:00,23:00,,,,,,
로제이브,부산광역시 금정구 장전동 387-17,부산광역시 금정구 금강로279번길 22,6,8:00,21:30,,,,,,
로제이브 커피북문점,부산광역시 금정구 장전동 130-25,부산광역시 금정구 금강로335번길 40,0,7:30,22:00,21:50,,,,,
로제이브 커피북문점,부산광역시 금정구 장전동 130-25,부산광역시 금정구 금강로335번길 40,1,7:30,22:00,21:50,,,,,
로제이브 커피북문점,부산광역시 금정구 장전동 130-25,부산광역시 금정구 금강로335번길 40,2,7:30,22:00,21:50,,,,,
로제이브 커피북문점,부산광역시 금정구 장전동 130-25,부산광역시 금정구 금강로335번길 40,3,7:30,22:00,21:50,,,,,
로제이브 커피북문점,부산광역시 금정구 장전동 130-25,부산광역시 금정구 금강로335번길 40,4,7:30,22:00,21:50,,,,,
로제이브 커피북문점,부산광역시 금정구 장전동 130-25,부산광역시 금정구 금강로335번길 40,5,7:30,22:00,21:50,,,,,
로제이브 커피북문점,부산광역시 금정구 장전동 130-25,부산광역시 금정구 금강로335번길 40,6,7:30,22:00,21:50,,,,,
로타리,부산광역시 동래구 온천동 1423-2,부산광역시 동래구 미남로 146,0,,,,,,,,
로타리,부산광역시 동래구 온천동 1423-2,부산광역시 동래구 미남로 146,1,,,,,,,,
로타리,부산광역시 동래구 온천동 1423-2,부산광역시 동래구 미남로 146,2,,,,,,,,
로타리,부산광역시 동래구 온천동 1423-2,부산광역시 동래구 미남로 146,3,,,,,,,,
로타리,부산광역시 동래구 온천동 1423-2,부산광역시 동래구 미남로 146,4,,,,,,,,
로타리,부산광역시 동래구 온천동 1423-2,부산광역시 동래구 미남로 146,5,,,,,,,,
로타리,부산광역시 동래구 온천동 1423-2,부산광역시 동래구 미남로 146,6,,,,,,,,
롱블랙,부산광역시 동래구 온천동 442-13,부산광역시 동래구 금강로 68-1,0,,,,,,,,
롱블랙,부산광역시 동래구 온천동 442-13,부산광역시 동래구 금강로 68-1,1,,,,,,,,
롱블랙,부산광역시 동래구 온천동 442-13,부산광역시 동래구 금강로 68-1,2,,,,,,,,
롱블랙,부산광역시 동래구 온천동 442-13,부산광역시 동래구 금강로 68-1,3,,,,,,,,
롱블랙,부산광역시 동래구 온천동 442-13,부산광역시 동래구 금강로 68-1,4,,,,,,,,
롱블랙,부산광역시 동래구 온천동 442-13,부산광역시 동래구 금강로 68-1,5,,,,,,,,
롱블랙,부산광역시 동래구 온천동 442-13,부산광역시 동래구 금강로 68-1,6,,,,,,,,
루블리,부산광역시 동래구 온천동 1247-6,부산광역시 동래구 사직북로28번길 199,0,,,,,,,,
루블리,부산광역시 동래구 온천동 1247-6,부산광역시 동래구 사직북로28번길 199,1,,,,,,,,
루블리,부산광역시 동래구 온천동 1247-6,부산광역시 동래구 사직북로28번길 199,2,,,,,,,,
루블리,부산광역시 동래구 온천동 1247-6,부산광역시 동래구 사직북로28번길 199,3,,,,,,,,
루블리,부산광역시 동래구 온천동 1247-6,부산광역시 동래구 사직북로28번길 199,4,,,,,,,,
루블리,부산광역시 동래구 온천동 1247-6,부산광역시 동래구 사직북로28번길 199,5,,,,,,,,
루블리,부산광역시 동래구 온천동 1247-6,부산광역시 동래구 사직북로28번길 199,6,,,,,,,,
리디엔폴,부산광역시 금정구 장전동 90-10,부산광역시 금정구 금샘로 219,0,,,,TRUE,,,,
리디엔폴,부산광역시 금정구 장전동 90-10,부산광역시 금정구 금샘로 219,1,10:00,23:00,,,,,,
리디엔폴,부산광역시 금정구 장전동 90-10,부산광역시 금정구 금샘로 219,2,10:00,23:00,,,,,,
리디엔폴,부산광역시 금정구 장전동 90-10,부산광역시 금정구 금샘로 219,3,10:00,23:00,,,,,,
리디엔폴,부산광역시 금정구 장전동 90-10,부산광역시 금정구 금샘로 219,4,10:00,23:00,,,,,,
리디엔폴,부산광역시 금정구 장전동 90-10,부산광역시 금정구 금샘로 219,5,10:00,23:00,,,,,,
리디엔폴,부산광역시 금정구 장전동 90-10,부산광역시 금정구 금샘로 219,6,10:00,23:00,,,,,,
리바이브,부산광역시 동래구 명륜동 671-19,부산광역시 동래구 명륜로 173,0,,,,TRUE,,,,
리바이브,부산광역시 동래구 명륜동 671-19,부산광역시 동래구 명륜로 173,1,9:00,18:00,,,,,,
리바이브,부산광역시 동래구 명륜동 671-19,부산광역시 동래구 명륜로 173,2,9:00,18:00,,,,,,
리바이브,부산광역시 동래구 명륜동 671-19,부산광역시 동래구 명륜로 173,3,9:00,18:00,,,,,,
리바이브,부산광역시 동래구 명륜동 671-19,부산광역시 동래구 명륜로 173,4,9:00,18:00,,,,,,
리바이브,부산광역시 동래구 명륜동 671-19,부산광역시 동래구 명륜로 173,5,9:00,18:00,,,,,,
리바이브,부산광역시 동래구 명륜동 671-19,부산광역시 동래구 명륜로 173,6,9:00,18:00,,,,,,
리시안,부산광역시 금정구 구서동 415-21,부산광역시 금정구 금정로231번길 14,0,,,,,,,,
리시안,부산광역시 금정구 구서동 415-21,부산광역시 금정구 금정로231번길 14,1,,,,,,,,
리시안,부산광역시 금정구 구서동 415-21,부산광역시 금정구 금정로231번길 14,2,,,,,,,,
리시안,부산광역시 금정구 구서동 415-21,부산광역시 금정구 금정로231번길 14,3,,,,,,,,
리시안,부산광역시 금정구 구서동 415-21,부산광역시 금정구 금정로231번길 14,4,,,,,,,,
리시안,부산광역시 금정구 구서동 415-21,부산광역시 금정구 금정로231번길 14,5,,,,,,,,
리시안,부산광역시 금정구 구서동 415-21,부산광역시 금정구 금정로231번길 14,6,,,,,,,,
리오더,부산광역시 금정구 장전동 643-318,부산광역시 금정구 장전온천천로 35,0,11:00,18:00,,,,,,
리오더,부산광역시 금정구 장전동 643-318,부산광역시 금정구 장전온천천로 35,1,10:00,18:00,,,,,,
리오더,부산광역시 금정구 장전동 643-318,부산광역시 금정구 장전온천천로 35,2,10:00,18:00,,,,,,
리오더,부산광역시 금정구 장전동 643-318,부산광역시 금정구 장전온천천로 35,3,10:00,18:00,,,,,,
리오더,부산광역시 금정구 장전동 643-318,부산광역시 금정구 장전온천천로 35,4,10:00,18:00,,,,,,
리오더,부산광역시 금정구 장전동 643-318,부산광역시 금정구 장전온천천로 35,5,10:00,18:00,,,,,,
리오더,부산광역시 금정구 장전동 643-318,부산광역시 금정구 장전온천천로 35,6,11:00,18:00,,,,,,
리즈커피클럽,부산광역시 동래구 명륜동 700-148,부산광역시 동래구 명륜로207번길 42,0,10:00,19:00,,,,,,
리즈커피클럽,부산광역시 동래구 명륜동 700-148,부산광역시 동래구 명륜로207번길 42,1,9:00,19:00,,,,,,
리즈커피클럽,부산광역시 동래구 명륜동 700-148,부산광역시 동래구 명륜로207번길 42,2,9:00,19:00,,,,,,
리즈커피클럽,부산광역시 동래구 명륜동 700-148,부산광역시 동래구 명륜로207번길 42,3,9:00,19:00,,,,,,
리즈커피클럽,부산광역시 동래구 명륜동 700-148,부산광역시 동래구 명륜로207번길 42,4,9:00,19:00,,,,,,
리즈커피클럽,부산광역시 동래구 명륜동 700-148,부산광역시 동래구 명륜로207번길 42,5,9:00,19:00,,,,,,
리즈커피클럽,부산광역시 동래구 명륜동 700-148,부산광역시 동래구 명륜로207번길 42,6,10:00,19:00,,,,,,
마미스카페,부산광역시 동래구 온천동 281-1,부산광역시 동래구 우장춘로 157-58,0,,,,,,,,
마미스카페,부산광역시 동래구 온천동 281-1,부산광역시 동래구 우장춘로 157-58,1,,,,,,,,
마미스카페,부산광역시 동래구 온천동 281-1,부산광역시 동래구 우장춘로 157-58,2,,,,,,,,
마미스카페,부산광역시 동래구 온천동 281-1,부산광역시 동래구 우장춘로 157-58,3,,,,,,,,
마미스카페,부산광역시 동래구 온천동 281-1,부산광역시 동래구 우장춘로 157-58,4,,,,,,,,
마미스카페,부산광역시 동래구 온천동 281-1,부산광역시 동래구 우장춘로 157-58,5,,,,,,,,
마미스카페,부산광역시 동래구 온천동 281-1,부산광역시 동래구 우장춘로 157-58,6,,,,,,,,
마스커피랩,부산광역시 금정구 장전동 401-5,부산광역시 금정구 금강로 271-5,0,12:00,21:00,20:30,,,,,
마스커피랩,부산광역시 금정구 장전동 401-5,부산광역시 금정구 금강로 271-5,1,12:00,21:00,20:30,,,,,
마스커피랩,부산광역시 금정구 장전동 401-5,부산광역시 금정구 금강로 271-5,2,12:00,21:00,20:30,,,,,
마스커피랩,부산광역시 금정구 장전동 401-5,부산광역시 금정구 금강로 271-5,3,12:00,21:00,20:30,,,,,
마스커피랩,부산광역시 금정구 장전동 401-5,부산광역시 금정구 금강로 271-5,4,12:00,21:00,20:30,,,,,
마스커피랩,부산광역시 금정구 장전동 401-5,부산광역시 금정구 금강로 271-5,5,12:00,21:00,20:30,,,,,
마스커피랩,부산광역시 금정구 장전동 401-5,부산광역시 금정구 금강로 271-5,6,12:00,21:00,20:30,,,,,
마씨모,부산광역시 금정구 구서동 248-21,부산광역시 금정구 중앙대로 1875,0,,,,,,,,
마씨모,부산광역시 금정구 구서동 248-21,부산광역시 금정구 중앙대로 1875,1,,,,,,,,
마씨모,부산광역시 금정구 구서동 248-21,부산광역시 금정구 중앙대로 1875,2,,,,,,,,
마씨모,부산광역시 금정구 구서동 248-21,부산광역시 금정구 중앙대로 1875,3,,,,,,,,
마씨모,부산광역시 금정구 구서동 248-21,부산광역시 금정구 중앙대로 1875,4,,,,,,,,
마씨모,부산광역시 금정구 구서동 248-21,부산광역시 금정구 중앙대로 1875,5,,,,,,,,
마씨모,부산광역시 금정구 구서동 248-21,부산광역시 금정구 중앙대로 1875,6,,,,,,,,
만랩커피 부산동래점,부산광역시 동래구 명륜동 533-161,부산광역시 동래구 명륜로129번길 58,0,10:00,22:00,,,,,,
만랩커피 부산동래점,부산광역시 동래구 명륜동 533-161,부산광역시 동래구 명륜로129번길 58,1,10:00,23:00,,,,,,
만랩커피 부산동래점,부산광역시 동래구 명륜동 533-161,부산광역시 동래구 명륜로129번길 58,2,10:00,23:00,,,,,,
만랩커피 부산동래점,부산광역시 동래구 명륜동 533-161,부산광역시 동래구 명륜로129번길 58,3,10:00,23:00,,,,,,
만랩커피 부산동래점,부산광역시 동래구 명륜동 533-161,부산광역시 동래구 명륜로129번길 58,4,10:00,23:00,,,,,,
만랩커피 부산동래점,부산광역시 동래구 명륜동 533-161,부산광역시 동래구 명륜로129번길 58,5,10:00,23:00,,,,,,
만랩커피 부산동래점,부산광역시 동래구 명륜동 533-161,부산광역시 동래구 명륜로129번길 58,6,10:00,23:00,,,,,,
메가스토어,부산광역시 동래구 명륜동 553-5,부산광역시 동래구 명륜로129번길 20,0,,,,,,,,
메가스토어,부산광역시 동래구 명륜동 553-5,부산광역시 동래구 명륜로129번길 20,1,,,,,,,,
메가스토어,부산광역시 동래구 명륜동 553-5,부산광역시 동래구 명륜로129번길 20,2,,,,,,,,
메가스토어,부산광역시 동래구 명륜동 553-5,부산광역시 동래구 명륜로129번길 20,3,,,,,,,,
메가스토어,부산광역시 동래구 명륜동 553-5,부산광역시 동래구 명륜로129번길 20,4,,,,,,,,
메가스토어,부산광역시 동래구 명륜동 553-5,부산광역시 동래구 명륜로129번길 20,5,,,,,,,,
메가스토어,부산광역시 동래구 명륜동 553-5,부산광역시 동래구 명륜로129번길 20,6,,,,,,,,
메가엠지씨 동래롯데점,부산광역시 동래구 온천동 479-7,부산광역시 동래구 동래로 11,0,,,,,,,,
메가엠지씨 동래롯데점,부산광역시 동래구 온천동 479-7,부산광역시 동래구 동래로 11,1,,,,,,,,
메가엠지씨 동래롯데점,부산광역시 동래구 온천동 479-7,부산광역시 동래구 동래로 11,2,,,,,,,,
메가엠지씨 동래롯데점,부산광역시 동래구 온천동 479-7,부산광역시 동래구 동래로 11,3,,,,,,,,
메가엠지씨 동래롯데점,부산광역시 동래구 온천동 479-7,부산광역시 동래구 동래로 11,4,,,,,,,,
메가엠지씨 동래롯데점,부산광역시 동래구 온천동 479-7,부산광역시 동래구 동래로 11,5,,,,,,,,
메가엠지씨 동래롯데점,부산광역시 동래구 온천동 479-7,부산광역시 동래구 동래로 11,6,,,,,,,,
메가엠지씨 커피동래점,부산광역시 동래구 명륜동 532-4,부산광역시 동래구 명륜로129번길 35,0,,,,,,,,
메가엠지씨 커피동래점,부산광역시 동래구 명륜동 532-4,부산광역시 동래구 명륜로129번길 35,1,,,,,,,,
메가엠지씨 커피동래점,부산광역시 동래구 명륜동 532-4,부산광역시 동래구 명륜로129번길 35,2,,,,,,,,
메가엠지씨 커피동래점,부산광역시 동래구 명륜동 532-4,부산광역시 동래구 명륜로129번길 35,3,,,,,,,,
메가엠지씨 커피동래점,부산광역시 동래구 명륜동 532-4,부산광역시 동래구 명륜로129번길 35,4,,,,,,,,
메가엠지씨 커피동래점,부산광역시 동래구 명륜동 532-4,부산광역시 동래구 명륜로129번길 35,5,,,,,,,,
메가엠지씨 커피동래점,부산광역시 동래구 명륜동 532-4,부산광역시 동래구 명륜로129번길 35,6,,,,,,,,
메가엠지씨커피 금정구청점,부산광역시 금정구 부곡동 64-23,부산광역시 금정구 부곡온천천로 190,0,,,,,,,,
메가엠지씨커피 금정구청점,부산광역시 금정구 부곡동 64-23,부산광역시 금정구 부곡온천천로 190,1,,,,,,,,
메가엠지씨커피 금정구청점,부산광역시 금정구 부곡동 64-23,부산광역시 금정구 부곡온천천로 190,2,,,,,,,,
메가엠지씨커피 금정구청점,부산광역시 금정구 부곡동 64-23,부산광역시 금정구 부곡온천천로 190,3,,,,,,,,
메가엠지씨커피 금정구청점,부산광역시 금정구 부곡동 64-23,부산광역시 금정구 부곡온천천로 190,4,,,,,,,,
메가엠지씨커피 금정구청점,부산광역시 금정구 부곡동 64-23,부산광역시 금정구 부곡온천천로 190,5,,,,,,,,
메가엠지씨커피 금정구청점,부산광역시 금정구 부곡동 64-23,부산광역시 금정구 부곡온천천로 190,6,,,,,,,,
메가엠지씨커피 부산구서역점,부산광역시 금정구 구서동 414-22,부산광역시 금정구 구서로 15,0,,,,,,,,
메가엠지씨커피 부산구서역점,부산광역시 금정구 구서동 414-22,부산광역시 금정구 구서로 15,1,,,,,,,,
메가엠지씨커피 부산구서역점,부산광역시 금정구 구서동 414-22,부산광역시 금정구 구서로 15,2,,,,,,,,
메가엠지씨커피 부산구서역점,부산광역시 금정구 구서동 414-22,부산광역시 금정구 구서로 15,3,,,,,,,,
메가엠지씨커피 부산구서역점,부산광역시 금정구 구서동 414-22,부산광역시 금정구 구서로 15,4,,,,,,,,
메가엠지씨커피 부산구서역점,부산광역시 금정구 구서동 414-22,부산광역시 금정구 구서로 15,5,,,,,,,,
메가엠지씨커피 부산구서역점,부산광역시 금정구 구서동 414-22,부산광역시 금정구 구서로 15,6,,,,,,,,
메가엠지씨커피 부산금강공원교차로점,부산광역시 동래구 온천동 210-26,부산광역시 동래구 금강공원로 43,0,,,,,,,,
메가엠지씨커피 부산금강공원교차로점,부산광역시 동래구 온천동 210-26,부산광역시 동래구 금강공원로 43,1,,,,,,,,
메가엠지씨커피 부산금강공원교차로점,부산광역시 동래구 온천동 210-26,부산광역시 동래구 금강공원로 43,2,,,,,,,,
메가엠지씨커피 부산금강공원교차로점,부산광역시 동래구 온천동 210-26,부산광역시 동래구 금강공원로 43,3,,,,,,,,
메가엠지씨커피 부산금강공원교차로점,부산광역시 동래구 온천동 210-26,부산광역시 동래구 금강공원로 43,4,,,,,,,,
메가엠지씨커피 부산금강공원교차로점,부산광역시 동래구 온천동 210-26,부산광역시 동래구 금강공원로 43,5,,,,,,,,
메가엠지씨커피 부산금강공원교차로점,부산광역시 동래구 온천동 210-26,부산광역시 동래구 금강공원로 43,6,,,,,,,,
메가엠지씨커피 부산동래래미안아이파크점,부산광역시 동래구 온천동 1853,부산광역시 동래구 금정마을로 150,0,,,,,,,,
메가엠지씨커피 부산동래래미안아이파크점,부산광역시 동래구 온천동 1853,부산광역시 동래구 금정마을로 150,1,,,,,,,,
메가엠지씨커피 부산동래래미안아이파크점,부산광역시 동래구 온천동 1853,부산광역시 동래구 금정마을로 150,2,,,,,,,,
메가엠지씨커피 부산동래래미안아이파크점,부산광역시 동래구 온천동 1853,부산광역시 동래구 금정마을로 150,3,,,,,,,,
메가엠지씨커피 부산동래래미안아이파크점,부산광역시 동래구 온천동 1853,부산광역시 동래구 금정마을로 150,4,,,,,,,,
메가엠지씨커피 부산동래래미안아이파크점,부산광역시 동래구 온천동 1853,부산광역시 동래구 금정마을로 150,5,,,,,,,,
메가엠지씨커피 부산동래래미안아이파크점,부산광역시 동래구 온천동 1853,부산광역시 동래구 금정마을로 150,6,,,,,,,,
메가엠지씨커피 부산두실역점,부산광역시 금정구 구서동 163-13,부산광역시 금정구 중앙대로 1947,0,,,,,,,,
메가엠지씨커피 부산두실역점,부산광역시 금정구 구서동 163-13,부산광역시 금정구 중앙대로 1947,1,,,,,,,,
메가엠지씨커피 부산두실역점,부산광역시 금정구 구서동 163-13,부산광역시 금정구 중앙대로 1947,2,,,,,,,,
메가엠지씨커피 부산두실역점,부산광역시 금정구 구서동 163-13,부산광역시 금정구 중앙대로 1947,3,,,,,,,,
메가엠지씨커피 부산두실역점,부산광역시 금정구 구서동 163-13,부산광역시 금정구 중앙대로 1947,4,,,,,,,,
메가엠지씨커피 부산두실역점,부산광역시 금정구 구서동 163-13,부산광역시 금정구 중앙대로 1947,5,,,,,,,,
메가엠지씨커피 부산두실역점,부산광역시 금정구 구서동 163-13,부산광역시 금정구 중앙대로 1947,6,,,,,,,,
메가엠지씨커피 부산미남역점,부산광역시 동래구 온천동 1267-3,부산광역시 동래구 아시아드대로 245,0,,,,,,,,
메가엠지씨커피 부산미남역점,부산광역시 동래구 온천동 1267-3,부산광역시 동래구 아시아드대로 245,1,,,,,,,,
메가엠지씨커피 부산미남역점,부산광역시 동래구 온천동 1267-3,부산광역시 동래구 아시아드대로 245,2,,,,,,,,
메가엠지씨커피 부산미남역점,부산광역시 동래구 온천동 1267-3,부산광역시 동래구 아시아드대로 245,3,,,,,,,,
메가엠지씨커피 부산미남역점,부산광역시 동래구 온천동 1267-3,부산광역시 동래구 아시아드대로 245,4,,,,,,,,
메가엠지씨커피 부산미남역점,부산광역시 동래구 온천동 1267-3,부산광역시 동래구 아시아드대로 245,5,,,,,,,,
메가엠지씨커피 부산미남역점,부산광역시 동래구 온천동 1267-3,부산광역시 동래구 아시아드대로 245,6,,,,,,,,
메가엠지씨커피 온천장점,부산광역시 동래구 온천동 453-3,부산광역시 동래구 온천장로 52,0,,,,,,,,
메가엠지씨커피 온천장점,부산광역시 동래구 온천동 453-3,부산광역시 동래구 온천장로 52,1,,,,,,,,
메가엠지씨커피 온천장점,부산광역시 동래구 온천동 453-3,부산광역시 동래구 온천장로 52,2,,,,,,,,
메가엠지씨커피 온천장점,부산광역시 동래구 온천동 453-3,부산광역시 동래구 온천장로 52,3,,,,,,,,
메가엠지씨커피 온천장점,부산광역시 동래구 온천동 453-3,부산광역시 동래구 온천장로 52,4,,,,,,,,
메가엠지씨커피 온천장점,부산광역시 동래구 온천동 453-3,부산광역시 동래구 온천장로 52,5,,,,,,,,
메가엠지씨커피 온천장점,부산광역시 동래구 온천동 453-3,부산광역시 동래구 온천장로 52,6,,,,,,,,
메가엠지씨커피 장전역점,부산광역시 금정구 부곡동 225-6,부산광역시 금정구 중앙대로1719번길 29,0,,,,,,,,
메가엠지씨커피 장전역점,부산광역시 금정구 부곡동 225-6,부산광역시 금정구 중앙대로1719번길 29,1,,,,,,,,
메가엠지씨커피 장전역점,부산광역시 금정구 부곡동 225-6,부산광역시 금정구 중앙대로1719번길 29,2,,,,,,,,
메가엠지씨커피 장전역점,부산광역시 금정구 부곡동 225-6,부산광역시 금정구 중앙대로1719번길 29,3,,,,,,,,
메가엠지씨커피 장전역점,부산광역시 금정구 부곡동 225-6,부산광역시 금정구 중앙대로1719번길 29,4,,,,,,,,
메가엠지씨커피 장전역점,부산광역시 금정구 부곡동 225-6,부산광역시 금정구 중앙대로1719번길 29,5,,,,,,,,
메가엠지씨커피 장전역점,부산광역시 금정구 부곡동 225-6,부산광역시 금정구 중앙대로1719번길 29,6,,,,,,,,
메가엠지씨커피부산 부곡점,부산광역시 금정구 부곡동 305-2,부산광역시 금정구 부곡로 108,0,,,,,,,,
메가엠지씨커피부산 부곡점,부산광역시 금정구 부곡동 305-2,부산광역시 금정구 부곡로 108,1,,,,,,,,
메가엠지씨커피부산 부곡점,부산광역시 금정구 부곡동 305-2,부산광역시 금정구 부곡로 108,2,,,,,,,,
메가엠지씨커피부산 부곡점,부산광역시 금정구 부곡동 305-2,부산광역시 금정구 부곡로 108,3,,,,,,,,
메가엠지씨커피부산 부곡점,부산광역시 금정구 부곡동 305-2,부산광역시 금정구 부곡로 108,4,,,,,,,,
메가엠지씨커피부산 부곡점,부산광역시 금정구 부곡동 305-2,부산광역시 금정구 부곡로 108,5,,,,,,,,
메가엠지씨커피부산 부곡점,부산광역시 금정구 부곡동 305-2,부산광역시 금정구 부곡로 108,6,,,,,,,,
메가커피 허심청점,부산광역시 동래구 온천동 153-3,부산광역시 동래구 온천장로 125,0,,,,,,,,
메가커피 허심청점,부산광역시 동래구 온천동 153-3,부산광역시 동래구 온천장로 125,1,,,,,,,,
메가커피 허심청점,부산광역시 동래구 온천동 153-3,부산광역시 동래구 온천장로 125,2,,,,,,,,
메가커피 허심청점,부산광역시 동래구 온천동 153-3,부산광역시 동래구 온천장로 125,3,,,,,,,,
메가커피 허심청점,부산광역시 동래구 온천동 153-3,부산광역시 동래구 온천장로 125,4,,,,,,,,
메가커피 허심청점,부산광역시 동래구 온천동 153-3,부산광역시 동래구 온천장로 125,5,,,,,,,,
메가커피 허심청점,부산광역시 동래구 온천동 153-3,부산광역시 동래구 온천장로 125,6,,,,,,,,
메가후루츠 부산명륜점,부산광역시 동래구 명륜동 84-1,부산광역시 동래구 시실로 60,0,,,,,,,,
메가후루츠 부산명륜점,부산광역시 동래구 명륜동 84-1,부산광역시 동래구 시실로 60,1,,,,,,,,
메가후루츠 부산명륜점,부산광역시 동래구 명륜동 84-1,부산광역시 동래구 시실로 60,2,,,,,,,,
메가후루츠 부산명륜점,부산광역시 동래구 명륜동 84-1,부산광역시 동래구 시실로 60,3,,,,,,,,
메가후루츠 부산명륜점,부산광역시 동래구 명륜동 84-1,부산광역시 동래구 시실로 60,4,,,,,,,,
메가후루츠 부산명륜점,부산광역시 동래구 명륜동 84-1,부산광역시 동래구 시실로 60,5,,,,,,,,
메가후루츠 부산명륜점,부산광역시 동래구 명륜동 84-1,부산광역시 동래구 시실로 60,6,,,,,,,,
메이플커피,부산광역시 금정구 부곡동 268-2,부산광역시 금정구 중앙대로 1617-12,0,,,,,,,,
메이플커피,부산광역시 금정구 부곡동 268-2,부산광역시 금정구 중앙대로 1617-12,1,,,,,,,,
메이플커피,부산광역시 금정구 부곡동 268-2,부산광역시 금정구 중앙대로 1617-12,2,,,,,,,,
메이플커피,부산광역시 금정구 부곡동 268-2,부산광역시 금정구 중앙대로 1617-12,3,,,,,,,,
메이플커피,부산광역시 금정구 부곡동 268-2,부산광역시 금정구 중앙대로 1617-12,4,,,,,,,,
메이플커피,부산광역시 금정구 부곡동 268-2,부산광역시 금정구 중앙대로 1617-12,5,,,,,,,,
메이플커피,부산광역시 금정구 부곡동 268-2,부산광역시 금정구 중앙대로 1617-12,6,,,,,,,,
메종드다월,부산광역시 금정구 부곡동 223-30,부산광역시 금정구 중앙대로1719번길 20-14,0,11:00,22:00,,,,,,
메종드다월,부산광역시 금정구 부곡동 223-30,부산광역시 금정구 중앙대로1719번길 20-14,1,11:00,22:00,,,,,,
메종드다월,부산광역시 금정구 부곡동 223-30,부산광역시 금정구 중앙대로1719번길 20-14,2,11:00,22:00,,,,,,
메종드다월,부산광역시 금정구 부곡동 223-30,부산광역시 금정구 중앙대로1719번길 20-14,3,11:00,22:00,,,,,,
메종드다월,부산광역시 금정구 부곡동 223-30,부산광역시 금정구 중앙대로1719번길 20-14,4,11:00,22:00,,,,,,
메종드다월,부산광역시 금정구 부곡동 223-30,부산광역시 금정구 중앙대로1719번길 20-14,5,11:00,22:00,,,,,,
메종드다월,부산광역시 금정구 부곡동 223-30,부산광역시 금정구 중앙대로1719번길 20-14,6,11:00,22:00,,,,,,
메종드아올스,부산광역시 금정구 장전동 389-7,부산광역시 금정구 부산대학로50번길 43-1,0,12:00,21:00,,,,,,
메종드아올스,부산광역시 금정구 장전동 389-7,부산광역시 금정구 부산대학로50번길 43-1,1,,,,TRUE,,,,
메종드아올스,부산광역시 금정구 장전동 389-7,부산광역시 금정구 부산대학로50번길 43-1,2,11:00,21:00,,,,,,
메종드아올스,부산광역시 금정구 장전동 389-7,부산광역시 금정구 부산대학로50번길 43-1,3,11:00,21:00,,,,,,
메종드아올스,부산광역시 금정구 장전동 389-7,부산광역시 금정구 부산대학로50번길 43-1,4,11:00,21:00,,,,,,
메종드아올스,부산광역시 금정구 장전동 389-7,부산광역시 금정구 부산대학로50번길 43-1,5,11:00,21:00,,,,,,
메종드아올스,부산광역시 금정구 장전동 389-7,부산광역시 금정구 부산대학로50번길 43-1,6,11:00,21:00,,,,,,
멜트,부산광역시 동래구 온천동 777-7,부산광역시 동래구 중앙대로1367번길 56-21,0,,,,,,,,
멜트,부산광역시 동래구 온천동 777-7,부산광역시 동래구 중앙대로1367번길 56-21,1,,,,,,,,
멜트,부산광역시 동래구 온천동 777-7,부산광역시 동래구 중앙대로1367번길 56-21,2,,,,,,,,
멜트,부산광역시 동래구 온천동 777-7,부산광역시 동래구 중앙대로1367번길 56-21,3,,,,,,,,
멜트,부산광역시 동래구 온천동 777-7,부산광역시 동래구 중앙대로1367번길 56-21,4,,,,,,,,
멜트,부산광역시 동래구 온천동 777-7,부산광역시 동래구 중앙대로1367번길 56-21,5,,,,,,,,
멜트,부산광역시 동래구 온천동 777-7,부산광역시 동래구 중앙대로1367번길 56-21,6,,,,,,,,
모란,부산광역시 금정구 부곡동 325-31,부산광역시 금정구 동현로 17,0,,,,,,,,
모란,부산광역시 금정구 부곡동 325-31,부산광역시 금정구 동현로 17,1,,,,,,,,
모란,부산광역시 금정구 부곡동 325-31,부산광역시 금정구 동현로 17,2,,,,,,,,
모란,부산광역시 금정구 부곡동 325-31,부산광역시 금정구 동현로 17,3,,,,,,,,
모란,부산광역시 금정구 부곡동 325-31,부산광역시 금정구 동현로 17,4,,,,,,,,
모란,부산광역시 금정구 부곡동 325-31,부산광역시 금정구 동현로 17,5,,,,,,,,
모란,부산광역시 금정구 부곡동 325-31,부산광역시 금정구 동현로 17,6,,,,,,,,
모리커피 부산온천장점,부산광역시 동래구 온천동 1850,부산광역시 동래구 온천장로65번길 9,0,,,,,,,,
모리커피 부산온천장점,부산광역시 동래구 온천동 1850,부산광역시 동래구 온천장로65번길 9,1,,,,,,,,
모리커피 부산온천장점,부산광역시 동래구 온천동 1850,부산광역시 동래구 온천장로65번길 9,2,,,,,,,,
모리커피 부산온천장점,부산광역시 동래구 온천동 1850,부산광역시 동래구 온천장로65번길 9,3,,,,,,,,
모리커피 부산온천장점,부산광역시 동래구 온천동 1850,부산광역시 동래구 온천장로65번길 9,4,,,,,,,,
모리커피 부산온천장점,부산광역시 동래구 온천동 1850,부산광역시 동래구 온천장로65번길 9,5,,,,,,,,
모리커피 부산온천장점,부산광역시 동래구 온천동 1850,부산광역시 동래구 온천장로65번길 9,6,,,,,,,,
모모니예,부산광역시 금정구 장전동 40,부산광역시 금정구 부산대학로63번길 2,0,,,,,,,,
모모니예,부산광역시 금정구 장전동 40,부산광역시 금정구 부산대학로63번길 2,1,,,,,,,,
모모니예,부산광역시 금정구 장전동 40,부산광역시 금정구 부산대학로63번길 2,2,,,,,,,,
모모니예,부산광역시 금정구 장전동 40,부산광역시 금정구 부산대학로63번길 2,3,,,,,,,,
모모니예,부산광역시 금정구 장전동 40,부산광역시 금정구 부산대학로63번길 2,4,,,,,,,,
모모니예,부산광역시 금정구 장전동 40,부산광역시 금정구 부산대학로63번길 2,5,,,,,,,,
모모니예,부산광역시 금정구 장전동 40,부산광역시 금정구 부산대학로63번길 2,6,,,,,,,,
모모스,부산광역시 금정구 부곡동 873-98,부산광역시 금정구 오시게로 20,0,8:00,18:00,17:00,,,,,
모모스,부산광역시 금정구 부곡동 873-98,부산광역시 금정구 오시게로 20,1,8:00,18:00,17:00,,,,,
모모스,부산광역시 금정구 부곡동 873-98,부산광역시 금정구 오시게로 20,2,8:00,18:00,17:00,,,,,
모모스,부산광역시 금정구 부곡동 873-98,부산광역시 금정구 오시게로 20,3,8:00,18:00,17:00,,,,,
모모스,부산광역시 금정구 부곡동 873-98,부산광역시 금정구 오시게로 20,4,8:00,18:00,17:00,,,,,
모모스,부산광역시 금정구 부곡동 873-98,부산광역시 금정구 오시게로 20,5,8:00,18:00,17:00,,,,,
모모스,부산광역시 금정구 부곡동 873-98,부산광역시 금정구 오시게로 20,6,8:00,18:00,17:00,,,,,
모모후,부산광역시 금정구 장전동 293-36,부산광역시 금정구 금정로52번길 46,0,13:00,21:00,20:15,,,,,
모모후,부산광역시 금정구 장전동 293-36,부산광역시 금정구 금정로52번길 46,1,,,,TRUE,,,,
모모후,부산광역시 금정구 장전동 293-36,부산광역시 금정구 금정로52번길 46,2,13:00,21:00,20:15,,,,,
모모후,부산광역시 금정구 장전동 293-36,부산광역시 금정구 금정로52번길 46,3,13:00,21:00,20:15,,,,,
모모후,부산광역시 금정구 장전동 293-36,부산광역시 금정구 금정로52번길 46,4,13:00,21:00,20:15,,,,,
모모후,부산광역시 금정구 장전동 293-36,부산광역시 금정구 금정로52번길 46,5,13:00,21:00,20:15,,,,,
모모후,부산광역시 금정구 장전동 293-36,부산광역시 금정구 금정로52번길 46,6,13:00,21:00,20:15,,,,,
모아밀,부산광역시 금정구 장전동 418-11,부산광역시 금정구 금강로 274,0,,,,TRUE,,,,
모아밀,부산광역시 금정구 장전동 418-11,부산광역시 금정구 금강로 274,1,11:00,19:00,,,,,,
모아밀,부산광역시 금정구 장전동 418-11,부산광역시 금정구 금강로 274,2,11:00,19:00,,,,,,
모아밀,부산광역시 금정구 장전동 418-11,부산광역시 금정구 금강로 274,3,11:00,19:00,,,,,,
모아밀,부산광역시 금정구 장전동 418-11,부산광역시 금정구 금강로 274,4,11:00,19:00,,,,,,
모아밀,부산광역시 금정구 장전동 418-11,부산광역시 금정구 금강로 274,5,11:00,19:00,,,,,,
모아밀,부산광역시 금정구 장전동 418-11,부산광역시 금정구 금강로 274,6,12:00,19:00,,,,,,
목련,부산광역시 금정구 부곡동 233-16,부산광역시 금정구 기찰로 43-1,0,10:00,21:00,,,,,,
목련,부산광역시 금정구 부곡동 233-16,부산광역시 금정구 기찰로 43-1,1,10:00,21:00,,,,,,
목련,부산광역시 금정구 부곡동 233-16,부산광역시 금정구 기찰로 43-1,2,10:00,21:00,,,,,,
목련,부산광역시 금정구 부곡동 233-16,부산광역시 금정구 기찰로 43-1,3,10:00,21:00,,,,,,
목련,부산광역시 금정구 부곡동 233-16,부산광역시 금정구 기찰로 43-1,4,10:00,21:00,,,,,,
목련,부산광역시 금정구 부곡동 233-16,부산광역시 금정구 기찰로 43-1,5,10:00,21:00,,,,,,
목련,부산광역시 금정구 부곡동 233-16,부산광역시 금정구 기찰로 43-1,6,10:00,21:00,,,,,,
몬트베이글,부산광역시 금정구 장전동 293-79,부산광역시 금정구 장전로18번길 20,0,10:00,17:00,,,,,,
몬트베이글,부산광역시 금정구 장전동 293-79,부산광역시 금정구 장전로18번길 20,1,10:00,17:00,,,,,,
몬트베이글,부산광역시 금정구 장전동 293-79,부산광역시 금정구 장전로18번길 20,2,10:00,17:00,,,,,,
몬트베이글,부산광역시 금정구 장전동 293-79,부산광역시 금정구 장전로18번길 20,3,10:00,17:00,,,,,,
몬트베이글,부산광역시 금정구 장전동 293-79,부산광역시 금정구 장전로18번길 20,4,10:00,17:00,,,,,,
몬트베이글,부산광역시 금정구 장전동 293-79,부산광역시 금정구 장전로18번길 20,5,10:00,17:00,,,,,,
몬트베이글,부산광역시 금정구 장전동 293-79,부산광역시 금정구 장전로18번길 20,6,10:00,17:00,,,,,,
몽실,부산광역시 금정구 장전동 293-160,부산광역시 금정구 장전로12번길 34,0,,,,TRUE,,,,
몽실,부산광역시 금정구 장전동 293-160,부산광역시 금정구 장전로12번길 34,1,10:00,22:00,,,,,,
몽실,부산광역시 금정구 장전동 293-160,부산광역시 금정구 장전로12번길 34,2,10:00,22:00,,,,,,
몽실,부산광역시 금정구 장전동 293-160,부산광역시 금정구 장전로12번길 34,3,10:00,22:00,,,,,,
몽실,부산광역시 금정구 장전동 293-160,부산광역시 금정구 장전로12번길 34,4,10:00,22:00,,,,,,
몽실,부산광역시 금정구 장전동 293-160,부산광역시 금정구 장전로12번길 34,5,10:00,18:00,,,,,,
몽실,부산광역시 금정구 장전동 293-160,부산광역시 금정구 장전로12번길 34,6,,,,TRUE,,,,
몽프레,부산광역시 금정구 구서동 246-27,부산광역시 금정구 중앙대로1873번길 17-6,0,10:00,20:00,19:00,,,,,
몽프레,부산광역시 금정구 구서동 246-27,부산광역시 금정구 중앙대로1873번길 17-6,1,10:00,20:00,19:00,,,,,
몽프레,부산광역시 금정구 구서동 246-27,부산광역시 금정구 중앙대로1873번길 17-6,2,10:00,20:00,19:00,,,,,
몽프레,부산광역시 금정구 구서동 246-27,부산광역시 금정구 중앙대로1873번길 17-6,3,10:00,20:00,19:00,,,,,
몽프레,부산광역시 금정구 구서동 246-27,부산광역시 금정구 중앙대로1873번길 17-6,4,10:00,20:00,19:00,,,,,
몽프레,부산광역시 금정구 구서동 246-27,부산광역시 금정구 중앙대로1873번길 17-6,5,10:00,20:00,19:00,,,,,
몽프레,부산광역시 금정구 구서동 246-27,부산광역시 금정구 중앙대로1873번길 17-6,6,10:00,20:00,19:00,,,,,
무인카페,부산광역시 동래구 온천동 1465-36,부산광역시 동래구 여고북로 93-1,0,,,,,,,,
무인카페,부산광역시 동래구 온천동 1465-36,부산광역시 동래구 여고북로 93-1,1,,,,,,,,
무인카페,부산광역시 동래구 온천동 1465-36,부산광역시 동래구 여고북로 93-1,2,,,,,,,,
무인카페,부산광역시 동래구 온천동 1465-36,부산광역시 동래구 여고북로 93-1,3,,,,,,,,
무인카페,부산광역시 동래구 온천동 1465-36,부산광역시 동래구 여고북로 93-1,4,,,,,,,,
무인카페,부산광역시 동래구 온천동 1465-36,부산광역시 동래구 여고북로 93-1,5,,,,,,,,
무인카페,부산광역시 동래구 온천동 1465-36,부산광역시 동래구 여고북로 93-1,6,,,,,,,,
미스줄리,부산광역시 금정구 장전동 116-4,부산광역시 금정구 금강로 367,0,,,,,,,,
미스줄리,부산광역시 금정구 장전동 116-4,부산광역시 금정구 금강로 367,1,,,,,,,,
미스줄리,부산광역시 금정구 장전동 116-4,부산광역시 금정구 금강로 367,2,,,,,,,,
미스줄리,부산광역시 금정구 장전동 116-4,부산광역시 금정구 금강로 367,3,,,,,,,,
미스줄리,부산광역시 금정구 장전동 116-4,부산광역시 금정구 금강로 367,4,,,,,,,,
미스줄리,부산광역시 금정구 장전동 116-4,부산광역시 금정구 금강로 367,5,,,,,,,,
미스줄리,부산광역시 금정구 장전동 116-4,부산광역시 금정구 금강로 367,6,,,,,,,,
민,부산광역시 금정구 장전동 302-20,부산광역시 금정구 장전로20번길 27,0,12:00,22:00,,,,,,
민,부산광역시 금정구 장전동 302-20,부산광역시 금정구 장전로20번길 27,1,12:00,22:00,,,,,,
민,부산광역시 금정구 장전동 302-20,부산광역시 금정구 장전로20번길 27,2,12:00,22:00,,,,,,
민,부산광역시 금정구 장전동 302-20,부산광역시 금정구 장전로20번길 27,3,12:00,22:00,,,,,,
민,부산광역시 금정구 장전동 302-20,부산광역시 금정구 장전로20번길 27,4,12:00,22:00,,,,,,
민,부산광역시 금정구 장전동 302-20,부산광역시 금정구 장전로20번길 27,5,12:00,22:00,,,,,,
민,부산광역시 금정구 장전동 302-20,부산광역시 금정구 장전로20번길 27,6,12:00,22:00,,,,,,
밀당,부산광역시 금정구 장전동 222-1 ,부산광역시 금정구 금강로 336 (장전동),0,7:00,23:00,,,,,,
밀당,부산광역시 금정구 장전동 222-1 ,부산광역시 금정구 금강로 336 (장전동),1,7:00,23:00,,,,,,
밀당,부산광역시 금정구 장전동 222-1 ,부산광역시 금정구 금강로 336 (장전동),2,7:00,23:00,,,,,,
밀당,부산광역시 금정구 장전동 222-1 ,부산광역시 금정구 금강로 336 (장전동),3,7:00,23:00,,,,,,
밀당,부산광역시 금정구 장전동 222-1 ,부산광역시 금정구 금강로 336 (장전동),4,7:00,23:00,,,,,,
밀당,부산광역시 금정구 장전동 222-1 ,부산광역시 금정구 금강로 336 (장전동),5,7:00,23:00,,,,,,
밀당,부산광역시 금정구 장전동 222-1 ,부산광역시 금정구 금강로 336 (장전동),6,7:00,23:00,,,,,,
바닐바닐,부산광역시 금정구 장전동 364-17,부산광역시 금정구 장전온천천로 107,0,10:00,21:00,,,,,,
바닐바닐,부산광역시 금정구 장전동 364-17,부산광역시 금정구 장전온천천로 107,1,10:00,21:00,,,,,,
바닐바닐,부산광역시 금정구 장전동 364-17,부산광역시 금정구 장전온천천로 107,2,10:00,21:00,,,,,,
바닐바닐,부산광역시 금정구 장전동 364-17,부산광역시 금정구 장전온천천로 107,3,10:00,21:00,,,,,,
바닐바닐,부산광역시 금정구 장전동 364-17,부산광역시 금정구 장전온천천로 107,4,10:00,21:00,,,,,,
바닐바닐,부산광역시 금정구 장전동 364-17,부산광역시 금정구 장전온천천로 107,5,10:00,21:00,,,,,,
바닐바닐,부산광역시 금정구 장전동 364-17,부산광역시 금정구 장전온천천로 107,6,10:00,21:00,,,,,,
바리스트로 부곡점,부산광역시 금정구 부곡동 273-8,부산광역시 금정구 부곡로141번길 10,0,8:00,22:00,,,,,,
바리스트로 부곡점,부산광역시 금정구 부곡동 273-8,부산광역시 금정구 부곡로141번길 10,1,8:00,22:00,,,,,,
바리스트로 부곡점,부산광역시 금정구 부곡동 273-8,부산광역시 금정구 부곡로141번길 10,2,8:00,22:00,,,,,,
바리스트로 부곡점,부산광역시 금정구 부곡동 273-8,부산광역시 금정구 부곡로141번길 10,3,8:00,22:00,,,,,,
바리스트로 부곡점,부산광역시 금정구 부곡동 273-8,부산광역시 금정구 부곡로141번길 10,4,8:00,22:00,,,,,,
바리스트로 부곡점,부산광역시 금정구 부곡동 273-8,부산광역시 금정구 부곡로141번길 10,5,8:00,22:00,,,,,,
바리스트로 부곡점,부산광역시 금정구 부곡동 273-8,부산광역시 금정구 부곡로141번길 10,6,8:00,22:00,,,,,,
바스타커피온천장점,부산광역시 동래구 온천동 143-6,부산광역시 동래구 온천장로119번길 51,0,,,,,,,,
바스타커피온천장점,부산광역시 동래구 온천동 143-6,부산광역시 동래구 온천장로119번길 51,1,,,,,,,,
바스타커피온천장점,부산광역시 동래구 온천동 143-6,부산광역시 동래구 온천장로119번길 51,2,,,,,,,,
바스타커피온천장점,부산광역시 동래구 온천동 143-6,부산광역시 동래구 온천장로119번길 51,3,,,,,,,,
바스타커피온천장점,부산광역시 동래구 온천동 143-6,부산광역시 동래구 온천장로119번길 51,4,,,,,,,,
바스타커피온천장점,부산광역시 동래구 온천동 143-6,부산광역시 동래구 온천장로119번길 51,5,,,,,,,,
바스타커피온천장점,부산광역시 동래구 온천동 143-6,부산광역시 동래구 온천장로119번길 51,6,,,,,,,,
바슬,부산광역시 금정구 부곡동 295-30,부산광역시 금정구 동부곡로5번길 3,0,,,,,,,,
바슬,부산광역시 금정구 부곡동 295-30,부산광역시 금정구 동부곡로5번길 3,1,,,,,,,,
바슬,부산광역시 금정구 부곡동 295-30,부산광역시 금정구 동부곡로5번길 3,2,,,,,,,,
바슬,부산광역시 금정구 부곡동 295-30,부산광역시 금정구 동부곡로5번길 3,3,,,,,,,,
바슬,부산광역시 금정구 부곡동 295-30,부산광역시 금정구 동부곡로5번길 3,4,,,,,,,,
바슬,부산광역시 금정구 부곡동 295-30,부산광역시 금정구 동부곡로5번길 3,5,,,,,,,,
바슬,부산광역시 금정구 부곡동 295-30,부산광역시 금정구 동부곡로5번길 3,6,,,,,,,,
바첼,부산광역시 금정구 장전동 419-16,부산광역시 금정구 금강로 257,0,12:00,22:00,,,,,,
바첼,부산광역시 금정구 장전동 419-16,부산광역시 금정구 금강로 257,1,11:30,22:00,,,,,,
바첼,부산광역시 금정구 장전동 419-16,부산광역시 금정구 금강로 257,2,11:30,22:00,,,,,,
바첼,부산광역시 금정구 장전동 419-16,부산광역시 금정구 금강로 257,3,11:30,22:00,,,,,,
바첼,부산광역시 금정구 장전동 419-16,부산광역시 금정구 금강로 257,4,11:30,22:00,,,,,,
바첼,부산광역시 금정구 장전동 419-16,부산광역시 금정구 금강로 257,5,11:30,22:00,,,,,,
바첼,부산광역시 금정구 장전동 419-16,부산광역시 금정구 금강로 257,6,12:00,22:00,,,,,,
반디나무,부산광역시 금정구 장전동 414-11,부산광역시 금정구 장전온천천로 63,0,10:00,23:30,23:20,,,,,
반디나무,부산광역시 금정구 장전동 414-11,부산광역시 금정구 장전온천천로 63,1,10:00,23:30,23:20,,,,,
반디나무,부산광역시 금정구 장전동 414-11,부산광역시 금정구 장전온천천로 63,2,10:00,23:30,23:20,,,,,
반디나무,부산광역시 금정구 장전동 414-11,부산광역시 금정구 장전온천천로 63,3,10:00,23:30,23:20,,,,,
반디나무,부산광역시 금정구 장전동 414-11,부산광역시 금정구 장전온천천로 63,4,10:00,23:30,23:20,,,,,
반디나무,부산광역시 금정구 장전동 414-11,부산광역시 금정구 장전온천천로 63,5,10:00,23:30,23:20,,,,,
반디나무,부산광역시 금정구 장전동 414-11,부산광역시 금정구 장전온천천로 63,6,10:00,23:30,23:20,,,,,
배창커피빌리지,부산광역시 금정구 장전동 40,부산광역시 금정구 부산대학로63번길 2,0,8:00,22:00,,,,,,
배창커피빌리지,부산광역시 금정구 장전동 40,부산광역시 금정구 부산대학로63번길 2,1,8:00,22:00,,,,,,
배창커피빌리지,부산광역시 금정구 장전동 40,부산광역시 금정구 부산대학로63번길 2,2,8:00,22:00,,,,,,
배창커피빌리지,부산광역시 금정구 장전동 40,부산광역시 금정구 부산대학로63번길 2,3,8:00,22:00,,,,,,
배창커피빌리지,부산광역시 금정구 장전동 40,부산광역시 금정구 부산대학로63번길 2,4,8:00,22:00,,,,,,
배창커피빌리지,부산광역시 금정구 장전동 40,부산광역시 금정구 부산대학로63번길 2,5,8:00,22:00,,,,,,
배창커피빌리지,부산광역시 금정구 장전동 40,부산광역시 금정구 부산대학로63번길 2,6,8:00,22:00,,,,,,
백억커피 동래점,부산광역시 동래구 온천동 707-5,부산광역시 동래구 중앙대로1367번길 53,0,,,,,,,,
백억커피 동래점,부산광역시 동래구 온천동 707-5,부산광역시 동래구 중앙대로1367번길 53,1,,,,,,,,
백억커피 동래점,부산광역시 동래구 온천동 707-5,부산광역시 동래구 중앙대로1367번길 53,2,,,,,,,,
백억커피 동래점,부산광역시 동래구 온천동 707-5,부산광역시 동래구 중앙대로1367번길 53,3,,,,,,,,
백억커피 동래점,부산광역시 동래구 온천동 707-5,부산광역시 동래구 중앙대로1367번길 53,4,,,,,,,,
백억커피 동래점,부산광역시 동래구 온천동 707-5,부산광역시 동래구 중앙대로1367번길 53,5,,,,,,,,
백억커피 동래점,부산광역시 동래구 온천동 707-5,부산광역시 동래구 중앙대로1367번길 53,6,,,,,,,,
백억커피 부산금정구청점,부산광역시 금정구 구서동 420-25,부산광역시 금정구 중앙대로1793번길 40,0,,,,,,,,
백억커피 부산금정구청점,부산광역시 금정구 구서동 420-25,부산광역시 금정구 중앙대로1793번길 40,1,,,,,,,,
백억커피 부산금정구청점,부산광역시 금정구 구서동 420-25,부산광역시 금정구 중앙대로1793번길 40,2,,,,,,,,
백억커피 부산금정구청점,부산광역시 금정구 구서동 420-25,부산광역시 금정구 중앙대로1793번길 40,3,,,,,,,,
백억커피 부산금정구청점,부산광역시 금정구 구서동 420-25,부산광역시 금정구 중앙대로1793번길 40,4,,,,,,,,
백억커피 부산금정구청점,부산광역시 금정구 구서동 420-25,부산광역시 금정구 중앙대로1793번길 40,5,,,,,,,,
백억커피 부산금정구청점,부산광역시 금정구 구서동 420-25,부산광역시 금정구 중앙대로1793번길 40,6,,,,,,,,
백팥집,부산광역시 동래구 온천동 750-22,부산광역시 동래구 중앙대로1367번길 22-8,0,,,,,,,,
백팥집,부산광역시 동래구 온천동 750-22,부산광역시 동래구 중앙대로1367번길 22-8,1,,,,,,,,
백팥집,부산광역시 동래구 온천동 750-22,부산광역시 동래구 중앙대로1367번길 22-8,2,,,,,,,,
백팥집,부산광역시 동래구 온천동 750-22,부산광역시 동래구 중앙대로1367번길 22-8,3,,,,,,,,
백팥집,부산광역시 동래구 온천동 750-22,부산광역시 동래구 중앙대로1367번길 22-8,4,,,,,,,,
백팥집,부산광역시 동래구 온천동 750-22,부산광역시 동래구 중앙대로1367번길 22-8,5,,,,,,,,
백팥집,부산광역시 동래구 온천동 750-22,부산광역시 동래구 중앙대로1367번길 22-8,6,,,,,,,,
버들로스터리,부산광역시 금정구 장전동 155-17,부산광역시 금정구 수림로61번길 53,0,8:00,17:00,,,,,,
버들로스터리,부산광역시 금정구 장전동 155-17,부산광역시 금정구 수림로61번길 53,1,,,,TRUE,,,,
버들로스터리,부산광역시 금정구 장전동 155-17,부산광역시 금정구 수림로61번길 53,2,8:00,17:00,,,,,,
버들로스터리,부산광역시 금정구 장전동 155-17,부산광역시 금정구 수림로61번길 53,3,8:00,17:00,,,,,,
버들로스터리,부산광역시 금정구 장전동 155-17,부산광역시 금정구 수림로61번길 53,4,8:00,17:00,,,,,,
버들로스터리,부산광역시 금정구 장전동 155-17,부산광역시 금정구 수림로61번길 53,5,8:00,17:00,,,,,,
버들로스터리,부산광역시 금정구 장전동 155-17,부산광역시 금정구 수림로61번길 53,6,8:00,17:00,,,,,,
번아웃커피,부산광역시 금정구 장전동 643-89,부산광역시 금정구 금정로60번길 48,0,9:00,23:50,,,,,,
번아웃커피,부산광역시 금정구 장전동 643-89,부산광역시 금정구 금정로60번길 48,1,8:00,23:50,,,,,,
번아웃커피,부산광역시 금정구 장전동 643-89,부산광역시 금정구 금정로60번길 48,2,8:00,23:50,,,,,,
번아웃커피,부산광역시 금정구 장전동 643-89,부산광역시 금정구 금정로60번길 48,3,8:00,23:50,,,,,,
번아웃커피,부산광역시 금정구 장전동 643-89,부산광역시 금정구 금정로60번길 48,4,8:00,23:50,,,,,,
번아웃커피,부산광역시 금정구 장전동 643-89,부산광역시 금정구 금정로60번길 48,5,8:00,23:50,,,,,,
번아웃커피,부산광역시 금정구 장전동 643-89,부산광역시 금정구 금정로60번길 48,6,8:00,23:50,,,,,,
번아웃커피 금정점,부산광역시 금정구 장전동 424-32 ,부산광역시 금정구 부산대학로63번길 43 (장전동),0,10:00,0:00,,,,,,
번아웃커피 금정점,부산광역시 금정구 장전동 424-32 ,부산광역시 금정구 부산대학로63번길 43 (장전동),1,10:00,0:00,,,,,,
번아웃커피 금정점,부산광역시 금정구 장전동 424-32 ,부산광역시 금정구 부산대학로63번길 43 (장전동),2,10:00,0:00,,,,,,
번아웃커피 금정점,부산광역시 금정구 장전동 424-32 ,부산광역시 금정구 부산대학로63번길 43 (장전동),3,10:00,0:00,,,,,,
번아웃커피 금정점,부산광역시 금정구 장전동 424-32 ,부산광역시 금정구 부산대학로63번길 43 (장전동),4,10:00,0:00,,,,,,
번아웃커피 금정점,부산광역시 금정구 장전동 424-32 ,부산광역시 금정구 부산대학로63번길 43 (장전동),5,10:00,0:00,,,,,,
번아웃커피 금정점,부산광역시 금정구 장전동 424-32 ,부산광역시 금정구 부산대학로63번길 43 (장전동),6,10:00,0:00,,,,,,
번아웃커피 문창점,부산광역시 금정구 장전동 418-71,부산광역시 금정구 부산대학로 50,0,10:00,19:00,,,,,,
번아웃커피 문창점,부산광역시 금정구 장전동 418-71,부산광역시 금정구 부산대학로 50,1,10:00,19:00,,,,,,
번아웃커피 문창점,부산광역시 금정구 장전동 418-71,부산광역시 금정구 부산대학로 50,2,10:00,19:00,,,,,,
번아웃커피 문창점,부산광역시 금정구 장전동 418-71,부산광역시 금정구 부산대학로 50,3,10:00,19:00,,,,,,
번아웃커피 문창점,부산광역시 금정구 장전동 418-71,부산광역시 금정구 부산대학로 50,4,10:00,19:00,,,,,,
번아웃커피 문창점,부산광역시 금정구 장전동 418-71,부산광역시 금정구 부산대학로 50,5,10:00,19:00,,,,,,
번아웃커피 문창점,부산광역시 금정구 장전동 418-71,부산광역시 금정구 부산대학로 50,6,10:00,19:00,,,,,,
번아웃커피 부산대역점,부산광역시 금정구 장전동 414-2,부산광역시 금정구 장전온천천로 67,0,,,,,,,,
번아웃커피 부산대역점,부산광역시 금정구 장전동 414-2,부산광역시 금정구 장전온천천로 67,1,,,,,,,,
번아웃커피 부산대역점,부산광역시 금정구 장전동 414-2,부산광역시 금정구 장전온천천로 67,2,,,,,,,,
번아웃커피 부산대역점,부산광역시 금정구 장전동 414-2,부산광역시 금정구 장전온천천로 67,3,,,,,,,,
번아웃커피 부산대역점,부산광역시 금정구 장전동 414-2,부산광역시 금정구 장전온천천로 67,4,,,,,,,,
번아웃커피 부산대역점,부산광역시 금정구 장전동 414-2,부산광역시 금정구 장전온천천로 67,5,,,,,,,,
번아웃커피 부산대역점,부산광역시 금정구 장전동 414-2,부산광역시 금정구 장전온천천로 67,6,,,,,,,,
번아웃커피 부산대점,부산광역시 금정구 장전동 387-14,부산광역시 금정구 부산대학로64번길 43,0,10:00,0:00,,,,,,
번아웃커피 부산대점,부산광역시 금정구 장전동 387-14,부산광역시 금정구 부산대학로64번길 43,1,10:00,0:00,,,,,,
번아웃커피 부산대점,부산광역시 금정구 장전동 387-14,부산광역시 금정구 부산대학로64번길 43,2,10:00,0:00,,,,,,
번아웃커피 부산대점,부산광역시 금정구 장전동 387-14,부산광역시 금정구 부산대학로64번길 43,3,10:00,0:00,,,,,,
번아웃커피 부산대점,부산광역시 금정구 장전동 387-14,부산광역시 금정구 부산대학로64번길 43,4,10:00,0:00,,,,,,
번아웃커피 부산대점,부산광역시 금정구 장전동 387-14,부산광역시 금정구 부산대학로64번길 43,5,10:00,0:00,,,,,,
번아웃커피 부산대점,부산광역시 금정구 장전동 387-14,부산광역시 금정구 부산대학로64번길 43,6,10:00,0:00,,,,,,
베러먼데이,부산광역시 금정구 부곡동 395-1,부산광역시 금정구 부곡로 38,0,8:00,22:00,,,,,,
베러먼데이,부산광역시 금정구 부곡동 395-1,부산광역시 금정구 부곡로 38,1,8:00,22:00,,,,,,
베러먼데이,부산광역시 금정구 부곡동 395-1,부산광역시 금정구 부곡로 38,2,8:00,22:00,,,,,,
베러먼데이,부산광역시 금정구 부곡동 395-1,부산광역시 금정구 부곡로 38,3,8:00,22:00,,,,,,
베러먼데이,부산광역시 금정구 부곡동 395-1,부산광역시 금정구 부곡로 38,4,8:00,22:00,,,,,,
베러먼데이,부산광역시 금정구 부곡동 395-1,부산광역시 금정구 부곡로 38,5,8:00,22:00,,,,,,
베러먼데이,부산광역시 금정구 부곡동 395-1,부산광역시 금정구 부곡로 38,6,8:00,22:00,,,,,,
베러먼데이 대동병원점,부산광역시 동래구 명륜동 530-1,부산광역시 동래구 충렬대로 187,0,,,,,,,,
베러먼데이 대동병원점,부산광역시 동래구 명륜동 530-1,부산광역시 동래구 충렬대로 187,1,,,,,,,,
베러먼데이 대동병원점,부산광역시 동래구 명륜동 530-1,부산광역시 동래구 충렬대로 187,2,,,,,,,,
베러먼데이 대동병원점,부산광역시 동래구 명륜동 530-1,부산광역시 동래구 충렬대로 187,3,,,,,,,,
베러먼데이 대동병원점,부산광역시 동래구 명륜동 530-1,부산광역시 동래구 충렬대로 187,4,,,,,,,,
베러먼데이 대동병원점,부산광역시 동래구 명륜동 530-1,부산광역시 동래구 충렬대로 187,5,,,,,,,,
베러먼데이 대동병원점,부산광역시 동래구 명륜동 530-1,부산광역시 동래구 충렬대로 187,6,,,,,,,,
베러먼데이 동래역점,부산광역시 동래구 명륜동 502-8,부산광역시 동래구 명륜로129번길 3,0,,,,,,,,
베러먼데이 동래역점,부산광역시 동래구 명륜동 502-8,부산광역시 동래구 명륜로129번길 3,1,,,,,,,,
베러먼데이 동래역점,부산광역시 동래구 명륜동 502-8,부산광역시 동래구 명륜로129번길 3,2,,,,,,,,
베러먼데이 동래역점,부산광역시 동래구 명륜동 502-8,부산광역시 동래구 명륜로129번길 3,3,,,,,,,,
베러먼데이 동래역점,부산광역시 동래구 명륜동 502-8,부산광역시 동래구 명륜로129번길 3,4,,,,,,,,
베러먼데이 동래역점,부산광역시 동래구 명륜동 502-8,부산광역시 동래구 명륜로129번길 3,5,,,,,,,,
베러먼데이 동래역점,부산광역시 동래구 명륜동 502-8,부산광역시 동래구 명륜로129번길 3,6,,,,,,,,
베러먼데이 부곡시장점,부산광역시 금정구 부곡동 305-14,부산광역시 금정구 동부곡로 4,0,8:00,21:30,,,,,,
베러먼데이 부곡시장점,부산광역시 금정구 부곡동 305-14,부산광역시 금정구 동부곡로 4,1,8:00,21:30,,,,,,
베러먼데이 부곡시장점,부산광역시 금정구 부곡동 305-14,부산광역시 금정구 동부곡로 4,2,8:00,21:30,,,,,,
베러먼데이 부곡시장점,부산광역시 금정구 부곡동 305-14,부산광역시 금정구 동부곡로 4,3,8:00,21:30,,,,,,
베러먼데이 부곡시장점,부산광역시 금정구 부곡동 305-14,부산광역시 금정구 동부곡로 4,4,8:00,21:30,,,,,,
베러먼데이 부곡시장점,부산광역시 금정구 부곡동 305-14,부산광역시 금정구 동부곡로 4,5,8:00,21:30,,,,,,
베러먼데이 부곡시장점,부산광역시 금정구 부곡동 305-14,부산광역시 금정구 동부곡로 4,6,8:00,21:30,,,,,,
베러먼데이 장전역점,부산광역시 금정구 장전동 222-1,부산광역시 금정구 금강로 336,0,9:30,22:15,,,,,,
베러먼데이 장전역점,부산광역시 금정구 장전동 222-1,부산광역시 금정구 금강로 336,1,9:00,22:15,,,,,,
베러먼데이 장전역점,부산광역시 금정구 장전동 222-1,부산광역시 금정구 금강로 336,2,9:00,22:15,,,,,,
베러먼데이 장전역점,부산광역시 금정구 장전동 222-1,부산광역시 금정구 금강로 336,3,9:00,22:15,,,,,,
베러먼데이 장전역점,부산광역시 금정구 장전동 222-1,부산광역시 금정구 금강로 336,4,9:00,22:15,,,,,,
베러먼데이 장전역점,부산광역시 금정구 장전동 222-1,부산광역시 금정구 금강로 336,5,9:00,22:15,,,,,,
베러먼데이 장전역점,부산광역시 금정구 장전동 222-1,부산광역시 금정구 금강로 336,6,9:30,22:15,,,,,,
베르,부산광역시 동래구 명륜동 672-23,부산광역시 동래구 동래로79번길 30,0,,,,TRUE,,,,
베르,부산광역시 동래구 명륜동 672-23,부산광역시 동래구 동래로79번길 30,1,10:00,18:00,,,,,,
베르,부산광역시 동래구 명륜동 672-23,부산광역시 동래구 동래로79번길 30,2,10:00,18:00,,,,,,
베르,부산광역시 동래구 명륜동 672-23,부산광역시 동래구 동래로79번길 30,3,10:00,18:00,,,,,,
베르,부산광역시 동래구 명륜동 672-23,부산광역시 동래구 동래로79번길 30,4,10:00,18:00,,,,,,
베르,부산광역시 동래구 명륜동 672-23,부산광역시 동래구 동래로79번길 30,5,10:00,18:00,,,,,,
베르,부산광역시 동래구 명륜동 672-23,부산광역시 동래구 동래로79번길 30,6,10:00,18:00,,,,,,
베이크굼,부산광역시 금정구 장전동 298-17,부산광역시 금정구 장전로 20,0,10:00,21:00,,,,,,
베이크굼,부산광역시 금정구 장전동 298-17,부산광역시 금정구 장전로 20,1,10:00,21:00,,,,,,
베이크굼,부산광역시 금정구 장전동 298-17,부산광역시 금정구 장전로 20,2,10:00,21:00,,,,,,
베이크굼,부산광역시 금정구 장전동 298-17,부산광역시 금정구 장전로 20,3,10:00,21:00,,,,,,
베이크굼,부산광역시 금정구 장전동 298-17,부산광역시 금정구 장전로 20,4,10:00,21:00,,,,,,
베이크굼,부산광역시 금정구 장전동 298-17,부산광역시 금정구 장전로 20,5,10:00,21:00,,,,,,
베이크굼,부산광역시 금정구 장전동 298-17,부산광역시 금정구 장전로 20,6,10:00,21:00,,,,,,
별숲향기카페,부산광역시 금정구 장전동 502-25,부산광역시 금정구 금샘로 59,0,,,,TRUE,,,,
별숲향기카페,부산광역시 금정구 장전동 502-25,부산광역시 금정구 금샘로 59,1,8:30,17:30,,,,,,
별숲향기카페,부산광역시 금정구 장전동 502-25,부산광역시 금정구 금샘로 59,2,8:30,17:30,,,,,,
별숲향기카페,부산광역시 금정구 장전동 502-25,부산광역시 금정구 금샘로 59,3,8:30,17:30,,,,,,
별숲향기카페,부산광역시 금정구 장전동 502-25,부산광역시 금정구 금샘로 59,4,8:30,17:30,,,,,,
별숲향기카페,부산광역시 금정구 장전동 502-25,부산광역시 금정구 금샘로 59,5,8:30,17:30,,,,,,
별숲향기카페,부산광역시 금정구 장전동 502-25,부산광역시 금정구 금샘로 59,6,,,,TRUE,,,,
볕들경시루단,부산광역시 금정구 부곡동 767-94,부산광역시 금정구 서동로 52,0,10:00,19:30,,,,,,
볕들경시루단,부산광역시 금정구 부곡동 767-94,부산광역시 금정구 서동로 52,1,10:00,19:30,,,,,,
볕들경시루단,부산광역시 금정구 부곡동 767-94,부산광역시 금정구 서동로 52,2,10:00,19:30,,,,,,
볕들경시루단,부산광역시 금정구 부곡동 767-94,부산광역시 금정구 서동로 52,3,10:00,19:30,,,,,,
볕들경시루단,부산광역시 금정구 부곡동 767-94,부산광역시 금정구 서동로 52,4,10:00,19:30,,,,,,
볕들경시루단,부산광역시 금정구 부곡동 767-94,부산광역시 금정구 서동로 52,5,10:00,19:30,,,,,,
볕들경시루단,부산광역시 금정구 부곡동 767-94,부산광역시 금정구 서동로 52,6,10:00,19:30,,,,,,
보보스인파라다이스,부산광역시 금정구 장전동 334-48,부산광역시 금정구 장전로 39,0,12:00,20:00,,,,,,
보보스인파라다이스,부산광역시 금정구 장전동 334-48,부산광역시 금정구 장전로 39,1,12:00,20:00,,,,,,
보보스인파라다이스,부산광역시 금정구 장전동 334-48,부산광역시 금정구 장전로 39,2,12:00,20:00,,,,,,
보보스인파라다이스,부산광역시 금정구 장전동 334-48,부산광역시 금정구 장전로 39,3,12:00,20:00,,,,,,
보보스인파라다이스,부산광역시 금정구 장전동 334-48,부산광역시 금정구 장전로 39,4,12:00,20:00,,,,,,
보보스인파라다이스,부산광역시 금정구 장전동 334-48,부산광역시 금정구 장전로 39,5,12:00,20:00,,,,,,
보보스인파라다이스,부산광역시 금정구 장전동 334-48,부산광역시 금정구 장전로 39,6,12:00,20:00,,,,,,
봄,부산광역시 금정구 장전동 338-21,부산광역시 금정구 금정로 42,0,10:00,23:00,,,,,,
봄,부산광역시 금정구 장전동 338-21,부산광역시 금정구 금정로 42,1,10:00,23:00,,,,,,
봄,부산광역시 금정구 장전동 338-21,부산광역시 금정구 금정로 42,2,10:00,23:00,,,,,,
봄,부산광역시 금정구 장전동 338-21,부산광역시 금정구 금정로 42,3,10:00,23:00,,,,,,
봄,부산광역시 금정구 장전동 338-21,부산광역시 금정구 금정로 42,4,10:00,23:00,,,,,,
봄,부산광역시 금정구 장전동 338-21,부산광역시 금정구 금정로 42,5,10:00,23:00,,,,,,
봄,부산광역시 금정구 장전동 338-21,부산광역시 금정구 금정로 42,6,10:00,23:00,,,,,,
카페그라치아,부산광역시 금정구 부곡동 9,부산광역시 금정구 오륜대로 57,0,,,,,,,,
카페그라치아,부산광역시 금정구 부곡동 9,부산광역시 금정구 오륜대로 57,1,,,,,,,,
카페그라치아,부산광역시 금정구 부곡동 9,부산광역시 금정구 오륜대로 57,2,,,,,,,,
카페그라치아,부산광역시 금정구 부곡동 9,부산광역시 금정구 오륜대로 57,3,,,,,,,,
카페그라치아,부산광역시 금정구 부곡동 9,부산광역시 금정구 오륜대로 57,4,,,,,,,,
카페그라치아,부산광역시 금정구 부곡동 9,부산광역시 금정구 오륜대로 57,5,,,,,,,,
카페그라치아,부산광역시 금정구 부곡동 9,부산광역시 금정구 오륜대로 57,6,,,,,,,,
부산동래,부산광역시 동래구 명륜동 506-13,부산광역시 동래구 충렬대로 194,0,,,,,,,,
부산동래,부산광역시 동래구 명륜동 506-13,부산광역시 동래구 충렬대로 194,1,,,,,,,,
부산동래,부산광역시 동래구 명륜동 506-13,부산광역시 동래구 충렬대로 194,2,,,,,,,,
부산동래,부산광역시 동래구 명륜동 506-13,부산광역시 동래구 충렬대로 194,3,,,,,,,,
부산동래,부산광역시 동래구 명륜동 506-13,부산광역시 동래구 충렬대로 194,4,,,,,,,,
부산동래,부산광역시 동래구 명륜동 506-13,부산광역시 동래구 충렬대로 194,5,,,,,,,,
부산동래,부산광역시 동래구 명륜동 506-13,부산광역시 동래구 충렬대로 194,6,,,,,,,,
부산커피,부산광역시 금정구 장전동 392-7,부산광역시 금정구 장전온천천로 93,0,10:00,22:00,21:30,,,,,
부산커피,부산광역시 금정구 장전동 392-7,부산광역시 금정구 장전온천천로 93,1,10:00,22:00,21:30,,,,,
부산커피,부산광역시 금정구 장전동 392-7,부산광역시 금정구 장전온천천로 93,2,10:00,22:00,21:30,,,,,
부산커피,부산광역시 금정구 장전동 392-7,부산광역시 금정구 장전온천천로 93,3,10:00,22:00,21:30,,,,,
부산커피,부산광역시 금정구 장전동 392-7,부산광역시 금정구 장전온천천로 93,4,10:00,22:00,21:30,,,,,
부산커피,부산광역시 금정구 장전동 392-7,부산광역시 금정구 장전온천천로 93,5,10:00,22:00,21:30,,,,,
부산커피,부산광역시 금정구 장전동 392-7,부산광역시 금정구 장전온천천로 93,6,10:00,22:00,21:30,,,,,
뷰,부산광역시 금정구 구서동 246-26,부산광역시 금정구 중앙대로1873번길 17,0,10:00,22:00,,,,,,
뷰,부산광역시 금정구 구서동 246-26,부산광역시 금정구 중앙대로1873번길 17,1,10:00,22:00,,,,,,
뷰,부산광역시 금정구 구서동 246-26,부산광역시 금정구 중앙대로1873번길 17,2,10:00,22:00,,,,,,
뷰,부산광역시 금정구 구서동 246-26,부산광역시 금정구 중앙대로1873번길 17,3,10:00,22:00,,,,,,
뷰,부산광역시 금정구 구서동 246-26,부산광역시 금정구 중앙대로1873번길 17,4,10:00,22:00,,,,,,
뷰,부산광역시 금정구 구서동 246-26,부산광역시 금정구 중앙대로1873번길 17,5,10:00,22:00,,,,,,
뷰,부산광역시 금정구 구서동 246-26,부산광역시 금정구 중앙대로1873번길 17,6,10:00,22:00,,,,,,
브루미안,부산광역시 동래구 온천동 1433-55,부산광역시 동래구 중앙대로1333번길 38-2,0,,,,,,,,
브루미안,부산광역시 동래구 온천동 1433-55,부산광역시 동래구 중앙대로1333번길 38-2,1,,,,,,,,
브루미안,부산광역시 동래구 온천동 1433-55,부산광역시 동래구 중앙대로1333번길 38-2,2,,,,,,,,
브루미안,부산광역시 동래구 온천동 1433-55,부산광역시 동래구 중앙대로1333번길 38-2,3,,,,,,,,
브루미안,부산광역시 동래구 온천동 1433-55,부산광역시 동래구 중앙대로1333번길 38-2,4,,,,,,,,
브루미안,부산광역시 동래구 온천동 1433-55,부산광역시 동래구 중앙대로1333번길 38-2,5,,,,,,,,
브루미안,부산광역시 동래구 온천동 1433-55,부산광역시 동래구 중앙대로1333번길 38-2,6,,,,,,,,
블루샥 동래내성점,부산광역시 동래구 온천동 1442-11,부산광역시 동래구 미남로132번길 112,0,,,,,,,,
블루샥 동래내성점,부산광역시 동래구 온천동 1442-11,부산광역시 동래구 미남로132번길 112,1,,,,,,,,
블루샥 동래내성점,부산광역시 동래구 온천동 1442-11,부산광역시 동래구 미남로132번길 112,2,,,,,,,,
블루샥 동래내성점,부산광역시 동래구 온천동 1442-11,부산광역시 동래구 미남로132번길 112,3,,,,,,,,
블루샥 동래내성점,부산광역시 동래구 온천동 1442-11,부산광역시 동래구 미남로132번길 112,4,,,,,,,,
블루샥 동래내성점,부산광역시 동래구 온천동 1442-11,부산광역시 동래구 미남로132번길 112,5,,,,,,,,
블루샥 동래내성점,부산광역시 동래구 온천동 1442-11,부산광역시 동래구 미남로132번길 112,6,,,,,,,,
블루샥 부곡점,부산광역시 금정구 부곡동 386-12,부산광역시 금정구 부곡로 44,0,,,,,,,,
블루샥 부곡점,부산광역시 금정구 부곡동 386-12,부산광역시 금정구 부곡로 44,1,,,,,,,,
블루샥 부곡점,부산광역시 금정구 부곡동 386-12,부산광역시 금정구 부곡로 44,2,,,,,,,,
블루샥 부곡점,부산광역시 금정구 부곡동 386-12,부산광역시 금정구 부곡로 44,3,,,,,,,,
블루샥 부곡점,부산광역시 금정구 부곡동 386-12,부산광역시 금정구 부곡로 44,4,,,,,,,,
블루샥 부곡점,부산광역시 금정구 부곡동 386-12,부산광역시 금정구 부곡로 44,5,,,,,,,,
블루샥 부곡점,부산광역시 금정구 부곡동 386-12,부산광역시 금정구 부곡로 44,6,,,,,,,,
블루샥 부산대역점,부산광역시 금정구 부곡동 981,부산광역시 금정구 중앙대로1629번길 16,0,8:00,23:00,,,,,,
블루샥 부산대역점,부산광역시 금정구 부곡동 981,부산광역시 금정구 중앙대로1629번길 16,1,7:00,23:00,,,,,,
블루샥 부산대역점,부산광역시 금정구 부곡동 981,부산광역시 금정구 중앙대로1629번길 16,2,7:00,23:00,,,,,,
블루샥 부산대역점,부산광역시 금정구 부곡동 981,부산광역시 금정구 중앙대로1629번길 16,3,7:00,23:00,,,,,,
블루샥 부산대역점,부산광역시 금정구 부곡동 981,부산광역시 금정구 중앙대로1629번길 16,4,7:00,23:00,,,,,,
블루샥 부산대역점,부산광역시 금정구 부곡동 981,부산광역시 금정구 중앙대로1629번길 16,5,7:00,23:00,,,,,,
블루샥 부산대역점,부산광역시 금정구 부곡동 981,부산광역시 금정구 중앙대로1629번길 16,6,8:00,23:00,,,,,,
블루샥 온천래미안점,부산광역시 동래구 온천동 210-13,부산광역시 동래구 금강로124번길 2,0,,,,,,,,
블루샥 온천래미안점,부산광역시 동래구 온천동 210-13,부산광역시 동래구 금강로124번길 2,1,,,,,,,,
블루샥 온천래미안점,부산광역시 동래구 온천동 210-13,부산광역시 동래구 금강로124번길 2,2,,,,,,,,
블루샥 온천래미안점,부산광역시 동래구 온천동 210-13,부산광역시 동래구 금강로124번길 2,3,,,,,,,,
블루샥 온천래미안점,부산광역시 동래구 온천동 210-13,부산광역시 동래구 금강로124번길 2,4,,,,,,,,
블루샥 온천래미안점,부산광역시 동래구 온천동 210-13,부산광역시 동래구 금강로124번길 2,5,,,,,,,,
블루샥 온천래미안점,부산광역시 동래구 온천동 210-13,부산광역시 동래구 금강로124번길 2,6,,,,,,,,
블루샥 온천장점,부산광역시 동래구 온천동 153-8,부산광역시 동래구 중앙대로 1523,0,,,,,,,,
블루샥 온천장점,부산광역시 동래구 온천동 153-8,부산광역시 동래구 중앙대로 1523,1,,,,,,,,
블루샥 온천장점,부산광역시 동래구 온천동 153-8,부산광역시 동래구 중앙대로 1523,2,,,,,,,,
블루샥 온천장점,부산광역시 동래구 온천동 153-8,부산광역시 동래구 중앙대로 1523,3,,,,,,,,
블루샥 온천장점,부산광역시 동래구 온천동 153-8,부산광역시 동래구 중앙대로 1523,4,,,,,,,,
블루샥 온천장점,부산광역시 동래구 온천동 153-8,부산광역시 동래구 중앙대로 1523,5,,,,,,,,
블루샥 온천장점,부산광역시 동래구 온천동 153-8,부산광역시 동래구 중앙대로 1523,6,,,,,,,,
블루샥구서점,부산광역시 금정구 구서동 414-15,부산광역시 금정구 구서로 13,0,8:30,22:00,21:30,,,,,
블루샥구서점,부산광역시 금정구 구서동 414-15,부산광역시 금정구 구서로 13,1,8:00,22:00,21:30,,,,,
블루샥구서점,부산광역시 금정구 구서동 414-15,부산광역시 금정구 구서로 13,2,8:00,22:00,21:30,,,,,
블루샥구서점,부산광역시 금정구 구서동 414-15,부산광역시 금정구 구서로 13,3,8:00,22:00,21:30,,,,,
블루샥구서점,부산광역시 금정구 구서동 414-15,부산광역시 금정구 구서로 13,4,8:00,22:00,21:30,,,,,
블루샥구서점,부산광역시 금정구 구서동 414-15,부산광역시 금정구 구서로 13,5,8:00,22:00,21:30,,,,,
블루샥구서점,부산광역시 금정구 구서동 414-15,부산광역시 금정구 구서로 13,6,8:30,22:00,21:30,,,,,
블루샥 금정구청점,부산광역시 금정구 부곡동 64-33,부산광역시 금정구 중앙대로1793번길 54,0,8:00,17:00,,,,,,
블루샥 금정구청점,부산광역시 금정구 부곡동 64-33,부산광역시 금정구 중앙대로1793번길 54,1,7:00,19:00,,,,,,
블루샥 금정구청점,부산광역시 금정구 부곡동 64-33,부산광역시 금정구 중앙대로1793번길 54,2,7:00,19:00,,,,,,
블루샥 금정구청점,부산광역시 금정구 부곡동 64-33,부산광역시 금정구 중앙대로1793번길 54,3,7:00,19:00,,,,,,
블루샥 금정구청점,부산광역시 금정구 부곡동 64-33,부산광역시 금정구 중앙대로1793번길 54,4,7:00,19:00,,,,,,
블루샥 금정구청점,부산광역시 금정구 부곡동 64-33,부산광역시 금정구 중앙대로1793번길 54,5,7:00,19:00,,,,,,
블루샥 금정구청점,부산광역시 금정구 부곡동 64-33,부산광역시 금정구 중앙대로1793번길 54,6,7:30,18:00,,,,,,
비롯카페,부산광역시 동래구 명륜동 700-196,부산광역시 동래구 명륜로207번길 17,0,,,,TRUE,,,,
비롯카페,부산광역시 동래구 명륜동 700-196,부산광역시 동래구 명륜로207번길 17,1,9:00,20:00,,,,,,
비롯카페,부산광역시 동래구 명륜동 700-196,부산광역시 동래구 명륜로207번길 17,2,9:00,20:00,,,,,,
비롯카페,부산광역시 동래구 명륜동 700-196,부산광역시 동래구 명륜로207번길 17,3,9:00,20:00,,,,,,
비롯카페,부산광역시 동래구 명륜동 700-196,부산광역시 동래구 명륜로207번길 17,4,9:00,20:00,,,,,,
비롯카페,부산광역시 동래구 명륜동 700-196,부산광역시 동래구 명륜로207번길 17,5,9:00,20:00,,,,,,
비롯카페,부산광역시 동래구 명륜동 700-196,부산광역시 동래구 명륜로207번길 17,6,9:00,20:00,,,,,,
비윤,부산광역시 금정구 장전동 293-61,부산광역시 금정구 금정로52번길 27,0,12:00,23:00,22:30,,,,,
비윤,부산광역시 금정구 장전동 293-61,부산광역시 금정구 금정로52번길 27,1,12:00,23:00,22:30,,,,,
비윤,부산광역시 금정구 장전동 293-61,부산광역시 금정구 금정로52번길 27,2,12:00,23:00,22:30,,,,,
비윤,부산광역시 금정구 장전동 293-61,부산광역시 금정구 금정로52번길 27,3,12:00,23:00,22:30,,,,,
비윤,부산광역시 금정구 장전동 293-61,부산광역시 금정구 금정로52번길 27,4,12:00,23:00,22:30,,,,,
비윤,부산광역시 금정구 장전동 293-61,부산광역시 금정구 금정로52번길 27,5,12:00,23:00,22:30,,,,,
비윤,부산광역시 금정구 장전동 293-61,부산광역시 금정구 금정로52번길 27,6,12:00,23:00,22:30,,,,,
빈스,부산광역시 금정구 장전동 422-39,부산광역시 금정구 금정로 59-7,0,11:00,22:00,,,,,,
빈스,부산광역시 금정구 장전동 422-39,부산광역시 금정구 금정로 59-7,1,10:00,22:00,,,,,,
빈스,부산광역시 금정구 장전동 422-39,부산광역시 금정구 금정로 59-7,2,10:00,22:00,,,,,,
빈스,부산광역시 금정구 장전동 422-39,부산광역시 금정구 금정로 59-7,3,10:00,22:00,,,,,,
빈스,부산광역시 금정구 장전동 422-39,부산광역시 금정구 금정로 59-7,4,10:00,22:00,,,,,,
빈스,부산광역시 금정구 장전동 422-39,부산광역시 금정구 금정로 59-7,5,10:00,22:00,,,,,,
빈스,부산광역시 금정구 장전동 422-39,부산광역시 금정구 금정로 59-7,6,11:00,22:00,,,,,,
빈스에스프레소,부산광역시 금정구 장전동 267-2,부산광역시 금정구 금강로279번길 81-4,0,11:00,22:00,,,,,,
빈스에스프레소,부산광역시 금정구 장전동 267-2,부산광역시 금정구 금강로279번길 81-4,1,10:00,22:00,,,,,,
빈스에스프레소,부산광역시 금정구 장전동 267-2,부산광역시 금정구 금강로279번길 81-4,2,10:00,22:00,,,,,,
빈스에스프레소,부산광역시 금정구 장전동 267-2,부산광역시 금정구 금강로279번길 81-4,3,10:00,22:00,,,,,,
빈스에스프레소,부산광역시 금정구 장전동 267-2,부산광역시 금정구 금강로279번길 81-4,4,10:00,22:00,,,,,,
빈스에스프레소,부산광역시 금정구 장전동 267-2,부산광역시 금정구 금강로279번길 81-4,5,10:00,22:00,,,,,,
빈스에스프레소,부산광역시 금정구 장전동 267-2,부산광역시 금정구 금강로279번길 81-4,6,11:00,22:00,,,,,,
빌리지40,부산광역시 동래구 온천동 1708-8,부산광역시 동래구 금정마을로 40,0,,,,,,,,
빌리지40,부산광역시 동래구 온천동 1708-8,부산광역시 동래구 금정마을로 40,1,,,,,,,,
빌리지40,부산광역시 동래구 온천동 1708-8,부산광역시 동래구 금정마을로 40,2,,,,,,,,
빌리지40,부산광역시 동래구 온천동 1708-8,부산광역시 동래구 금정마을로 40,3,,,,,,,,
빌리지40,부산광역시 동래구 온천동 1708-8,부산광역시 동래구 금정마을로 40,4,,,,,,,,
빌리지40,부산광역시 동래구 온천동 1708-8,부산광역시 동래구 금정마을로 40,5,,,,,,,,
빌리지40,부산광역시 동래구 온천동 1708-8,부산광역시 동래구 금정마을로 40,6,,,,,,,,
빙수당 부산대점,부산광역시 금정구 부곡동 244-7,부산광역시 금정구 부산대학로 10,0,13:00,0:00,,,,,,
빙수당 부산대점,부산광역시 금정구 부곡동 244-7,부산광역시 금정구 부산대학로 10,1,15:00,0:00,,,,,,
빙수당 부산대점,부산광역시 금정구 부곡동 244-7,부산광역시 금정구 부산대학로 10,2,15:00,0:00,,,,,,
빙수당 부산대점,부산광역시 금정구 부곡동 244-7,부산광역시 금정구 부산대학로 10,3,15:00,0:00,,,,,,
빙수당 부산대점,부산광역시 금정구 부곡동 244-7,부산광역시 금정구 부산대학로 10,4,15:00,0:00,,,,,,
빙수당 부산대점,부산광역시 금정구 부곡동 244-7,부산광역시 금정구 부산대학로 10,5,15:00,0:00,,,,,,
빙수당 부산대점,부산광역시 금정구 부곡동 244-7,부산광역시 금정구 부산대학로 10,6,13:00,0:00,,,,,,
빽다방 부산금정구청점,부산광역시 금정구 부곡동 64-34,부산광역시 금정구 중앙대로1793번길 58,0,,,,,,,,
빽다방 부산금정구청점,부산광역시 금정구 부곡동 64-34,부산광역시 금정구 중앙대로1793번길 58,1,,,,,,,,
빽다방 부산금정구청점,부산광역시 금정구 부곡동 64-34,부산광역시 금정구 중앙대로1793번길 58,2,,,,,,,,
빽다방 부산금정구청점,부산광역시 금정구 부곡동 64-34,부산광역시 금정구 중앙대로1793번길 58,3,,,,,,,,
빽다방 부산금정구청점,부산광역시 금정구 부곡동 64-34,부산광역시 금정구 중앙대로1793번길 58,4,,,,,,,,
빽다방 부산금정구청점,부산광역시 금정구 부곡동 64-34,부산광역시 금정구 중앙대로1793번길 58,5,,,,,,,,
빽다방 부산금정구청점,부산광역시 금정구 부곡동 64-34,부산광역시 금정구 중앙대로1793번길 58,6,,,,,,,,
빽다방 부산명륜점,부산광역시 동래구 명륜동 696-110,부산광역시 동래구 명륜로187번길 8,0,,,,,,,,
빽다방 부산명륜점,부산광역시 동래구 명륜동 696-110,부산광역시 동래구 명륜로187번길 8,1,,,,,,,,
빽다방 부산명륜점,부산광역시 동래구 명륜동 696-110,부산광역시 동래구 명륜로187번길 8,2,,,,,,,,
빽다방 부산명륜점,부산광역시 동래구 명륜동 696-110,부산광역시 동래구 명륜로187번길 8,3,,,,,,,,
빽다방 부산명륜점,부산광역시 동래구 명륜동 696-110,부산광역시 동래구 명륜로187번길 8,4,,,,,,,,
빽다방 부산명륜점,부산광역시 동래구 명륜동 696-110,부산광역시 동래구 명륜로187번길 8,5,,,,,,,,
빽다방 부산명륜점,부산광역시 동래구 명륜동 696-110,부산광역시 동래구 명륜로187번길 8,6,,,,,,,,
빽다방 부산부곡점,부산광역시 금정구 부곡동 294-5,부산광역시 금정구 부곡로 130,0,,,,,,,,
빽다방 부산부곡점,부산광역시 금정구 부곡동 294-5,부산광역시 금정구 부곡로 130,1,,,,,,,,
빽다방 부산부곡점,부산광역시 금정구 부곡동 294-5,부산광역시 금정구 부곡로 130,2,,,,,,,,
빽다방 부산부곡점,부산광역시 금정구 부곡동 294-5,부산광역시 금정구 부곡로 130,3,,,,,,,,
빽다방 부산부곡점,부산광역시 금정구 부곡동 294-5,부산광역시 금정구 부곡로 130,4,,,,,,,,
빽다방 부산부곡점,부산광역시 금정구 부곡동 294-5,부산광역시 금정구 부곡로 130,5,,,,,,,,
빽다방 부산부곡점,부산광역시 금정구 부곡동 294-5,부산광역시 금정구 부곡로 130,6,,,,,,,,
사시절,부산광역시 금정구 장전동 293-155,부산광역시 금정구 장전로12번길 28,0,,,,TRUE,,,,
사시절,부산광역시 금정구 장전동 293-155,부산광역시 금정구 장전로12번길 28,1,12:00,19:00,18:00,,,,,
사시절,부산광역시 금정구 장전동 293-155,부산광역시 금정구 장전로12번길 28,2,12:00,19:00,18:00,,,,,
사시절,부산광역시 금정구 장전동 293-155,부산광역시 금정구 장전로12번길 28,3,12:00,19:00,18:00,,,,,
사시절,부산광역시 금정구 장전동 293-155,부산광역시 금정구 장전로12번길 28,4,12:00,19:00,18:00,,,,,
사시절,부산광역시 금정구 장전동 293-155,부산광역시 금정구 장전로12번길 28,5,12:00,19:00,18:00,,,,,
사시절,부산광역시 금정구 장전동 293-155,부산광역시 금정구 장전로12번길 28,6,12:00,19:00,18:00,,,,,
사적인도서관카페,부산광역시 금정구 장전동 222-57,부산광역시 금정구 금강로 326-2,0,,,,TRUE,,,,
사적인도서관카페,부산광역시 금정구 장전동 222-57,부산광역시 금정구 금강로 326-2,1,10:00,17:00,,,,,,
사적인도서관카페,부산광역시 금정구 장전동 222-57,부산광역시 금정구 금강로 326-2,2,10:00,17:00,,,,,,
사적인도서관카페,부산광역시 금정구 장전동 222-57,부산광역시 금정구 금강로 326-2,3,10:00,17:00,,,,,,
사적인도서관카페,부산광역시 금정구 장전동 222-57,부산광역시 금정구 금강로 326-2,4,10:00,17:00,,,,,,
사적인도서관카페,부산광역시 금정구 장전동 222-57,부산광역시 금정구 금강로 326-2,5,10:00,17:00,,,,,,
사적인도서관카페,부산광역시 금정구 장전동 222-57,부산광역시 금정구 금강로 326-2,6,10:00,17:00,,,,,,
새로움CAFE,부산광역시 금정구 장전동 646-55,부산광역시 금정구 중앙대로1541번길 25,0,11:00,22:00,,,,,,
새로움CAFE,부산광역시 금정구 장전동 646-55,부산광역시 금정구 중앙대로1541번길 25,1,,,,TRUE,,,,
새로움CAFE,부산광역시 금정구 장전동 646-55,부산광역시 금정구 중앙대로1541번길 25,2,11:00,22:00,,,,,,
새로움CAFE,부산광역시 금정구 장전동 646-55,부산광역시 금정구 중앙대로1541번길 25,3,11:00,22:00,,,,,,
새로움CAFE,부산광역시 금정구 장전동 646-55,부산광역시 금정구 중앙대로1541번길 25,4,11:00,22:00,,,,,,
새로움CAFE,부산광역시 금정구 장전동 646-55,부산광역시 금정구 중앙대로1541번길 25,5,11:00,22:00,,,,,,
새로움CAFE,부산광역시 금정구 장전동 646-55,부산광역시 금정구 중앙대로1541번길 25,6,11:00,22:00,,,,,,
샵인,부산광역시 금정구 장전동 360-9,부산광역시 금정구 금강로 231,0,8:30,18:00,,,,,,
샵인,부산광역시 금정구 장전동 360-9,부산광역시 금정구 금강로 231,1,8:00,21:00,,,,,,
샵인,부산광역시 금정구 장전동 360-9,부산광역시 금정구 금강로 231,2,8:00,21:00,,,,,,
샵인,부산광역시 금정구 장전동 360-9,부산광역시 금정구 금강로 231,3,8:00,21:00,,,,,,
샵인,부산광역시 금정구 장전동 360-9,부산광역시 금정구 금강로 231,4,8:00,21:00,,,,,,
샵인,부산광역시 금정구 장전동 360-9,부산광역시 금정구 금강로 231,5,8:00,21:00,,,,,,
샵인,부산광역시 금정구 장전동 360-9,부산광역시 금정구 금강로 231,6,8:30,18:00,,,,,,
서빙고,부산광역시 금정구 장전동 293-90,부산광역시 금정구 장전로12번길 9,0,13:00,21:00,,,"5~6월의 경우 1시간, 7~9월의 경우 1시간 반 늦게 열고 닫음. 10~ 내년 4월에는 매주 월요일 휴무.",,,
서빙고,부산광역시 금정구 장전동 293-90,부산광역시 금정구 장전로12번길 9,1,13:00,21:00,,,"5~6월의 경우 1시간, 7~9월의 경우 1시간 반 늦게 열고 닫음.",,,
서빙고,부산광역시 금정구 장전동 293-90,부산광역시 금정구 장전로12번길 9,2,13:00,21:00,,,"5~6월의 경우 1시간, 7~9월의 경우 1시간 반 늦게 열고 닫음.",,,
서빙고,부산광역시 금정구 장전동 293-90,부산광역시 금정구 장전로12번길 9,3,13:00,21:00,,,"5~6월의 경우 1시간, 7~9월의 경우 1시간 반 늦게 열고 닫음.",,,
서빙고,부산광역시 금정구 장전동 293-90,부산광역시 금정구 장전로12번길 9,4,13:00,21:00,,,"5~6월의 경우 1시간, 7~9월의 경우 1시간 반 늦게 열고 닫음.",,,
서빙고,부산광역시 금정구 장전동 293-90,부산광역시 금정구 장전로12번길 9,5,13:00,21:00,,,"5~6월의 경우 1시간, 7~9월의 경우 1시간 반 늦게 열고 닫음.",,,
서빙고,부산광역시 금정구 장전동 293-90,부산광역시 금정구 장전로12번길 9,6,13:00,21:00,,,"5~6월의 경우 1시간, 7~9월의 경우 1시간 반 늦게 열고 닫음.",,,
선과홍,부산광역시 금정구 장전동 298-27,부산광역시 금정구 장전로20번길 7,0,,,,TRUE,,,,
선과홍,부산광역시 금정구 장전동 298-27,부산광역시 금정구 장전로20번길 7,1,11:00,16:00,,,,,,
선과홍,부산광역시 금정구 장전동 298-27,부산광역시 금정구 장전로20번길 7,2,11:00,16:00,,,,,,
선과홍,부산광역시 금정구 장전동 298-27,부산광역시 금정구 장전로20번길 7,3,11:00,16:00,,,,,,
선과홍,부산광역시 금정구 장전동 298-27,부산광역시 금정구 장전로20번길 7,4,11:00,16:00,,,,,,
선과홍,부산광역시 금정구 장전동 298-27,부산광역시 금정구 장전로20번길 7,5,11:00,16:00,,,,,,
선과홍,부산광역시 금정구 장전동 298-27,부산광역시 금정구 장전로20번길 7,6,11:00,17:00,,,"첫째 주, 셋째 주 토요일은 휴무",,,
설빙,부산광역시 금정구 장전동 293-173,부산광역시 금정구 금정로60번길 28,0,,,,,,,,
설빙,부산광역시 금정구 장전동 293-173,부산광역시 금정구 금정로60번길 28,1,,,,,,,,
설빙,부산광역시 금정구 장전동 293-173,부산광역시 금정구 금정로60번길 28,2,,,,,,,,
설빙,부산광역시 금정구 장전동 293-173,부산광역시 금정구 금정로60번길 28,3,,,,,,,,
설빙,부산광역시 금정구 장전동 293-173,부산광역시 금정구 금정로60번길 28,4,,,,,,,,
설빙,부산광역시 금정구 장전동 293-173,부산광역시 금정구 금정로60번길 28,5,,,,,,,,
설빙,부산광역시 금정구 장전동 293-173,부산광역시 금정구 금정로60번길 28,6,,,,,,,,
설빙 동래역점,부산광역시 동래구 명륜동 553-12,부산광역시 동래구 명륜로129번가길 9,0,,,,,,,,
설빙 동래역점,부산광역시 동래구 명륜동 553-12,부산광역시 동래구 명륜로129번가길 9,1,,,,,,,,
설빙 동래역점,부산광역시 동래구 명륜동 553-12,부산광역시 동래구 명륜로129번가길 9,2,,,,,,,,
설빙 동래역점,부산광역시 동래구 명륜동 553-12,부산광역시 동래구 명륜로129번가길 9,3,,,,,,,,
설빙 동래역점,부산광역시 동래구 명륜동 553-12,부산광역시 동래구 명륜로129번가길 9,4,,,,,,,,
설빙 동래역점,부산광역시 동래구 명륜동 553-12,부산광역시 동래구 명륜로129번가길 9,5,,,,,,,,
설빙 동래역점,부산광역시 동래구 명륜동 553-12,부산광역시 동래구 명륜로129번가길 9,6,,,,,,,,
설빙 부산대점,부산광역시 금정구 장전동 420-24,부산광역시 금정구 금강로 260-1,0,,,,,,,,
설빙 부산대점,부산광역시 금정구 장전동 420-24,부산광역시 금정구 금강로 260-1,1,,,,,,,,
설빙 부산대점,부산광역시 금정구 장전동 420-24,부산광역시 금정구 금강로 260-1,2,,,,,,,,
설빙 부산대점,부산광역시 금정구 장전동 420-24,부산광역시 금정구 금강로 260-1,3,,,,,,,,
설빙 부산대점,부산광역시 금정구 장전동 420-24,부산광역시 금정구 금강로 260-1,4,,,,,,,,
설빙 부산대점,부산광역시 금정구 장전동 420-24,부산광역시 금정구 금강로 260-1,5,,,,,,,,
설빙 부산대점,부산광역시 금정구 장전동 420-24,부산광역시 금정구 금강로 260-1,6,,,,,,,,
설빙 온천점,부산광역시 동래구 온천동 152-18,부산광역시 동래구 금강공원로20번길 46,0,,,,,,,,
설빙 온천점,부산광역시 동래구 온천동 152-18,부산광역시 동래구 금강공원로20번길 46,1,,,,,,,,
설빙 온천점,부산광역시 동래구 온천동 152-18,부산광역시 동래구 금강공원로20번길 46,2,,,,,,,,
설빙 온천점,부산광역시 동래구 온천동 152-18,부산광역시 동래구 금강공원로20번길 46,3,,,,,,,,
설빙 온천점,부산광역시 동래구 온천동 152-18,부산광역시 동래구 금강공원로20번길 46,4,,,,,,,,
설빙 온천점,부산광역시 동래구 온천동 152-18,부산광역시 동래구 금강공원로20번길 46,5,,,,,,,,
설빙 온천점,부산광역시 동래구 온천동 152-18,부산광역시 동래구 금강공원로20번길 46,6,,,,,,,,
세모커피,부산광역시 금정구 구서동 260-18,부산광역시 금정구 금강로445번길 16,0,9:00,19:00,18:30,,,,,
세모커피,부산광역시 금정구 구서동 260-18,부산광역시 금정구 금강로445번길 16,1,,,,TRUE,,,,
세모커피,부산광역시 금정구 구서동 260-18,부산광역시 금정구 금강로445번길 16,2,9:00,19:00,18:30,,,,,
세모커피,부산광역시 금정구 구서동 260-18,부산광역시 금정구 금강로445번길 16,3,9:00,19:00,18:30,,,,,
세모커피,부산광역시 금정구 구서동 260-18,부산광역시 금정구 금강로445번길 16,4,9:00,19:00,18:30,,,,,
세모커피,부산광역시 금정구 구서동 260-18,부산광역시 금정구 금강로445번길 16,5,9:00,19:00,18:30,,,,,
세모커피,부산광역시 금정구 구서동 260-18,부산광역시 금정구 금강로445번길 16,6,9:00,19:00,18:30,,,,,
세별,부산광역시 동래구 온천동 212-14,부산광역시 동래구 금강공원로20번길 3,0,,,,,,,,
세별,부산광역시 동래구 온천동 212-14,부산광역시 동래구 금강공원로20번길 3,1,,,,,,,,
세별,부산광역시 동래구 온천동 212-14,부산광역시 동래구 금강공원로20번길 3,2,,,,,,,,
세별,부산광역시 동래구 온천동 212-14,부산광역시 동래구 금강공원로20번길 3,3,,,,,,,,
세별,부산광역시 동래구 온천동 212-14,부산광역시 동래구 금강공원로20번길 3,4,,,,,,,,
세별,부산광역시 동래구 온천동 212-14,부산광역시 동래구 금강공원로20번길 3,5,,,,,,,,
세별,부산광역시 동래구 온천동 212-14,부산광역시 동래구 금강공원로20번길 3,6,,,,,,,,
소울리티,부산광역시 금정구 장전동 304-5,부산광역시 금정구 금정로60번길 23-2,0,10:30,22:00,,,,,,
소울리티,부산광역시 금정구 장전동 304-5,부산광역시 금정구 금정로60번길 23-2,1,,,,TRUE,,,,
소울리티,부산광역시 금정구 장전동 304-5,부산광역시 금정구 금정로60번길 23-2,2,10:30,22:00,,,,,,
소울리티,부산광역시 금정구 장전동 304-5,부산광역시 금정구 금정로60번길 23-2,3,10:30,22:00,,,,,,
소울리티,부산광역시 금정구 장전동 304-5,부산광역시 금정구 금정로60번길 23-2,4,10:30,22:00,,,,,,
소울리티,부산광역시 금정구 장전동 304-5,부산광역시 금정구 금정로60번길 23-2,5,10:30,22:00,,,,,,
소울리티,부산광역시 금정구 장전동 304-5,부산광역시 금정구 금정로60번길 23-2,6,10:30,22:00,,,,,,
솔티라이엇SALTYRIOT 부산대역점,부산광역시 금정구 부곡동 981,부산광역시 금정구 중앙대로1629번길 16,0,7:00,23:00,,,,,,
솔티라이엇SALTYRIOT 부산대역점,부산광역시 금정구 부곡동 981,부산광역시 금정구 중앙대로1629번길 16,1,7:00,23:00,,,,,,
솔티라이엇SALTYRIOT 부산대역점,부산광역시 금정구 부곡동 981,부산광역시 금정구 중앙대로1629번길 16,2,7:00,23:00,,,,,,
솔티라이엇SALTYRIOT 부산대역점,부산광역시 금정구 부곡동 981,부산광역시 금정구 중앙대로1629번길 16,3,7:00,23:00,,,,,,
솔티라이엇SALTYRIOT 부산대역점,부산광역시 금정구 부곡동 981,부산광역시 금정구 중앙대로1629번길 16,4,7:00,23:00,,,,,,
솔티라이엇SALTYRIOT 부산대역점,부산광역시 금정구 부곡동 981,부산광역시 금정구 중앙대로1629번길 16,5,7:00,23:00,,,,,,
솔티라이엇SALTYRIOT 부산대역점,부산광역시 금정구 부곡동 981,부산광역시 금정구 중앙대로1629번길 16,6,7:00,23:00,,,,,,
수로,부산광역시 금정구 부곡동 324-27,부산광역시 금정구 부곡로 96,0,,,,,,,,
수로,부산광역시 금정구 부곡동 324-27,부산광역시 금정구 부곡로 96,1,,,,,,,,
수로,부산광역시 금정구 부곡동 324-27,부산광역시 금정구 부곡로 96,2,,,,,,,,
수로,부산광역시 금정구 부곡동 324-27,부산광역시 금정구 부곡로 96,3,,,,,,,,
수로,부산광역시 금정구 부곡동 324-27,부산광역시 금정구 부곡로 96,4,,,,,,,,
수로,부산광역시 금정구 부곡동 324-27,부산광역시 금정구 부곡로 96,5,,,,,,,,
수로,부산광역시 금정구 부곡동 324-27,부산광역시 금정구 부곡로 96,6,,,,,,,,
수완커피숍,부산광역시 금정구 부곡동 22-1,부산광역시 금정구 무학송로 132,0,,,,,,,,
수완커피숍,부산광역시 금정구 부곡동 22-1,부산광역시 금정구 무학송로 132,1,,,,,,,,
수완커피숍,부산광역시 금정구 부곡동 22-1,부산광역시 금정구 무학송로 132,2,,,,,,,,
수완커피숍,부산광역시 금정구 부곡동 22-1,부산광역시 금정구 무학송로 132,3,,,,,,,,
수완커피숍,부산광역시 금정구 부곡동 22-1,부산광역시 금정구 무학송로 132,4,,,,,,,,
수완커피숍,부산광역시 금정구 부곡동 22-1,부산광역시 금정구 무학송로 132,5,,,,,,,,
수완커피숍,부산광역시 금정구 부곡동 22-1,부산광역시 금정구 무학송로 132,6,,,,,,,,
쉐누,부산광역시 동래구 온천동 302-18,부산광역시 동래구 차밭골로 44,0,,,,,,,,
쉐누,부산광역시 동래구 온천동 302-18,부산광역시 동래구 차밭골로 44,1,,,,,,,,
쉐누,부산광역시 동래구 온천동 302-18,부산광역시 동래구 차밭골로 44,2,,,,,,,,
쉐누,부산광역시 동래구 온천동 302-18,부산광역시 동래구 차밭골로 44,3,,,,,,,,
쉐누,부산광역시 동래구 온천동 302-18,부산광역시 동래구 차밭골로 44,4,,,,,,,,
쉐누,부산광역시 동래구 온천동 302-18,부산광역시 동래구 차밭골로 44,5,,,,,,,,
쉐누,부산광역시 동래구 온천동 302-18,부산광역시 동래구 차밭골로 44,6,,,,,,,,
쉼표,부산광역시 금정구 장전동 111-13,부산광역시 금정구 금정로 175,0,,,,,,,,
쉼표,부산광역시 금정구 장전동 111-13,부산광역시 금정구 금정로 175,1,,,,,,,,
쉼표,부산광역시 금정구 장전동 111-13,부산광역시 금정구 금정로 175,2,,,,,,,,
쉼표,부산광역시 금정구 장전동 111-13,부산광역시 금정구 금정로 175,3,,,,,,,,
쉼표,부산광역시 금정구 장전동 111-13,부산광역시 금정구 금정로 175,4,,,,,,,,
쉼표,부산광역시 금정구 장전동 111-13,부산광역시 금정구 금정로 175,5,,,,,,,,
쉼표,부산광역시 금정구 장전동 111-13,부산광역시 금정구 금정로 175,6,,,,,,,,
슈룹,부산광역시 동래구 명륜동 691-9,부산광역시 동래구 명륜로187번길 40-5,0,11:00,22:00,,,,,,
슈룹,부산광역시 동래구 명륜동 691-9,부산광역시 동래구 명륜로187번길 40-5,1,,,,TRUE,,,,
슈룹,부산광역시 동래구 명륜동 691-9,부산광역시 동래구 명륜로187번길 40-5,2,11:00,22:00,,,,,,
슈룹,부산광역시 동래구 명륜동 691-9,부산광역시 동래구 명륜로187번길 40-5,3,11:00,22:00,,,,,,
슈룹,부산광역시 동래구 명륜동 691-9,부산광역시 동래구 명륜로187번길 40-5,4,11:00,22:00,,,,,,
슈룹,부산광역시 동래구 명륜동 691-9,부산광역시 동래구 명륜로187번길 40-5,5,11:00,22:00,,,,,,
슈룹,부산광역시 동래구 명륜동 691-9,부산광역시 동래구 명륜로187번길 40-5,6,11:00,22:00,,,,,,
스몰굿커피 온천장점,부산광역시 동래구 온천동 1850,부산광역시 동래구 온천장로65번길 9,0,,,,,,,,
스몰굿커피 온천장점,부산광역시 동래구 온천동 1850,부산광역시 동래구 온천장로65번길 9,1,,,,,,,,
스몰굿커피 온천장점,부산광역시 동래구 온천동 1850,부산광역시 동래구 온천장로65번길 9,2,,,,,,,,
스몰굿커피 온천장점,부산광역시 동래구 온천동 1850,부산광역시 동래구 온천장로65번길 9,3,,,,,,,,
스몰굿커피 온천장점,부산광역시 동래구 온천동 1850,부산광역시 동래구 온천장로65번길 9,4,,,,,,,,
스몰굿커피 온천장점,부산광역시 동래구 온천동 1850,부산광역시 동래구 온천장로65번길 9,5,,,,,,,,
스몰굿커피 온천장점,부산광역시 동래구 온천동 1850,부산광역시 동래구 온천장로65번길 9,6,,,,,,,,
스몰굿커피부산대,부산광역시 금정구 장전동 423-14,부산광역시 금정구 금강로 248-6,0,9:30,22:00,,,,,,
스몰굿커피부산대,부산광역시 금정구 장전동 423-14,부산광역시 금정구 금강로 248-6,1,8:30,22:00,,,,,,
스몰굿커피부산대,부산광역시 금정구 장전동 423-14,부산광역시 금정구 금강로 248-6,2,8:30,22:00,,,,,,
스몰굿커피부산대,부산광역시 금정구 장전동 423-14,부산광역시 금정구 금강로 248-6,3,8:30,22:00,,,,,,
스몰굿커피부산대,부산광역시 금정구 장전동 423-14,부산광역시 금정구 금강로 248-6,4,8:30,22:00,,,,,,
스몰굿커피부산대,부산광역시 금정구 장전동 423-14,부산광역시 금정구 금강로 248-6,5,8:30,22:00,,,,,,
스몰굿커피부산대,부산광역시 금정구 장전동 423-14,부산광역시 금정구 금강로 248-6,6,9:30,22:00,,,,,,
스콘마마,부산광역시 금정구 장전동 296-2,부산광역시 금정구 장전로12번길 14,0,9:00,18:00,17:30,,,,,
스콘마마,부산광역시 금정구 장전동 296-2,부산광역시 금정구 장전로12번길 14,1,9:00,18:00,17:30,,,,,
스콘마마,부산광역시 금정구 장전동 296-2,부산광역시 금정구 장전로12번길 14,2,9:00,18:00,17:30,,,,,
스콘마마,부산광역시 금정구 장전동 296-2,부산광역시 금정구 장전로12번길 14,3,,,,TRUE,,,,
스콘마마,부산광역시 금정구 장전동 296-2,부산광역시 금정구 장전로12번길 14,4,9:00,18:00,17:30,,,,,
스콘마마,부산광역시 금정구 장전동 296-2,부산광역시 금정구 장전로12번길 14,5,9:00,18:00,17:30,,,,,
스콘마마,부산광역시 금정구 장전동 296-2,부산광역시 금정구 장전로12번길 14,6,9:00,18:00,17:30,,,,,
스타벅스 금정구청DT,부산광역시 금정구 부곡동 217-2,부산광역시 금정구 중앙대로 1730,0,,,,,,,,
스타벅스 금정구청DT,부산광역시 금정구 부곡동 217-2,부산광역시 금정구 중앙대로 1730,1,,,,,,,,
스타벅스 금정구청DT,부산광역시 금정구 부곡동 217-2,부산광역시 금정구 중앙대로 1730,2,,,,,,,,
스타벅스 금정구청DT,부산광역시 금정구 부곡동 217-2,부산광역시 금정구 중앙대로 1730,3,,,,,,,,
스타벅스 금정구청DT,부산광역시 금정구 부곡동 217-2,부산광역시 금정구 중앙대로 1730,4,,,,,,,,
스타벅스 금정구청DT,부산광역시 금정구 부곡동 217-2,부산광역시 금정구 중앙대로 1730,5,,,,,,,,
스타벅스 금정구청DT,부산광역시 금정구 부곡동 217-2,부산광역시 금정구 중앙대로 1730,6,,,,,,,,
스타벅스 동래미남DT,부산광역시 동래구 온천동 1428-36,부산광역시 동래구 충렬대로 101,0,,,,,,,,
스타벅스 동래미남DT,부산광역시 동래구 온천동 1428-36,부산광역시 동래구 충렬대로 101,1,,,,,,,,
스타벅스 동래미남DT,부산광역시 동래구 온천동 1428-36,부산광역시 동래구 충렬대로 101,2,,,,,,,,
스타벅스 동래미남DT,부산광역시 동래구 온천동 1428-36,부산광역시 동래구 충렬대로 101,3,,,,,,,,
스타벅스 동래미남DT,부산광역시 동래구 온천동 1428-36,부산광역시 동래구 충렬대로 101,4,,,,,,,,
스타벅스 동래미남DT,부산광역시 동래구 온천동 1428-36,부산광역시 동래구 충렬대로 101,5,,,,,,,,
스타벅스 동래미남DT,부산광역시 동래구 온천동 1428-36,부산광역시 동래구 충렬대로 101,6,,,,,,,,
스타벅스 동래역,부산광역시 동래구 명륜동 553-21,부산광역시 동래구 충렬대로181번길 42,0,,,,,,,,
스타벅스 동래역,부산광역시 동래구 명륜동 553-21,부산광역시 동래구 충렬대로181번길 42,1,,,,,,,,
스타벅스 동래역,부산광역시 동래구 명륜동 553-21,부산광역시 동래구 충렬대로181번길 42,2,,,,,,,,
스타벅스 동래역,부산광역시 동래구 명륜동 553-21,부산광역시 동래구 충렬대로181번길 42,3,,,,,,,,
스타벅스 동래역,부산광역시 동래구 명륜동 553-21,부산광역시 동래구 충렬대로181번길 42,4,,,,,,,,
스타벅스 동래역,부산광역시 동래구 명륜동 553-21,부산광역시 동래구 충렬대로181번길 42,5,,,,,,,,
스타벅스 동래역,부산광역시 동래구 명륜동 553-21,부산광역시 동래구 충렬대로181번길 42,6,,,,,,,,
스타벅스 동래허심청,부산광역시 동래구 온천동 137,부산광역시 동래구 온천장로107번길 32,0,,,,,,,,
스타벅스 동래허심청,부산광역시 동래구 온천동 137,부산광역시 동래구 온천장로107번길 32,1,,,,,,,,
스타벅스 동래허심청,부산광역시 동래구 온천동 137,부산광역시 동래구 온천장로107번길 32,2,,,,,,,,
스타벅스 동래허심청,부산광역시 동래구 온천동 137,부산광역시 동래구 온천장로107번길 32,3,,,,,,,,
스타벅스 동래허심청,부산광역시 동래구 온천동 137,부산광역시 동래구 온천장로107번길 32,4,,,,,,,,
스타벅스 동래허심청,부산광역시 동래구 온천동 137,부산광역시 동래구 온천장로107번길 32,5,,,,,,,,
스타벅스 동래허심청,부산광역시 동래구 온천동 137,부산광역시 동래구 온천장로107번길 32,6,,,,,,,,
스타벅스 명륜역,부산광역시 동래구 온천동 473-21,부산광역시 동래구 동래로 25,0,,,,,,,,
스타벅스 명륜역,부산광역시 동래구 온천동 473-21,부산광역시 동래구 동래로 25,1,,,,,,,,
스타벅스 명륜역,부산광역시 동래구 온천동 473-21,부산광역시 동래구 동래로 25,2,,,,,,,,
스타벅스 명륜역,부산광역시 동래구 온천동 473-21,부산광역시 동래구 동래로 25,3,,,,,,,,
스타벅스 명륜역,부산광역시 동래구 온천동 473-21,부산광역시 동래구 동래로 25,4,,,,,,,,
스타벅스 명륜역,부산광역시 동래구 온천동 473-21,부산광역시 동래구 동래로 25,5,,,,,,,,
스타벅스 명륜역,부산광역시 동래구 온천동 473-21,부산광역시 동래구 동래로 25,6,,,,,,,,
스타벅스 부산대역,부산광역시 금정구 장전동 414-39,부산광역시 금정구 장전로12번길 64,0,11:30,18:00,,,,,,
스타벅스 부산대역,부산광역시 금정구 장전동 414-39,부산광역시 금정구 장전로12번길 64,1,8:30,20:00,,,,,,
스타벅스 부산대역,부산광역시 금정구 장전동 414-39,부산광역시 금정구 장전로12번길 64,2,8:30,20:00,,,,,,
스타벅스 부산대역,부산광역시 금정구 장전동 414-39,부산광역시 금정구 장전로12번길 64,3,8:30,20:00,,,,,,
스타벅스 부산대역,부산광역시 금정구 장전동 414-39,부산광역시 금정구 장전로12번길 64,4,8:30,20:00,,,,,,
스타벅스 부산대역,부산광역시 금정구 장전동 414-39,부산광역시 금정구 장전로12번길 64,5,8:30,20:00,,,,,,
스타벅스 부산대역,부산광역시 금정구 장전동 414-39,부산광역시 금정구 장전로12번길 64,6,11:30,18:00,,,,,,
스타벅스 부산대정문,부산광역시 금정구 장전동 401-13,부산광역시 금정구 부산대학로64번길 12,0,,,,,,,,
스타벅스 부산대정문,부산광역시 금정구 장전동 401-13,부산광역시 금정구 부산대학로64번길 12,1,,,,,,,,
스타벅스 부산대정문,부산광역시 금정구 장전동 401-13,부산광역시 금정구 부산대학로64번길 12,2,,,,,,,,
스타벅스 부산대정문,부산광역시 금정구 장전동 401-13,부산광역시 금정구 부산대학로64번길 12,3,,,,,,,,
스타벅스 부산대정문,부산광역시 금정구 장전동 401-13,부산광역시 금정구 부산대학로64번길 12,4,,,,,,,,
스타벅스 부산대정문,부산광역시 금정구 장전동 401-13,부산광역시 금정구 부산대학로64번길 12,5,,,,,,,,
스타벅스 부산대정문,부산광역시 금정구 장전동 401-13,부산광역시 금정구 부산대학로64번길 12,6,,,,,,,,
스타벅스 부산미남역,부산광역시 동래구 온천동 1248-2,부산광역시 동래구 석사북로 108,0,,,,,,,,
스타벅스 부산미남역,부산광역시 동래구 온천동 1248-2,부산광역시 동래구 석사북로 108,1,,,,,,,,
스타벅스 부산미남역,부산광역시 동래구 온천동 1248-2,부산광역시 동래구 석사북로 108,2,,,,,,,,
스타벅스 부산미남역,부산광역시 동래구 온천동 1248-2,부산광역시 동래구 석사북로 108,3,,,,,,,,
스타벅스 부산미남역,부산광역시 동래구 온천동 1248-2,부산광역시 동래구 석사북로 108,4,,,,,,,,
스타벅스 부산미남역,부산광역시 동래구 온천동 1248-2,부산광역시 동래구 석사북로 108,5,,,,,,,,
스타벅스 부산미남역,부산광역시 동래구 온천동 1248-2,부산광역시 동래구 석사북로 108,6,,,,,,,,
스타벅스 부산온천장역,부산광역시 동래구 온천동 153-8,부산광역시 동래구 중앙대로 1523,0,,,,,,,,
스타벅스 부산온천장역,부산광역시 동래구 온천동 153-8,부산광역시 동래구 중앙대로 1523,1,,,,,,,,
스타벅스 부산온천장역,부산광역시 동래구 온천동 153-8,부산광역시 동래구 중앙대로 1523,2,,,,,,,,
스타벅스 부산온천장역,부산광역시 동래구 온천동 153-8,부산광역시 동래구 중앙대로 1523,3,,,,,,,,
스타벅스 부산온천장역,부산광역시 동래구 온천동 153-8,부산광역시 동래구 중앙대로 1523,4,,,,,,,,
스타벅스 부산온천장역,부산광역시 동래구 온천동 153-8,부산광역시 동래구 중앙대로 1523,5,,,,,,,,
스타벅스 부산온천장역,부산광역시 동래구 온천동 153-8,부산광역시 동래구 중앙대로 1523,6,,,,,,,,
스타벅스 온천장역DT,부산광역시 금정구 장전동 607-6,부산광역시 금정구 식물원로 13,0,,,,,,,,
스타벅스 온천장역DT,부산광역시 금정구 장전동 607-6,부산광역시 금정구 식물원로 13,1,,,,,,,,
스타벅스 온천장역DT,부산광역시 금정구 장전동 607-6,부산광역시 금정구 식물원로 13,2,,,,,,,,
스타벅스 온천장역DT,부산광역시 금정구 장전동 607-6,부산광역시 금정구 식물원로 13,3,,,,,,,,
스타벅스 온천장역DT,부산광역시 금정구 장전동 607-6,부산광역시 금정구 식물원로 13,4,,,,,,,,
스타벅스 온천장역DT,부산광역시 금정구 장전동 607-6,부산광역시 금정구 식물원로 13,5,,,,,,,,
스타벅스 온천장역DT,부산광역시 금정구 장전동 607-6,부산광역시 금정구 식물원로 13,6,,,,,,,,
스탠다드카페,부산광역시 금정구 부곡동 392-4,부산광역시 금정구 동현로16번길 65,0,,,,,,,,
스탠다드카페,부산광역시 금정구 부곡동 392-4,부산광역시 금정구 동현로16번길 65,1,,,,,,,,
스탠다드카페,부산광역시 금정구 부곡동 392-4,부산광역시 금정구 동현로16번길 65,2,,,,,,,,
스탠다드카페,부산광역시 금정구 부곡동 392-4,부산광역시 금정구 동현로16번길 65,3,,,,,,,,
스탠다드카페,부산광역시 금정구 부곡동 392-4,부산광역시 금정구 동현로16번길 65,4,,,,,,,,
스탠다드카페,부산광역시 금정구 부곡동 392-4,부산광역시 금정구 동현로16번길 65,5,,,,,,,,
스탠다드카페,부산광역시 금정구 부곡동 392-4,부산광역시 금정구 동현로16번길 65,6,,,,,,,,
스탠다드커피,부산광역시 동래구 명륜동 440-1,부산광역시 동래구 명륜로 111,0,,,,,,,,
스탠다드커피,부산광역시 동래구 명륜동 440-1,부산광역시 동래구 명륜로 111,1,,,,,,,,
스탠다드커피,부산광역시 동래구 명륜동 440-1,부산광역시 동래구 명륜로 111,2,,,,,,,,
스탠다드커피,부산광역시 동래구 명륜동 440-1,부산광역시 동래구 명륜로 111,3,,,,,,,,
스탠다드커피,부산광역시 동래구 명륜동 440-1,부산광역시 동래구 명륜로 111,4,,,,,,,,
스탠다드커피,부산광역시 동래구 명륜동 440-1,부산광역시 동래구 명륜로 111,5,,,,,,,,
스탠다드커피,부산광역시 동래구 명륜동 440-1,부산광역시 동래구 명륜로 111,6,,,,,,,,
스튜디오 CCR,부산광역시 금정구 장전동 300-6,부산광역시 금정구 장전로20번길 24,0,13:00,20:00,,TRUE,,,,
스튜디오 CCR,부산광역시 금정구 장전동 300-6,부산광역시 금정구 장전로20번길 24,1,13:00,20:00,,,,,,
스튜디오 CCR,부산광역시 금정구 장전동 300-6,부산광역시 금정구 장전로20번길 24,2,13:00,20:00,,,,,,
스튜디오 CCR,부산광역시 금정구 장전동 300-6,부산광역시 금정구 장전로20번길 24,3,13:00,20:00,,,,,,
스튜디오 CCR,부산광역시 금정구 장전동 300-6,부산광역시 금정구 장전로20번길 24,4,13:00,20:00,,,,,,
스튜디오 CCR,부산광역시 금정구 장전동 300-6,부산광역시 금정구 장전로20번길 24,5,13:00,20:00,,,,,,
스튜디오 CCR,부산광역시 금정구 장전동 300-6,부산광역시 금정구 장전로20번길 24,6,13:00,20:00,,,,,,
스트릿,부산광역시 금정구 장전동 413-27,부산광역시 금정구 부산대학로 22,0,10:00,22:00,,,,,,
스트릿,부산광역시 금정구 장전동 413-27,부산광역시 금정구 부산대학로 22,1,8:30,22:00,,,,,,
스트릿,부산광역시 금정구 장전동 413-27,부산광역시 금정구 부산대학로 22,2,8:30,22:00,,,,,,
스트릿,부산광역시 금정구 장전동 413-27,부산광역시 금정구 부산대학로 22,3,8:30,22:00,,,,,,
스트릿,부산광역시 금정구 장전동 413-27,부산광역시 금정구 부산대학로 22,4,8:30,22:00,,,,,,
스트릿,부산광역시 금정구 장전동 413-27,부산광역시 금정구 부산대학로 22,5,8:30,22:00,,,,,,
스트릿,부산광역시 금정구 장전동 413-27,부산광역시 금정구 부산대학로 22,6,9:30,22:00,,,,,,
스페이스머지,부산광역시 금정구 장전동 389-4,부산광역시 금정구 부산대학로50번길 49,0,11:00,19:00,,,,,,
스페이스머지,부산광역시 금정구 장전동 389-4,부산광역시 금정구 부산대학로50번길 49,1,,,,TRUE,,,,
스페이스머지,부산광역시 금정구 장전동 389-4,부산광역시 금정구 부산대학로50번길 49,2,11:00,19:00,,,,,,
스페이스머지,부산광역시 금정구 장전동 389-4,부산광역시 금정구 부산대학로50번길 49,3,11:00,19:00,,,,,,
스페이스머지,부산광역시 금정구 장전동 389-4,부산광역시 금정구 부산대학로50번길 49,4,11:00,19:00,,,,,,
스페이스머지,부산광역시 금정구 장전동 389-4,부산광역시 금정구 부산대학로50번길 49,5,11:00,19:00,,,,,,
스페이스머지,부산광역시 금정구 장전동 389-4,부산광역시 금정구 부산대학로50번길 49,6,11:00,19:00,,,,,,
스프링캔 부산대점,부산광역시 금정구 장전동 293-60,부산광역시 금정구 장전로12번길 31,0,10:00,20:00,,,,,,
스프링캔 부산대점,부산광역시 금정구 장전동 293-60,부산광역시 금정구 장전로12번길 31,1,10:00,20:00,,,,,,
스프링캔 부산대점,부산광역시 금정구 장전동 293-60,부산광역시 금정구 장전로12번길 31,2,10:00,20:00,,,,,,
스프링캔 부산대점,부산광역시 금정구 장전동 293-60,부산광역시 금정구 장전로12번길 31,3,10:00,20:00,,,,,,
스프링캔 부산대점,부산광역시 금정구 장전동 293-60,부산광역시 금정구 장전로12번길 31,4,10:00,20:00,,,,,,
스프링캔 부산대점,부산광역시 금정구 장전동 293-60,부산광역시 금정구 장전로12번길 31,5,10:00,20:00,,,,,,
스프링캔 부산대점,부산광역시 금정구 장전동 293-60,부산광역시 금정구 장전로12번길 31,6,10:00,20:00,,,,,,
슬랫,부산광역시 동래구 명륜동 512-14,부산광역시 동래구 충렬대로200번길 26,0,11:00,19:00,,,,,,
슬랫,부산광역시 동래구 명륜동 512-14,부산광역시 동래구 충렬대로200번길 26,1,11:00,19:00,,,,,,
슬랫,부산광역시 동래구 명륜동 512-14,부산광역시 동래구 충렬대로200번길 26,2,11:00,19:00,,,,,,
슬랫,부산광역시 동래구 명륜동 512-14,부산광역시 동래구 충렬대로200번길 26,3,11:00,19:00,,,,,,
슬랫,부산광역시 동래구 명륜동 512-14,부산광역시 동래구 충렬대로200번길 26,4,,,,TRUE,,,,
슬랫,부산광역시 동래구 명륜동 512-14,부산광역시 동래구 충렬대로200번길 26,5,11:00,19:00,,,,,,
슬랫,부산광역시 동래구 명륜동 512-14,부산광역시 동래구 충렬대로200번길 26,6,11:00,19:00,,,,,,
시럽,부산광역시 금정구 구서동 1012-3,부산광역시 금정구 금샘로 429,0,12:00,23:00,,,,,,
시럽,부산광역시 금정구 구서동 1012-3,부산광역시 금정구 금샘로 429,1,12:00,23:00,,,,,,
시럽,부산광역시 금정구 구서동 1012-3,부산광역시 금정구 금샘로 429,2,12:00,23:00,,,,,,
시럽,부산광역시 금정구 구서동 1012-3,부산광역시 금정구 금샘로 429,3,12:00,23:00,,,,,,
시럽,부산광역시 금정구 구서동 1012-3,부산광역시 금정구 금샘로 429,4,12:00,23:00,,,,,,
시럽,부산광역시 금정구 구서동 1012-3,부산광역시 금정구 금샘로 429,5,12:00,23:00,,,,,,
시럽,부산광역시 금정구 구서동 1012-3,부산광역시 금정구 금샘로 429,6,12:00,23:00,,,,,,
심심푸리,부산광역시 금정구 장전동 643-117,부산광역시 금정구 장전온천천로 51,0,10:30,0:00,,,,,,
심심푸리,부산광역시 금정구 장전동 643-117,부산광역시 금정구 장전온천천로 51,1,10:30,0:00,,,,,,
심심푸리,부산광역시 금정구 장전동 643-117,부산광역시 금정구 장전온천천로 51,2,10:30,0:00,,,,,,
심심푸리,부산광역시 금정구 장전동 643-117,부산광역시 금정구 장전온천천로 51,3,10:30,0:00,,,,,,
심심푸리,부산광역시 금정구 장전동 643-117,부산광역시 금정구 장전온천천로 51,4,10:30,0:00,,,,,,
심심푸리,부산광역시 금정구 장전동 643-117,부산광역시 금정구 장전온천천로 51,5,10:30,0:00,,,,,,
심심푸리,부산광역시 금정구 장전동 643-117,부산광역시 금정구 장전온천천로 51,6,10:30,0:00,,,,,,
십이월32일,부산광역시 금정구 장전동 577-1,부산광역시 금정구 식물원로 57,0,,,,,,,,
십이월32일,부산광역시 금정구 장전동 577-1,부산광역시 금정구 식물원로 57,1,,,,,,,,
십이월32일,부산광역시 금정구 장전동 577-1,부산광역시 금정구 식물원로 57,2,,,,,,,,
십이월32일,부산광역시 금정구 장전동 577-1,부산광역시 금정구 식물원로 57,3,,,,,,,,
십이월32일,부산광역시 금정구 장전동 577-1,부산광역시 금정구 식물원로 57,4,,,,,,,,
십이월32일,부산광역시 금정구 장전동 577-1,부산광역시 금정구 식물원로 57,5,,,,,,,,
십이월32일,부산광역시 금정구 장전동 577-1,부산광역시 금정구 식물원로 57,6,,,,,,,,
써니,부산광역시 동래구 온천동 140-8,부산광역시 동래구 금강공원로26번길 32,0,,,,,,,,
써니,부산광역시 동래구 온천동 140-8,부산광역시 동래구 금강공원로26번길 32,1,,,,,,,,
써니,부산광역시 동래구 온천동 140-8,부산광역시 동래구 금강공원로26번길 32,2,,,,,,,,
써니,부산광역시 동래구 온천동 140-8,부산광역시 동래구 금강공원로26번길 32,3,,,,,,,,
써니,부산광역시 동래구 온천동 140-8,부산광역시 동래구 금강공원로26번길 32,4,,,,,,,,
써니,부산광역시 동래구 온천동 140-8,부산광역시 동래구 금강공원로26번길 32,5,,,,,,,,
써니,부산광역시 동래구 온천동 140-8,부산광역시 동래구 금강공원로26번길 32,6,,,,,,,,
쏠트바,부산광역시 금정구 장전동 302-10,부산광역시 금정구 장전로20번길 28,0,12:00,22:00,,,,,,
쏠트바,부산광역시 금정구 장전동 302-10,부산광역시 금정구 장전로20번길 28,1,12:00,22:00,,,,,,
쏠트바,부산광역시 금정구 장전동 302-10,부산광역시 금정구 장전로20번길 28,2,12:00,22:00,,,,,,
쏠트바,부산광역시 금정구 장전동 302-10,부산광역시 금정구 장전로20번길 28,3,12:00,22:00,,,,,,
쏠트바,부산광역시 금정구 장전동 302-10,부산광역시 금정구 장전로20번길 28,4,12:00,22:00,,,,,,
쏠트바,부산광역시 금정구 장전동 302-10,부산광역시 금정구 장전로20번길 28,5,12:00,22:00,,,,,,
쏠트바,부산광역시 금정구 장전동 302-10,부산광역시 금정구 장전로20번길 28,6,12:00,22:00,,,,,,
쑌에스프레소,부산광역시 금정구 구서동 843-3,부산광역시 금정구 중앙대로1959번길 51,0,,,,,,,,
쑌에스프레소,부산광역시 금정구 구서동 843-3,부산광역시 금정구 중앙대로1959번길 51,1,,,,,,,,
쑌에스프레소,부산광역시 금정구 구서동 843-3,부산광역시 금정구 중앙대로1959번길 51,2,,,,,,,,
쑌에스프레소,부산광역시 금정구 구서동 843-3,부산광역시 금정구 중앙대로1959번길 51,3,,,,,,,,
쑌에스프레소,부산광역시 금정구 구서동 843-3,부산광역시 금정구 중앙대로1959번길 51,4,,,,,,,,
쑌에스프레소,부산광역시 금정구 구서동 843-3,부산광역시 금정구 중앙대로1959번길 51,5,,,,,,,,
쑌에스프레소,부산광역시 금정구 구서동 843-3,부산광역시 금정구 중앙대로1959번길 51,6,,,,,,,,
쓰리라벨즈,부산광역시 금정구 장전동 146-12,부산광역시 금정구 수림로85번길 59,0,8:30,18:00,,,,,,
쓰리라벨즈,부산광역시 금정구 장전동 146-12,부산광역시 금정구 수림로85번길 59,1,8:00,21:00,,,,,,
쓰리라벨즈,부산광역시 금정구 장전동 146-12,부산광역시 금정구 수림로85번길 59,2,8:00,21:00,,,,,,
쓰리라벨즈,부산광역시 금정구 장전동 146-12,부산광역시 금정구 수림로85번길 59,3,8:00,21:00,,,,,,
쓰리라벨즈,부산광역시 금정구 장전동 146-12,부산광역시 금정구 수림로85번길 59,4,8:00,21:00,,,,,,
쓰리라벨즈,부산광역시 금정구 장전동 146-12,부산광역시 금정구 수림로85번길 59,5,8:00,21:00,,,,,,
쓰리라벨즈,부산광역시 금정구 장전동 146-12,부산광역시 금정구 수림로85번길 59,6,8:30,18:00,,,,,,
씨드,부산광역시 금정구 구서동 203-5,부산광역시 금정구 구서중앙로15번길 20,0,,,,,,,,
씨드,부산광역시 금정구 구서동 203-5,부산광역시 금정구 구서중앙로15번길 20,1,,,,,,,,
씨드,부산광역시 금정구 구서동 203-5,부산광역시 금정구 구서중앙로15번길 20,2,,,,,,,,
씨드,부산광역시 금정구 구서동 203-5,부산광역시 금정구 구서중앙로15번길 20,3,,,,,,,,
씨드,부산광역시 금정구 구서동 203-5,부산광역시 금정구 구서중앙로15번길 20,4,,,,,,,,
씨드,부산광역시 금정구 구서동 203-5,부산광역시 금정구 구서중앙로15번길 20,5,,,,,,,,
씨드,부산광역시 금정구 구서동 203-5,부산광역시 금정구 구서중앙로15번길 20,6,,,,,,,,
씨엔에스플러스,부산광역시 동래구 온천동 1838,부산광역시 동래구 아시아드대로255번길 14,0,,,,,,,,
씨엔에스플러스,부산광역시 동래구 온천동 1838,부산광역시 동래구 아시아드대로255번길 14,1,,,,,,,,
씨엔에스플러스,부산광역시 동래구 온천동 1838,부산광역시 동래구 아시아드대로255번길 14,2,,,,,,,,
씨엔에스플러스,부산광역시 동래구 온천동 1838,부산광역시 동래구 아시아드대로255번길 14,3,,,,,,,,
씨엔에스플러스,부산광역시 동래구 온천동 1838,부산광역시 동래구 아시아드대로255번길 14,4,,,,,,,,
씨엔에스플러스,부산광역시 동래구 온천동 1838,부산광역시 동래구 아시아드대로255번길 14,5,,,,,,,,
씨엔에스플러스,부산광역시 동래구 온천동 1838,부산광역시 동래구 아시아드대로255번길 14,6,,,,,,,,
아가미,부산광역시 금정구 장전동 413-6 ,부산광역시 금정구 장전동 413-6 ,0,14:00,22:00,,,,,,
아가미,부산광역시 금정구 장전동 413-6 ,부산광역시 금정구 장전동 413-6 ,1,,,,TRUE,,,,
아가미,부산광역시 금정구 장전동 413-6 ,부산광역시 금정구 장전동 413-6 ,2,,,,TRUE,,,,
아가미,부산광역시 금정구 장전동 413-6 ,부산광역시 금정구 장전동 413-6 ,3,,,,TRUE,,,,
아가미,부산광역시 금정구 장전동 413-6 ,부산광역시 금정구 장전동 413-6 ,4,14:00,22:00,,,,,,
아가미,부산광역시 금정구 장전동 413-6 ,부산광역시 금정구 장전동 413-6 ,5,14:00,22:00,,,,,,
아가미,부산광역시 금정구 장전동 413-6 ,부산광역시 금정구 장전동 413-6 ,6,14:00,22:00,,,,,,
아몽즈커피 구서점,부산광역시 금정구 구서동 457-2,부산광역시 금정구 금강로 418,0,10:00,22:00,,,,,,
아몽즈커피 구서점,부산광역시 금정구 구서동 457-2,부산광역시 금정구 금강로 418,1,10:00,22:00,,,,,,
아몽즈커피 구서점,부산광역시 금정구 구서동 457-2,부산광역시 금정구 금강로 418,2,,,,TRUE,,,,
아몽즈커피 구서점,부산광역시 금정구 구서동 457-2,부산광역시 금정구 금강로 418,3,10:00,22:00,,,,,,
아몽즈커피 구서점,부산광역시 금정구 구서동 457-2,부산광역시 금정구 금강로 418,4,10:00,22:00,,,,,,
아몽즈커피 구서점,부산광역시 금정구 구서동 457-2,부산광역시 금정구 금강로 418,5,10:00,22:00,,,,,,
아몽즈커피 구서점,부산광역시 금정구 구서동 457-2,부산광역시 금정구 금강로 418,6,10:00,22:00,,,,,,
아이사커피,부산광역시 금정구 장전동 235-13,부산광역시 금정구 부산대학로64번안길 2,0,9:30,17:30,,,,,,
아이사커피,부산광역시 금정구 장전동 235-13,부산광역시 금정구 부산대학로64번안길 2,1,7:30,21:00,,,,,,
아이사커피,부산광역시 금정구 장전동 235-13,부산광역시 금정구 부산대학로64번안길 2,2,7:30,21:00,,,,,,
아이사커피,부산광역시 금정구 장전동 235-13,부산광역시 금정구 부산대학로64번안길 2,3,7:30,21:00,,,,,,
아이사커피,부산광역시 금정구 장전동 235-13,부산광역시 금정구 부산대학로64번안길 2,4,7:30,21:00,,,,,,
아이사커피,부산광역시 금정구 장전동 235-13,부산광역시 금정구 부산대학로64번안길 2,5,7:30,21:00,,,,,,
아이사커피,부산광역시 금정구 장전동 235-13,부산광역시 금정구 부산대학로64번안길 2,6,,,,TRUE,,,,
아트케이,부산광역시 동래구 온천동 204-22,부산광역시 동래구 차밭골로50번길 22,0,,,,,,,,
아트케이,부산광역시 동래구 온천동 204-22,부산광역시 동래구 차밭골로50번길 22,1,,,,,,,,
아트케이,부산광역시 동래구 온천동 204-22,부산광역시 동래구 차밭골로50번길 22,2,,,,,,,,
아트케이,부산광역시 동래구 온천동 204-22,부산광역시 동래구 차밭골로50번길 22,3,,,,,,,,
아트케이,부산광역시 동래구 온천동 204-22,부산광역시 동래구 차밭골로50번길 22,4,,,,,,,,
아트케이,부산광역시 동래구 온천동 204-22,부산광역시 동래구 차밭골로50번길 22,5,,,,,,,,
아트케이,부산광역시 동래구 온천동 204-22,부산광역시 동래구 차밭골로50번길 22,6,,,,,,,,
안나플라워카페,부산광역시 동래구 명륜동 41-2,부산광역시 동래구 명륜로 261,0,9:00,20:00,,,,,,
안나플라워카페,부산광역시 동래구 명륜동 41-2,부산광역시 동래구 명륜로 261,1,9:00,20:00,,,,,,
안나플라워카페,부산광역시 동래구 명륜동 41-2,부산광역시 동래구 명륜로 261,2,9:00,20:00,,,,,,
안나플라워카페,부산광역시 동래구 명륜동 41-2,부산광역시 동래구 명륜로 261,3,9:00,20:00,,,,,,
안나플라워카페,부산광역시 동래구 명륜동 41-2,부산광역시 동래구 명륜로 261,4,9:00,20:00,,,,,,
안나플라워카페,부산광역시 동래구 명륜동 41-2,부산광역시 동래구 명륜로 261,5,9:00,20:00,,,,,,
안나플라워카페,부산광역시 동래구 명륜동 41-2,부산광역시 동래구 명륜로 261,6,9:00,20:00,,,,,,
안즈,부산광역시 금정구 구서동 490-16,부산광역시 금정구 체육공원로 19,0,,,,TRUE,,,,
안즈,부산광역시 금정구 구서동 490-16,부산광역시 금정구 체육공원로 19,1,8:00,21:10,,,,,,
안즈,부산광역시 금정구 구서동 490-16,부산광역시 금정구 체육공원로 19,2,8:00,21:10,,,,,,
안즈,부산광역시 금정구 구서동 490-16,부산광역시 금정구 체육공원로 19,3,8:00,21:10,,,,,,
안즈,부산광역시 금정구 구서동 490-16,부산광역시 금정구 체육공원로 19,4,8:00,21:10,,,,,,
안즈,부산광역시 금정구 구서동 490-16,부산광역시 금정구 체육공원로 19,5,8:00,21:10,,,,,,
안즈,부산광역시 금정구 구서동 490-16,부산광역시 금정구 체육공원로 19,6,10:00,15:00,,,"넷째, 다섯째주는 휴무",,,
알앤407커피,부산광역시 금정구 장전동 599-2,부산광역시 금정구 식물원로75번길 47,0,9:30,22:00,,,,,,
알앤407커피,부산광역시 금정구 장전동 599-2,부산광역시 금정구 식물원로75번길 47,1,,,,TRUE,,,,
알앤407커피,부산광역시 금정구 장전동 599-2,부산광역시 금정구 식물원로75번길 47,2,9:30,22:00,,,,,,
알앤407커피,부산광역시 금정구 장전동 599-2,부산광역시 금정구 식물원로75번길 47,3,9:30,22:00,,,,,,
알앤407커피,부산광역시 금정구 장전동 599-2,부산광역시 금정구 식물원로75번길 47,4,9:30,22:00,,,,,,
알앤407커피,부산광역시 금정구 장전동 599-2,부산광역시 금정구 식물원로75번길 47,5,9:30,22:00,,,,,,
알앤407커피,부산광역시 금정구 장전동 599-2,부산광역시 금정구 식물원로75번길 47,6,9:30,22:00,,,,,,
앙꼬빈,부산광역시 금정구 부곡동 896-19,부산광역시 금정구 오시게로12번길 10,0,10:00,22:00,,,가기 전에 예약 필요,,,
앙꼬빈,부산광역시 금정구 부곡동 896-19,부산광역시 금정구 오시게로12번길 10,1,10:00,22:00,,,가기 전에 예약 필요,,,
앙꼬빈,부산광역시 금정구 부곡동 896-19,부산광역시 금정구 오시게로12번길 10,2,10:00,22:00,,,가기 전에 예약 필요,,,
앙꼬빈,부산광역시 금정구 부곡동 896-19,부산광역시 금정구 오시게로12번길 10,3,10:00,22:00,,,가기 전에 예약 필요,,,
앙꼬빈,부산광역시 금정구 부곡동 896-19,부산광역시 금정구 오시게로12번길 10,4,10:00,22:00,,,가기 전에 예약 필요,,,
앙꼬빈,부산광역시 금정구 부곡동 896-19,부산광역시 금정구 오시게로12번길 10,5,10:00,22:00,,,가기 전에 예약 필요,,,
앙꼬빈,부산광역시 금정구 부곡동 896-19,부산광역시 금정구 오시게로12번길 10,6,10:00,22:00,,,가기 전에 예약 필요,,,
약속다방,부산광역시 금정구 장전동 382-16,부산광역시 금정구 금정로 106,0,,,,,,,,
약속다방,부산광역시 금정구 장전동 382-16,부산광역시 금정구 금정로 106,1,,,,,,,,
약속다방,부산광역시 금정구 장전동 382-16,부산광역시 금정구 금정로 106,2,,,,,,,,
약속다방,부산광역시 금정구 장전동 382-16,부산광역시 금정구 금정로 106,3,,,,,,,,
약속다방,부산광역시 금정구 장전동 382-16,부산광역시 금정구 금정로 106,4,,,,,,,,
약속다방,부산광역시 금정구 장전동 382-16,부산광역시 금정구 금정로 106,5,,,,,,,,
약속다방,부산광역시 금정구 장전동 382-16,부산광역시 금정구 금정로 106,6,,,,,,,,
양이양이,부산광역시 금정구 장전동 414-31,부산광역시 금정구 금정로68번길 31-4,0,12:00,19:00,,,,,,
양이양이,부산광역시 금정구 장전동 414-31,부산광역시 금정구 금정로68번길 31-4,1,13:00,19:00,,,,,,
양이양이,부산광역시 금정구 장전동 414-31,부산광역시 금정구 금정로68번길 31-4,2,13:00,19:00,,,,,,
양이양이,부산광역시 금정구 장전동 414-31,부산광역시 금정구 금정로68번길 31-4,3,13:00,19:00,,,,,,
양이양이,부산광역시 금정구 장전동 414-31,부산광역시 금정구 금정로68번길 31-4,4,13:00,19:00,,,,,,
양이양이,부산광역시 금정구 장전동 414-31,부산광역시 금정구 금정로68번길 31-4,5,13:00,19:00,,,,,,
양이양이,부산광역시 금정구 장전동 414-31,부산광역시 금정구 금정로68번길 31-4,6,12:00,19:00,,,,,,
어게인비,부산광역시 금정구 장전동 305-2,부산광역시 금정구 금정로68번길 26-9,0,,,,,,,,
어게인비,부산광역시 금정구 장전동 305-2,부산광역시 금정구 금정로68번길 26-9,1,,,,,,,,
어게인비,부산광역시 금정구 장전동 305-2,부산광역시 금정구 금정로68번길 26-9,2,,,,,,,,
어게인비,부산광역시 금정구 장전동 305-2,부산광역시 금정구 금정로68번길 26-9,3,,,,,,,,
어게인비,부산광역시 금정구 장전동 305-2,부산광역시 금정구 금정로68번길 26-9,4,,,,,,,,
어게인비,부산광역시 금정구 장전동 305-2,부산광역시 금정구 금정로68번길 26-9,5,,,,,,,,
어게인비,부산광역시 금정구 장전동 305-2,부산광역시 금정구 금정로68번길 26-9,6,,,,,,,,
어랏스탠드 명륜점,부산광역시 동래구 명륜동 676-90,부산광역시 동래구 문화로 5-2,0,,,,,,,,
어랏스탠드 명륜점,부산광역시 동래구 명륜동 676-90,부산광역시 동래구 문화로 5-2,1,,,,,,,,
어랏스탠드 명륜점,부산광역시 동래구 명륜동 676-90,부산광역시 동래구 문화로 5-2,2,,,,,,,,
어랏스탠드 명륜점,부산광역시 동래구 명륜동 676-90,부산광역시 동래구 문화로 5-2,3,,,,,,,,
어랏스탠드 명륜점,부산광역시 동래구 명륜동 676-90,부산광역시 동래구 문화로 5-2,4,,,,,,,,
어랏스탠드 명륜점,부산광역시 동래구 명륜동 676-90,부산광역시 동래구 문화로 5-2,5,,,,,,,,
어랏스탠드 명륜점,부산광역시 동래구 명륜동 676-90,부산광역시 동래구 문화로 5-2,6,,,,,,,,
어랏커피 구서점,부산광역시 금정구 구서동 420-3,부산광역시 금정구 금정로 244,0,8:30,19:00,18:30,,,,,
어랏커피 구서점,부산광역시 금정구 구서동 420-3,부산광역시 금정구 금정로 244,1,8:30,19:00,18:30,,,,,
어랏커피 구서점,부산광역시 금정구 구서동 420-3,부산광역시 금정구 금정로 244,2,8:30,19:00,18:30,,,,,
어랏커피 구서점,부산광역시 금정구 구서동 420-3,부산광역시 금정구 금정로 244,3,8:30,19:00,18:30,,,,,
어랏커피 구서점,부산광역시 금정구 구서동 420-3,부산광역시 금정구 금정로 244,4,8:30,19:00,18:30,,,,,
어랏커피 구서점,부산광역시 금정구 구서동 420-3,부산광역시 금정구 금정로 244,5,8:30,19:00,18:30,,,,,
어랏커피 구서점,부산광역시 금정구 구서동 420-3,부산광역시 금정구 금정로 244,6,8:30,19:00,18:30,,,,,
어랏투고 구서sk점,부산광역시 금정구 구서동 460-23,부산광역시 금정구 수림로72번길 114,0,8:00,21:00,,,,,,
어랏투고 구서sk점,부산광역시 금정구 구서동 460-23,부산광역시 금정구 수림로72번길 114,1,9:00,21:00,,,,,,
어랏투고 구서sk점,부산광역시 금정구 구서동 460-23,부산광역시 금정구 수림로72번길 114,2,9:00,21:00,,,,,,
어랏투고 구서sk점,부산광역시 금정구 구서동 460-23,부산광역시 금정구 수림로72번길 114,3,9:00,21:00,,,,,,
어랏투고 구서sk점,부산광역시 금정구 구서동 460-23,부산광역시 금정구 수림로72번길 114,4,9:00,21:00,,,,,,
어랏투고 구서sk점,부산광역시 금정구 구서동 460-23,부산광역시 금정구 수림로72번길 114,5,9:00,21:00,,,,,,
어랏투고 구서sk점,부산광역시 금정구 구서동 460-23,부산광역시 금정구 수림로72번길 114,6,8:00,21:00,,,,,,
어리틀썸띵,부산광역시 동래구 온천동 1256-24,부산광역시 동래구 석사북로 64,0,,,,,,,,
어리틀썸띵,부산광역시 동래구 온천동 1256-24,부산광역시 동래구 석사북로 64,1,,,,,,,,
어리틀썸띵,부산광역시 동래구 온천동 1256-24,부산광역시 동래구 석사북로 64,2,,,,,,,,
어리틀썸띵,부산광역시 동래구 온천동 1256-24,부산광역시 동래구 석사북로 64,3,,,,,,,,
어리틀썸띵,부산광역시 동래구 온천동 1256-24,부산광역시 동래구 석사북로 64,4,,,,,,,,
어리틀썸띵,부산광역시 동래구 온천동 1256-24,부산광역시 동래구 석사북로 64,5,,,,,,,,
어리틀썸띵,부산광역시 동래구 온천동 1256-24,부산광역시 동래구 석사북로 64,6,,,,,,,,
어벤더치 동래점,부산광역시 동래구 명륜동 440,부산광역시 동래구 명륜로 113,0,10:00,22:00,,,,,,
어벤더치 동래점,부산광역시 동래구 명륜동 440,부산광역시 동래구 명륜로 113,1,8:00,23:00,,,,,,
어벤더치 동래점,부산광역시 동래구 명륜동 440,부산광역시 동래구 명륜로 113,2,8:00,23:00,,,,,,
어벤더치 동래점,부산광역시 동래구 명륜동 440,부산광역시 동래구 명륜로 113,3,8:00,23:00,,,,,,
어벤더치 동래점,부산광역시 동래구 명륜동 440,부산광역시 동래구 명륜로 113,4,8:00,23:00,,,,,,
어벤더치 동래점,부산광역시 동래구 명륜동 440,부산광역시 동래구 명륜로 113,5,8:00,23:00,,,,,,
어벤더치 동래점,부산광역시 동래구 명륜동 440,부산광역시 동래구 명륜로 113,6,8:00,23:00,,,,,,
어벤더치 부산대정문점,부산광역시 금정구 장전동 402-3,부산광역시 금정구 부산대학로64번길 6,0,9:00,21:00,,,,,,
어벤더치 부산대정문점,부산광역시 금정구 장전동 402-3,부산광역시 금정구 부산대학로64번길 6,1,8:00,20:00,,,,,,
어벤더치 부산대정문점,부산광역시 금정구 장전동 402-3,부산광역시 금정구 부산대학로64번길 6,2,8:00,20:00,,,,,,
어벤더치 부산대정문점,부산광역시 금정구 장전동 402-3,부산광역시 금정구 부산대학로64번길 6,3,8:00,20:00,,,,,,
어벤더치 부산대정문점,부산광역시 금정구 장전동 402-3,부산광역시 금정구 부산대학로64번길 6,4,8:00,20:00,,,,,,
어벤더치 부산대정문점,부산광역시 금정구 장전동 402-3,부산광역시 금정구 부산대학로64번길 6,5,8:00,20:00,,,,,,
어벤더치 부산대정문점,부산광역시 금정구 장전동 402-3,부산광역시 금정구 부산대학로64번길 6,6,9:00,21:00,,,,,,
어웨이크,부산광역시 금정구 장전동 425-2,부산광역시 금정구 부산대학로63번길 46-4,0,10:00,18:00,,,,,,
어웨이크,부산광역시 금정구 장전동 425-2,부산광역시 금정구 부산대학로63번길 46-4,1,10:00,18:00,,,,,,
어웨이크,부산광역시 금정구 장전동 425-2,부산광역시 금정구 부산대학로63번길 46-4,2,10:00,18:00,,,,,,
어웨이크,부산광역시 금정구 장전동 425-2,부산광역시 금정구 부산대학로63번길 46-4,3,10:00,18:00,,,,,,
어웨이크,부산광역시 금정구 장전동 425-2,부산광역시 금정구 부산대학로63번길 46-4,4,10:00,18:00,,,,,,
어웨이크,부산광역시 금정구 장전동 425-2,부산광역시 금정구 부산대학로63번길 46-4,5,10:00,18:00,,,,,,
어웨이크,부산광역시 금정구 장전동 425-2,부산광역시 금정구 부산대학로63번길 46-4,6,10:00,18:00,,,,,,
에라완 금정점,부산광역시 금정구 장전동 96-1,부산광역시 금정구 금강로391번길 5,0,,,,,,,,
에라완 금정점,부산광역시 금정구 장전동 96-1,부산광역시 금정구 금강로391번길 5,1,,,,,,,,
에라완 금정점,부산광역시 금정구 장전동 96-1,부산광역시 금정구 금강로391번길 5,2,,,,,,,,
에라완 금정점,부산광역시 금정구 장전동 96-1,부산광역시 금정구 금강로391번길 5,3,,,,,,,,
에라완 금정점,부산광역시 금정구 장전동 96-1,부산광역시 금정구 금강로391번길 5,4,,,,,,,,
에라완 금정점,부산광역시 금정구 장전동 96-1,부산광역시 금정구 금강로391번길 5,5,,,,,,,,
에라완 금정점,부산광역시 금정구 장전동 96-1,부산광역시 금정구 금강로391번길 5,6,,,,,,,,
에이트,부산광역시 금정구 구서동 472-1,부산광역시 금정구 수림로72번길 104,0,,,,,,,,
에이트,부산광역시 금정구 구서동 472-1,부산광역시 금정구 수림로72번길 104,1,,,,,,,,
에이트,부산광역시 금정구 구서동 472-1,부산광역시 금정구 수림로72번길 104,2,,,,,,,,
에이트,부산광역시 금정구 구서동 472-1,부산광역시 금정구 수림로72번길 104,3,,,,,,,,
에이트,부산광역시 금정구 구서동 472-1,부산광역시 금정구 수림로72번길 104,4,,,,,,,,
에이트,부산광역시 금정구 구서동 472-1,부산광역시 금정구 수림로72번길 104,5,,,,,,,,
에이트,부산광역시 금정구 구서동 472-1,부산광역시 금정구 수림로72번길 104,6,,,,,,,,
에이피컴퍼니,부산광역시 동래구 명륜동 555-10,부산광역시 동래구 충렬대로181번길 65,0,,,,,,,,
에이피컴퍼니,부산광역시 동래구 명륜동 555-10,부산광역시 동래구 충렬대로181번길 65,1,,,,,,,,
에이피컴퍼니,부산광역시 동래구 명륜동 555-10,부산광역시 동래구 충렬대로181번길 65,2,,,,,,,,
에이피컴퍼니,부산광역시 동래구 명륜동 555-10,부산광역시 동래구 충렬대로181번길 65,3,,,,,,,,
에이피컴퍼니,부산광역시 동래구 명륜동 555-10,부산광역시 동래구 충렬대로181번길 65,4,,,,,,,,
에이피컴퍼니,부산광역시 동래구 명륜동 555-10,부산광역시 동래구 충렬대로181번길 65,5,,,,,,,,
에이피컴퍼니,부산광역시 동래구 명륜동 555-10,부산광역시 동래구 충렬대로181번길 65,6,,,,,,,,
에타리,부산광역시 금정구 장전동 299-3,부산광역시 금정구 장전로18번길 23,0,12:00,22:00,,,,,,
에타리,부산광역시 금정구 장전동 299-3,부산광역시 금정구 장전로18번길 23,1,12:00,22:00,,,,,,
에타리,부산광역시 금정구 장전동 299-3,부산광역시 금정구 장전로18번길 23,2,12:00,22:00,,,,,,
에타리,부산광역시 금정구 장전동 299-3,부산광역시 금정구 장전로18번길 23,3,12:00,22:00,,,,,,
에타리,부산광역시 금정구 장전동 299-3,부산광역시 금정구 장전로18번길 23,4,12:00,22:00,,,,,,
에타리,부산광역시 금정구 장전동 299-3,부산광역시 금정구 장전로18번길 23,5,12:00,22:00,,,,,,
에타리,부산광역시 금정구 장전동 299-3,부산광역시 금정구 장전로18번길 23,6,12:00,22:00,,,,,,
엔커피,부산광역시 금정구 장전동 269-16,부산광역시 금정구 금강로279번길 81-10,0,,,,,,,,
엔커피,부산광역시 금정구 장전동 269-16,부산광역시 금정구 금강로279번길 81-10,1,,,,,,,,
엔커피,부산광역시 금정구 장전동 269-16,부산광역시 금정구 금강로279번길 81-10,2,,,,,,,,
엔커피,부산광역시 금정구 장전동 269-16,부산광역시 금정구 금강로279번길 81-10,3,,,,,,,,
엔커피,부산광역시 금정구 장전동 269-16,부산광역시 금정구 금강로279번길 81-10,4,,,,,,,,
엔커피,부산광역시 금정구 장전동 269-16,부산광역시 금정구 금강로279번길 81-10,5,,,,,,,,
엔커피,부산광역시 금정구 장전동 269-16,부산광역시 금정구 금강로279번길 81-10,6,,,,,,,,
엠스타쉬,부산광역시 금정구 부곡동 26-3,부산광역시 금정구 오륜대로 29,0,12:00,23:30,,,,,,
엠스타쉬,부산광역시 금정구 부곡동 26-3,부산광역시 금정구 오륜대로 29,1,10:00,23:00,,,,,,
엠스타쉬,부산광역시 금정구 부곡동 26-3,부산광역시 금정구 오륜대로 29,2,10:00,23:00,,,,,,
엠스타쉬,부산광역시 금정구 부곡동 26-3,부산광역시 금정구 오륜대로 29,3,10:00,23:00,,,,,,
엠스타쉬,부산광역시 금정구 부곡동 26-3,부산광역시 금정구 오륜대로 29,4,10:00,23:00,,,,,,
엠스타쉬,부산광역시 금정구 부곡동 26-3,부산광역시 금정구 오륜대로 29,5,10:00,23:00,,,,,,
엠스타쉬,부산광역시 금정구 부곡동 26-3,부산광역시 금정구 오륜대로 29,6,12:00,23:30,,,,,,
여기굿커피 동래점,부산광역시 동래구 온천동 1447-12,부산광역시 동래구 미남로 124,0,,,,,,,,
여기굿커피 동래점,부산광역시 동래구 온천동 1447-12,부산광역시 동래구 미남로 124,1,,,,,,,,
여기굿커피 동래점,부산광역시 동래구 온천동 1447-12,부산광역시 동래구 미남로 124,2,,,,,,,,
여기굿커피 동래점,부산광역시 동래구 온천동 1447-12,부산광역시 동래구 미남로 124,3,,,,,,,,
여기굿커피 동래점,부산광역시 동래구 온천동 1447-12,부산광역시 동래구 미남로 124,4,,,,,,,,
여기굿커피 동래점,부산광역시 동래구 온천동 1447-12,부산광역시 동래구 미남로 124,5,,,,,,,,
여기굿커피 동래점,부산광역시 동래구 온천동 1447-12,부산광역시 동래구 미남로 124,6,,,,,,,,
영인가배,부산광역시 금정구 장전동 646-18,부산광역시 금정구 식물원로 3,0,11:00,22:00,,,,,,
영인가배,부산광역시 금정구 장전동 646-18,부산광역시 금정구 식물원로 3,1,9:00,18:00,,,,,,
영인가배,부산광역시 금정구 장전동 646-18,부산광역시 금정구 식물원로 3,2,9:00,22:00,,,,,,
영인가배,부산광역시 금정구 장전동 646-18,부산광역시 금정구 식물원로 3,3,9:00,22:00,,,,,,
영인가배,부산광역시 금정구 장전동 646-18,부산광역시 금정구 식물원로 3,4,9:00,22:00,,,,,,
영인가배,부산광역시 금정구 장전동 646-18,부산광역시 금정구 식물원로 3,5,9:00,22:00,,,,,,
영인가배,부산광역시 금정구 장전동 646-18,부산광역시 금정구 식물원로 3,6,11:00,22:00,,,,,,
영커피 금정구청점,부산광역시 금정구 부곡동 64-23,부산광역시 금정구 부곡온천천로 190,0,7:30,22:00,,,,,,
영커피 금정구청점,부산광역시 금정구 부곡동 64-23,부산광역시 금정구 부곡온천천로 190,1,7:30,22:00,,,,,,
영커피 금정구청점,부산광역시 금정구 부곡동 64-23,부산광역시 금정구 부곡온천천로 190,2,7:30,22:00,,,,,,
영커피 금정구청점,부산광역시 금정구 부곡동 64-23,부산광역시 금정구 부곡온천천로 190,3,7:30,22:00,,,,,,
영커피 금정구청점,부산광역시 금정구 부곡동 64-23,부산광역시 금정구 부곡온천천로 190,4,7:30,22:00,,,,,,
영커피 금정구청점,부산광역시 금정구 부곡동 64-23,부산광역시 금정구 부곡온천천로 190,5,7:30,22:00,,,,,,
영커피 금정구청점,부산광역시 금정구 부곡동 64-23,부산광역시 금정구 부곡온천천로 190,6,7:30,22:00,,,,,,
영커피동래래미안점,부산광역시 동래구 온천동 1853,부산광역시 동래구 충렬대로107번길 65,0,,,,,,,,
영커피동래래미안점,부산광역시 동래구 온천동 1853,부산광역시 동래구 충렬대로107번길 65,1,,,,,,,,
영커피동래래미안점,부산광역시 동래구 온천동 1853,부산광역시 동래구 충렬대로107번길 65,2,,,,,,,,
영커피동래래미안점,부산광역시 동래구 온천동 1853,부산광역시 동래구 충렬대로107번길 65,3,,,,,,,,
영커피동래래미안점,부산광역시 동래구 온천동 1853,부산광역시 동래구 충렬대로107번길 65,4,,,,,,,,
영커피동래래미안점,부산광역시 동래구 온천동 1853,부산광역시 동래구 충렬대로107번길 65,5,,,,,,,,
영커피동래래미안점,부산광역시 동래구 온천동 1853,부산광역시 동래구 충렬대로107번길 65,6,,,,,,,,
옐로우빈,부산광역시 금정구 부곡동 873-6,부산광역시 금정구 오시게로 22,0,10:00,18:00,,,,,,
옐로우빈,부산광역시 금정구 부곡동 873-6,부산광역시 금정구 오시게로 22,1,7:30,21:30,,,,,,
옐로우빈,부산광역시 금정구 부곡동 873-6,부산광역시 금정구 오시게로 22,2,7:30,21:30,,,,,,
옐로우빈,부산광역시 금정구 부곡동 873-6,부산광역시 금정구 오시게로 22,3,7:30,16:00,,,,,,
옐로우빈,부산광역시 금정구 부곡동 873-6,부산광역시 금정구 오시게로 22,4,7:30,21:30,,,,,,
옐로우빈,부산광역시 금정구 부곡동 873-6,부산광역시 금정구 오시게로 22,5,7:30,21:30,,,,,,
옐로우빈,부산광역시 금정구 부곡동 873-6,부산광역시 금정구 오시게로 22,6,10:00,21:30,,,,,,
오가닉커피스튜디오,부산광역시 금정구 장전동 389-26,부산광역시 금정구 부산대학로50번길 45,0,12:00,21:00,,,,,,
오가닉커피스튜디오,부산광역시 금정구 장전동 389-26,부산광역시 금정구 부산대학로50번길 45,1,,,,TRUE,,,,
오가닉커피스튜디오,부산광역시 금정구 장전동 389-26,부산광역시 금정구 부산대학로50번길 45,2,12:00,21:00,,,,,,
오가닉커피스튜디오,부산광역시 금정구 장전동 389-26,부산광역시 금정구 부산대학로50번길 45,3,12:00,21:00,,,,,,
오가닉커피스튜디오,부산광역시 금정구 장전동 389-26,부산광역시 금정구 부산대학로50번길 45,4,12:00,21:00,,,,,,
오가닉커피스튜디오,부산광역시 금정구 장전동 389-26,부산광역시 금정구 부산대학로50번길 45,5,12:00,21:00,,,,,,
오가닉커피스튜디오,부산광역시 금정구 장전동 389-26,부산광역시 금정구 부산대학로50번길 45,6,12:00,21:00,,,,,,
오네쉬,부산광역시 금정구 부곡동 298-20,부산광역시 금정구 부곡온천천로 30,0,10:00,22:00,21:45,,,,,
오네쉬,부산광역시 금정구 부곡동 298-20,부산광역시 금정구 부곡온천천로 30,1,10:00,22:00,21:45,,,,,
오네쉬,부산광역시 금정구 부곡동 298-20,부산광역시 금정구 부곡온천천로 30,2,10:00,22:00,21:45,,,,,
오네쉬,부산광역시 금정구 부곡동 298-20,부산광역시 금정구 부곡온천천로 30,3,10:00,22:00,21:45,,,,,
오네쉬,부산광역시 금정구 부곡동 298-20,부산광역시 금정구 부곡온천천로 30,4,10:00,22:00,21:45,,,,,
오네쉬,부산광역시 금정구 부곡동 298-20,부산광역시 금정구 부곡온천천로 30,5,10:00,22:00,21:45,,,,,
오네쉬,부산광역시 금정구 부곡동 298-20,부산광역시 금정구 부곡온천천로 30,6,10:00,22:00,21:45,,,,,
오늘달이참밝네요,부산광역시 금정구 부곡동 304-1,부산광역시 금정구 부곡로 107,0,9:00,20:00,,,,,,
오늘달이참밝네요,부산광역시 금정구 부곡동 304-1,부산광역시 금정구 부곡로 107,1,9:00,20:00,,,,,,
오늘달이참밝네요,부산광역시 금정구 부곡동 304-1,부산광역시 금정구 부곡로 107,2,9:00,20:00,,,,,,
오늘달이참밝네요,부산광역시 금정구 부곡동 304-1,부산광역시 금정구 부곡로 107,3,9:00,20:00,,,,,,
오늘달이참밝네요,부산광역시 금정구 부곡동 304-1,부산광역시 금정구 부곡로 107,4,9:00,20:00,,,,,,
오늘달이참밝네요,부산광역시 금정구 부곡동 304-1,부산광역시 금정구 부곡로 107,5,9:00,20:00,,,,,,
오늘달이참밝네요,부산광역시 금정구 부곡동 304-1,부산광역시 금정구 부곡로 107,6,9:00,20:00,,,,,,
오라,부산광역시 동래구 온천동 192-14,부산광역시 동래구 금강로 92,0,,,,,,,,
오라,부산광역시 동래구 온천동 192-14,부산광역시 동래구 금강로 92,1,,,,,,,,
오라,부산광역시 동래구 온천동 192-14,부산광역시 동래구 금강로 92,2,,,,,,,,
오라,부산광역시 동래구 온천동 192-14,부산광역시 동래구 금강로 92,3,,,,,,,,
오라,부산광역시 동래구 온천동 192-14,부산광역시 동래구 금강로 92,4,,,,,,,,
오라,부산광역시 동래구 온천동 192-14,부산광역시 동래구 금강로 92,5,,,,,,,,
오라,부산광역시 동래구 온천동 192-14,부산광역시 동래구 금강로 92,6,,,,,,,,
오렌지간식카페,부산광역시 동래구 온천동 435-27,부산광역시 동래구 금강로 63,0,,,,,,,,
오렌지간식카페,부산광역시 동래구 온천동 435-27,부산광역시 동래구 금강로 63,1,,,,,,,,
오렌지간식카페,부산광역시 동래구 온천동 435-27,부산광역시 동래구 금강로 63,2,,,,,,,,
오렌지간식카페,부산광역시 동래구 온천동 435-27,부산광역시 동래구 금강로 63,3,,,,,,,,
오렌지간식카페,부산광역시 동래구 온천동 435-27,부산광역시 동래구 금강로 63,4,,,,,,,,
오렌지간식카페,부산광역시 동래구 온천동 435-27,부산광역시 동래구 금강로 63,5,,,,,,,,
오렌지간식카페,부산광역시 동래구 온천동 435-27,부산광역시 동래구 금강로 63,6,,,,,,,,
오리진커피 금정구청점,부산광역시 금정구 부곡동 64-23,부산광역시 금정구 부곡온천천로 190,0,7:00,22:00,,,,,,
오리진커피 금정구청점,부산광역시 금정구 부곡동 64-23,부산광역시 금정구 부곡온천천로 190,1,7:00,22:00,,,,,,
오리진커피 금정구청점,부산광역시 금정구 부곡동 64-23,부산광역시 금정구 부곡온천천로 190,2,7:00,22:00,,,,,,
오리진커피 금정구청점,부산광역시 금정구 부곡동 64-23,부산광역시 금정구 부곡온천천로 190,3,7:00,22:00,,,,,,
오리진커피 금정구청점,부산광역시 금정구 부곡동 64-23,부산광역시 금정구 부곡온천천로 190,4,7:00,22:00,,,,,,
오리진커피 금정구청점,부산광역시 금정구 부곡동 64-23,부산광역시 금정구 부곡온천천로 190,5,7:00,22:00,,,,,,
오리진커피 금정구청점,부산광역시 금정구 부곡동 64-23,부산광역시 금정구 부곡온천천로 190,6,7:00,22:00,,,,,,
오직그대만,부산광역시 금정구 장전동 419-50,부산광역시 금정구 금강로 275,0,,,,,,,,
오직그대만,부산광역시 금정구 장전동 419-50,부산광역시 금정구 금강로 275,1,,,,,,,,
오직그대만,부산광역시 금정구 장전동 419-50,부산광역시 금정구 금강로 275,2,,,,,,,,
오직그대만,부산광역시 금정구 장전동 419-50,부산광역시 금정구 금강로 275,3,,,,,,,,
오직그대만,부산광역시 금정구 장전동 419-50,부산광역시 금정구 금강로 275,4,,,,,,,,
오직그대만,부산광역시 금정구 장전동 419-50,부산광역시 금정구 금강로 275,5,,,,,,,,
오직그대만,부산광역시 금정구 장전동 419-50,부산광역시 금정구 금강로 275,6,,,,,,,,
온다,부산광역시 금정구 구서동 162-13,부산광역시 금정구 중앙대로1959번길 14,0,,,,TRUE,,,,
온다,부산광역시 금정구 구서동 162-13,부산광역시 금정구 중앙대로1959번길 14,1,8:00,20:00,,,,,,
온다,부산광역시 금정구 구서동 162-13,부산광역시 금정구 중앙대로1959번길 14,2,8:00,20:00,,,,,,
온다,부산광역시 금정구 구서동 162-13,부산광역시 금정구 중앙대로1959번길 14,3,8:00,20:00,,,,,,
온다,부산광역시 금정구 구서동 162-13,부산광역시 금정구 중앙대로1959번길 14,4,8:00,20:00,,,,,,
온다,부산광역시 금정구 구서동 162-13,부산광역시 금정구 중앙대로1959번길 14,5,8:00,20:00,,,,,,
온다,부산광역시 금정구 구서동 162-13,부산광역시 금정구 중앙대로1959번길 14,6,10:00,19:00,,,,,,
온리비 동래점,부산광역시 동래구 명륜동 553-61,부산광역시 동래구 명륜로139번길 39,0,14:00,1:00,,,,,,
온리비 동래점,부산광역시 동래구 명륜동 553-61,부산광역시 동래구 명륜로139번길 39,1,14:00,1:00,,,,,,
온리비 동래점,부산광역시 동래구 명륜동 553-61,부산광역시 동래구 명륜로139번길 39,2,14:00,1:00,,,,,,
온리비 동래점,부산광역시 동래구 명륜동 553-61,부산광역시 동래구 명륜로139번길 39,3,14:00,1:00,,,,,,
온리비 동래점,부산광역시 동래구 명륜동 553-61,부산광역시 동래구 명륜로139번길 39,4,14:00,1:00,,,,,,
온리비 동래점,부산광역시 동래구 명륜동 553-61,부산광역시 동래구 명륜로139번길 39,5,14:00,1:00,,,,,,
온리비 동래점,부산광역시 동래구 명륜동 553-61,부산광역시 동래구 명륜로139번길 39,6,14:00,1:00,,,,,,
올리브몽키,부산광역시 동래구 온천동 1644-21,부산광역시 동래구 쇠미로121번길 88,0,,,,,,,,
올리브몽키,부산광역시 동래구 온천동 1644-21,부산광역시 동래구 쇠미로121번길 88,1,,,,,,,,
올리브몽키,부산광역시 동래구 온천동 1644-21,부산광역시 동래구 쇠미로121번길 88,2,,,,,,,,
올리브몽키,부산광역시 동래구 온천동 1644-21,부산광역시 동래구 쇠미로121번길 88,3,,,,,,,,
올리브몽키,부산광역시 동래구 온천동 1644-21,부산광역시 동래구 쇠미로121번길 88,4,,,,,,,,
올리브몽키,부산광역시 동래구 온천동 1644-21,부산광역시 동래구 쇠미로121번길 88,5,,,,,,,,
올리브몽키,부산광역시 동래구 온천동 1644-21,부산광역시 동래구 쇠미로121번길 88,6,,,,,,,,
올어바웃커피바,부산광역시 동래구 온천동 155-12,부산광역시 동래구 온천장로 108-6,0,,,,,,,,
올어바웃커피바,부산광역시 동래구 온천동 155-12,부산광역시 동래구 온천장로 108-6,1,,,,,,,,
올어바웃커피바,부산광역시 동래구 온천동 155-12,부산광역시 동래구 온천장로 108-6,2,,,,,,,,
올어바웃커피바,부산광역시 동래구 온천동 155-12,부산광역시 동래구 온천장로 108-6,3,,,,,,,,
올어바웃커피바,부산광역시 동래구 온천동 155-12,부산광역시 동래구 온천장로 108-6,4,,,,,,,,
올어바웃커피바,부산광역시 동래구 온천동 155-12,부산광역시 동래구 온천장로 108-6,5,,,,,,,,
올어바웃커피바,부산광역시 동래구 온천동 155-12,부산광역시 동래구 온천장로 108-6,6,,,,,,,,
와커피 장전래미안점,부산광역시 금정구 장전동 608-1,부산광역시 금정구 금정로 17,0,,,,,,,,
와커피 장전래미안점,부산광역시 금정구 장전동 608-1,부산광역시 금정구 금정로 17,1,,,,,,,,
와커피 장전래미안점,부산광역시 금정구 장전동 608-1,부산광역시 금정구 금정로 17,2,,,,,,,,
와커피 장전래미안점,부산광역시 금정구 장전동 608-1,부산광역시 금정구 금정로 17,3,,,,,,,,
와커피 장전래미안점,부산광역시 금정구 장전동 608-1,부산광역시 금정구 금정로 17,4,,,,,,,,
와커피 장전래미안점,부산광역시 금정구 장전동 608-1,부산광역시 금정구 금정로 17,5,,,,,,,,
와커피 장전래미안점,부산광역시 금정구 장전동 608-1,부산광역시 금정구 금정로 17,6,,,,,,,,
와트,부산광역시 금정구 장전동 60-10,부산광역시 금정구 금정로 190-1,0,10:00,20:00,,,,,,
와트,부산광역시 금정구 장전동 60-10,부산광역시 금정구 금정로 190-1,1,10:00,20:00,,,,,,
와트,부산광역시 금정구 장전동 60-10,부산광역시 금정구 금정로 190-1,2,10:00,20:00,,,,,,
와트,부산광역시 금정구 장전동 60-10,부산광역시 금정구 금정로 190-1,3,10:00,20:00,,,,,,
와트,부산광역시 금정구 장전동 60-10,부산광역시 금정구 금정로 190-1,4,10:00,20:00,,,,,,
와트,부산광역시 금정구 장전동 60-10,부산광역시 금정구 금정로 190-1,5,10:00,20:00,,,,,,
와트,부산광역시 금정구 장전동 60-10,부산광역시 금정구 금정로 190-1,6,10:00,20:00,,,,,,
왓섭커피 명륜점,부산광역시 동래구 명륜동 700-147,부산광역시 동래구 동래로53번길 38,0,10:00,18:00,,,,,,
왓섭커피 명륜점,부산광역시 동래구 명륜동 700-147,부산광역시 동래구 동래로53번길 38,1,8:00,18:00,,,,,,
왓섭커피 명륜점,부산광역시 동래구 명륜동 700-147,부산광역시 동래구 동래로53번길 38,2,8:00,18:00,,,,,,
왓섭커피 명륜점,부산광역시 동래구 명륜동 700-147,부산광역시 동래구 동래로53번길 38,3,8:00,18:00,,,,,,
왓섭커피 명륜점,부산광역시 동래구 명륜동 700-147,부산광역시 동래구 동래로53번길 38,4,8:00,18:00,,,,,,
왓섭커피 명륜점,부산광역시 동래구 명륜동 700-147,부산광역시 동래구 동래로53번길 38,5,8:00,18:00,,,,,,
왓섭커피 명륜점,부산광역시 동래구 명륜동 700-147,부산광역시 동래구 동래로53번길 38,6,8:00,18:00,,,,,,
요거트퍼플 장전점,부산광역시 금정구 부곡동 223-24,부산광역시 금정구 수림로19번길 3,0,,,,,,,,
요거트퍼플 장전점,부산광역시 금정구 부곡동 223-24,부산광역시 금정구 수림로19번길 3,1,,,,,,,,
요거트퍼플 장전점,부산광역시 금정구 부곡동 223-24,부산광역시 금정구 수림로19번길 3,2,,,,,,,,
요거트퍼플 장전점,부산광역시 금정구 부곡동 223-24,부산광역시 금정구 수림로19번길 3,3,,,,,,,,
요거트퍼플 장전점,부산광역시 금정구 부곡동 223-24,부산광역시 금정구 수림로19번길 3,4,,,,,,,,
요거트퍼플 장전점,부산광역시 금정구 부곡동 223-24,부산광역시 금정구 수림로19번길 3,5,,,,,,,,
요거트퍼플 장전점,부산광역시 금정구 부곡동 223-24,부산광역시 금정구 수림로19번길 3,6,,,,,,,,
요거프레소,부산광역시 금정구 장전동 362-38,부산광역시 금정구 장전로 58,0,11:30,22:00,,,,,,
요거프레소,부산광역시 금정구 장전동 362-38,부산광역시 금정구 장전로 58,1,,,,TRUE,,,,
요거프레소,부산광역시 금정구 장전동 362-38,부산광역시 금정구 장전로 58,2,11:30,22:00,,,,,,
요거프레소,부산광역시 금정구 장전동 362-38,부산광역시 금정구 장전로 58,3,11:30,22:00,,,,,,
요거프레소,부산광역시 금정구 장전동 362-38,부산광역시 금정구 장전로 58,4,11:30,22:00,,,,,,
요거프레소,부산광역시 금정구 장전동 362-38,부산광역시 금정구 장전로 58,5,11:30,22:00,,,,,,
요거프레소,부산광역시 금정구 장전동 362-38,부산광역시 금정구 장전로 58,6,11:30,22:00,,,,,,
요거프레소 동래3차SKVIEW점,부산광역시 동래구 온천동 1850,부산광역시 동래구 온천장로65번길 9,0,,,,,,,,
요거프레소 동래3차SKVIEW점,부산광역시 동래구 온천동 1850,부산광역시 동래구 온천장로65번길 9,1,,,,,,,,
요거프레소 동래3차SKVIEW점,부산광역시 동래구 온천동 1850,부산광역시 동래구 온천장로65번길 9,2,,,,,,,,
요거프레소 동래3차SKVIEW점,부산광역시 동래구 온천동 1850,부산광역시 동래구 온천장로65번길 9,3,,,,,,,,
요거프레소 동래3차SKVIEW점,부산광역시 동래구 온천동 1850,부산광역시 동래구 온천장로65번길 9,4,,,,,,,,
요거프레소 동래3차SKVIEW점,부산광역시 동래구 온천동 1850,부산광역시 동래구 온천장로65번길 9,5,,,,,,,,
요거프레소 동래3차SKVIEW점,부산광역시 동래구 온천동 1850,부산광역시 동래구 온천장로65번길 9,6,,,,,,,,
요아정 부산구서점,부산광역시 금정구 구서동 413-2,부산광역시 금정구 수림로72번길 160,0,,,,,,,,
요아정 부산구서점,부산광역시 금정구 구서동 413-2,부산광역시 금정구 수림로72번길 160,1,,,,,,,,
요아정 부산구서점,부산광역시 금정구 구서동 413-2,부산광역시 금정구 수림로72번길 160,2,,,,,,,,
요아정 부산구서점,부산광역시 금정구 구서동 413-2,부산광역시 금정구 수림로72번길 160,3,,,,,,,,
요아정 부산구서점,부산광역시 금정구 구서동 413-2,부산광역시 금정구 수림로72번길 160,4,,,,,,,,
요아정 부산구서점,부산광역시 금정구 구서동 413-2,부산광역시 금정구 수림로72번길 160,5,,,,,,,,
요아정 부산구서점,부산광역시 금정구 구서동 413-2,부산광역시 금정구 수림로72번길 160,6,,,,,,,,
우니스,부산광역시 금정구 구서동 1021-4,부산광역시 금정구 금샘로 401,0,10:30,22:30,,,,,,
우니스,부산광역시 금정구 구서동 1021-4,부산광역시 금정구 금샘로 401,1,10:30,22:30,,,,,,
우니스,부산광역시 금정구 구서동 1021-4,부산광역시 금정구 금샘로 401,2,10:30,22:30,,,,,,
우니스,부산광역시 금정구 구서동 1021-4,부산광역시 금정구 금샘로 401,3,10:30,22:30,,,,,,
우니스,부산광역시 금정구 구서동 1021-4,부산광역시 금정구 금샘로 401,4,10:30,22:30,,,,,,
우니스,부산광역시 금정구 구서동 1021-4,부산광역시 금정구 금샘로 401,5,10:30,22:30,,,,,,
우니스,부산광역시 금정구 구서동 1021-4,부산광역시 금정구 금샘로 401,6,10:30,22:30,,,,,,
우드로,부산광역시 금정구 장전동 221-4,부산광역시 금정구 부산대학로64번길 138,0,,,,TRUE,,,,
우드로,부산광역시 금정구 장전동 221-4,부산광역시 금정구 부산대학로64번길 138,1,12:00,21:00,,,,,,
우드로,부산광역시 금정구 장전동 221-4,부산광역시 금정구 부산대학로64번길 138,2,12:00,21:00,,,,,,
우드로,부산광역시 금정구 장전동 221-4,부산광역시 금정구 부산대학로64번길 138,3,12:00,21:00,,,,,,
우드로,부산광역시 금정구 장전동 221-4,부산광역시 금정구 부산대학로64번길 138,4,12:00,21:00,,,,,,
우드로,부산광역시 금정구 장전동 221-4,부산광역시 금정구 부산대학로64번길 138,5,12:00,21:00,,,,,,
우드로,부산광역시 금정구 장전동 221-4,부산광역시 금정구 부산대학로64번길 138,6,12:00,21:00,,,,,,
운죽정 북카페,부산광역시 금정구 장전동 산 30 ,부산광역시 금정구 부산대학로63번길 2 (장전동),0,,,,,,,,
운죽정 북카페,부산광역시 금정구 장전동 산 30 ,부산광역시 금정구 부산대학로63번길 2 (장전동),1,,,,,,,,
운죽정 북카페,부산광역시 금정구 장전동 산 30 ,부산광역시 금정구 부산대학로63번길 2 (장전동),2,,,,,,,,
운죽정 북카페,부산광역시 금정구 장전동 산 30 ,부산광역시 금정구 부산대학로63번길 2 (장전동),3,,,,,,,,
운죽정 북카페,부산광역시 금정구 장전동 산 30 ,부산광역시 금정구 부산대학로63번길 2 (장전동),4,,,,,,,,
운죽정 북카페,부산광역시 금정구 장전동 산 30 ,부산광역시 금정구 부산대학로63번길 2 (장전동),5,,,,,,,,
운죽정 북카페,부산광역시 금정구 장전동 산 30 ,부산광역시 금정구 부산대학로63번길 2 (장전동),6,,,,,,,,
움,부산광역시 동래구 명륜동 424,부산광역시 동래구 명륜로 106,0,10:00,18:00,,,,,,
움,부산광역시 동래구 명륜동 424,부산광역시 동래구 명륜로 106,1,,,,,,,,
움,부산광역시 동래구 명륜동 424,부산광역시 동래구 명륜로 106,2,,,,,,,,
움,부산광역시 동래구 명륜동 424,부산광역시 동래구 명륜로 106,3,,,,,,,,
움,부산광역시 동래구 명륜동 424,부산광역시 동래구 명륜로 106,4,,,,,,,,
움,부산광역시 동래구 명륜동 424,부산광역시 동래구 명륜로 106,5,,,,,,,,
움,부산광역시 동래구 명륜동 424,부산광역시 동래구 명륜로 106,6,,,,,,,,
원무,부산광역시 금정구 장전동 394-16,부산광역시 금정구 장전온천천로83번길 11,0,12:00,21:00,,,,,,
원무,부산광역시 금정구 장전동 394-16,부산광역시 금정구 장전온천천로83번길 11,1,12:00,21:00,,,,,,
원무,부산광역시 금정구 장전동 394-16,부산광역시 금정구 장전온천천로83번길 11,2,,,,TRUE,,,,
원무,부산광역시 금정구 장전동 394-16,부산광역시 금정구 장전온천천로83번길 11,3,12:00,21:00,,,,,,
원무,부산광역시 금정구 장전동 394-16,부산광역시 금정구 장전온천천로83번길 11,4,12:00,21:00,,,,,,
원무,부산광역시 금정구 장전동 394-16,부산광역시 금정구 장전온천천로83번길 11,5,12:00,21:00,,,,,,
원무,부산광역시 금정구 장전동 394-16,부산광역시 금정구 장전온천천로83번길 11,6,12:00,21:00,,,,,,
뉴욕보틀,부산광역시 금정구 부곡동 297-1,부산광역시 금정구 중앙대로 1616,0,8:00,23:00,,,,,,
뉴욕보틀,부산광역시 금정구 부곡동 297-1,부산광역시 금정구 중앙대로 1616,1,8:00,23:00,,,,,,
뉴욕보틀,부산광역시 금정구 부곡동 297-1,부산광역시 금정구 중앙대로 1616,2,8:00,23:00,,,,,,
뉴욕보틀,부산광역시 금정구 부곡동 297-1,부산광역시 금정구 중앙대로 1616,3,8:00,23:00,,,,,,
뉴욕보틀,부산광역시 금정구 부곡동 297-1,부산광역시 금정구 중앙대로 1616,4,8:00,23:00,,,,,,
뉴욕보틀,부산광역시 금정구 부곡동 297-1,부산광역시 금정구 중앙대로 1616,5,8:00,23:00,,,,,,
뉴욕보틀,부산광역시 금정구 부곡동 297-1,부산광역시 금정구 중앙대로 1616,6,8:00,23:00,,,,,,
월남덕커피,부산광역시 금정구 장전동 419-8,부산광역시 금정구 금강로 279,0,10:30,21:30,,,,,,
월남덕커피,부산광역시 금정구 장전동 419-8,부산광역시 금정구 금강로 279,1,8:50,21:20,,,,,,
월남덕커피,부산광역시 금정구 장전동 419-8,부산광역시 금정구 금강로 279,2,8:50,21:20,,,,,,
월남덕커피,부산광역시 금정구 장전동 419-8,부산광역시 금정구 금강로 279,3,8:50,21:20,,,,,,
월남덕커피,부산광역시 금정구 장전동 419-8,부산광역시 금정구 금강로 279,4,8:50,21:20,,,,,,
월남덕커피,부산광역시 금정구 장전동 419-8,부산광역시 금정구 금강로 279,5,8:50,21:20,,,,,,
월남덕커피,부산광역시 금정구 장전동 419-8,부산광역시 금정구 금강로 279,6,,,TRUE,,,,,
유달리,부산광역시 동래구 명륜동 450-4,부산광역시 동래구 명륜로103번길 20,0,,,,,,,,
유달리,부산광역시 동래구 명륜동 450-4,부산광역시 동래구 명륜로103번길 20,1,,,,,,,,
유달리,부산광역시 동래구 명륜동 450-4,부산광역시 동래구 명륜로103번길 20,2,,,,,,,,
유달리,부산광역시 동래구 명륜동 450-4,부산광역시 동래구 명륜로103번길 20,3,,,,,,,,
유달리,부산광역시 동래구 명륜동 450-4,부산광역시 동래구 명륜로103번길 20,4,,,,,,,,
유달리,부산광역시 동래구 명륜동 450-4,부산광역시 동래구 명륜로103번길 20,5,,,,,,,,
유달리,부산광역시 동래구 명륜동 450-4,부산광역시 동래구 명륜로103번길 20,6,,,,,,,,
유림,부산광역시 동래구 온천동 1425-7,부산광역시 동래구 미남로146번길 16,0,,,,,,,,
유림,부산광역시 동래구 온천동 1425-7,부산광역시 동래구 미남로146번길 16,1,,,,,,,,
유림,부산광역시 동래구 온천동 1425-7,부산광역시 동래구 미남로146번길 16,2,,,,,,,,
유림,부산광역시 동래구 온천동 1425-7,부산광역시 동래구 미남로146번길 16,3,,,,,,,,
유림,부산광역시 동래구 온천동 1425-7,부산광역시 동래구 미남로146번길 16,4,,,,,,,,
유림,부산광역시 동래구 온천동 1425-7,부산광역시 동래구 미남로146번길 16,5,,,,,,,,
유림,부산광역시 동래구 온천동 1425-7,부산광역시 동래구 미남로146번길 16,6,,,,,,,,
유실물보관소,부산광역시 금정구 부곡동 274-14,부산광역시 금정구 동부곡로5번길 83,0,,,,TRUE,,,,
유실물보관소,부산광역시 금정구 부곡동 274-14,부산광역시 금정구 동부곡로5번길 83,1,10:00,21:00,,,,,,
유실물보관소,부산광역시 금정구 부곡동 274-14,부산광역시 금정구 동부곡로5번길 83,2,10:00,21:00,,,,,,
유실물보관소,부산광역시 금정구 부곡동 274-14,부산광역시 금정구 동부곡로5번길 83,3,10:00,21:00,,,,,,
유실물보관소,부산광역시 금정구 부곡동 274-14,부산광역시 금정구 동부곡로5번길 83,4,10:00,21:00,,,,,,
유실물보관소,부산광역시 금정구 부곡동 274-14,부산광역시 금정구 동부곡로5번길 83,5,10:00,21:00,,,,,,
유실물보관소,부산광역시 금정구 부곡동 274-14,부산광역시 금정구 동부곡로5번길 83,6,,,,TRUE,,,,
유일무이카페,부산광역시 금정구 장전동 400-31,부산광역시 금정구 부산대학로 62-1,0,10:00,0:00,23:00,,,,,
유일무이카페,부산광역시 금정구 장전동 400-31,부산광역시 금정구 부산대학로 62-1,1,10:00,0:00,23:00,,,,,
유일무이카페,부산광역시 금정구 장전동 400-31,부산광역시 금정구 부산대학로 62-1,2,10:00,0:00,23:00,,,,,
유일무이카페,부산광역시 금정구 장전동 400-31,부산광역시 금정구 부산대학로 62-1,3,10:00,0:00,23:00,,,,,
유일무이카페,부산광역시 금정구 장전동 400-31,부산광역시 금정구 부산대학로 62-1,4,10:00,0:00,23:00,,,,,
유일무이카페,부산광역시 금정구 장전동 400-31,부산광역시 금정구 부산대학로 62-1,5,10:00,0:00,23:00,,,,,
유일무이카페,부산광역시 금정구 장전동 400-31,부산광역시 금정구 부산대학로 62-1,6,10:00,0:00,23:00,,,,,
윰테이블,부산광역시 금정구 부곡동 889-53,부산광역시 금정구 부곡로 6,0,,,,,,,,
윰테이블,부산광역시 금정구 부곡동 889-53,부산광역시 금정구 부곡로 6,1,,,,,,,,
윰테이블,부산광역시 금정구 부곡동 889-53,부산광역시 금정구 부곡로 6,2,,,,,,,,
윰테이블,부산광역시 금정구 부곡동 889-53,부산광역시 금정구 부곡로 6,3,,,,,,,,
윰테이블,부산광역시 금정구 부곡동 889-53,부산광역시 금정구 부곡로 6,4,,,,,,,,
윰테이블,부산광역시 금정구 부곡동 889-53,부산광역시 금정구 부곡로 6,5,,,,,,,,
윰테이블,부산광역시 금정구 부곡동 889-53,부산광역시 금정구 부곡로 6,6,,,,,,,,
은하수카페,부산광역시 금정구 구서동 164-29,부산광역시 금정구 중앙대로1945번길 20,0,,,,,,,,
은하수카페,부산광역시 금정구 구서동 164-29,부산광역시 금정구 중앙대로1945번길 20,1,,,,,,,,
은하수카페,부산광역시 금정구 구서동 164-29,부산광역시 금정구 중앙대로1945번길 20,2,,,,,,,,
은하수카페,부산광역시 금정구 구서동 164-29,부산광역시 금정구 중앙대로1945번길 20,3,,,,,,,,
은하수카페,부산광역시 금정구 구서동 164-29,부산광역시 금정구 중앙대로1945번길 20,4,,,,,,,,
은하수카페,부산광역시 금정구 구서동 164-29,부산광역시 금정구 중앙대로1945번길 20,5,,,,,,,,
은하수카페,부산광역시 금정구 구서동 164-29,부산광역시 금정구 중앙대로1945번길 20,6,,,,,,,,
읍천리382 부산대점,부산광역시 금정구 장전동 412-14,부산광역시 금정구 부산대학로38번길 22,0,10:00,22:30,,,,,,
읍천리382 부산대점,부산광역시 금정구 장전동 412-14,부산광역시 금정구 부산대학로38번길 22,1,10:00,22:30,,,,,,
읍천리382 부산대점,부산광역시 금정구 장전동 412-14,부산광역시 금정구 부산대학로38번길 22,2,10:00,22:30,,,,,,
읍천리382 부산대점,부산광역시 금정구 장전동 412-14,부산광역시 금정구 부산대학로38번길 22,3,10:00,22:30,,,,,,
읍천리382 부산대점,부산광역시 금정구 장전동 412-14,부산광역시 금정구 부산대학로38번길 22,4,10:00,22:30,,,,,,
읍천리382 부산대점,부산광역시 금정구 장전동 412-14,부산광역시 금정구 부산대학로38번길 22,5,10:00,22:30,,,,,,
읍천리382 부산대점,부산광역시 금정구 장전동 412-14,부산광역시 금정구 부산대학로38번길 22,6,10:00,22:30,,,,,,
의정서,부산광역시 금정구 장전동 416-37,부산광역시 금정구 부산대학로38번길 21,0,12:00,23:00,,,,,,
의정서,부산광역시 금정구 장전동 416-37,부산광역시 금정구 부산대학로38번길 21,1,12:00,23:00,,,,,,
의정서,부산광역시 금정구 장전동 416-37,부산광역시 금정구 부산대학로38번길 21,2,12:00,23:00,,,,,,
의정서,부산광역시 금정구 장전동 416-37,부산광역시 금정구 부산대학로38번길 21,3,12:00,23:00,,,,,,
의정서,부산광역시 금정구 장전동 416-37,부산광역시 금정구 부산대학로38번길 21,4,12:00,23:00,,,,,,
의정서,부산광역시 금정구 장전동 416-37,부산광역시 금정구 부산대학로38번길 21,5,12:00,23:00,,,,,,
의정서,부산광역시 금정구 장전동 416-37,부산광역시 금정구 부산대학로38번길 21,6,12:00,23:00,,,,,,
이경순갤러리,부산광역시 금정구 구서동 1033-1,부산광역시 금정구 금샘로 349,0,14:00,18:00,,,,,,
이경순갤러리,부산광역시 금정구 구서동 1033-1,부산광역시 금정구 금샘로 349,1,10:00,22:00,,,,,,
이경순갤러리,부산광역시 금정구 구서동 1033-1,부산광역시 금정구 금샘로 349,2,10:00,22:00,,,,,,
이경순갤러리,부산광역시 금정구 구서동 1033-1,부산광역시 금정구 금샘로 349,3,10:00,22:00,,,,,,
이경순갤러리,부산광역시 금정구 구서동 1033-1,부산광역시 금정구 금샘로 349,4,10:00,22:00,,,,,,
이경순갤러리,부산광역시 금정구 구서동 1033-1,부산광역시 금정구 금샘로 349,5,10:00,22:00,,,,,,
이경순갤러리,부산광역시 금정구 구서동 1033-1,부산광역시 금정구 금샘로 349,6,10:00,22:00,,,,,,
이노비젼,부산광역시 동래구 온천동 750-88,부산광역시 동래구 중앙대로1367번길 44-18,0,,,,,,,,
이노비젼,부산광역시 동래구 온천동 750-88,부산광역시 동래구 중앙대로1367번길 44-18,1,,,,,,,,
이노비젼,부산광역시 동래구 온천동 750-88,부산광역시 동래구 중앙대로1367번길 44-18,2,,,,,,,,
이노비젼,부산광역시 동래구 온천동 750-88,부산광역시 동래구 중앙대로1367번길 44-18,3,,,,,,,,
이노비젼,부산광역시 동래구 온천동 750-88,부산광역시 동래구 중앙대로1367번길 44-18,4,,,,,,,,
이노비젼,부산광역시 동래구 온천동 750-88,부산광역시 동래구 중앙대로1367번길 44-18,5,,,,,,,,
이노비젼,부산광역시 동래구 온천동 750-88,부산광역시 동래구 중앙대로1367번길 44-18,6,,,,,,,,
이디야 동래역점,부산광역시 동래구 명륜동 553-19,부산광역시 동래구 충렬대로181번길 36,0,,,,,,,,
이디야 동래역점,부산광역시 동래구 명륜동 553-19,부산광역시 동래구 충렬대로181번길 36,1,,,,,,,,
이디야 동래역점,부산광역시 동래구 명륜동 553-19,부산광역시 동래구 충렬대로181번길 36,2,,,,,,,,
이디야 동래역점,부산광역시 동래구 명륜동 553-19,부산광역시 동래구 충렬대로181번길 36,3,,,,,,,,
이디야 동래역점,부산광역시 동래구 명륜동 553-19,부산광역시 동래구 충렬대로181번길 36,4,,,,,,,,
이디야 동래역점,부산광역시 동래구 명륜동 553-19,부산광역시 동래구 충렬대로181번길 36,5,,,,,,,,
이디야 동래역점,부산광역시 동래구 명륜동 553-19,부산광역시 동래구 충렬대로181번길 36,6,,,,,,,,
이디야 부산구서역점,부산광역시 금정구 구서동 86-34,부산광역시 금정구 금정로233번길 59,0,,,,,,,,
이디야 부산구서역점,부산광역시 금정구 구서동 86-34,부산광역시 금정구 금정로233번길 59,1,,,,,,,,
이디야 부산구서역점,부산광역시 금정구 구서동 86-34,부산광역시 금정구 금정로233번길 59,2,,,,,,,,
이디야 부산구서역점,부산광역시 금정구 구서동 86-34,부산광역시 금정구 금정로233번길 59,3,,,,,,,,
이디야 부산구서역점,부산광역시 금정구 구서동 86-34,부산광역시 금정구 금정로233번길 59,4,,,,,,,,
이디야 부산구서역점,부산광역시 금정구 구서동 86-34,부산광역시 금정구 금정로233번길 59,5,,,,,,,,
이디야 부산구서역점,부산광역시 금정구 구서동 86-34,부산광역시 금정구 금정로233번길 59,6,,,,,,,,
이디야 부산금정초교점,부산광역시 금정구 장전동 636-38,부산광역시 금정구 식물원로44번길 40,0,,,,,,,,
이디야 부산금정초교점,부산광역시 금정구 장전동 636-38,부산광역시 금정구 식물원로44번길 40,1,,,,,,,,
이디야 부산금정초교점,부산광역시 금정구 장전동 636-38,부산광역시 금정구 식물원로44번길 40,2,,,,,,,,
이디야 부산금정초교점,부산광역시 금정구 장전동 636-38,부산광역시 금정구 식물원로44번길 40,3,,,,,,,,
이디야 부산금정초교점,부산광역시 금정구 장전동 636-38,부산광역시 금정구 식물원로44번길 40,4,,,,,,,,
이디야 부산금정초교점,부산광역시 금정구 장전동 636-38,부산광역시 금정구 식물원로44번길 40,5,,,,,,,,
이디야 부산금정초교점,부산광역시 금정구 장전동 636-38,부산광역시 금정구 식물원로44번길 40,6,,,,,,,,
이디야 부산대북문점,부산광역시 금정구 장전동 263-72,부산광역시 금정구 금강로321번길 45,0,,,,,,,,
이디야 부산대북문점,부산광역시 금정구 장전동 263-72,부산광역시 금정구 금강로321번길 45,1,,,,,,,,
이디야 부산대북문점,부산광역시 금정구 장전동 263-72,부산광역시 금정구 금강로321번길 45,2,,,,,,,,
이디야 부산대북문점,부산광역시 금정구 장전동 263-72,부산광역시 금정구 금강로321번길 45,3,,,,,,,,
이디야 부산대북문점,부산광역시 금정구 장전동 263-72,부산광역시 금정구 금강로321번길 45,4,,,,,,,,
이디야 부산대북문점,부산광역시 금정구 장전동 263-72,부산광역시 금정구 금강로321번길 45,5,,,,,,,,
이디야 부산대북문점,부산광역시 금정구 장전동 263-72,부산광역시 금정구 금강로321번길 45,6,,,,,,,,
이디야 부산미남역점,부산광역시 동래구 온천동 1249-17,부산광역시 동래구 아시아드대로 223,0,,,,,,,,
이디야 부산미남역점,부산광역시 동래구 온천동 1249-17,부산광역시 동래구 아시아드대로 223,1,,,,,,,,
이디야 부산미남역점,부산광역시 동래구 온천동 1249-17,부산광역시 동래구 아시아드대로 223,2,,,,,,,,
이디야 부산미남역점,부산광역시 동래구 온천동 1249-17,부산광역시 동래구 아시아드대로 223,3,,,,,,,,
이디야 부산미남역점,부산광역시 동래구 온천동 1249-17,부산광역시 동래구 아시아드대로 223,4,,,,,,,,
이디야 부산미남역점,부산광역시 동래구 온천동 1249-17,부산광역시 동래구 아시아드대로 223,5,,,,,,,,
이디야 부산미남역점,부산광역시 동래구 온천동 1249-17,부산광역시 동래구 아시아드대로 223,6,,,,,,,,
이디야 부산온천장역점,부산광역시 동래구 온천동 153-12,부산광역시 동래구 온천장로119번길 7,0,,,,,,,,
이디야 부산온천장역점,부산광역시 동래구 온천동 153-12,부산광역시 동래구 온천장로119번길 7,1,,,,,,,,
이디야 부산온천장역점,부산광역시 동래구 온천동 153-12,부산광역시 동래구 온천장로119번길 7,2,,,,,,,,
이디야 부산온천장역점,부산광역시 동래구 온천동 153-12,부산광역시 동래구 온천장로119번길 7,3,,,,,,,,
이디야 부산온천장역점,부산광역시 동래구 온천동 153-12,부산광역시 동래구 온천장로119번길 7,4,,,,,,,,
이디야 부산온천장역점,부산광역시 동래구 온천동 153-12,부산광역시 동래구 온천장로119번길 7,5,,,,,,,,
이디야 부산온천장역점,부산광역시 동래구 온천동 153-12,부산광역시 동래구 온천장로119번길 7,6,,,,,,,,
이디야 부산장전서희점,부산광역시 금정구 부곡동 65-9,부산광역시 금정구 수림로20번길 27,0,,,,,,,,
이디야 부산장전서희점,부산광역시 금정구 부곡동 65-9,부산광역시 금정구 수림로20번길 27,1,,,,,,,,
이디야 부산장전서희점,부산광역시 금정구 부곡동 65-9,부산광역시 금정구 수림로20번길 27,2,,,,,,,,
이디야 부산장전서희점,부산광역시 금정구 부곡동 65-9,부산광역시 금정구 수림로20번길 27,3,,,,,,,,
이디야 부산장전서희점,부산광역시 금정구 부곡동 65-9,부산광역시 금정구 수림로20번길 27,4,,,,,,,,
이디야 부산장전서희점,부산광역시 금정구 부곡동 65-9,부산광역시 금정구 수림로20번길 27,5,,,,,,,,
이디야 부산장전서희점,부산광역시 금정구 부곡동 65-9,부산광역시 금정구 수림로20번길 27,6,,,,,,,,
이삐커피 온천장역점,부산광역시 금정구 부곡동 873-31,부산광역시 금정구 오시게로 40,0,8:30,22:30,22:10,,,,,
이삐커피 온천장역점,부산광역시 금정구 부곡동 873-31,부산광역시 금정구 오시게로 40,1,8:30,22:30,22:10,,,,,
이삐커피 온천장역점,부산광역시 금정구 부곡동 873-31,부산광역시 금정구 오시게로 40,2,8:30,22:30,22:10,,,,,
이삐커피 온천장역점,부산광역시 금정구 부곡동 873-31,부산광역시 금정구 오시게로 40,3,8:30,22:30,22:10,,,,,
이삐커피 온천장역점,부산광역시 금정구 부곡동 873-31,부산광역시 금정구 오시게로 40,4,8:30,22:30,22:10,,,,,
이삐커피 온천장역점,부산광역시 금정구 부곡동 873-31,부산광역시 금정구 오시게로 40,5,8:30,22:30,22:10,,,,,
이삐커피 온천장역점,부산광역시 금정구 부곡동 873-31,부산광역시 금정구 오시게로 40,6,8:30,22:30,22:10,,,,,
이세계음료,부산광역시 금정구 장전동 612-5,부산광역시 금정구 식물원로39번길 6,0,,,,,,,,
이세계음료,부산광역시 금정구 장전동 612-5,부산광역시 금정구 식물원로39번길 6,1,,,,,,,,
이세계음료,부산광역시 금정구 장전동 612-5,부산광역시 금정구 식물원로39번길 6,2,,,,,,,,
이세계음료,부산광역시 금정구 장전동 612-5,부산광역시 금정구 식물원로39번길 6,3,,,,,,,,
이세계음료,부산광역시 금정구 장전동 612-5,부산광역시 금정구 식물원로39번길 6,4,,,,,,,,
이세계음료,부산광역시 금정구 장전동 612-5,부산광역시 금정구 식물원로39번길 6,5,,,,,,,,
이세계음료,부산광역시 금정구 장전동 612-5,부산광역시 금정구 식물원로39번길 6,6,,,,,,,,
이솝페이블,부산광역시 금정구 장전동 302-23,부산광역시 금정구 금정로60번길 16,0,12:00,22:30,,,,,,
이솝페이블,부산광역시 금정구 장전동 302-23,부산광역시 금정구 금정로60번길 16,1,12:00,22:30,,,,,,
이솝페이블,부산광역시 금정구 장전동 302-23,부산광역시 금정구 금정로60번길 16,2,12:00,22:30,,,,,,
이솝페이블,부산광역시 금정구 장전동 302-23,부산광역시 금정구 금정로60번길 16,3,12:00,22:30,,,,,,
이솝페이블,부산광역시 금정구 장전동 302-23,부산광역시 금정구 금정로60번길 16,4,12:00,22:30,,,,,,
이솝페이블,부산광역시 금정구 장전동 302-23,부산광역시 금정구 금정로60번길 16,5,12:00,22:30,,,,,,
이솝페이블,부산광역시 금정구 장전동 302-23,부산광역시 금정구 금정로60번길 16,6,12:00,22:30,,,,,,
이스탄불,부산광역시 금정구 장전동 293-97,부산광역시 금정구 장전로12번길 56,0,11:00,0:00,,,,,,
이스탄불,부산광역시 금정구 장전동 293-97,부산광역시 금정구 장전로12번길 56,1,11:00,0:00,,,,,,
이스탄불,부산광역시 금정구 장전동 293-97,부산광역시 금정구 장전로12번길 56,2,11:00,0:00,,,,,,
이스탄불,부산광역시 금정구 장전동 293-97,부산광역시 금정구 장전로12번길 56,3,11:00,0:00,,,,,,
이스탄불,부산광역시 금정구 장전동 293-97,부산광역시 금정구 장전로12번길 56,4,11:00,0:00,,,,,,
이스탄불,부산광역시 금정구 장전동 293-97,부산광역시 금정구 장전로12번길 56,5,11:00,0:00,,,,,,
이스탄불,부산광역시 금정구 장전동 293-97,부산광역시 금정구 장전로12번길 56,6,11:00,0:00,,,,,,
자두커피,부산광역시 금정구 구서동 654-1,부산광역시 금정구 두실로37번길 43,0,,,,,,,,
자두커피,부산광역시 금정구 구서동 654-1,부산광역시 금정구 두실로37번길 43,1,,,,,,,,
자두커피,부산광역시 금정구 구서동 654-1,부산광역시 금정구 두실로37번길 43,2,,,,,,,,
자두커피,부산광역시 금정구 구서동 654-1,부산광역시 금정구 두실로37번길 43,3,,,,,,,,
자두커피,부산광역시 금정구 구서동 654-1,부산광역시 금정구 두실로37번길 43,4,,,,,,,,
자두커피,부산광역시 금정구 구서동 654-1,부산광역시 금정구 두실로37번길 43,5,,,,,,,,
자두커피,부산광역시 금정구 구서동 654-1,부산광역시 금정구 두실로37번길 43,6,,,,,,,,
자매커피,부산광역시 금정구 장전동 713,부산광역시 금정구 식물원로 64,0,,,,,,,,
자매커피,부산광역시 금정구 장전동 713,부산광역시 금정구 식물원로 64,1,,,,,,,,
자매커피,부산광역시 금정구 장전동 713,부산광역시 금정구 식물원로 64,2,,,,,,,,
자매커피,부산광역시 금정구 장전동 713,부산광역시 금정구 식물원로 64,3,,,,,,,,
자매커피,부산광역시 금정구 장전동 713,부산광역시 금정구 식물원로 64,4,,,,,,,,
자매커피,부산광역시 금정구 장전동 713,부산광역시 금정구 식물원로 64,5,,,,,,,,
자매커피,부산광역시 금정구 장전동 713,부산광역시 금정구 식물원로 64,6,,,,,,,,
자스민커피 3호점,부산광역시 금정구 장전동 399-13,부산광역시 금정구 부산대학로 60,0,7:30,21:00,,,,,,
자스민커피 3호점,부산광역시 금정구 장전동 399-13,부산광역시 금정구 부산대학로 60,1,7:30,21:00,,,,,,
자스민커피 3호점,부산광역시 금정구 장전동 399-13,부산광역시 금정구 부산대학로 60,2,7:30,21:00,,,,,,
자스민커피 3호점,부산광역시 금정구 장전동 399-13,부산광역시 금정구 부산대학로 60,3,7:30,21:00,,,,,,
자스민커피 3호점,부산광역시 금정구 장전동 399-13,부산광역시 금정구 부산대학로 60,4,7:30,21:00,,,,,,
자스민커피 3호점,부산광역시 금정구 장전동 399-13,부산광역시 금정구 부산대학로 60,5,7:30,21:00,,,,,,
자스민커피 3호점,부산광역시 금정구 장전동 399-13,부산광역시 금정구 부산대학로 60,6,7:30,21:00,,,,,,
자스민커피 본점,부산광역시 금정구 장전동 401-21,부산광역시 금정구 부산대학로64번길 10,0,8:00,20:30,,,,,,
자스민커피 본점,부산광역시 금정구 장전동 401-21,부산광역시 금정구 부산대학로64번길 10,1,7:30,20:30,,,,,,
자스민커피 본점,부산광역시 금정구 장전동 401-21,부산광역시 금정구 부산대학로64번길 10,2,7:30,20:30,,,,,,
자스민커피 본점,부산광역시 금정구 장전동 401-21,부산광역시 금정구 부산대학로64번길 10,3,7:30,20:30,,,,,,
자스민커피 본점,부산광역시 금정구 장전동 401-21,부산광역시 금정구 부산대학로64번길 10,4,7:30,20:30,,,,,,
자스민커피 본점,부산광역시 금정구 장전동 401-21,부산광역시 금정구 부산대학로64번길 10,5,7:30,20:30,,,,,,
자스민커피 본점,부산광역시 금정구 장전동 401-21,부산광역시 금정구 부산대학로64번길 10,6,8:00,20:30,,,,,,
자스민커피 부산대정문2호점,부산광역시 금정구 장전동 419-15,부산광역시 금정구 부산대학로 57,0,8:00,0:00,,,,,,
자스민커피 부산대정문2호점,부산광역시 금정구 장전동 419-15,부산광역시 금정구 부산대학로 57,1,8:00,0:00,,,,,,
자스민커피 부산대정문2호점,부산광역시 금정구 장전동 419-15,부산광역시 금정구 부산대학로 57,2,8:00,0:00,,,,,,
자스민커피 부산대정문2호점,부산광역시 금정구 장전동 419-15,부산광역시 금정구 부산대학로 57,3,8:00,0:00,,,,,,
자스민커피 부산대정문2호점,부산광역시 금정구 장전동 419-15,부산광역시 금정구 부산대학로 57,4,8:00,0:00,,,,,,
자스민커피 부산대정문2호점,부산광역시 금정구 장전동 419-15,부산광역시 금정구 부산대학로 57,5,8:00,0:00,,,,,,
자스민커피 부산대정문2호점,부산광역시 금정구 장전동 419-15,부산광역시 금정구 부산대학로 57,6,8:00,0:00,,,,,,
장전생활문화센터북카페,부산광역시 금정구 장전동 154-1,부산광역시 금정구 금강로335번길 27,0,9:00,19:00,,,,,,
장전생활문화센터북카페,부산광역시 금정구 장전동 154-1,부산광역시 금정구 금강로335번길 27,1,9:00,20:00,,,,,,
장전생활문화센터북카페,부산광역시 금정구 장전동 154-1,부산광역시 금정구 금강로335번길 27,2,9:00,20:00,,,,,,
장전생활문화센터북카페,부산광역시 금정구 장전동 154-1,부산광역시 금정구 금강로335번길 27,3,9:00,20:00,,,,,,
장전생활문화센터북카페,부산광역시 금정구 장전동 154-1,부산광역시 금정구 금강로335번길 27,4,9:00,20:00,,,,,,
장전생활문화센터북카페,부산광역시 금정구 장전동 154-1,부산광역시 금정구 금강로335번길 27,5,9:00,20:00,,,,,,
장전생활문화센터북카페,부산광역시 금정구 장전동 154-1,부산광역시 금정구 금강로335번길 27,6,9:00,19:00,,,,,,
전람회의그림,부산광역시 금정구 장전동 418-1,부산광역시 금정구 금강로 280,0,11:00,,,,,,,
전람회의그림,부산광역시 금정구 장전동 418-1,부산광역시 금정구 금강로 280,1,11:00,,,,,,,
전람회의그림,부산광역시 금정구 장전동 418-1,부산광역시 금정구 금강로 280,2,11:00,,,,,,,
전람회의그림,부산광역시 금정구 장전동 418-1,부산광역시 금정구 금강로 280,3,11:00,,,,,,,
전람회의그림,부산광역시 금정구 장전동 418-1,부산광역시 금정구 금강로 280,4,11:00,,,,,,,
전람회의그림,부산광역시 금정구 장전동 418-1,부산광역시 금정구 금강로 280,5,11:00,,,,,,,
전람회의그림,부산광역시 금정구 장전동 418-1,부산광역시 금정구 금강로 280,6,11:00,,,,,,,
전통찻집지우,부산광역시 동래구 온천동 616-7,부산광역시 동래구 충렬대로126번길 47,0,,,,,,,,
전통찻집지우,부산광역시 동래구 온천동 616-7,부산광역시 동래구 충렬대로126번길 47,1,,,,,,,,
전통찻집지우,부산광역시 동래구 온천동 616-7,부산광역시 동래구 충렬대로126번길 47,2,,,,,,,,
전통찻집지우,부산광역시 동래구 온천동 616-7,부산광역시 동래구 충렬대로126번길 47,3,,,,,,,,
전통찻집지우,부산광역시 동래구 온천동 616-7,부산광역시 동래구 충렬대로126번길 47,4,,,,,,,,
전통찻집지우,부산광역시 동래구 온천동 616-7,부산광역시 동래구 충렬대로126번길 47,5,,,,,,,,
전통찻집지우,부산광역시 동래구 온천동 616-7,부산광역시 동래구 충렬대로126번길 47,6,,,,,,,,
젠틀한현cafe카페,부산광역시 동래구 온천동 1614-5,부산광역시 동래구 쇠미로121번길 2,0,,,,,,,,
젠틀한현cafe카페,부산광역시 동래구 온천동 1614-5,부산광역시 동래구 쇠미로121번길 2,1,,,,,,,,
젠틀한현cafe카페,부산광역시 동래구 온천동 1614-5,부산광역시 동래구 쇠미로121번길 2,2,,,,,,,,
젠틀한현cafe카페,부산광역시 동래구 온천동 1614-5,부산광역시 동래구 쇠미로121번길 2,3,,,,,,,,
젠틀한현cafe카페,부산광역시 동래구 온천동 1614-5,부산광역시 동래구 쇠미로121번길 2,4,,,,,,,,
젠틀한현cafe카페,부산광역시 동래구 온천동 1614-5,부산광역시 동래구 쇠미로121번길 2,5,,,,,,,,
젠틀한현cafe카페,부산광역시 동래구 온천동 1614-5,부산광역시 동래구 쇠미로121번길 2,6,,,,,,,,
지은카페플라워,부산광역시 금정구 구서동 258-9,부산광역시 금정구 금강로446번길 27,0,14:00,22:00,,,,,,
지은카페플라워,부산광역시 금정구 구서동 258-9,부산광역시 금정구 금강로446번길 27,1,11:00,22:00,,,,,,
지은카페플라워,부산광역시 금정구 구서동 258-9,부산광역시 금정구 금강로446번길 27,2,11:00,22:00,,,,,,
지은카페플라워,부산광역시 금정구 구서동 258-9,부산광역시 금정구 금강로446번길 27,3,11:00,22:00,,,,,,
지은카페플라워,부산광역시 금정구 구서동 258-9,부산광역시 금정구 금강로446번길 27,4,11:00,22:00,,,,,,
지은카페플라워,부산광역시 금정구 구서동 258-9,부산광역시 금정구 금강로446번길 27,5,11:00,22:00,,,,,,
지은카페플라워,부산광역시 금정구 구서동 258-9,부산광역시 금정구 금강로446번길 27,6,11:00,22:00,,,,,,
지필,부산광역시 금정구 장전동 388-1,부산광역시 금정구 금강로291번길 1,0,,,,TRUE,,,,
지필,부산광역시 금정구 장전동 388-1,부산광역시 금정구 금강로291번길 1,1,10:00,17:00,,,,,,
지필,부산광역시 금정구 장전동 388-1,부산광역시 금정구 금강로291번길 1,2,10:00,17:00,,,,,,
지필,부산광역시 금정구 장전동 388-1,부산광역시 금정구 금강로291번길 1,3,10:00,17:00,,,,,,
지필,부산광역시 금정구 장전동 388-1,부산광역시 금정구 금강로291번길 1,4,10:00,17:00,,,,,,
지필,부산광역시 금정구 장전동 388-1,부산광역시 금정구 금강로291번길 1,5,10:00,17:00,,,,,,
지필,부산광역시 금정구 장전동 388-1,부산광역시 금정구 금강로291번길 1,6,,,,TRUE,,,,
지현카페,부산광역시 금정구 장전동 221-15,부산광역시 금정구 금강로 323,0,,,,,,,,
지현카페,부산광역시 금정구 장전동 221-15,부산광역시 금정구 금강로 323,1,,,,,,,,
지현카페,부산광역시 금정구 장전동 221-15,부산광역시 금정구 금강로 323,2,,,,,,,,
지현카페,부산광역시 금정구 장전동 221-15,부산광역시 금정구 금강로 323,3,,,,,,,,
지현카페,부산광역시 금정구 장전동 221-15,부산광역시 금정구 금강로 323,4,,,,,,,,
지현카페,부산광역시 금정구 장전동 221-15,부산광역시 금정구 금강로 323,5,,,,,,,,
지현카페,부산광역시 금정구 장전동 221-15,부산광역시 금정구 금강로 323,6,,,,,,,,
차향,부산광역시 동래구 명륜동 696-21,부산광역시 동래구 명륜로187번길 5,0,,,,,,,,
차향,부산광역시 동래구 명륜동 696-21,부산광역시 동래구 명륜로187번길 5,1,,,,,,,,
차향,부산광역시 동래구 명륜동 696-21,부산광역시 동래구 명륜로187번길 5,2,,,,,,,,
차향,부산광역시 동래구 명륜동 696-21,부산광역시 동래구 명륜로187번길 5,3,,,,,,,,
차향,부산광역시 동래구 명륜동 696-21,부산광역시 동래구 명륜로187번길 5,4,,,,,,,,
차향,부산광역시 동래구 명륜동 696-21,부산광역시 동래구 명륜로187번길 5,5,,,,,,,,
차향,부산광역시 동래구 명륜동 696-21,부산광역시 동래구 명륜로187번길 5,6,,,,,,,,
청솔로9 미남점,부산광역시 동래구 온천동 964,부산광역시 동래구 충렬대로75번길 24,0,,,,,,,,
청솔로9 미남점,부산광역시 동래구 온천동 964,부산광역시 동래구 충렬대로75번길 24,1,,,,,,,,
청솔로9 미남점,부산광역시 동래구 온천동 964,부산광역시 동래구 충렬대로75번길 24,2,,,,,,,,
청솔로9 미남점,부산광역시 동래구 온천동 964,부산광역시 동래구 충렬대로75번길 24,3,,,,,,,,
청솔로9 미남점,부산광역시 동래구 온천동 964,부산광역시 동래구 충렬대로75번길 24,4,,,,,,,,
청솔로9 미남점,부산광역시 동래구 온천동 964,부산광역시 동래구 충렬대로75번길 24,5,,,,,,,,
청솔로9 미남점,부산광역시 동래구 온천동 964,부산광역시 동래구 충렬대로75번길 24,6,,,,,,,,
청솔로9 부산대점,부산광역시 금정구 장전동 419-19,부산광역시 금정구 금강로 253,0,,,,,,,,
청솔로9 부산대점,부산광역시 금정구 장전동 419-19,부산광역시 금정구 금강로 253,1,,,,,,,,
청솔로9 부산대점,부산광역시 금정구 장전동 419-19,부산광역시 금정구 금강로 253,2,,,,,,,,
청솔로9 부산대점,부산광역시 금정구 장전동 419-19,부산광역시 금정구 금강로 253,3,,,,,,,,
청솔로9 부산대점,부산광역시 금정구 장전동 419-19,부산광역시 금정구 금강로 253,4,,,,,,,,
청솔로9 부산대점,부산광역시 금정구 장전동 419-19,부산광역시 금정구 금강로 253,5,,,,,,,,
청솔로9 부산대점,부산광역시 금정구 장전동 419-19,부산광역시 금정구 금강로 253,6,,,,,,,,
칠드아웃,부산광역시 동래구 명륜동 604,부산광역시 동래구 동래로 94-5,0,11:00,23:00,,,,,,
칠드아웃,부산광역시 동래구 명륜동 604,부산광역시 동래구 동래로 94-5,1,11:00,22:00,,,,,,
칠드아웃,부산광역시 동래구 명륜동 604,부산광역시 동래구 동래로 94-5,2,11:00,22:00,,,,,,
칠드아웃,부산광역시 동래구 명륜동 604,부산광역시 동래구 동래로 94-5,3,11:00,22:00,,,,,,
칠드아웃,부산광역시 동래구 명륜동 604,부산광역시 동래구 동래로 94-5,4,11:00,22:00,,,,,,
칠드아웃,부산광역시 동래구 명륜동 604,부산광역시 동래구 동래로 94-5,5,11:00,22:00,,,,,,
칠드아웃,부산광역시 동래구 명륜동 604,부산광역시 동래구 동래로 94-5,6,11:00,23:00,,,,,,
칠렉신,부산광역시 금정구 부곡동 11-15,부산광역시 금정구 무학송로 148,0,10:00,18:00,,,,,,
칠렉신,부산광역시 금정구 부곡동 11-15,부산광역시 금정구 무학송로 148,1,8:00,18:00,,,,,,
칠렉신,부산광역시 금정구 부곡동 11-15,부산광역시 금정구 무학송로 148,2,8:00,18:00,,,,,,
칠렉신,부산광역시 금정구 부곡동 11-15,부산광역시 금정구 무학송로 148,3,8:00,18:00,,,,,,
칠렉신,부산광역시 금정구 부곡동 11-15,부산광역시 금정구 무학송로 148,4,8:00,18:00,,,,,,
칠렉신,부산광역시 금정구 부곡동 11-15,부산광역시 금정구 무학송로 148,5,8:00,18:00,,,,,,
칠렉신,부산광역시 금정구 부곡동 11-15,부산광역시 금정구 무학송로 148,6,10:00,18:00,,,,,,
카페 커피엔스타,부산광역시 금정구 장전동 302-9,부산광역시 금정구 금정로60번길 24,0,,,,,,,,
카페 커피엔스타,부산광역시 금정구 장전동 302-9,부산광역시 금정구 금정로60번길 24,1,,,,,,,,
카페 커피엔스타,부산광역시 금정구 장전동 302-9,부산광역시 금정구 금정로60번길 24,2,,,,,,,,
카페 커피엔스타,부산광역시 금정구 장전동 302-9,부산광역시 금정구 금정로60번길 24,3,,,,,,,,
카페 커피엔스타,부산광역시 금정구 장전동 302-9,부산광역시 금정구 금정로60번길 24,4,,,,,,,,
카페 커피엔스타,부산광역시 금정구 장전동 302-9,부산광역시 금정구 금정로60번길 24,5,,,,,,,,
카페 커피엔스타,부산광역시 금정구 장전동 302-9,부산광역시 금정구 금정로60번길 24,6,,,,,,,,
카페0101,부산광역시 금정구 장전동 145-17,부산광역시 금정구 수림로85번길 64,0,12:00,22:00,,,,,,
카페0101,부산광역시 금정구 장전동 145-17,부산광역시 금정구 수림로85번길 64,1,9:00,0:00,,,,,,
카페0101,부산광역시 금정구 장전동 145-17,부산광역시 금정구 수림로85번길 64,2,9:00,0:00,,,,,,
카페0101,부산광역시 금정구 장전동 145-17,부산광역시 금정구 수림로85번길 64,3,9:00,0:00,,,,,,
카페0101,부산광역시 금정구 장전동 145-17,부산광역시 금정구 수림로85번길 64,4,9:00,0:00,,,,,,
카페0101,부산광역시 금정구 장전동 145-17,부산광역시 금정구 수림로85번길 64,5,9:00,0:00,,,,,,
카페0101,부산광역시 금정구 장전동 145-17,부산광역시 금정구 수림로85번길 64,6,12:00,22:00,,,,,,
카페051 동래3차SK뷰,부산광역시 동래구 온천동 1850,부산광역시 동래구 온천장로65번길 9,0,,,,,,,,
카페051 동래3차SK뷰,부산광역시 동래구 온천동 1850,부산광역시 동래구 온천장로65번길 9,1,,,,,,,,
카페051 동래3차SK뷰,부산광역시 동래구 온천동 1850,부산광역시 동래구 온천장로65번길 9,2,,,,,,,,
카페051 동래3차SK뷰,부산광역시 동래구 온천동 1850,부산광역시 동래구 온천장로65번길 9,3,,,,,,,,
카페051 동래3차SK뷰,부산광역시 동래구 온천동 1850,부산광역시 동래구 온천장로65번길 9,4,,,,,,,,
카페051 동래3차SK뷰,부산광역시 동래구 온천동 1850,부산광역시 동래구 온천장로65번길 9,5,,,,,,,,
카페051 동래3차SK뷰,부산광역시 동래구 온천동 1850,부산광역시 동래구 온천장로65번길 9,6,,,,,,,,
카페051 동래구청점,부산광역시 동래구 명륜동 487-3,부산광역시 동래구 명륜로112번가길 39,0,9:00,20:00,,,,,,
카페051 동래구청점,부산광역시 동래구 명륜동 487-3,부산광역시 동래구 명륜로112번가길 39,1,9:00,20:00,,,,,,
카페051 동래구청점,부산광역시 동래구 명륜동 487-3,부산광역시 동래구 명륜로112번가길 39,2,9:00,20:00,,,,,,
카페051 동래구청점,부산광역시 동래구 명륜동 487-3,부산광역시 동래구 명륜로112번가길 39,3,9:00,20:00,,,,,,
카페051 동래구청점,부산광역시 동래구 명륜동 487-3,부산광역시 동래구 명륜로112번가길 39,4,9:00,20:00,,,,,,
카페051 동래구청점,부산광역시 동래구 명륜동 487-3,부산광역시 동래구 명륜로112번가길 39,5,9:00,20:00,,,,,,
카페051 동래구청점,부산광역시 동래구 명륜동 487-3,부산광역시 동래구 명륜로112번가길 39,6,9:00,20:00,,,,,,
카페051 동래내성,부산광역시 동래구 온천동 1459-5,부산광역시 동래구 충렬대로140번길 56,0,,,,,,,,
카페051 동래내성,부산광역시 동래구 온천동 1459-5,부산광역시 동래구 충렬대로140번길 56,1,,,,,,,,
카페051 동래내성,부산광역시 동래구 온천동 1459-5,부산광역시 동래구 충렬대로140번길 56,2,,,,,,,,
카페051 동래내성,부산광역시 동래구 온천동 1459-5,부산광역시 동래구 충렬대로140번길 56,3,,,,,,,,
카페051 동래내성,부산광역시 동래구 온천동 1459-5,부산광역시 동래구 충렬대로140번길 56,4,,,,,,,,
카페051 동래내성,부산광역시 동래구 온천동 1459-5,부산광역시 동래구 충렬대로140번길 56,5,,,,,,,,
카페051 동래내성,부산광역시 동래구 온천동 1459-5,부산광역시 동래구 충렬대로140번길 56,6,,,,,,,,
카페051 동래이편한아시아드점,부산광역시 동래구 온천동 1846,부산광역시 동래구 아시아드대로 202,0,,,,,,,,
카페051 동래이편한아시아드점,부산광역시 동래구 온천동 1846,부산광역시 동래구 아시아드대로 202,1,,,,,,,,
카페051 동래이편한아시아드점,부산광역시 동래구 온천동 1846,부산광역시 동래구 아시아드대로 202,2,,,,,,,,
카페051 동래이편한아시아드점,부산광역시 동래구 온천동 1846,부산광역시 동래구 아시아드대로 202,3,,,,,,,,
카페051 동래이편한아시아드점,부산광역시 동래구 온천동 1846,부산광역시 동래구 아시아드대로 202,4,,,,,,,,
카페051 동래이편한아시아드점,부산광역시 동래구 온천동 1846,부산광역시 동래구 아시아드대로 202,5,,,,,,,,
카페051 동래이편한아시아드점,부산광역시 동래구 온천동 1846,부산광역시 동래구 아시아드대로 202,6,,,,,,,,
카페051 명륜아이파크2차점,부산광역시 동래구 명륜동 10-2,부산광역시 동래구 시실로 34,0,9:00,21:00,,,,,,
카페051 명륜아이파크2차점,부산광역시 동래구 명륜동 10-2,부산광역시 동래구 시실로 34,1,9:00,21:30,,,,,,
카페051 명륜아이파크2차점,부산광역시 동래구 명륜동 10-2,부산광역시 동래구 시실로 34,2,9:00,21:30,,,,,,
카페051 명륜아이파크2차점,부산광역시 동래구 명륜동 10-2,부산광역시 동래구 시실로 34,3,9:00,21:30,,,,,,
카페051 명륜아이파크2차점,부산광역시 동래구 명륜동 10-2,부산광역시 동래구 시실로 34,4,9:00,21:30,,,,,,
카페051 명륜아이파크2차점,부산광역시 동래구 명륜동 10-2,부산광역시 동래구 시실로 34,5,9:00,21:30,,,,,,
카페051 명륜아이파크2차점,부산광역시 동래구 명륜동 10-2,부산광역시 동래구 시실로 34,6,9:00,21:00,,,,,,
카페051 부곡점,부산광역시 금정구 부곡동 274-10,부산광역시 금정구 부곡로142번길 1,0,9:00,20:00,,,,,,
카페051 부곡점,부산광역시 금정구 부곡동 274-10,부산광역시 금정구 부곡로142번길 1,1,8:00,21:00,,,,,,
카페051 부곡점,부산광역시 금정구 부곡동 274-10,부산광역시 금정구 부곡로142번길 1,2,8:00,21:00,,,,,,
카페051 부곡점,부산광역시 금정구 부곡동 274-10,부산광역시 금정구 부곡로142번길 1,3,8:00,21:00,,,,,,
카페051 부곡점,부산광역시 금정구 부곡동 274-10,부산광역시 금정구 부곡로142번길 1,4,8:00,21:00,,,,,,
카페051 부곡점,부산광역시 금정구 부곡동 274-10,부산광역시 금정구 부곡로142번길 1,5,8:00,21:00,,,,,,
카페051 부곡점,부산광역시 금정구 부곡동 274-10,부산광역시 금정구 부곡로142번길 1,6,9:00,21:00,,,,,,
카페051 온천장역점,부산광역시 동래구 온천동 153-8,부산광역시 동래구 중앙대로 1523,0,,,,,,,,
카페051 온천장역점,부산광역시 동래구 온천동 153-8,부산광역시 동래구 중앙대로 1523,1,,,,,,,,
카페051 온천장역점,부산광역시 동래구 온천동 153-8,부산광역시 동래구 중앙대로 1523,2,,,,,,,,
카페051 온천장역점,부산광역시 동래구 온천동 153-8,부산광역시 동래구 중앙대로 1523,3,,,,,,,,
카페051 온천장역점,부산광역시 동래구 온천동 153-8,부산광역시 동래구 중앙대로 1523,4,,,,,,,,
카페051 온천장역점,부산광역시 동래구 온천동 153-8,부산광역시 동래구 중앙대로 1523,5,,,,,,,,
카페051 온천장역점,부산광역시 동래구 온천동 153-8,부산광역시 동래구 중앙대로 1523,6,,,,,,,,
카페051 장전SK점,부산광역시 금정구 장전동 596-5,부산광역시 금정구 금강로 175,0,,,,,,,,
카페051 장전SK점,부산광역시 금정구 장전동 596-5,부산광역시 금정구 금강로 175,1,,,,,,,,
카페051 장전SK점,부산광역시 금정구 장전동 596-5,부산광역시 금정구 금강로 175,2,,,,,,,,
카페051 장전SK점,부산광역시 금정구 장전동 596-5,부산광역시 금정구 금강로 175,3,,,,,,,,
카페051 장전SK점,부산광역시 금정구 장전동 596-5,부산광역시 금정구 금강로 175,4,,,,,,,,
카페051 장전SK점,부산광역시 금정구 장전동 596-5,부산광역시 금정구 금강로 175,5,,,,,,,,
카페051 장전SK점,부산광역시 금정구 장전동 596-5,부산광역시 금정구 금강로 175,6,,,,,,,,
카페051두실점,부산광역시 금정구 구서동 654-45,부산광역시 금정구 금강로565번길 12,0,11:00,20:50,,,,,,
카페051두실점,부산광역시 금정구 구서동 654-45,부산광역시 금정구 금강로565번길 12,1,11:00,20:50,,,,,,
카페051두실점,부산광역시 금정구 구서동 654-45,부산광역시 금정구 금강로565번길 12,2,11:00,20:50,,,,,,
카페051두실점,부산광역시 금정구 구서동 654-45,부산광역시 금정구 금강로565번길 12,3,11:00,20:50,,,,,,
카페051두실점,부산광역시 금정구 구서동 654-45,부산광역시 금정구 금강로565번길 12,4,11:00,20:50,,,,,,
카페051두실점,부산광역시 금정구 구서동 654-45,부산광역시 금정구 금강로565번길 12,5,11:00,20:50,,,,,,
카페051두실점,부산광역시 금정구 구서동 654-45,부산광역시 금정구 금강로565번길 12,6,11:00,20:50,,,,,,
카페051부곡한신점,부산광역시 금정구 부곡동 235-13,부산광역시 금정구 중앙대로1685번길 19,0,8:00,19:00,,,,,,
카페051부곡한신점,부산광역시 금정구 부곡동 235-13,부산광역시 금정구 중앙대로1685번길 19,1,8:00,19:00,,,,,,
카페051부곡한신점,부산광역시 금정구 부곡동 235-13,부산광역시 금정구 중앙대로1685번길 19,2,8:00,19:00,,,,,,
카페051부곡한신점,부산광역시 금정구 부곡동 235-13,부산광역시 금정구 중앙대로1685번길 19,3,8:00,19:00,,,,,,
카페051부곡한신점,부산광역시 금정구 부곡동 235-13,부산광역시 금정구 중앙대로1685번길 19,4,8:00,19:00,,,,,,
카페051부곡한신점,부산광역시 금정구 부곡동 235-13,부산광역시 금정구 중앙대로1685번길 19,5,8:00,19:00,,,,,,
카페051부곡한신점,부산광역시 금정구 부곡동 235-13,부산광역시 금정구 중앙대로1685번길 19,6,8:00,19:00,,,,,,
카페16온스 동래역점,부산광역시 동래구 명륜동 533-49,부산광역시 동래구 명륜로129번길 49,0,8:00,0:00,,,,,,
카페16온스 동래역점,부산광역시 동래구 명륜동 533-49,부산광역시 동래구 명륜로129번길 49,1,8:00,0:00,,,,,,
카페16온스 동래역점,부산광역시 동래구 명륜동 533-49,부산광역시 동래구 명륜로129번길 49,2,8:00,0:00,,,,,,
카페16온스 동래역점,부산광역시 동래구 명륜동 533-49,부산광역시 동래구 명륜로129번길 49,3,8:00,0:00,,,,,,
카페16온스 동래역점,부산광역시 동래구 명륜동 533-49,부산광역시 동래구 명륜로129번길 49,4,8:00,0:00,,,,,,
카페16온스 동래역점,부산광역시 동래구 명륜동 533-49,부산광역시 동래구 명륜로129번길 49,5,8:00,0:00,,,,,,
카페16온스 동래역점,부산광역시 동래구 명륜동 533-49,부산광역시 동래구 명륜로129번길 49,6,8:00,0:00,,,,,,
카페16온스 미남점,부산광역시 동래구 온천동 1249-14,부산광역시 동래구 아시아드대로 227,0,,,,,,,,
카페16온스 미남점,부산광역시 동래구 온천동 1249-14,부산광역시 동래구 아시아드대로 227,1,,,,,,,,
카페16온스 미남점,부산광역시 동래구 온천동 1249-14,부산광역시 동래구 아시아드대로 227,2,,,,,,,,
카페16온스 미남점,부산광역시 동래구 온천동 1249-14,부산광역시 동래구 아시아드대로 227,3,,,,,,,,
카페16온스 미남점,부산광역시 동래구 온천동 1249-14,부산광역시 동래구 아시아드대로 227,4,,,,,,,,
카페16온스 미남점,부산광역시 동래구 온천동 1249-14,부산광역시 동래구 아시아드대로 227,5,,,,,,,,
카페16온스 미남점,부산광역시 동래구 온천동 1249-14,부산광역시 동래구 아시아드대로 227,6,,,,,,,,
카페16온스 부산대역점,부산광역시 금정구 장전동 302-22,부산광역시 금정구 금정로60번길 14,0,8:00,1:00,,,,,,
카페16온스 부산대역점,부산광역시 금정구 장전동 302-22,부산광역시 금정구 금정로60번길 14,1,8:00,1:00,,,,,,
카페16온스 부산대역점,부산광역시 금정구 장전동 302-22,부산광역시 금정구 금정로60번길 14,2,8:00,1:00,,,,,,
카페16온스 부산대역점,부산광역시 금정구 장전동 302-22,부산광역시 금정구 금정로60번길 14,3,8:00,1:00,,,,,,
카페16온스 부산대역점,부산광역시 금정구 장전동 302-22,부산광역시 금정구 금정로60번길 14,4,8:00,1:00,,,,,,
카페16온스 부산대역점,부산광역시 금정구 장전동 302-22,부산광역시 금정구 금정로60번길 14,5,8:00,1:00,,,,,,
카페16온스 부산대역점,부산광역시 금정구 장전동 302-22,부산광역시 금정구 금정로60번길 14,6,8:00,1:00,,,,,,
카페16온스 부산대정문점,부산광역시 금정구 장전동 400-61,부산광역시 금정구 부산대학로 63,0,,,,,,,,
카페16온스 부산대정문점,부산광역시 금정구 장전동 400-61,부산광역시 금정구 부산대학로 63,1,,,,,,,,
카페16온스 부산대정문점,부산광역시 금정구 장전동 400-61,부산광역시 금정구 부산대학로 63,2,,,,,,,,
카페16온스 부산대정문점,부산광역시 금정구 장전동 400-61,부산광역시 금정구 부산대학로 63,3,,,,,,,,
카페16온스 부산대정문점,부산광역시 금정구 장전동 400-61,부산광역시 금정구 부산대학로 63,4,,,,,,,,
카페16온스 부산대정문점,부산광역시 금정구 장전동 400-61,부산광역시 금정구 부산대학로 63,5,,,,,,,,
카페16온스 부산대정문점,부산광역시 금정구 장전동 400-61,부산광역시 금정구 부산대학로 63,6,,,,,,,,
카페16온스 사직리센티아점,부산광역시 동래구 온천동 1521-2,부산광역시 동래구 아시아드대로195번길 62,0,,,,,,,,
카페16온스 사직리센티아점,부산광역시 동래구 온천동 1521-2,부산광역시 동래구 아시아드대로195번길 62,1,,,,,,,,
카페16온스 사직리센티아점,부산광역시 동래구 온천동 1521-2,부산광역시 동래구 아시아드대로195번길 62,2,,,,,,,,
카페16온스 사직리센티아점,부산광역시 동래구 온천동 1521-2,부산광역시 동래구 아시아드대로195번길 62,3,,,,,,,,
카페16온스 사직리센티아점,부산광역시 동래구 온천동 1521-2,부산광역시 동래구 아시아드대로195번길 62,4,,,,,,,,
카페16온스 사직리센티아점,부산광역시 동래구 온천동 1521-2,부산광역시 동래구 아시아드대로195번길 62,5,,,,,,,,
카페16온스 사직리센티아점,부산광역시 동래구 온천동 1521-2,부산광역시 동래구 아시아드대로195번길 62,6,,,,,,,,
카페16온스부산대역점,부산광역시 금정구 장전동 293-117,부산광역시 금정구 금정로60번길 39,0,,,,,,,,
카페16온스부산대역점,부산광역시 금정구 장전동 293-117,부산광역시 금정구 금정로60번길 39,1,,,,,,,,
카페16온스부산대역점,부산광역시 금정구 장전동 293-117,부산광역시 금정구 금정로60번길 39,2,,,,,,,,
카페16온스부산대역점,부산광역시 금정구 장전동 293-117,부산광역시 금정구 금정로60번길 39,3,,,,,,,,
카페16온스부산대역점,부산광역시 금정구 장전동 293-117,부산광역시 금정구 금정로60번길 39,4,,,,,,,,
카페16온스부산대역점,부산광역시 금정구 장전동 293-117,부산광역시 금정구 금정로60번길 39,5,,,,,,,,
카페16온스부산대역점,부산광역시 금정구 장전동 293-117,부산광역시 금정구 금정로60번길 39,6,,,,,,,,
카페C-three,부산광역시 금정구 장전동 613-14,부산광역시 금정구 식물원로39번길 15,0,,,,,,,,
카페C-three,부산광역시 금정구 장전동 613-14,부산광역시 금정구 식물원로39번길 15,1,,,,,,,,
카페C-three,부산광역시 금정구 장전동 613-14,부산광역시 금정구 식물원로39번길 15,2,,,,,,,,
카페C-three,부산광역시 금정구 장전동 613-14,부산광역시 금정구 식물원로39번길 15,3,,,,,,,,
카페C-three,부산광역시 금정구 장전동 613-14,부산광역시 금정구 식물원로39번길 15,4,,,,,,,,
카페C-three,부산광역시 금정구 장전동 613-14,부산광역시 금정구 식물원로39번길 15,5,,,,,,,,
카페C-three,부산광역시 금정구 장전동 613-14,부산광역시 금정구 식물원로39번길 15,6,,,,,,,,
카페Ri카페리,부산광역시 동래구 명륜동 644-10,부산광역시 동래구 동래로79번길 11,0,,,,TRUE,,,,
카페Ri카페리,부산광역시 동래구 명륜동 644-10,부산광역시 동래구 동래로79번길 11,1,10:30,16:00,,,,,,
카페Ri카페리,부산광역시 동래구 명륜동 644-10,부산광역시 동래구 동래로79번길 11,2,10:30,16:00,,,,,,
카페Ri카페리,부산광역시 동래구 명륜동 644-10,부산광역시 동래구 동래로79번길 11,3,10:30,16:00,,,,,,
카페Ri카페리,부산광역시 동래구 명륜동 644-10,부산광역시 동래구 동래로79번길 11,4,10:30,16:00,,,,,,
카페Ri카페리,부산광역시 동래구 명륜동 644-10,부산광역시 동래구 동래로79번길 11,5,10:30,16:00,,,,,,
카페Ri카페리,부산광역시 동래구 명륜동 644-10,부산광역시 동래구 동래로79번길 11,6,10:30,16:00,,,,,,
카페게더 롯데동래점,부산광역시 동래구 온천동 502-3,부산광역시 동래구 중앙대로 1393,0,,,,,,,,
카페게더 롯데동래점,부산광역시 동래구 온천동 502-3,부산광역시 동래구 중앙대로 1393,1,,,,,,,,
카페게더 롯데동래점,부산광역시 동래구 온천동 502-3,부산광역시 동래구 중앙대로 1393,2,,,,,,,,
카페게더 롯데동래점,부산광역시 동래구 온천동 502-3,부산광역시 동래구 중앙대로 1393,3,,,,,,,,
카페게더 롯데동래점,부산광역시 동래구 온천동 502-3,부산광역시 동래구 중앙대로 1393,4,,,,,,,,
카페게더 롯데동래점,부산광역시 동래구 온천동 502-3,부산광역시 동래구 중앙대로 1393,5,,,,,,,,
카페게더 롯데동래점,부산광역시 동래구 온천동 502-3,부산광역시 동래구 중앙대로 1393,6,,,,,,,,
카페구청,부산광역시 금정구 부곡동 78,부산광역시 금정구 중앙대로 1777,0,,,,,,,,
카페구청,부산광역시 금정구 부곡동 78,부산광역시 금정구 중앙대로 1777,1,,,,,,,,
카페구청,부산광역시 금정구 부곡동 78,부산광역시 금정구 중앙대로 1777,2,,,,,,,,
카페구청,부산광역시 금정구 부곡동 78,부산광역시 금정구 중앙대로 1777,3,,,,,,,,
카페구청,부산광역시 금정구 부곡동 78,부산광역시 금정구 중앙대로 1777,4,,,,,,,,
카페구청,부산광역시 금정구 부곡동 78,부산광역시 금정구 중앙대로 1777,5,,,,,,,,
카페구청,부산광역시 금정구 부곡동 78,부산광역시 금정구 중앙대로 1777,6,,,,,,,,
카페그라운드,부산광역시 금정구 장전동 409-26,부산광역시 금정구 금강로 271-38,0,10:00,2:00,,,,,,
카페그라운드,부산광역시 금정구 장전동 409-26,부산광역시 금정구 금강로 271-38,1,10:00,2:00,,,,,,
카페그라운드,부산광역시 금정구 장전동 409-26,부산광역시 금정구 금강로 271-38,2,10:00,2:00,,,,,,
카페그라운드,부산광역시 금정구 장전동 409-26,부산광역시 금정구 금강로 271-38,3,10:00,2:00,,,,,,
카페그라운드,부산광역시 금정구 장전동 409-26,부산광역시 금정구 금강로 271-38,4,10:00,2:00,,,,,,
카페그라운드,부산광역시 금정구 장전동 409-26,부산광역시 금정구 금강로 271-38,5,10:00,2:00,,,,,,
카페그라운드,부산광역시 금정구 장전동 409-26,부산광역시 금정구 금강로 271-38,6,10:00,2:00,,,,,,
카페노리,부산광역시 금정구 부곡동 296-15,부산광역시 금정구 부곡로 121,0,,,,,,,,
카페노리,부산광역시 금정구 부곡동 296-15,부산광역시 금정구 부곡로 121,1,,,,,,,,
카페노리,부산광역시 금정구 부곡동 296-15,부산광역시 금정구 부곡로 121,2,,,,,,,,
카페노리,부산광역시 금정구 부곡동 296-15,부산광역시 금정구 부곡로 121,3,,,,,,,,
카페노리,부산광역시 금정구 부곡동 296-15,부산광역시 금정구 부곡로 121,4,,,,,,,,
카페노리,부산광역시 금정구 부곡동 296-15,부산광역시 금정구 부곡로 121,5,,,,,,,,
카페노리,부산광역시 금정구 부곡동 296-15,부산광역시 금정구 부곡로 121,6,,,,,,,,
카페누베,부산광역시 금정구 장전동 417-20,부산광역시 금정구 금정로 85-10,0,12:00,22:00,21:00,,,,,
카페누베,부산광역시 금정구 장전동 417-20,부산광역시 금정구 금정로 85-10,1,,,,TRUE,,,,
카페누베,부산광역시 금정구 장전동 417-20,부산광역시 금정구 금정로 85-10,2,12:00,22:00,21:00,,,,,
카페누베,부산광역시 금정구 장전동 417-20,부산광역시 금정구 금정로 85-10,3,12:00,22:00,21:00,,,,,
카페누베,부산광역시 금정구 장전동 417-20,부산광역시 금정구 금정로 85-10,4,12:00,22:00,21:00,,,,,
카페누베,부산광역시 금정구 장전동 417-20,부산광역시 금정구 금정로 85-10,5,12:00,22:00,21:00,,,,,
카페누베,부산광역시 금정구 장전동 417-20,부산광역시 금정구 금정로 85-10,6,12:00,22:00,21:00,,,,,
카페니모,부산광역시 금정구 장전동 608-1,부산광역시 금정구 금정로 17,0,8:00,20:00,,,,,,
카페니모,부산광역시 금정구 장전동 608-1,부산광역시 금정구 금정로 17,1,8:00,20:00,,,,,,
카페니모,부산광역시 금정구 장전동 608-1,부산광역시 금정구 금정로 17,2,8:00,20:00,,,,,,
카페니모,부산광역시 금정구 장전동 608-1,부산광역시 금정구 금정로 17,3,8:00,20:00,,,,,,
카페니모,부산광역시 금정구 장전동 608-1,부산광역시 금정구 금정로 17,4,8:00,20:00,,,,,,
카페니모,부산광역시 금정구 장전동 608-1,부산광역시 금정구 금정로 17,5,8:00,20:00,,,,,,
카페니모,부산광역시 금정구 장전동 608-1,부산광역시 금정구 금정로 17,6,8:00,20:00,,,,,,
카페단백찜질,부산광역시 금정구 부곡동 889-35,부산광역시 금정구 부곡로 5,0,,,,,,,,
카페단백찜질,부산광역시 금정구 부곡동 889-35,부산광역시 금정구 부곡로 5,1,,,,,,,,
카페단백찜질,부산광역시 금정구 부곡동 889-35,부산광역시 금정구 부곡로 5,2,,,,,,,,
카페단백찜질,부산광역시 금정구 부곡동 889-35,부산광역시 금정구 부곡로 5,3,,,,,,,,
카페단백찜질,부산광역시 금정구 부곡동 889-35,부산광역시 금정구 부곡로 5,4,,,,,,,,
카페단백찜질,부산광역시 금정구 부곡동 889-35,부산광역시 금정구 부곡로 5,5,,,,,,,,
카페단백찜질,부산광역시 금정구 부곡동 889-35,부산광역시 금정구 부곡로 5,6,,,,,,,,
카페더브,부산광역시 금정구 장전동 400-29,부산광역시 금정구 금강로 255-6,0,11:00,21:00,,,,,,
카페더브,부산광역시 금정구 장전동 400-29,부산광역시 금정구 금강로 255-6,1,,,,TRUE,,,,
카페더브,부산광역시 금정구 장전동 400-29,부산광역시 금정구 금강로 255-6,2,11:00,21:00,,,,,,
카페더브,부산광역시 금정구 장전동 400-29,부산광역시 금정구 금강로 255-6,3,11:00,21:00,,,,,,
카페더브,부산광역시 금정구 장전동 400-29,부산광역시 금정구 금강로 255-6,4,11:00,21:00,,,,,,
카페더브,부산광역시 금정구 장전동 400-29,부산광역시 금정구 금강로 255-6,5,11:00,21:00,,,,,,
카페더브,부산광역시 금정구 장전동 400-29,부산광역시 금정구 금강로 255-6,6,11:00,21:00,,,,,,
카페두오모 구서점,부산광역시 금정구 구서동 655,부산광역시 금정구 금강로565번길 11,0,,,,,,,,
카페두오모 구서점,부산광역시 금정구 구서동 655,부산광역시 금정구 금강로565번길 11,1,,,,,,,,
카페두오모 구서점,부산광역시 금정구 구서동 655,부산광역시 금정구 금강로565번길 11,2,,,,,,,,
카페두오모 구서점,부산광역시 금정구 구서동 655,부산광역시 금정구 금강로565번길 11,3,,,,,,,,
카페두오모 구서점,부산광역시 금정구 구서동 655,부산광역시 금정구 금강로565번길 11,4,,,,,,,,
카페두오모 구서점,부산광역시 금정구 구서동 655,부산광역시 금정구 금강로565번길 11,5,,,,,,,,
카페두오모 구서점,부산광역시 금정구 구서동 655,부산광역시 금정구 금강로565번길 11,6,,,,,,,,
카페드팽,부산광역시 금정구 장전동 424-3,부산광역시 금정구 금강로 247-7,0,10:00,23:00,22:45,,,,,
카페드팽,부산광역시 금정구 장전동 424-3,부산광역시 금정구 금강로 247-7,1,10:00,23:00,22:45,,,,,
카페드팽,부산광역시 금정구 장전동 424-3,부산광역시 금정구 금강로 247-7,2,10:00,23:00,22:45,,,,,
카페드팽,부산광역시 금정구 장전동 424-3,부산광역시 금정구 금강로 247-7,3,10:00,23:00,22:45,,,,,
카페드팽,부산광역시 금정구 장전동 424-3,부산광역시 금정구 금강로 247-7,4,10:00,23:00,22:45,,,,,
카페드팽,부산광역시 금정구 장전동 424-3,부산광역시 금정구 금강로 247-7,5,10:00,23:00,22:45,,,,,
카페드팽,부산광역시 금정구 장전동 424-3,부산광역시 금정구 금강로 247-7,6,10:00,23:00,22:45,,,,,
카페디앤드 동래SK3차점,부산광역시 동래구 온천동 1850,부산광역시 동래구 온천장로65번길 9,0,,,,,,,,
카페디앤드 동래SK3차점,부산광역시 동래구 온천동 1850,부산광역시 동래구 온천장로65번길 9,1,,,,,,,,
카페디앤드 동래SK3차점,부산광역시 동래구 온천동 1850,부산광역시 동래구 온천장로65번길 9,2,,,,,,,,
카페디앤드 동래SK3차점,부산광역시 동래구 온천동 1850,부산광역시 동래구 온천장로65번길 9,3,,,,,,,,
카페디앤드 동래SK3차점,부산광역시 동래구 온천동 1850,부산광역시 동래구 온천장로65번길 9,4,,,,,,,,
카페디앤드 동래SK3차점,부산광역시 동래구 온천동 1850,부산광역시 동래구 온천장로65번길 9,5,,,,,,,,
카페디앤드 동래SK3차점,부산광역시 동래구 온천동 1850,부산광역시 동래구 온천장로65번길 9,6,,,,,,,,
카페 띵크아웃라우드,부산광역시 금정구 구서동 158-20,부산광역시 금정구 금강로 582,0,8:00,21:00,,,,,,
카페 띵크아웃라우드,부산광역시 금정구 구서동 158-20,부산광역시 금정구 금강로 582,1,8:00,21:00,,,,,,
카페 띵크아웃라우드,부산광역시 금정구 구서동 158-20,부산광역시 금정구 금강로 582,2,8:00,21:00,,,,,,
카페 띵크아웃라우드,부산광역시 금정구 구서동 158-20,부산광역시 금정구 금강로 582,3,8:00,21:00,,,,,,
카페 띵크아웃라우드,부산광역시 금정구 구서동 158-20,부산광역시 금정구 금강로 582,4,8:00,21:00,,,,,,
카페 띵크아웃라우드,부산광역시 금정구 구서동 158-20,부산광역시 금정구 금강로 582,5,8:00,21:00,,,,,,
카페 띵크아웃라우드,부산광역시 금정구 구서동 158-20,부산광역시 금정구 금강로 582,6,8:00,21:00,,,,,,
카페라보엠,부산광역시 금정구 부곡동 235-20,부산광역시 금정구 중앙대로1685번길 31,0,,,,TRUE,,,,
카페라보엠,부산광역시 금정구 부곡동 235-20,부산광역시 금정구 중앙대로1685번길 31,1,11:00,22:00,,,,,,
카페라보엠,부산광역시 금정구 부곡동 235-20,부산광역시 금정구 중앙대로1685번길 31,2,11:00,22:00,,,,,,
카페라보엠,부산광역시 금정구 부곡동 235-20,부산광역시 금정구 중앙대로1685번길 31,3,11:00,22:00,,,,,,
카페라보엠,부산광역시 금정구 부곡동 235-20,부산광역시 금정구 중앙대로1685번길 31,4,11:00,22:00,,,,,,
카페라보엠,부산광역시 금정구 부곡동 235-20,부산광역시 금정구 중앙대로1685번길 31,5,11:00,22:00,,,,,,
카페라보엠,부산광역시 금정구 부곡동 235-20,부산광역시 금정구 중앙대로1685번길 31,6,15:00,22:00,,,,,,
카페로온,부산광역시 동래구 명륜동 433-15,부산광역시 동래구 충렬대로 219,0,,,,TRUE,,,,
카페로온,부산광역시 동래구 명륜동 433-15,부산광역시 동래구 충렬대로 219,1,8:00,20:00,,,,,,
카페로온,부산광역시 동래구 명륜동 433-15,부산광역시 동래구 충렬대로 219,2,8:00,20:00,,,,,,
카페로온,부산광역시 동래구 명륜동 433-15,부산광역시 동래구 충렬대로 219,3,8:00,20:00,,,,,,
카페로온,부산광역시 동래구 명륜동 433-15,부산광역시 동래구 충렬대로 219,4,8:00,20:00,,,,,,
카페로온,부산광역시 동래구 명륜동 433-15,부산광역시 동래구 충렬대로 219,5,8:00,20:00,,,,,,
카페로온,부산광역시 동래구 명륜동 433-15,부산광역시 동래구 충렬대로 219,6,8:00,20:00,,,,,,
카페로지크,부산광역시 동래구 명륜동 702-6,부산광역시 동래구 온천천로 73,0,,,,,,,,
카페로지크,부산광역시 동래구 명륜동 702-6,부산광역시 동래구 온천천로 73,1,,,,,,,,
카페로지크,부산광역시 동래구 명륜동 702-6,부산광역시 동래구 온천천로 73,2,,,,,,,,
카페로지크,부산광역시 동래구 명륜동 702-6,부산광역시 동래구 온천천로 73,3,,,,,,,,
카페로지크,부산광역시 동래구 명륜동 702-6,부산광역시 동래구 온천천로 73,4,,,,,,,,
카페로지크,부산광역시 동래구 명륜동 702-6,부산광역시 동래구 온천천로 73,5,,,,,,,,
카페로지크,부산광역시 동래구 명륜동 702-6,부산광역시 동래구 온천천로 73,6,,,,,,,,
카페멜랑즈 CafeMelange,부산광역시 금정구 구서동 1059,부산광역시 금정구 수림로72번길 163,0,8:00,22:00,,,,,,
카페멜랑즈 CafeMelange,부산광역시 금정구 구서동 1059,부산광역시 금정구 수림로72번길 163,1,8:00,22:00,,,,,,
카페멜랑즈 CafeMelange,부산광역시 금정구 구서동 1059,부산광역시 금정구 수림로72번길 163,2,8:00,22:00,,,,,,
카페멜랑즈 CafeMelange,부산광역시 금정구 구서동 1059,부산광역시 금정구 수림로72번길 163,3,8:00,22:00,,,,,,
카페멜랑즈 CafeMelange,부산광역시 금정구 구서동 1059,부산광역시 금정구 수림로72번길 163,4,8:00,22:00,,,,,,
카페멜랑즈 CafeMelange,부산광역시 금정구 구서동 1059,부산광역시 금정구 수림로72번길 163,5,8:00,22:00,,,,,,
카페멜랑즈 CafeMelange,부산광역시 금정구 구서동 1059,부산광역시 금정구 수림로72번길 163,6,8:00,22:00,,,,,,
카페몰리 부산점,부산광역시 동래구 온천동 502-3,부산광역시 동래구 중앙대로 1393,0,,,,,,,,
카페몰리 부산점,부산광역시 동래구 온천동 502-3,부산광역시 동래구 중앙대로 1393,1,,,,,,,,
카페몰리 부산점,부산광역시 동래구 온천동 502-3,부산광역시 동래구 중앙대로 1393,2,,,,,,,,
카페몰리 부산점,부산광역시 동래구 온천동 502-3,부산광역시 동래구 중앙대로 1393,3,,,,,,,,
카페몰리 부산점,부산광역시 동래구 온천동 502-3,부산광역시 동래구 중앙대로 1393,4,,,,,,,,
카페몰리 부산점,부산광역시 동래구 온천동 502-3,부산광역시 동래구 중앙대로 1393,5,,,,,,,,
카페몰리 부산점,부산광역시 동래구 온천동 502-3,부산광역시 동래구 중앙대로 1393,6,,,,,,,,
카페미유,부산광역시 동래구 온천동 1582-2,부산광역시 동래구 쇠미로 152-1,0,,,,,,,,
카페미유,부산광역시 동래구 온천동 1582-2,부산광역시 동래구 쇠미로 152-1,1,,,,,,,,
카페미유,부산광역시 동래구 온천동 1582-2,부산광역시 동래구 쇠미로 152-1,2,,,,,,,,
카페미유,부산광역시 동래구 온천동 1582-2,부산광역시 동래구 쇠미로 152-1,3,,,,,,,,
카페미유,부산광역시 동래구 온천동 1582-2,부산광역시 동래구 쇠미로 152-1,4,,,,,,,,
카페미유,부산광역시 동래구 온천동 1582-2,부산광역시 동래구 쇠미로 152-1,5,,,,,,,,
카페미유,부산광역시 동래구 온천동 1582-2,부산광역시 동래구 쇠미로 152-1,6,,,,,,,,
카페봄봄 장전점,부산광역시 금정구 장전동 211-5,부산광역시 금정구 금정로 151,0,,,,,,,,
카페봄봄 장전점,부산광역시 금정구 장전동 211-5,부산광역시 금정구 금정로 151,1,,,,,,,,
카페봄봄 장전점,부산광역시 금정구 장전동 211-5,부산광역시 금정구 금정로 151,2,,,,,,,,
카페봄봄 장전점,부산광역시 금정구 장전동 211-5,부산광역시 금정구 금정로 151,3,,,,,,,,
카페봄봄 장전점,부산광역시 금정구 장전동 211-5,부산광역시 금정구 금정로 151,4,,,,,,,,
카페봄봄 장전점,부산광역시 금정구 장전동 211-5,부산광역시 금정구 금정로 151,5,,,,,,,,
카페봄봄 장전점,부산광역시 금정구 장전동 211-5,부산광역시 금정구 금정로 151,6,,,,,,,,
카페부곡,부산광역시 금정구 부곡동 285-8,부산광역시 금정구 동부곡로15번길 38,0,12:00,21:00,,,,,,
카페부곡,부산광역시 금정구 부곡동 285-8,부산광역시 금정구 동부곡로15번길 38,1,12:00,21:00,,,,,,
카페부곡,부산광역시 금정구 부곡동 285-8,부산광역시 금정구 동부곡로15번길 38,2,,,,TRUE,,,,
카페부곡,부산광역시 금정구 부곡동 285-8,부산광역시 금정구 동부곡로15번길 38,3,12:00,21:00,,,,,,
카페부곡,부산광역시 금정구 부곡동 285-8,부산광역시 금정구 동부곡로15번길 38,4,12:00,21:00,,,,,,
카페부곡,부산광역시 금정구 부곡동 285-8,부산광역시 금정구 동부곡로15번길 38,5,12:00,21:00,,,,,,
카페부곡,부산광역시 금정구 부곡동 285-8,부산광역시 금정구 동부곡로15번길 38,6,12:00,21:00,,,,,,
카페산책,부산광역시 동래구 온천동 208-10,부산광역시 동래구 금강공원로 51-1,0,,,,,,,,
카페산책,부산광역시 동래구 온천동 208-10,부산광역시 동래구 금강공원로 51-1,1,,,,,,,,
카페산책,부산광역시 동래구 온천동 208-10,부산광역시 동래구 금강공원로 51-1,2,,,,,,,,
카페산책,부산광역시 동래구 온천동 208-10,부산광역시 동래구 금강공원로 51-1,3,,,,,,,,
카페산책,부산광역시 동래구 온천동 208-10,부산광역시 동래구 금강공원로 51-1,4,,,,,,,,
카페산책,부산광역시 동래구 온천동 208-10,부산광역시 동래구 금강공원로 51-1,5,,,,,,,,
카페산책,부산광역시 동래구 온천동 208-10,부산광역시 동래구 금강공원로 51-1,6,,,,,,,,
카페서하,부산광역시 금정구 장전동 90-9,부산광역시 금정구 금샘로 221,0,12:00,22:00,21:30,,,,,
카페서하,부산광역시 금정구 장전동 90-9,부산광역시 금정구 금샘로 221,1,12:00,22:00,21:30,,,,,
카페서하,부산광역시 금정구 장전동 90-9,부산광역시 금정구 금샘로 221,2,12:00,22:00,21:30,,,,,
카페서하,부산광역시 금정구 장전동 90-9,부산광역시 금정구 금샘로 221,3,12:00,22:00,21:30,,,,,
카페서하,부산광역시 금정구 장전동 90-9,부산광역시 금정구 금샘로 221,4,12:00,22:00,21:30,,,,,
카페서하,부산광역시 금정구 장전동 90-9,부산광역시 금정구 금샘로 221,5,12:00,22:00,21:30,,,,,
카페서하,부산광역시 금정구 장전동 90-9,부산광역시 금정구 금샘로 221,6,12:00,22:00,21:30,,,,,
카페아담,부산광역시 금정구 장전동 103-29,부산광역시 금정구 수림로72번길 26,0,9:00,16:00,,,,,,
카페아담,부산광역시 금정구 장전동 103-29,부산광역시 금정구 수림로72번길 26,1,9:00,16:00,,,,,,
카페아담,부산광역시 금정구 장전동 103-29,부산광역시 금정구 수림로72번길 26,2,9:00,22:00,,,,,,
카페아담,부산광역시 금정구 장전동 103-29,부산광역시 금정구 수림로72번길 26,3,9:00,22:00,,,,,,
카페아담,부산광역시 금정구 장전동 103-29,부산광역시 금정구 수림로72번길 26,4,9:00,22:00,,,,,,
카페아담,부산광역시 금정구 장전동 103-29,부산광역시 금정구 수림로72번길 26,5,9:00,22:00,,,,,,
카페아담,부산광역시 금정구 장전동 103-29,부산광역시 금정구 수림로72번길 26,6,9:00,22:00,,,,,,
카페아리티,부산광역시 금정구 장전동 232-36,부산광역시 금정구 금강로 310,0,12:00,19:30,,,,,,
카페아리티,부산광역시 금정구 장전동 232-36,부산광역시 금정구 금강로 310,1,12:00,19:30,,,,,,
카페아리티,부산광역시 금정구 장전동 232-36,부산광역시 금정구 금강로 310,2,12:00,19:30,,,,,,
카페아리티,부산광역시 금정구 장전동 232-36,부산광역시 금정구 금강로 310,3,,,,TRUE,,,,
카페아리티,부산광역시 금정구 장전동 232-36,부산광역시 금정구 금강로 310,4,12:00,19:30,,,,,,
카페아리티,부산광역시 금정구 장전동 232-36,부산광역시 금정구 금강로 310,5,12:00,19:30,,,,,,
카페아리티,부산광역시 금정구 장전동 232-36,부산광역시 금정구 금강로 310,6,12:00,19:30,,,,,,
카페아페,부산광역시 금정구 구서동 471-21,부산광역시 금정구 금강로391번길 6,0,8:00,18:00,,,,,,
카페아페,부산광역시 금정구 구서동 471-21,부산광역시 금정구 금강로391번길 6,1,8:00,18:00,,,,,,
카페아페,부산광역시 금정구 구서동 471-21,부산광역시 금정구 금강로391번길 6,2,8:00,18:00,,,,,,
카페아페,부산광역시 금정구 구서동 471-21,부산광역시 금정구 금강로391번길 6,3,8:00,18:00,,,,,,
카페아페,부산광역시 금정구 구서동 471-21,부산광역시 금정구 금강로391번길 6,4,8:00,18:00,,,,,,
카페아페,부산광역시 금정구 구서동 471-21,부산광역시 금정구 금강로391번길 6,5,8:00,18:00,,,,,,
카페아페,부산광역시 금정구 구서동 471-21,부산광역시 금정구 금강로391번길 6,6,8:00,18:00,,,,,,
카페여기서,부산광역시 동래구 온천동 1459-37,부산광역시 동래구 여고북로 169,0,,,,,,,,
카페여기서,부산광역시 동래구 온천동 1459-37,부산광역시 동래구 여고북로 169,1,,,,,,,,
카페여기서,부산광역시 동래구 온천동 1459-37,부산광역시 동래구 여고북로 169,2,,,,,,,,
카페여기서,부산광역시 동래구 온천동 1459-37,부산광역시 동래구 여고북로 169,3,,,,,,,,
카페여기서,부산광역시 동래구 온천동 1459-37,부산광역시 동래구 여고북로 169,4,,,,,,,,
카페여기서,부산광역시 동래구 온천동 1459-37,부산광역시 동래구 여고북로 169,5,,,,,,,,
카페여기서,부산광역시 동래구 온천동 1459-37,부산광역시 동래구 여고북로 169,6,,,,,,,,
카페요아정 동래점,부산광역시 동래구 명륜동 796,부산광역시 동래구 명륜로139번길 22,0,,,,,,,,
카페요아정 동래점,부산광역시 동래구 명륜동 796,부산광역시 동래구 명륜로139번길 22,1,,,,,,,,
카페요아정 동래점,부산광역시 동래구 명륜동 796,부산광역시 동래구 명륜로139번길 22,2,,,,,,,,
카페요아정 동래점,부산광역시 동래구 명륜동 796,부산광역시 동래구 명륜로139번길 22,3,,,,,,,,
카페요아정 동래점,부산광역시 동래구 명륜동 796,부산광역시 동래구 명륜로139번길 22,4,,,,,,,,
카페요아정 동래점,부산광역시 동래구 명륜동 796,부산광역시 동래구 명륜로139번길 22,5,,,,,,,,
카페요아정 동래점,부산광역시 동래구 명륜동 796,부산광역시 동래구 명륜로139번길 22,6,,,,,,,,
카페유니,부산광역시 동래구 명륜동 680-4,부산광역시 동래구 동래로 67-2,0,11:00,21:30,,,,,,
카페유니,부산광역시 동래구 명륜동 680-4,부산광역시 동래구 동래로 67-2,1,11:00,21:30,,,,,,
카페유니,부산광역시 동래구 명륜동 680-4,부산광역시 동래구 동래로 67-2,2,11:00,21:30,,,,,,
카페유니,부산광역시 동래구 명륜동 680-4,부산광역시 동래구 동래로 67-2,3,11:00,21:30,,,,,,
카페유니,부산광역시 동래구 명륜동 680-4,부산광역시 동래구 동래로 67-2,4,11:00,21:30,,,,,,
카페유니,부산광역시 동래구 명륜동 680-4,부산광역시 동래구 동래로 67-2,5,11:00,21:30,,,,,,
카페유니,부산광역시 동래구 명륜동 680-4,부산광역시 동래구 동래로 67-2,6,11:00,21:30,,,,,,
카페이마고,부산광역시 금정구 구서동 183-2,부산광역시 금정구 중앙대로 1920,0,,,,TRUE,,,,
카페이마고,부산광역시 금정구 구서동 183-2,부산광역시 금정구 중앙대로 1920,1,9:00,20:00,,,,,,
카페이마고,부산광역시 금정구 구서동 183-2,부산광역시 금정구 중앙대로 1920,2,9:00,20:00,,,,,,
카페이마고,부산광역시 금정구 구서동 183-2,부산광역시 금정구 중앙대로 1920,3,9:00,20:00,,,,,,
카페이마고,부산광역시 금정구 구서동 183-2,부산광역시 금정구 중앙대로 1920,4,9:00,20:00,,,,,,
카페이마고,부산광역시 금정구 구서동 183-2,부산광역시 금정구 중앙대로 1920,5,9:00,20:00,,,,,,
카페이마고,부산광역시 금정구 구서동 183-2,부산광역시 금정구 중앙대로 1920,6,9:00,19:00,,,,,,
카페이안에,부산광역시 금정구 구서동 1032-3,부산광역시 금정구 금샘로 361,0,,,,,,,,
카페이안에,부산광역시 금정구 구서동 1032-3,부산광역시 금정구 금샘로 361,1,,,,,,,,
카페이안에,부산광역시 금정구 구서동 1032-3,부산광역시 금정구 금샘로 361,2,,,,,,,,
카페이안에,부산광역시 금정구 구서동 1032-3,부산광역시 금정구 금샘로 361,3,,,,,,,,
카페이안에,부산광역시 금정구 구서동 1032-3,부산광역시 금정구 금샘로 361,4,,,,,,,,
카페이안에,부산광역시 금정구 구서동 1032-3,부산광역시 금정구 금샘로 361,5,,,,,,,,
카페이안에,부산광역시 금정구 구서동 1032-3,부산광역시 금정구 금샘로 361,6,,,,,,,,
카페이음,부산광역시 금정구 부곡동 720-6,부산광역시 금정구 동현로 60,0,15:00,2:00,,,,,,
카페이음,부산광역시 금정구 부곡동 720-6,부산광역시 금정구 동현로 60,1,15:00,2:00,,,,,,
카페이음,부산광역시 금정구 부곡동 720-6,부산광역시 금정구 동현로 60,2,15:00,2:00,,,,,,
카페이음,부산광역시 금정구 부곡동 720-6,부산광역시 금정구 동현로 60,3,15:00,2:00,,,,,,
카페이음,부산광역시 금정구 부곡동 720-6,부산광역시 금정구 동현로 60,4,15:00,2:00,,,,,,
카페이음,부산광역시 금정구 부곡동 720-6,부산광역시 금정구 동현로 60,5,15:00,2:00,,,,,,
카페이음,부산광역시 금정구 부곡동 720-6,부산광역시 금정구 동현로 60,6,15:00,2:00,,,,,,
카페인더문 부산대점,부산광역시 금정구 장전동 293-129,부산광역시 금정구 금정로60번길 38,0,10:00,2:00,,,,,,
카페인더문 부산대점,부산광역시 금정구 장전동 293-129,부산광역시 금정구 금정로60번길 38,1,10:00,2:00,,,,,,
카페인더문 부산대점,부산광역시 금정구 장전동 293-129,부산광역시 금정구 금정로60번길 38,2,10:00,2:00,,,,,,
카페인더문 부산대점,부산광역시 금정구 장전동 293-129,부산광역시 금정구 금정로60번길 38,3,10:00,2:00,,,,,,
카페인더문 부산대점,부산광역시 금정구 장전동 293-129,부산광역시 금정구 금정로60번길 38,4,10:00,2:00,,,,,,
카페인더문 부산대점,부산광역시 금정구 장전동 293-129,부산광역시 금정구 금정로60번길 38,5,10:00,2:00,,,,,,
카페인더문 부산대점,부산광역시 금정구 장전동 293-129,부산광역시 금정구 금정로60번길 38,6,10:00,2:00,,,,,,
카페일쁘로푸모,부산광역시 금정구 장전동 409-30,부산광역시 금정구 부산대학로64번길 24,0,,,,,,,,
카페일쁘로푸모,부산광역시 금정구 장전동 409-30,부산광역시 금정구 부산대학로64번길 24,1,,,,,,,,
카페일쁘로푸모,부산광역시 금정구 장전동 409-30,부산광역시 금정구 부산대학로64번길 24,2,,,,,,,,
카페일쁘로푸모,부산광역시 금정구 장전동 409-30,부산광역시 금정구 부산대학로64번길 24,3,,,,,,,,
카페일쁘로푸모,부산광역시 금정구 장전동 409-30,부산광역시 금정구 부산대학로64번길 24,4,,,,,,,,
카페일쁘로푸모,부산광역시 금정구 장전동 409-30,부산광역시 금정구 부산대학로64번길 24,5,,,,,,,,
카페일쁘로푸모,부산광역시 금정구 장전동 409-30,부산광역시 금정구 부산대학로64번길 24,6,,,,,,,,
카페좋은날풍경,부산광역시 금정구 구서동 159-3,부산광역시 금정구 두실로 19,0,,,,TRUE,,,,
카페좋은날풍경,부산광역시 금정구 구서동 159-3,부산광역시 금정구 두실로 19,1,11:00,21:00,,,,,,
카페좋은날풍경,부산광역시 금정구 구서동 159-3,부산광역시 금정구 두실로 19,2,11:00,21:00,,,,,,
카페좋은날풍경,부산광역시 금정구 구서동 159-3,부산광역시 금정구 두실로 19,3,11:00,21:00,,,,,,
카페좋은날풍경,부산광역시 금정구 구서동 159-3,부산광역시 금정구 두실로 19,4,11:00,21:00,,,,,,
카페좋은날풍경,부산광역시 금정구 구서동 159-3,부산광역시 금정구 두실로 19,5,11:00,21:00,,,,,,
카페좋은날풍경,부산광역시 금정구 구서동 159-3,부산광역시 금정구 두실로 19,6,11:00,21:00,,,,,,
카페청솔로9 동래역점,부산광역시 동래구 명륜동 614-3,부산광역시 동래구 충렬대로237번길 143,0,8:00,1:00,,,,,,
카페청솔로9 동래역점,부산광역시 동래구 명륜동 614-3,부산광역시 동래구 충렬대로237번길 143,1,8:00,1:00,,,,,,
카페청솔로9 동래역점,부산광역시 동래구 명륜동 614-3,부산광역시 동래구 충렬대로237번길 143,2,8:00,1:00,,,,,,
카페청솔로9 동래역점,부산광역시 동래구 명륜동 614-3,부산광역시 동래구 충렬대로237번길 143,3,8:00,1:00,,,,,,
카페청솔로9 동래역점,부산광역시 동래구 명륜동 614-3,부산광역시 동래구 충렬대로237번길 143,4,8:00,1:00,,,,,,
카페청솔로9 동래역점,부산광역시 동래구 명륜동 614-3,부산광역시 동래구 충렬대로237번길 143,5,8:00,1:00,,,,,,
카페청솔로9 동래역점,부산광역시 동래구 명륜동 614-3,부산광역시 동래구 충렬대로237번길 143,6,8:00,1:00,,,,,,
카페친밀,부산광역시 동래구 온천동 1452-35,부산광역시 동래구 충렬대로108번길 63,0,,,,,,,,
카페친밀,부산광역시 동래구 온천동 1452-35,부산광역시 동래구 충렬대로108번길 63,1,,,,,,,,
카페친밀,부산광역시 동래구 온천동 1452-35,부산광역시 동래구 충렬대로108번길 63,2,,,,,,,,
카페친밀,부산광역시 동래구 온천동 1452-35,부산광역시 동래구 충렬대로108번길 63,3,,,,,,,,
카페친밀,부산광역시 동래구 온천동 1452-35,부산광역시 동래구 충렬대로108번길 63,4,,,,,,,,
카페친밀,부산광역시 동래구 온천동 1452-35,부산광역시 동래구 충렬대로108번길 63,5,,,,,,,,
카페친밀,부산광역시 동래구 온천동 1452-35,부산광역시 동래구 충렬대로108번길 63,6,,,,,,,,
카페클로버,부산광역시 금정구 부곡동 225-72,부산광역시 금정구 중앙대로 1701,0,8:00,18:00,,,,,,
카페클로버,부산광역시 금정구 부곡동 225-72,부산광역시 금정구 중앙대로 1701,1,8:00,18:00,,,,,,
카페클로버,부산광역시 금정구 부곡동 225-72,부산광역시 금정구 중앙대로 1701,2,8:00,18:00,,,,,,
카페클로버,부산광역시 금정구 부곡동 225-72,부산광역시 금정구 중앙대로 1701,3,8:00,18:00,,,,,,
카페클로버,부산광역시 금정구 부곡동 225-72,부산광역시 금정구 중앙대로 1701,4,8:00,18:00,,,,,,
카페클로버,부산광역시 금정구 부곡동 225-72,부산광역시 금정구 중앙대로 1701,5,8:00,18:00,,,,,,
카페클로버,부산광역시 금정구 부곡동 225-72,부산광역시 금정구 중앙대로 1701,6,8:00,18:00,,,,,,
카페테오,부산광역시 금정구 장전동 362-22,부산광역시 금정구 장전로 54,0,,,,,,,,
카페테오,부산광역시 금정구 장전동 362-22,부산광역시 금정구 장전로 54,1,,,,,,,,
카페테오,부산광역시 금정구 장전동 362-22,부산광역시 금정구 장전로 54,2,,,,,,,,
카페테오,부산광역시 금정구 장전동 362-22,부산광역시 금정구 장전로 54,3,,,,,,,,
카페테오,부산광역시 금정구 장전동 362-22,부산광역시 금정구 장전로 54,4,,,,,,,,
카페테오,부산광역시 금정구 장전동 362-22,부산광역시 금정구 장전로 54,5,,,,,,,,
카페테오,부산광역시 금정구 장전동 362-22,부산광역시 금정구 장전로 54,6,,,,,,,,
카페파스쿠찌 남산점,부산광역시 금정구 구서동 1032-9,부산광역시 금정구 금샘로 351,0,,,,,,,,
카페파스쿠찌 남산점,부산광역시 금정구 구서동 1032-9,부산광역시 금정구 금샘로 351,1,,,,,,,,
카페파스쿠찌 남산점,부산광역시 금정구 구서동 1032-9,부산광역시 금정구 금샘로 351,2,,,,,,,,
카페파스쿠찌 남산점,부산광역시 금정구 구서동 1032-9,부산광역시 금정구 금샘로 351,3,,,,,,,,
카페파스쿠찌 남산점,부산광역시 금정구 구서동 1032-9,부산광역시 금정구 금샘로 351,4,,,,,,,,
카페파스쿠찌 남산점,부산광역시 금정구 구서동 1032-9,부산광역시 금정구 금샘로 351,5,,,,,,,,
카페파스쿠찌 남산점,부산광역시 금정구 구서동 1032-9,부산광역시 금정구 금샘로 351,6,,,,,,,,
카페플루리,부산광역시 동래구 온천동 785-5,부산광역시 동래구 금강로13번길 9,0,,,,,,,,
카페플루리,부산광역시 동래구 온천동 785-5,부산광역시 동래구 금강로13번길 9,1,,,,,,,,
카페플루리,부산광역시 동래구 온천동 785-5,부산광역시 동래구 금강로13번길 9,2,,,,,,,,
카페플루리,부산광역시 동래구 온천동 785-5,부산광역시 동래구 금강로13번길 9,3,,,,,,,,
카페플루리,부산광역시 동래구 온천동 785-5,부산광역시 동래구 금강로13번길 9,4,,,,,,,,
카페플루리,부산광역시 동래구 온천동 785-5,부산광역시 동래구 금강로13번길 9,5,,,,,,,,
카페플루리,부산광역시 동래구 온천동 785-5,부산광역시 동래구 금강로13번길 9,6,,,,,,,,
카페호밀,부산광역시 금정구 장전동 503-6,부산광역시 금정구 금샘로 34,0,10:30,17:00,,,,,,
카페호밀,부산광역시 금정구 장전동 503-6,부산광역시 금정구 금샘로 34,1,,,,TRUE,,,,
카페호밀,부산광역시 금정구 장전동 503-6,부산광역시 금정구 금샘로 34,2,,,,TRUE,,,,
카페호밀,부산광역시 금정구 장전동 503-6,부산광역시 금정구 금샘로 34,3,10:30,18:00,,,,,,
카페호밀,부산광역시 금정구 장전동 503-6,부산광역시 금정구 금샘로 34,4,10:30,18:00,,,,,,
카페호밀,부산광역시 금정구 장전동 503-6,부산광역시 금정구 금샘로 34,5,10:30,18:00,,,,,,
카페호밀,부산광역시 금정구 장전동 503-6,부산광역시 금정구 금샘로 34,6,10:30,18:00,,,,,,
카페후고,부산광역시 금정구 장전동 401-11,부산광역시 금정구 부산대학로64번길 14,0,11:00,19:00,,,,,,
카페후고,부산광역시 금정구 장전동 401-11,부산광역시 금정구 부산대학로64번길 14,1,,,,TRUE,,,,
카페후고,부산광역시 금정구 장전동 401-11,부산광역시 금정구 부산대학로64번길 14,2,11:00,20:00,,,,,,
카페후고,부산광역시 금정구 장전동 401-11,부산광역시 금정구 부산대학로64번길 14,3,11:00,20:00,,,,,,
카페후고,부산광역시 금정구 장전동 401-11,부산광역시 금정구 부산대학로64번길 14,4,11:00,20:00,,,,,,
카페후고,부산광역시 금정구 장전동 401-11,부산광역시 금정구 부산대학로64번길 14,5,11:00,20:00,,,,,,
카페후고,부산광역시 금정구 장전동 401-11,부산광역시 금정구 부산대학로64번길 14,6,11:00,20:00,,,,,,
캑터스커피,부산광역시 금정구 장전동 388-1,부산광역시 금정구 금강로291번길 1,0,13:00,21:00,,,,,,
캑터스커피,부산광역시 금정구 장전동 388-1,부산광역시 금정구 금강로291번길 1,1,13:00,21:00,,,,,,
캑터스커피,부산광역시 금정구 장전동 388-1,부산광역시 금정구 금강로291번길 1,2,13:00,21:00,,,,,,
캑터스커피,부산광역시 금정구 장전동 388-1,부산광역시 금정구 금강로291번길 1,3,13:00,21:00,,,,,,
캑터스커피,부산광역시 금정구 장전동 388-1,부산광역시 금정구 금강로291번길 1,4,13:00,21:00,,,,,,
캑터스커피,부산광역시 금정구 장전동 388-1,부산광역시 금정구 금강로291번길 1,5,13:00,21:00,,,,,,
캑터스커피,부산광역시 금정구 장전동 388-1,부산광역시 금정구 금강로291번길 1,6,13:00,21:00,,,,,,
캡슐스타프레소카페,부산광역시 동래구 온천동 182-7,부산광역시 동래구 온천장로 75,0,,,,,,,,
캡슐스타프레소카페,부산광역시 동래구 온천동 182-7,부산광역시 동래구 온천장로 75,1,,,,,,,,
캡슐스타프레소카페,부산광역시 동래구 온천동 182-7,부산광역시 동래구 온천장로 75,2,,,,,,,,
캡슐스타프레소카페,부산광역시 동래구 온천동 182-7,부산광역시 동래구 온천장로 75,3,,,,,,,,
캡슐스타프레소카페,부산광역시 동래구 온천동 182-7,부산광역시 동래구 온천장로 75,4,,,,,,,,
캡슐스타프레소카페,부산광역시 동래구 온천동 182-7,부산광역시 동래구 온천장로 75,5,,,,,,,,
캡슐스타프레소카페,부산광역시 동래구 온천동 182-7,부산광역시 동래구 온천장로 75,6,,,,,,,,
커달,부산광역시 동래구 명륜동 702-45,부산광역시 동래구 동래로53번길 27,0,10:00,1:00,,,,,,
커달,부산광역시 동래구 명륜동 702-45,부산광역시 동래구 동래로53번길 27,1,10:00,1:00,,,,,,
커달,부산광역시 동래구 명륜동 702-45,부산광역시 동래구 동래로53번길 27,2,10:00,1:00,,,,,,
커달,부산광역시 동래구 명륜동 702-45,부산광역시 동래구 동래로53번길 27,3,10:00,1:00,,,,,,
커달,부산광역시 동래구 명륜동 702-45,부산광역시 동래구 동래로53번길 27,4,10:00,1:00,,,,,,
커달,부산광역시 동래구 명륜동 702-45,부산광역시 동래구 동래로53번길 27,5,10:00,1:00,,,,,,
커달,부산광역시 동래구 명륜동 702-45,부산광역시 동래구 동래로53번길 27,6,10:00,1:00,,,,,,
커피나무,부산광역시 금정구 부곡동 257-22,부산광역시 금정구 무학송로 2,0,,,,,,,,
커피나무,부산광역시 금정구 부곡동 257-22,부산광역시 금정구 무학송로 2,1,,,,,,,,
커피나무,부산광역시 금정구 부곡동 257-22,부산광역시 금정구 무학송로 2,2,,,,,,,,
커피나무,부산광역시 금정구 부곡동 257-22,부산광역시 금정구 무학송로 2,3,,,,,,,,
커피나무,부산광역시 금정구 부곡동 257-22,부산광역시 금정구 무학송로 2,4,,,,,,,,
커피나무,부산광역시 금정구 부곡동 257-22,부산광역시 금정구 무학송로 2,5,,,,,,,,
커피나무,부산광역시 금정구 부곡동 257-22,부산광역시 금정구 무학송로 2,6,,,,,,,,
커피나무,부산광역시 금정구 부곡동 9-21,부산광역시 금정구 오륜대로 46-2,0,,,,,,,,
커피나무,부산광역시 금정구 부곡동 9-21,부산광역시 금정구 오륜대로 46-2,1,,,,,,,,
커피나무,부산광역시 금정구 부곡동 9-21,부산광역시 금정구 오륜대로 46-2,2,,,,,,,,
커피나무,부산광역시 금정구 부곡동 9-21,부산광역시 금정구 오륜대로 46-2,3,,,,,,,,
커피나무,부산광역시 금정구 부곡동 9-21,부산광역시 금정구 오륜대로 46-2,4,,,,,,,,
커피나무,부산광역시 금정구 부곡동 9-21,부산광역시 금정구 오륜대로 46-2,5,,,,,,,,
커피나무,부산광역시 금정구 부곡동 9-21,부산광역시 금정구 오륜대로 46-2,6,,,,,,,,
커피노래,부산광역시 금정구 부곡동 389-19,부산광역시 금정구 오시게로54번길 17,0,,,,,,,,
커피노래,부산광역시 금정구 부곡동 389-19,부산광역시 금정구 오시게로54번길 17,1,,,,,,,,
커피노래,부산광역시 금정구 부곡동 389-19,부산광역시 금정구 오시게로54번길 17,2,,,,,,,,
커피노래,부산광역시 금정구 부곡동 389-19,부산광역시 금정구 오시게로54번길 17,3,,,,,,,,
커피노래,부산광역시 금정구 부곡동 389-19,부산광역시 금정구 오시게로54번길 17,4,,,,,,,,
커피노래,부산광역시 금정구 부곡동 389-19,부산광역시 금정구 오시게로54번길 17,5,,,,,,,,
커피노래,부산광역시 금정구 부곡동 389-19,부산광역시 금정구 오시게로54번길 17,6,,,,,,,,
커피니구서점,부산광역시 금정구 구서동 84-5,부산광역시 금정구 중앙대로 1817-5,0,8:00,23:00,,,,,,
커피니구서점,부산광역시 금정구 구서동 84-5,부산광역시 금정구 중앙대로 1817-5,1,8:00,23:00,,,,,,
커피니구서점,부산광역시 금정구 구서동 84-5,부산광역시 금정구 중앙대로 1817-5,2,8:00,23:00,,,,,,
커피니구서점,부산광역시 금정구 구서동 84-5,부산광역시 금정구 중앙대로 1817-5,3,8:00,23:00,,,,,,
커피니구서점,부산광역시 금정구 구서동 84-5,부산광역시 금정구 중앙대로 1817-5,4,8:00,23:00,,,,,,
커피니구서점,부산광역시 금정구 구서동 84-5,부산광역시 금정구 중앙대로 1817-5,5,8:00,23:00,,,,,,
커피니구서점,부산광역시 금정구 구서동 84-5,부산광역시 금정구 중앙대로 1817-5,6,8:00,23:00,,,,,,
커피레몬,부산광역시 동래구 온천동 1437-23,부산광역시 동래구 충렬대로137번길 10,0,,,,,,,,
커피레몬,부산광역시 동래구 온천동 1437-23,부산광역시 동래구 충렬대로137번길 10,1,,,,,,,,
커피레몬,부산광역시 동래구 온천동 1437-23,부산광역시 동래구 충렬대로137번길 10,2,,,,,,,,
커피레몬,부산광역시 동래구 온천동 1437-23,부산광역시 동래구 충렬대로137번길 10,3,,,,,,,,
커피레몬,부산광역시 동래구 온천동 1437-23,부산광역시 동래구 충렬대로137번길 10,4,,,,,,,,
커피레몬,부산광역시 동래구 온천동 1437-23,부산광역시 동래구 충렬대로137번길 10,5,,,,,,,,
커피레몬,부산광역시 동래구 온천동 1437-23,부산광역시 동래구 충렬대로137번길 10,6,,,,,,,,
커피맘스,부산광역시 금정구 구서동 1021-2,부산광역시 금정구 금샘로 403,0,11:00,20:00,,,,,,
커피맘스,부산광역시 금정구 구서동 1021-2,부산광역시 금정구 금샘로 403,1,11:00,20:00,,,,,,
커피맘스,부산광역시 금정구 구서동 1021-2,부산광역시 금정구 금샘로 403,2,11:00,20:00,,,,,,
커피맘스,부산광역시 금정구 구서동 1021-2,부산광역시 금정구 금샘로 403,3,11:00,20:00,,,,,,
커피맘스,부산광역시 금정구 구서동 1021-2,부산광역시 금정구 금샘로 403,4,11:00,20:00,,,,,,
커피맘스,부산광역시 금정구 구서동 1021-2,부산광역시 금정구 금샘로 403,5,11:00,20:00,,,,,,
커피맘스,부산광역시 금정구 구서동 1021-2,부산광역시 금정구 금샘로 403,6,11:00,20:00,,,,,,
커피볶는 시골커피 부곡점,부산광역시 금정구 부곡동 296-1,부산광역시 금정구 부곡로141번길 1,0,7:30,21:30,,,,,,
커피볶는 시골커피 부곡점,부산광역시 금정구 부곡동 296-1,부산광역시 금정구 부곡로141번길 1,1,7:30,21:30,,,,,,
커피볶는 시골커피 부곡점,부산광역시 금정구 부곡동 296-1,부산광역시 금정구 부곡로141번길 1,2,7:30,21:30,,,,,,
커피볶는 시골커피 부곡점,부산광역시 금정구 부곡동 296-1,부산광역시 금정구 부곡로141번길 1,3,7:30,21:30,,,,,,
커피볶는 시골커피 부곡점,부산광역시 금정구 부곡동 296-1,부산광역시 금정구 부곡로141번길 1,4,7:30,21:30,,,,,,
커피볶는 시골커피 부곡점,부산광역시 금정구 부곡동 296-1,부산광역시 금정구 부곡로141번길 1,5,7:30,21:30,,,,,,
커피볶는 시골커피 부곡점,부산광역시 금정구 부곡동 296-1,부산광역시 금정구 부곡로141번길 1,6,7:30,21:30,,,,,,
커피볶는시골커피 동래구청점,부산광역시 동래구 명륜동 341-1,부산광역시 동래구 충렬대로237번길 116,0,10:00,16:00,,,,,,
커피볶는시골커피 동래구청점,부산광역시 동래구 명륜동 341-1,부산광역시 동래구 충렬대로237번길 116,1,7:30,20:00,,,,,,
커피볶는시골커피 동래구청점,부산광역시 동래구 명륜동 341-1,부산광역시 동래구 충렬대로237번길 116,2,7:30,20:00,,,,,,
커피볶는시골커피 동래구청점,부산광역시 동래구 명륜동 341-1,부산광역시 동래구 충렬대로237번길 116,3,7:30,20:00,,,,,,
커피볶는시골커피 동래구청점,부산광역시 동래구 명륜동 341-1,부산광역시 동래구 충렬대로237번길 116,4,7:30,20:00,,,,,,
커피볶는시골커피 동래구청점,부산광역시 동래구 명륜동 341-1,부산광역시 동래구 충렬대로237번길 116,5,7:30,20:00,,,,,,
커피볶는시골커피 동래구청점,부산광역시 동래구 명륜동 341-1,부산광역시 동래구 충렬대로237번길 116,6,10:00,16:00,,,,,,
커피볶는시골커피 동래온천점,부산광역시 동래구 온천동 161-1,부산광역시 동래구 금강공원로 2,0,,,,,,,,
커피볶는시골커피 동래온천점,부산광역시 동래구 온천동 161-1,부산광역시 동래구 금강공원로 2,1,,,,,,,,
커피볶는시골커피 동래온천점,부산광역시 동래구 온천동 161-1,부산광역시 동래구 금강공원로 2,2,,,,,,,,
커피볶는시골커피 동래온천점,부산광역시 동래구 온천동 161-1,부산광역시 동래구 금강공원로 2,3,,,,,,,,
커피볶는시골커피 동래온천점,부산광역시 동래구 온천동 161-1,부산광역시 동래구 금강공원로 2,4,,,,,,,,
커피볶는시골커피 동래온천점,부산광역시 동래구 온천동 161-1,부산광역시 동래구 금강공원로 2,5,,,,,,,,
커피볶는시골커피 동래온천점,부산광역시 동래구 온천동 161-1,부산광역시 동래구 금강공원로 2,6,,,,,,,,
커피볶는시골커피 두실점,부산광역시 금정구 구서동 184-1,부산광역시 금정구 중앙대로1929번길 11,0,7:00,20:00,19:30,,,,,
커피볶는시골커피 두실점,부산광역시 금정구 구서동 184-1,부산광역시 금정구 중앙대로1929번길 11,1,7:00,20:00,19:30,,,,,
커피볶는시골커피 두실점,부산광역시 금정구 구서동 184-1,부산광역시 금정구 중앙대로1929번길 11,2,7:00,20:00,19:30,,,,,
커피볶는시골커피 두실점,부산광역시 금정구 구서동 184-1,부산광역시 금정구 중앙대로1929번길 11,3,7:00,20:00,19:30,,,,,
커피볶는시골커피 두실점,부산광역시 금정구 구서동 184-1,부산광역시 금정구 중앙대로1929번길 11,4,7:00,20:00,19:30,,,,,
커피볶는시골커피 두실점,부산광역시 금정구 구서동 184-1,부산광역시 금정구 중앙대로1929번길 11,5,7:00,20:00,19:30,,,,,
커피볶는시골커피 두실점,부산광역시 금정구 구서동 184-1,부산광역시 금정구 중앙대로1929번길 11,6,7:00,20:00,19:30,,,,,
커피빌리지구서점,부산광역시 금정구 구서동 산 60-1,부산광역시 금정구 체육공원로 14,0,,,,,,,,
커피빌리지구서점,부산광역시 금정구 구서동 산 60-1,부산광역시 금정구 체육공원로 14,1,,,,,,,,
커피빌리지구서점,부산광역시 금정구 구서동 산 60-1,부산광역시 금정구 체육공원로 14,2,,,,,,,,
커피빌리지구서점,부산광역시 금정구 구서동 산 60-1,부산광역시 금정구 체육공원로 14,3,,,,,,,,
커피빌리지구서점,부산광역시 금정구 구서동 산 60-1,부산광역시 금정구 체육공원로 14,4,,,,,,,,
커피빌리지구서점,부산광역시 금정구 구서동 산 60-1,부산광역시 금정구 체육공원로 14,5,,,,,,,,
커피빌리지구서점,부산광역시 금정구 구서동 산 60-1,부산광역시 금정구 체육공원로 14,6,,,,,,,,
커피스토어 부산대북문점,부산광역시 금정구 장전동 130-16,부산광역시 금정구 금강로335번길 38,0,8:30,22:30,,,,,,
커피스토어 부산대북문점,부산광역시 금정구 장전동 130-16,부산광역시 금정구 금강로335번길 38,1,8:30,22:00,,,,,,
커피스토어 부산대북문점,부산광역시 금정구 장전동 130-16,부산광역시 금정구 금강로335번길 38,2,8:30,22:00,,,,,,
커피스토어 부산대북문점,부산광역시 금정구 장전동 130-16,부산광역시 금정구 금강로335번길 38,3,8:30,22:00,,,,,,
커피스토어 부산대북문점,부산광역시 금정구 장전동 130-16,부산광역시 금정구 금강로335번길 38,4,8:30,22:00,,,,,,
커피스토어 부산대북문점,부산광역시 금정구 장전동 130-16,부산광역시 금정구 금강로335번길 38,5,8:30,22:00,,,,,,
커피스토어 부산대북문점,부산광역시 금정구 장전동 130-16,부산광역시 금정구 금강로335번길 38,6,8:30,22:30,,,,,,
커피스토어 온천장점,부산광역시 동래구 온천동 212-10,부산광역시 동래구 금강공원로 22,0,,,,,,,,
커피스토어 온천장점,부산광역시 동래구 온천동 212-10,부산광역시 동래구 금강공원로 22,1,,,,,,,,
커피스토어 온천장점,부산광역시 동래구 온천동 212-10,부산광역시 동래구 금강공원로 22,2,,,,,,,,
커피스토어 온천장점,부산광역시 동래구 온천동 212-10,부산광역시 동래구 금강공원로 22,3,,,,,,,,
커피스토어 온천장점,부산광역시 동래구 온천동 212-10,부산광역시 동래구 금강공원로 22,4,,,,,,,,
커피스토어 온천장점,부산광역시 동래구 온천동 212-10,부산광역시 동래구 금강공원로 22,5,,,,,,,,
커피스토어 온천장점,부산광역시 동래구 온천동 212-10,부산광역시 동래구 금강공원로 22,6,,,,,,,,
커피앤코이,부산광역시 금정구 부곡동 224-54,부산광역시 금정구 부곡온천천로 140,0,,,,,,,,
커피앤코이,부산광역시 금정구 부곡동 224-54,부산광역시 금정구 부곡온천천로 140,1,,,,,,,,
커피앤코이,부산광역시 금정구 부곡동 224-54,부산광역시 금정구 부곡온천천로 140,2,,,,,,,,
커피앤코이,부산광역시 금정구 부곡동 224-54,부산광역시 금정구 부곡온천천로 140,3,,,,,,,,
커피앤코이,부산광역시 금정구 부곡동 224-54,부산광역시 금정구 부곡온천천로 140,4,,,,,,,,
커피앤코이,부산광역시 금정구 부곡동 224-54,부산광역시 금정구 부곡온천천로 140,5,,,,,,,,
커피앤코이,부산광역시 금정구 부곡동 224-54,부산광역시 금정구 부곡온천천로 140,6,,,,,,,,
커피이십센치리테일,부산광역시 동래구 온천동 1332-1,부산광역시 동래구 아시아드대로 259,0,,,,,,,,
커피이십센치리테일,부산광역시 동래구 온천동 1332-1,부산광역시 동래구 아시아드대로 259,1,,,,,,,,
커피이십센치리테일,부산광역시 동래구 온천동 1332-1,부산광역시 동래구 아시아드대로 259,2,,,,,,,,
커피이십센치리테일,부산광역시 동래구 온천동 1332-1,부산광역시 동래구 아시아드대로 259,3,,,,,,,,
커피이십센치리테일,부산광역시 동래구 온천동 1332-1,부산광역시 동래구 아시아드대로 259,4,,,,,,,,
커피이십센치리테일,부산광역시 동래구 온천동 1332-1,부산광역시 동래구 아시아드대로 259,5,,,,,,,,
커피이십센치리테일,부산광역시 동래구 온천동 1332-1,부산광역시 동래구 아시아드대로 259,6,,,,,,,,
커피짓,부산광역시 금정구 장전동 145-23,부산광역시 금정구 금강로321번길 66,0,8:30,20:30,,,,,,
커피짓,부산광역시 금정구 장전동 145-23,부산광역시 금정구 금강로321번길 66,1,8:30,20:30,,,,,,
커피짓,부산광역시 금정구 장전동 145-23,부산광역시 금정구 금강로321번길 66,2,8:30,20:30,,,,,,
커피짓,부산광역시 금정구 장전동 145-23,부산광역시 금정구 금강로321번길 66,3,8:30,20:30,,,,,,
커피짓,부산광역시 금정구 장전동 145-23,부산광역시 금정구 금강로321번길 66,4,8:30,20:30,,,,,,
커피짓,부산광역시 금정구 장전동 145-23,부산광역시 금정구 금강로321번길 66,5,8:30,20:30,,,,,,
커피짓,부산광역시 금정구 장전동 145-23,부산광역시 금정구 금강로321번길 66,6,8:30,20:30,,,,,,
컴포즈 동래교차로점,부산광역시 동래구 온천동 1440-1,부산광역시 동래구 충렬대로 160,0,,,,,,,,
컴포즈 동래교차로점,부산광역시 동래구 온천동 1440-1,부산광역시 동래구 충렬대로 160,1,,,,,,,,
컴포즈 동래교차로점,부산광역시 동래구 온천동 1440-1,부산광역시 동래구 충렬대로 160,2,,,,,,,,
컴포즈 동래교차로점,부산광역시 동래구 온천동 1440-1,부산광역시 동래구 충렬대로 160,3,,,,,,,,
컴포즈 동래교차로점,부산광역시 동래구 온천동 1440-1,부산광역시 동래구 충렬대로 160,4,,,,,,,,
컴포즈 동래교차로점,부산광역시 동래구 온천동 1440-1,부산광역시 동래구 충렬대로 160,5,,,,,,,,
컴포즈 동래교차로점,부산광역시 동래구 온천동 1440-1,부산광역시 동래구 충렬대로 160,6,,,,,,,,
컴포즈메가마트 동래점,부산광역시 동래구 명륜동 506-3,부산광역시 동래구 충렬대로 197,0,,,,,,,,
컴포즈메가마트 동래점,부산광역시 동래구 명륜동 506-3,부산광역시 동래구 충렬대로 197,1,,,,,,,,
컴포즈메가마트 동래점,부산광역시 동래구 명륜동 506-3,부산광역시 동래구 충렬대로 197,2,,,,,,,,
컴포즈메가마트 동래점,부산광역시 동래구 명륜동 506-3,부산광역시 동래구 충렬대로 197,3,,,,,,,,
컴포즈메가마트 동래점,부산광역시 동래구 명륜동 506-3,부산광역시 동래구 충렬대로 197,4,,,,,,,,
컴포즈메가마트 동래점,부산광역시 동래구 명륜동 506-3,부산광역시 동래구 충렬대로 197,5,,,,,,,,
컴포즈메가마트 동래점,부산광역시 동래구 명륜동 506-3,부산광역시 동래구 충렬대로 197,6,,,,,,,,
컴포즈커피,부산광역시 금정구 구서동 414-3,부산광역시 금정구 구서로 11,0,,,,,,,,
컴포즈커피,부산광역시 금정구 구서동 414-3,부산광역시 금정구 구서로 11,1,,,,,,,,
컴포즈커피,부산광역시 금정구 구서동 414-3,부산광역시 금정구 구서로 11,2,,,,,,,,
컴포즈커피,부산광역시 금정구 구서동 414-3,부산광역시 금정구 구서로 11,3,,,,,,,,
컴포즈커피,부산광역시 금정구 구서동 414-3,부산광역시 금정구 구서로 11,4,,,,,,,,
컴포즈커피,부산광역시 금정구 구서동 414-3,부산광역시 금정구 구서로 11,5,,,,,,,,
컴포즈커피,부산광역시 금정구 구서동 414-3,부산광역시 금정구 구서로 11,6,,,,,,,,
컴포즈커피 동래롯데점,부산광역시 동래구 온천동 707-1,부산광역시 동래구 중앙대로1367번길 25,0,,,,,,,,
컴포즈커피 동래롯데점,부산광역시 동래구 온천동 707-1,부산광역시 동래구 중앙대로1367번길 25,1,,,,,,,,
컴포즈커피 동래롯데점,부산광역시 동래구 온천동 707-1,부산광역시 동래구 중앙대로1367번길 25,2,,,,,,,,
컴포즈커피 동래롯데점,부산광역시 동래구 온천동 707-1,부산광역시 동래구 중앙대로1367번길 25,3,,,,,,,,
컴포즈커피 동래롯데점,부산광역시 동래구 온천동 707-1,부산광역시 동래구 중앙대로1367번길 25,4,,,,,,,,
컴포즈커피 동래롯데점,부산광역시 동래구 온천동 707-1,부산광역시 동래구 중앙대로1367번길 25,5,,,,,,,,
컴포즈커피 동래롯데점,부산광역시 동래구 온천동 707-1,부산광역시 동래구 중앙대로1367번길 25,6,,,,,,,,
컴포즈커피 동래점,부산광역시 동래구 명륜동 533-113,부산광역시 동래구 명륜로129번길 56,0,,,,,,,,
컴포즈커피 동래점,부산광역시 동래구 명륜동 533-113,부산광역시 동래구 명륜로129번길 56,1,,,,,,,,
컴포즈커피 동래점,부산광역시 동래구 명륜동 533-113,부산광역시 동래구 명륜로129번길 56,2,,,,,,,,
컴포즈커피 동래점,부산광역시 동래구 명륜동 533-113,부산광역시 동래구 명륜로129번길 56,3,,,,,,,,
컴포즈커피 동래점,부산광역시 동래구 명륜동 533-113,부산광역시 동래구 명륜로129번길 56,4,,,,,,,,
컴포즈커피 동래점,부산광역시 동래구 명륜동 533-113,부산광역시 동래구 명륜로129번길 56,5,,,,,,,,
컴포즈커피 동래점,부산광역시 동래구 명륜동 533-113,부산광역시 동래구 명륜로129번길 56,6,,,,,,,,
컴포즈커피 두실점,부산광역시 금정구 구서동 816-11,부산광역시 금정구 중앙대로1945번길 50,0,,,,,,,,
컴포즈커피 두실점,부산광역시 금정구 구서동 816-11,부산광역시 금정구 중앙대로1945번길 50,1,,,,,,,,
컴포즈커피 두실점,부산광역시 금정구 구서동 816-11,부산광역시 금정구 중앙대로1945번길 50,2,,,,,,,,
컴포즈커피 두실점,부산광역시 금정구 구서동 816-11,부산광역시 금정구 중앙대로1945번길 50,3,,,,,,,,
컴포즈커피 두실점,부산광역시 금정구 구서동 816-11,부산광역시 금정구 중앙대로1945번길 50,4,,,,,,,,
컴포즈커피 두실점,부산광역시 금정구 구서동 816-11,부산광역시 금정구 중앙대로1945번길 50,5,,,,,,,,
컴포즈커피 두실점,부산광역시 금정구 구서동 816-11,부산광역시 금정구 중앙대로1945번길 50,6,,,,,,,,
컴포즈커피 명륜역점,부산광역시 동래구 온천동 1832,부산광역시 동래구 온천장로 21,0,,,,,,,,
컴포즈커피 명륜역점,부산광역시 동래구 온천동 1832,부산광역시 동래구 온천장로 21,1,,,,,,,,
컴포즈커피 명륜역점,부산광역시 동래구 온천동 1832,부산광역시 동래구 온천장로 21,2,,,,,,,,
컴포즈커피 명륜역점,부산광역시 동래구 온천동 1832,부산광역시 동래구 온천장로 21,3,,,,,,,,
컴포즈커피 명륜역점,부산광역시 동래구 온천동 1832,부산광역시 동래구 온천장로 21,4,,,,,,,,
컴포즈커피 명륜역점,부산광역시 동래구 온천동 1832,부산광역시 동래구 온천장로 21,5,,,,,,,,
컴포즈커피 명륜역점,부산광역시 동래구 온천동 1832,부산광역시 동래구 온천장로 21,6,,,,,,,,
컴포즈커피 명륜점,부산광역시 동래구 명륜동 757,부산광역시 동래구 명륜로 170,0,,,,,,,,
컴포즈커피 명륜점,부산광역시 동래구 명륜동 757,부산광역시 동래구 명륜로 170,1,,,,,,,,
컴포즈커피 명륜점,부산광역시 동래구 명륜동 757,부산광역시 동래구 명륜로 170,2,,,,,,,,
컴포즈커피 명륜점,부산광역시 동래구 명륜동 757,부산광역시 동래구 명륜로 170,3,,,,,,,,
컴포즈커피 명륜점,부산광역시 동래구 명륜동 757,부산광역시 동래구 명륜로 170,4,,,,,,,,
컴포즈커피 명륜점,부산광역시 동래구 명륜동 757,부산광역시 동래구 명륜로 170,5,,,,,,,,
컴포즈커피 명륜점,부산광역시 동래구 명륜동 757,부산광역시 동래구 명륜로 170,6,,,,,,,,
컴포즈커피 미남역점,부산광역시 동래구 온천동 1249-2,부산광역시 동래구 아시아드대로231번길 3,0,,,,,,,,
컴포즈커피 미남역점,부산광역시 동래구 온천동 1249-2,부산광역시 동래구 아시아드대로231번길 3,1,,,,,,,,
컴포즈커피 미남역점,부산광역시 동래구 온천동 1249-2,부산광역시 동래구 아시아드대로231번길 3,2,,,,,,,,
컴포즈커피 미남역점,부산광역시 동래구 온천동 1249-2,부산광역시 동래구 아시아드대로231번길 3,3,,,,,,,,
컴포즈커피 미남역점,부산광역시 동래구 온천동 1249-2,부산광역시 동래구 아시아드대로231번길 3,4,,,,,,,,
컴포즈커피 미남역점,부산광역시 동래구 온천동 1249-2,부산광역시 동래구 아시아드대로231번길 3,5,,,,,,,,
컴포즈커피 미남역점,부산광역시 동래구 온천동 1249-2,부산광역시 동래구 아시아드대로231번길 3,6,,,,,,,,
컴포즈커피 부산대2호점,부산광역시 금정구 장전동 423-1,부산광역시 금정구 금강로 248-10,0,,,,,,,,
컴포즈커피 부산대2호점,부산광역시 금정구 장전동 423-1,부산광역시 금정구 금강로 248-10,1,,,,,,,,
컴포즈커피 부산대2호점,부산광역시 금정구 장전동 423-1,부산광역시 금정구 금강로 248-10,2,,,,,,,,
컴포즈커피 부산대2호점,부산광역시 금정구 장전동 423-1,부산광역시 금정구 금강로 248-10,3,,,,,,,,
컴포즈커피 부산대2호점,부산광역시 금정구 장전동 423-1,부산광역시 금정구 금강로 248-10,4,,,,,,,,
컴포즈커피 부산대2호점,부산광역시 금정구 장전동 423-1,부산광역시 금정구 금강로 248-10,5,,,,,,,,
컴포즈커피 부산대2호점,부산광역시 금정구 장전동 423-1,부산광역시 금정구 금강로 248-10,6,,,,,,,,
컴포즈커피 부산대북문점,부산광역시 금정구 장전동 152-7,부산광역시 금정구 금강로335번길 35-1,0,,,,,,,,
컴포즈커피 부산대북문점,부산광역시 금정구 장전동 152-7,부산광역시 금정구 금강로335번길 35-1,1,,,,,,,,
컴포즈커피 부산대북문점,부산광역시 금정구 장전동 152-7,부산광역시 금정구 금강로335번길 35-1,2,,,,,,,,
컴포즈커피 부산대북문점,부산광역시 금정구 장전동 152-7,부산광역시 금정구 금강로335번길 35-1,3,,,,,,,,
컴포즈커피 부산대북문점,부산광역시 금정구 장전동 152-7,부산광역시 금정구 금강로335번길 35-1,4,,,,,,,,
컴포즈커피 부산대북문점,부산광역시 금정구 장전동 152-7,부산광역시 금정구 금강로335번길 35-1,5,,,,,,,,
컴포즈커피 부산대북문점,부산광역시 금정구 장전동 152-7,부산광역시 금정구 금강로335번길 35-1,6,,,,,,,,
컴포즈커피 부산대역2번출구점,부산광역시 금정구 부곡동 298-19,부산광역시 금정구 부곡온천천로 32,0,,,,,,,,
컴포즈커피 부산대역2번출구점,부산광역시 금정구 부곡동 298-19,부산광역시 금정구 부곡온천천로 32,1,,,,,,,,
컴포즈커피 부산대역2번출구점,부산광역시 금정구 부곡동 298-19,부산광역시 금정구 부곡온천천로 32,2,,,,,,,,
컴포즈커피 부산대역2번출구점,부산광역시 금정구 부곡동 298-19,부산광역시 금정구 부곡온천천로 32,3,,,,,,,,
컴포즈커피 부산대역2번출구점,부산광역시 금정구 부곡동 298-19,부산광역시 금정구 부곡온천천로 32,4,,,,,,,,
컴포즈커피 부산대역2번출구점,부산광역시 금정구 부곡동 298-19,부산광역시 금정구 부곡온천천로 32,5,,,,,,,,
컴포즈커피 부산대역2번출구점,부산광역시 금정구 부곡동 298-19,부산광역시 금정구 부곡온천천로 32,6,,,,,,,,
컴포즈커피 부산대역점,부산광역시 금정구 부곡동 981,부산광역시 금정구 중앙대로1629번길 16,0,,,,,,,,
컴포즈커피 부산대역점,부산광역시 금정구 부곡동 981,부산광역시 금정구 중앙대로1629번길 16,1,,,,,,,,
컴포즈커피 부산대역점,부산광역시 금정구 부곡동 981,부산광역시 금정구 중앙대로1629번길 16,2,,,,,,,,
컴포즈커피 부산대역점,부산광역시 금정구 부곡동 981,부산광역시 금정구 중앙대로1629번길 16,3,,,,,,,,
컴포즈커피 부산대역점,부산광역시 금정구 부곡동 981,부산광역시 금정구 중앙대로1629번길 16,4,,,,,,,,
컴포즈커피 부산대역점,부산광역시 금정구 부곡동 981,부산광역시 금정구 중앙대로1629번길 16,5,,,,,,,,
컴포즈커피 부산대역점,부산광역시 금정구 부곡동 981,부산광역시 금정구 중앙대로1629번길 16,6,,,,,,,,
컴포즈커피 온천장점,부산광역시 동래구 온천동 153-8,부산광역시 동래구 중앙대로 1523,0,,,,,,,,
컴포즈커피 온천장점,부산광역시 동래구 온천동 153-8,부산광역시 동래구 중앙대로 1523,1,,,,,,,,
컴포즈커피 온천장점,부산광역시 동래구 온천동 153-8,부산광역시 동래구 중앙대로 1523,2,,,,,,,,
컴포즈커피 온천장점,부산광역시 동래구 온천동 153-8,부산광역시 동래구 중앙대로 1523,3,,,,,,,,
컴포즈커피 온천장점,부산광역시 동래구 온천동 153-8,부산광역시 동래구 중앙대로 1523,4,,,,,,,,
컴포즈커피 온천장점,부산광역시 동래구 온천동 153-8,부산광역시 동래구 중앙대로 1523,5,,,,,,,,
컴포즈커피 온천장점,부산광역시 동래구 온천동 153-8,부산광역시 동래구 중앙대로 1523,6,,,,,,,,
컴포즈커피 장전래미안점,부산광역시 금정구 장전동 745,부산광역시 금정구 금정로 20,0,,,,,,,,
컴포즈커피 장전래미안점,부산광역시 금정구 장전동 745,부산광역시 금정구 금정로 20,1,,,,,,,,
컴포즈커피 장전래미안점,부산광역시 금정구 장전동 745,부산광역시 금정구 금정로 20,2,,,,,,,,
컴포즈커피 장전래미안점,부산광역시 금정구 장전동 745,부산광역시 금정구 금정로 20,3,,,,,,,,
컴포즈커피 장전래미안점,부산광역시 금정구 장전동 745,부산광역시 금정구 금정로 20,4,,,,,,,,
컴포즈커피 장전래미안점,부산광역시 금정구 장전동 745,부산광역시 금정구 금정로 20,5,,,,,,,,
컴포즈커피 장전래미안점,부산광역시 금정구 장전동 745,부산광역시 금정구 금정로 20,6,,,,,,,,
컴포즈커피 장전역점,부산광역시 금정구 부곡동 223-89,부산광역시 금정구 중앙대로1719번길 10,0,,,,,,,,
컴포즈커피 장전역점,부산광역시 금정구 부곡동 223-89,부산광역시 금정구 중앙대로1719번길 10,1,,,,,,,,
컴포즈커피 장전역점,부산광역시 금정구 부곡동 223-89,부산광역시 금정구 중앙대로1719번길 10,2,,,,,,,,
컴포즈커피 장전역점,부산광역시 금정구 부곡동 223-89,부산광역시 금정구 중앙대로1719번길 10,3,,,,,,,,
컴포즈커피 장전역점,부산광역시 금정구 부곡동 223-89,부산광역시 금정구 중앙대로1719번길 10,4,,,,,,,,
컴포즈커피 장전역점,부산광역시 금정구 부곡동 223-89,부산광역시 금정구 중앙대로1719번길 10,5,,,,,,,,
컴포즈커피 장전역점,부산광역시 금정구 부곡동 223-89,부산광역시 금정구 중앙대로1719번길 10,6,,,,,,,,
코베지,부산광역시 금정구 부곡동 221-8,부산광역시 금정구 기찰로 67,0,,,,TRUE,,,,
코베지,부산광역시 금정구 부곡동 221-8,부산광역시 금정구 기찰로 67,1,9:00,19:00,,,,,,
코베지,부산광역시 금정구 부곡동 221-8,부산광역시 금정구 기찰로 67,2,9:00,19:00,,,,,,
코베지,부산광역시 금정구 부곡동 221-8,부산광역시 금정구 기찰로 67,3,9:00,19:00,,,,,,
코베지,부산광역시 금정구 부곡동 221-8,부산광역시 금정구 기찰로 67,4,9:00,19:00,,,,,,
코베지,부산광역시 금정구 부곡동 221-8,부산광역시 금정구 기찰로 67,5,9:00,19:00,,,,,,
코베지,부산광역시 금정구 부곡동 221-8,부산광역시 금정구 기찰로 67,6,9:00,19:00,,,,,,
코비스커피타임,부산광역시 동래구 명륜동 450-5,부산광역시 동래구 명륜로117번길 25,0,11:00,0:00,,,,,,
코비스커피타임,부산광역시 동래구 명륜동 450-5,부산광역시 동래구 명륜로117번길 25,1,11:00,0:00,,,,,,
코비스커피타임,부산광역시 동래구 명륜동 450-5,부산광역시 동래구 명륜로117번길 25,2,11:00,0:00,,,,,,
코비스커피타임,부산광역시 동래구 명륜동 450-5,부산광역시 동래구 명륜로117번길 25,3,11:00,0:00,,,,,,
코비스커피타임,부산광역시 동래구 명륜동 450-5,부산광역시 동래구 명륜로117번길 25,4,11:00,0:00,,,,,,
코비스커피타임,부산광역시 동래구 명륜동 450-5,부산광역시 동래구 명륜로117번길 25,5,11:00,0:00,,,,,,
코비스커피타임,부산광역시 동래구 명륜동 450-5,부산광역시 동래구 명륜로117번길 25,6,11:00,0:00,,,,,,
코스피어,부산광역시 금정구 장전동 394-7,부산광역시 금정구 장전온천천로79번길 4,0,11:00,19:00,,,,,,
코스피어,부산광역시 금정구 장전동 394-7,부산광역시 금정구 장전온천천로79번길 4,1,11:00,18:00,,,,,,
코스피어,부산광역시 금정구 장전동 394-7,부산광역시 금정구 장전온천천로79번길 4,2,11:00,18:00,,,,,,
코스피어,부산광역시 금정구 장전동 394-7,부산광역시 금정구 장전온천천로79번길 4,3,11:00,18:00,,,,,,
코스피어,부산광역시 금정구 장전동 394-7,부산광역시 금정구 장전온천천로79번길 4,4,11:00,18:00,,,,,,
코스피어,부산광역시 금정구 장전동 394-7,부산광역시 금정구 장전온천천로79번길 4,5,11:00,18:00,,,,,,
코스피어,부산광역시 금정구 장전동 394-7,부산광역시 금정구 장전온천천로79번길 4,6,11:00,19:00,,,,,,
코코커피점,부산광역시 동래구 온천동 165-2,부산광역시 동래구 금강공원로 10-1,0,,,,,,,,
코코커피점,부산광역시 동래구 온천동 165-2,부산광역시 동래구 금강공원로 10-1,1,,,,,,,,
코코커피점,부산광역시 동래구 온천동 165-2,부산광역시 동래구 금강공원로 10-1,2,,,,,,,,
코코커피점,부산광역시 동래구 온천동 165-2,부산광역시 동래구 금강공원로 10-1,3,,,,,,,,
코코커피점,부산광역시 동래구 온천동 165-2,부산광역시 동래구 금강공원로 10-1,4,,,,,,,,
코코커피점,부산광역시 동래구 온천동 165-2,부산광역시 동래구 금강공원로 10-1,5,,,,,,,,
코코커피점,부산광역시 동래구 온천동 165-2,부산광역시 동래구 금강공원로 10-1,6,,,,,,,,
코트커피,부산광역시 금정구 장전동 400-61,부산광역시 금정구 부산대학로 63,0,10:00,20:00,,,,,,
코트커피,부산광역시 금정구 장전동 400-61,부산광역시 금정구 부산대학로 63,1,8:00,18:00,,,,,,
코트커피,부산광역시 금정구 장전동 400-61,부산광역시 금정구 부산대학로 63,2,8:00,18:00,,,,,,
코트커피,부산광역시 금정구 장전동 400-61,부산광역시 금정구 부산대학로 63,3,8:00,18:00,,,,,,
코트커피,부산광역시 금정구 장전동 400-61,부산광역시 금정구 부산대학로 63,4,8:00,18:00,,,,,,
코트커피,부산광역시 금정구 장전동 400-61,부산광역시 금정구 부산대학로 63,5,8:00,18:00,,,,,,
코트커피,부산광역시 금정구 장전동 400-61,부산광역시 금정구 부산대학로 63,6,10:00,20:00,,,,,,
코페아,부산광역시 금정구 장전동 40,부산광역시 금정구 부산대학로63번길 2,0,12:00,0:00,,,,,,
코페아,부산광역시 금정구 장전동 40,부산광역시 금정구 부산대학로63번길 2,1,11:00,0:00,,,,,,
코페아,부산광역시 금정구 장전동 40,부산광역시 금정구 부산대학로63번길 2,2,11:00,0:00,,,,,,
코페아,부산광역시 금정구 장전동 40,부산광역시 금정구 부산대학로63번길 2,3,11:00,0:00,,,,,,
코페아,부산광역시 금정구 장전동 40,부산광역시 금정구 부산대학로63번길 2,4,11:00,0:00,,,,,,
코페아,부산광역시 금정구 장전동 40,부산광역시 금정구 부산대학로63번길 2,5,11:00,0:00,,,,,,
코페아,부산광역시 금정구 장전동 40,부산광역시 금정구 부산대학로63번길 2,6,12:00,0:00,,,,,,
퀸보석카페,부산광역시 금정구 구서동 425-1,부산광역시 금정구 중앙대로1841번길 2,0,,,,,,,,
퀸보석카페,부산광역시 금정구 구서동 425-1,부산광역시 금정구 중앙대로1841번길 2,1,,,,,,,,
퀸보석카페,부산광역시 금정구 구서동 425-1,부산광역시 금정구 중앙대로1841번길 2,2,,,,,,,,
퀸보석카페,부산광역시 금정구 구서동 425-1,부산광역시 금정구 중앙대로1841번길 2,3,,,,,,,,
퀸보석카페,부산광역시 금정구 구서동 425-1,부산광역시 금정구 중앙대로1841번길 2,4,,,,,,,,
퀸보석카페,부산광역시 금정구 구서동 425-1,부산광역시 금정구 중앙대로1841번길 2,5,,,,,,,,
퀸보석카페,부산광역시 금정구 구서동 425-1,부산광역시 금정구 중앙대로1841번길 2,6,,,,,,,,
타임앤드플레이스,부산광역시 금정구 장전동 233-31,부산광역시 금정구 부산대학로64번길 120,0,10:00,19:00,,,,,,
타임앤드플레이스,부산광역시 금정구 장전동 233-31,부산광역시 금정구 부산대학로64번길 120,1,,,,TRUE,,,,
타임앤드플레이스,부산광역시 금정구 장전동 233-31,부산광역시 금정구 부산대학로64번길 120,2,10:00,19:00,,,,,,
타임앤드플레이스,부산광역시 금정구 장전동 233-31,부산광역시 금정구 부산대학로64번길 120,3,10:00,19:00,,,,,,
타임앤드플레이스,부산광역시 금정구 장전동 233-31,부산광역시 금정구 부산대학로64번길 120,4,10:00,19:00,,,,,,
타임앤드플레이스,부산광역시 금정구 장전동 233-31,부산광역시 금정구 부산대학로64번길 120,5,10:00,19:00,,,,,,
타임앤드플레이스,부산광역시 금정구 장전동 233-31,부산광역시 금정구 부산대학로64번길 120,6,10:00,19:00,,,,,,
타타스베이글,부산광역시 금정구 장전동 419-43,부산광역시 금정구 금강로 265,0,10:30,21:00,20:30,,,,,
타타스베이글,부산광역시 금정구 장전동 419-43,부산광역시 금정구 금강로 265,1,10:30,21:00,20:30,,,,,
타타스베이글,부산광역시 금정구 장전동 419-43,부산광역시 금정구 금강로 265,2,10:30,21:00,20:30,,,,,
타타스베이글,부산광역시 금정구 장전동 419-43,부산광역시 금정구 금강로 265,3,10:30,21:00,20:30,,,,,
타타스베이글,부산광역시 금정구 장전동 419-43,부산광역시 금정구 금강로 265,4,10:30,21:00,20:30,,,,,
타타스베이글,부산광역시 금정구 장전동 419-43,부산광역시 금정구 금강로 265,5,10:30,21:00,20:30,,,,,
타타스베이글,부산광역시 금정구 장전동 419-43,부산광역시 금정구 금강로 265,6,10:30,21:00,20:30,,,,,
탱자만화카페,부산광역시 금정구 장전동 415-20,부산광역시 금정구 금정로68번길 5,0,0:00,,,,,,,
탱자만화카페,부산광역시 금정구 장전동 415-20,부산광역시 금정구 금정로68번길 5,1,0:00,,,,,,,
탱자만화카페,부산광역시 금정구 장전동 415-20,부산광역시 금정구 금정로68번길 5,2,0:00,,,,,,,
탱자만화카페,부산광역시 금정구 장전동 415-20,부산광역시 금정구 금정로68번길 5,3,0:00,,,,,,,
탱자만화카페,부산광역시 금정구 장전동 415-20,부산광역시 금정구 금정로68번길 5,4,0:00,,,,,,,
탱자만화카페,부산광역시 금정구 장전동 415-20,부산광역시 금정구 금정로68번길 5,5,0:00,,,,,,,
탱자만화카페,부산광역시 금정구 장전동 415-20,부산광역시 금정구 금정로68번길 5,6,0:00,,,,,,,
텐퍼센트 동래래미안점,부산광역시 동래구 온천동 1853,부산광역시 동래구 충렬대로107번길 65,0,,,,,,,,
텐퍼센트 동래래미안점,부산광역시 동래구 온천동 1853,부산광역시 동래구 충렬대로107번길 65,1,,,,,,,,
텐퍼센트 동래래미안점,부산광역시 동래구 온천동 1853,부산광역시 동래구 충렬대로107번길 65,2,,,,,,,,
텐퍼센트 동래래미안점,부산광역시 동래구 온천동 1853,부산광역시 동래구 충렬대로107번길 65,3,,,,,,,,
텐퍼센트 동래래미안점,부산광역시 동래구 온천동 1853,부산광역시 동래구 충렬대로107번길 65,4,,,,,,,,
텐퍼센트 동래래미안점,부산광역시 동래구 온천동 1853,부산광역시 동래구 충렬대로107번길 65,5,,,,,,,,
텐퍼센트 동래래미안점,부산광역시 동래구 온천동 1853,부산광역시 동래구 충렬대로107번길 65,6,,,,,,,,
텐퍼센트 부산대역 부곡점,부산광역시 금정구 부곡동 297-1,부산광역시 금정구 중앙대로 1616,0,8:00,19:00,,,,,,
텐퍼센트 부산대역 부곡점,부산광역시 금정구 부곡동 297-1,부산광역시 금정구 중앙대로 1616,1,7:30,19:00,,,,,,
텐퍼센트 부산대역 부곡점,부산광역시 금정구 부곡동 297-1,부산광역시 금정구 중앙대로 1616,2,7:30,19:00,,,,,,
텐퍼센트 부산대역 부곡점,부산광역시 금정구 부곡동 297-1,부산광역시 금정구 중앙대로 1616,3,7:30,19:00,,,,,,
텐퍼센트 부산대역 부곡점,부산광역시 금정구 부곡동 297-1,부산광역시 금정구 중앙대로 1616,4,7:30,19:00,,,,,,
텐퍼센트 부산대역 부곡점,부산광역시 금정구 부곡동 297-1,부산광역시 금정구 중앙대로 1616,5,7:30,19:00,,,,,,
텐퍼센트 부산대역 부곡점,부산광역시 금정구 부곡동 297-1,부산광역시 금정구 중앙대로 1616,6,8:00,19:00,,,,,,
텐퍼센트 부산대점,부산광역시 금정구 장전동 422-40,부산광역시 금정구 금정로 59-9,0,9:00,22:00,,,,,,
텐퍼센트 부산대점,부산광역시 금정구 장전동 422-40,부산광역시 금정구 금정로 59-9,1,8:00,23:00,,,,,,
텐퍼센트 부산대점,부산광역시 금정구 장전동 422-40,부산광역시 금정구 금정로 59-9,2,8:00,23:00,,,,,,
텐퍼센트 부산대점,부산광역시 금정구 장전동 422-40,부산광역시 금정구 금정로 59-9,3,8:00,23:00,,,,,,
텐퍼센트 부산대점,부산광역시 금정구 장전동 422-40,부산광역시 금정구 금정로 59-9,4,8:00,23:00,,,,,,
텐퍼센트 부산대점,부산광역시 금정구 장전동 422-40,부산광역시 금정구 금정로 59-9,5,8:00,23:00,,,,,,
텐퍼센트 부산대점,부산광역시 금정구 장전동 422-40,부산광역시 금정구 금정로 59-9,6,9:00,23:00,,,,,,
텐퍼센트 두실점,부산광역시 금정구 구서동 167-96,부산광역시 금정구 중앙대로1929번길 20,0,8:30,20:30,,,,,,
텐퍼센트 두실점,부산광역시 금정구 구서동 167-96,부산광역시 금정구 중앙대로1929번길 20,1,7:30,21:30,,,,,,
텐퍼센트 두실점,부산광역시 금정구 구서동 167-96,부산광역시 금정구 중앙대로1929번길 20,2,7:30,21:30,,,,,,
텐퍼센트 두실점,부산광역시 금정구 구서동 167-96,부산광역시 금정구 중앙대로1929번길 20,3,7:30,21:30,,,,,,
텐퍼센트 두실점,부산광역시 금정구 구서동 167-96,부산광역시 금정구 중앙대로1929번길 20,4,7:30,21:30,,,,,,
텐퍼센트 두실점,부산광역시 금정구 구서동 167-96,부산광역시 금정구 중앙대로1929번길 20,5,7:30,21:30,,,,,,
텐퍼센트 두실점,부산광역시 금정구 구서동 167-96,부산광역시 금정구 중앙대로1929번길 20,6,8:30,20:30,,,,,,
텐퍼센트커피 구서점,부산광역시 금정구 구서동 409-31,부산광역시 금정구 구서로 26-1,0,8:00,22:00,,,,,,
텐퍼센트커피 구서점,부산광역시 금정구 구서동 409-31,부산광역시 금정구 구서로 26-1,1,8:00,22:00,,,,,,
텐퍼센트커피 구서점,부산광역시 금정구 구서동 409-31,부산광역시 금정구 구서로 26-1,2,8:00,22:00,,,,,,
텐퍼센트커피 구서점,부산광역시 금정구 구서동 409-31,부산광역시 금정구 구서로 26-1,3,8:00,22:00,,,,,,
텐퍼센트커피 구서점,부산광역시 금정구 구서동 409-31,부산광역시 금정구 구서로 26-1,4,8:00,22:00,,,,,,
텐퍼센트커피 구서점,부산광역시 금정구 구서동 409-31,부산광역시 금정구 구서로 26-1,5,8:00,22:00,,,,,,
텐퍼센트커피 구서점,부산광역시 금정구 구서동 409-31,부산광역시 금정구 구서로 26-1,6,8:00,22:00,,,,,,
텐퍼센트커피 동래롯데점,부산광역시 동래구 온천동 435-27,부산광역시 동래구 금강로 63,0,,,,,,,,
텐퍼센트커피 동래롯데점,부산광역시 동래구 온천동 435-27,부산광역시 동래구 금강로 63,1,,,,,,,,
텐퍼센트커피 동래롯데점,부산광역시 동래구 온천동 435-27,부산광역시 동래구 금강로 63,2,,,,,,,,
텐퍼센트커피 동래롯데점,부산광역시 동래구 온천동 435-27,부산광역시 동래구 금강로 63,3,,,,,,,,
텐퍼센트커피 동래롯데점,부산광역시 동래구 온천동 435-27,부산광역시 동래구 금강로 63,4,,,,,,,,
텐퍼센트커피 동래롯데점,부산광역시 동래구 온천동 435-27,부산광역시 동래구 금강로 63,5,,,,,,,,
텐퍼센트커피 동래롯데점,부산광역시 동래구 온천동 435-27,부산광역시 동래구 금강로 63,6,,,,,,,,
텐퍼센트커피 동래명륜점,부산광역시 동래구 명륜동 696-148,부산광역시 동래구 명륜로187번길 4,0,8:00,21:30,,,,,,
텐퍼센트커피 동래명륜점,부산광역시 동래구 명륜동 696-148,부산광역시 동래구 명륜로187번길 4,1,8:00,21:30,,,,,,
텐퍼센트커피 동래명륜점,부산광역시 동래구 명륜동 696-148,부산광역시 동래구 명륜로187번길 4,2,8:00,21:30,,,,,,
텐퍼센트커피 동래명륜점,부산광역시 동래구 명륜동 696-148,부산광역시 동래구 명륜로187번길 4,3,8:00,21:30,,,,,,
텐퍼센트커피 동래명륜점,부산광역시 동래구 명륜동 696-148,부산광역시 동래구 명륜로187번길 4,4,8:00,21:30,,,,,,
텐퍼센트커피 동래명륜점,부산광역시 동래구 명륜동 696-148,부산광역시 동래구 명륜로187번길 4,5,8:00,22:00,,,,,,
텐퍼센트커피 동래명륜점,부산광역시 동래구 명륜동 696-148,부산광역시 동래구 명륜로187번길 4,6,8:00,22:00,,,,,,
텐퍼센트커피 동래아스타점,부산광역시 동래구 온천동 178-7,부산광역시 동래구 중앙대로1473번길 13,0,,,,,,,,
텐퍼센트커피 동래아스타점,부산광역시 동래구 온천동 178-7,부산광역시 동래구 중앙대로1473번길 13,1,,,,,,,,
텐퍼센트커피 동래아스타점,부산광역시 동래구 온천동 178-7,부산광역시 동래구 중앙대로1473번길 13,2,,,,,,,,
텐퍼센트커피 동래아스타점,부산광역시 동래구 온천동 178-7,부산광역시 동래구 중앙대로1473번길 13,3,,,,,,,,
텐퍼센트커피 동래아스타점,부산광역시 동래구 온천동 178-7,부산광역시 동래구 중앙대로1473번길 13,4,,,,,,,,
텐퍼센트커피 동래아스타점,부산광역시 동래구 온천동 178-7,부산광역시 동래구 중앙대로1473번길 13,5,,,,,,,,
텐퍼센트커피 동래아스타점,부산광역시 동래구 온천동 178-7,부산광역시 동래구 중앙대로1473번길 13,6,,,,,,,,
텐퍼센트커피 동래역점,부산광역시 동래구 명륜동 533-79,부산광역시 동래구 충렬대로 175,0,8:30,21:00,,,,,,
텐퍼센트커피 동래역점,부산광역시 동래구 명륜동 533-79,부산광역시 동래구 충렬대로 175,1,7:00,20:00,,,,,,
텐퍼센트커피 동래역점,부산광역시 동래구 명륜동 533-79,부산광역시 동래구 충렬대로 175,2,7:00,20:00,,,,,,
텐퍼센트커피 동래역점,부산광역시 동래구 명륜동 533-79,부산광역시 동래구 충렬대로 175,3,7:00,20:00,,,,,,
텐퍼센트커피 동래역점,부산광역시 동래구 명륜동 533-79,부산광역시 동래구 충렬대로 175,4,7:00,20:00,,,,,,
텐퍼센트커피 동래역점,부산광역시 동래구 명륜동 533-79,부산광역시 동래구 충렬대로 175,5,7:00,20:00,,,,,,
텐퍼센트커피 동래역점,부산광역시 동래구 명륜동 533-79,부산광역시 동래구 충렬대로 175,6,7:00,20:00,,,,,,
텐퍼센트커피 미남역점,부산광역시 동래구 온천동 1424-4,부산광역시 동래구 충렬대로92번길 27,0,,,,,,,,
텐퍼센트커피 미남역점,부산광역시 동래구 온천동 1424-4,부산광역시 동래구 충렬대로92번길 27,1,,,,,,,,
텐퍼센트커피 미남역점,부산광역시 동래구 온천동 1424-4,부산광역시 동래구 충렬대로92번길 27,2,,,,,,,,
텐퍼센트커피 미남역점,부산광역시 동래구 온천동 1424-4,부산광역시 동래구 충렬대로92번길 27,3,,,,,,,,
텐퍼센트커피 미남역점,부산광역시 동래구 온천동 1424-4,부산광역시 동래구 충렬대로92번길 27,4,,,,,,,,
텐퍼센트커피 미남역점,부산광역시 동래구 온천동 1424-4,부산광역시 동래구 충렬대로92번길 27,5,,,,,,,,
텐퍼센트커피 미남역점,부산광역시 동래구 온천동 1424-4,부산광역시 동래구 충렬대로92번길 27,6,,,,,,,,
텐퍼센트커피 부곡동원점,부산광역시 금정구 부곡동 386-14,부산광역시 금정구 부곡로18번안길 43,0,8:00,22:00,,,,,,
텐퍼센트커피 부곡동원점,부산광역시 금정구 부곡동 386-14,부산광역시 금정구 부곡로18번안길 43,1,8:00,21:00,,,,,,
텐퍼센트커피 부곡동원점,부산광역시 금정구 부곡동 386-14,부산광역시 금정구 부곡로18번안길 43,2,8:00,21:00,,,,,,
텐퍼센트커피 부곡동원점,부산광역시 금정구 부곡동 386-14,부산광역시 금정구 부곡로18번안길 43,3,8:00,21:00,,,,,,
텐퍼센트커피 부곡동원점,부산광역시 금정구 부곡동 386-14,부산광역시 금정구 부곡로18번안길 43,4,8:00,21:00,,,,,,
텐퍼센트커피 부곡동원점,부산광역시 금정구 부곡동 386-14,부산광역시 금정구 부곡로18번안길 43,5,8:00,22:00,,,,,,
텐퍼센트커피 부곡동원점,부산광역시 금정구 부곡동 386-14,부산광역시 금정구 부곡로18번안길 43,6,8:00,22:00,,,,,,
텐퍼센트커피 온천래미안포레스티지,부산광역시 동래구 온천동 94-10,부산광역시 동래구 금강로 151,0,,,,,,,,
텐퍼센트커피 온천래미안포레스티지,부산광역시 동래구 온천동 94-10,부산광역시 동래구 금강로 151,1,,,,,,,,
텐퍼센트커피 온천래미안포레스티지,부산광역시 동래구 온천동 94-10,부산광역시 동래구 금강로 151,2,,,,,,,,
텐퍼센트커피 온천래미안포레스티지,부산광역시 동래구 온천동 94-10,부산광역시 동래구 금강로 151,3,,,,,,,,
텐퍼센트커피 온천래미안포레스티지,부산광역시 동래구 온천동 94-10,부산광역시 동래구 금강로 151,4,,,,,,,,
텐퍼센트커피 온천래미안포레스티지,부산광역시 동래구 온천동 94-10,부산광역시 동래구 금강로 151,5,,,,,,,,
텐퍼센트커피 온천래미안포레스티지,부산광역시 동래구 온천동 94-10,부산광역시 동래구 금강로 151,6,,,,,,,,
텐퍼센트커피 온천장점,부산광역시 동래구 온천동 153-8,부산광역시 동래구 중앙대로 1523,0,,,,,,,,
텐퍼센트커피 온천장점,부산광역시 동래구 온천동 153-8,부산광역시 동래구 중앙대로 1523,1,,,,,,,,
텐퍼센트커피 온천장점,부산광역시 동래구 온천동 153-8,부산광역시 동래구 중앙대로 1523,2,,,,,,,,
텐퍼센트커피 온천장점,부산광역시 동래구 온천동 153-8,부산광역시 동래구 중앙대로 1523,3,,,,,,,,
텐퍼센트커피 온천장점,부산광역시 동래구 온천동 153-8,부산광역시 동래구 중앙대로 1523,4,,,,,,,,
텐퍼센트커피 온천장점,부산광역시 동래구 온천동 153-8,부산광역시 동래구 중앙대로 1523,5,,,,,,,,
텐퍼센트커피 온천장점,부산광역시 동래구 온천동 153-8,부산광역시 동래구 중앙대로 1523,6,,,,,,,,
텐퍼센트커피 장전점,부산광역시 금정구 장전동 153-4,부산광역시 금정구 수림로71번길 43,0,8:30,19:00,,,,,,
텐퍼센트커피 장전점,부산광역시 금정구 장전동 153-4,부산광역시 금정구 수림로71번길 43,1,7:30,20:30,,,,,,
텐퍼센트커피 장전점,부산광역시 금정구 장전동 153-4,부산광역시 금정구 수림로71번길 43,2,7:30,20:30,,,,,,
텐퍼센트커피 장전점,부산광역시 금정구 장전동 153-4,부산광역시 금정구 수림로71번길 43,3,7:30,20:30,,,,,,
텐퍼센트커피 장전점,부산광역시 금정구 장전동 153-4,부산광역시 금정구 수림로71번길 43,4,7:30,20:30,,,,,,
텐퍼센트커피 장전점,부산광역시 금정구 장전동 153-4,부산광역시 금정구 수림로71번길 43,5,7:30,20:30,,,,,,
텐퍼센트커피 장전점,부산광역시 금정구 장전동 153-4,부산광역시 금정구 수림로71번길 43,6,8:30,20:30,,,,,,
텐퍼센트커피 금정구청점,부산광역시 금정구 부곡동 64-35,부산광역시 금정구 중앙대로1793번길 60,0,8:00,20:00,,,,,,
텐퍼센트커피 금정구청점,부산광역시 금정구 부곡동 64-35,부산광역시 금정구 중앙대로1793번길 60,1,7:30,20:00,,,,,,
텐퍼센트커피 금정구청점,부산광역시 금정구 부곡동 64-35,부산광역시 금정구 중앙대로1793번길 60,2,7:30,20:00,,,,,,
텐퍼센트커피 금정구청점,부산광역시 금정구 부곡동 64-35,부산광역시 금정구 중앙대로1793번길 60,3,7:30,20:00,,,,,,
텐퍼센트커피 금정구청점,부산광역시 금정구 부곡동 64-35,부산광역시 금정구 중앙대로1793번길 60,4,7:30,20:00,,,,,,
텐퍼센트커피 금정구청점,부산광역시 금정구 부곡동 64-35,부산광역시 금정구 중앙대로1793번길 60,5,7:30,20:00,,,,,,
텐퍼센트커피 금정구청점,부산광역시 금정구 부곡동 64-35,부산광역시 금정구 중앙대로1793번길 60,6,8:00,20:00,,,,,,
토즈스터디센터 장전센터,부산광역시 금정구 장전동 420-47,부산광역시 금정구 금강로 252-1,0,,,,,,,,
토즈스터디센터 장전센터,부산광역시 금정구 장전동 420-47,부산광역시 금정구 금강로 252-1,1,,,,,,,,
토즈스터디센터 장전센터,부산광역시 금정구 장전동 420-47,부산광역시 금정구 금강로 252-1,2,,,,,,,,
토즈스터디센터 장전센터,부산광역시 금정구 장전동 420-47,부산광역시 금정구 금강로 252-1,3,,,,,,,,
토즈스터디센터 장전센터,부산광역시 금정구 장전동 420-47,부산광역시 금정구 금강로 252-1,4,,,,,,,,
토즈스터디센터 장전센터,부산광역시 금정구 장전동 420-47,부산광역시 금정구 금강로 252-1,5,,,,,,,,
토즈스터디센터 장전센터,부산광역시 금정구 장전동 420-47,부산광역시 금정구 금강로 252-1,6,,,,,,,,
토트,부산광역시 금정구 부곡동 14-2,부산광역시 금정구 중앙대로 1784,0,9:00,18:00,,,,,,
토트,부산광역시 금정구 부곡동 14-2,부산광역시 금정구 중앙대로 1784,1,9:00,18:00,,,,,,
토트,부산광역시 금정구 부곡동 14-2,부산광역시 금정구 중앙대로 1784,2,9:00,18:00,,,,,,
토트,부산광역시 금정구 부곡동 14-2,부산광역시 금정구 중앙대로 1784,3,9:00,18:00,,,,,,
토트,부산광역시 금정구 부곡동 14-2,부산광역시 금정구 중앙대로 1784,4,9:00,18:00,,,,,,
토트,부산광역시 금정구 부곡동 14-2,부산광역시 금정구 중앙대로 1784,5,9:00,18:00,,,,,,
토트,부산광역시 금정구 부곡동 14-2,부산광역시 금정구 중앙대로 1784,6,9:00,18:00,,,,,,
투더브림,부산광역시 금정구 장전동 146-20,부산광역시 금정구 금강로321번길 60,0,,,,TRUE,,,,
투더브림,부산광역시 금정구 장전동 146-20,부산광역시 금정구 금강로321번길 60,1,11:30,19:30,19:00,,,,,
투더브림,부산광역시 금정구 장전동 146-20,부산광역시 금정구 금강로321번길 60,2,11:30,19:30,19:00,,,,,
투더브림,부산광역시 금정구 장전동 146-20,부산광역시 금정구 금강로321번길 60,3,11:30,19:30,19:00,,,,,
투더브림,부산광역시 금정구 장전동 146-20,부산광역시 금정구 금강로321번길 60,4,11:30,19:30,19:00,,,,,
투더브림,부산광역시 금정구 장전동 146-20,부산광역시 금정구 금강로321번길 60,5,11:30,19:30,19:00,,,,,
투더브림,부산광역시 금정구 장전동 146-20,부산광역시 금정구 금강로321번길 60,6,11:30,19:30,19:00,,,,,
투도스,부산광역시 동래구 온천동 781-15,부산광역시 동래구 중앙대로1381번길 73-9,0,,,,,,,,
투도스,부산광역시 동래구 온천동 781-15,부산광역시 동래구 중앙대로1381번길 73-9,1,,,,,,,,
투도스,부산광역시 동래구 온천동 781-15,부산광역시 동래구 중앙대로1381번길 73-9,2,,,,,,,,
투도스,부산광역시 동래구 온천동 781-15,부산광역시 동래구 중앙대로1381번길 73-9,3,,,,,,,,
투도스,부산광역시 동래구 온천동 781-15,부산광역시 동래구 중앙대로1381번길 73-9,4,,,,,,,,
투도스,부산광역시 동래구 온천동 781-15,부산광역시 동래구 중앙대로1381번길 73-9,5,,,,,,,,
투도스,부산광역시 동래구 온천동 781-15,부산광역시 동래구 중앙대로1381번길 73-9,6,,,,,,,,
투썸플레이스 동래점,부산광역시 동래구 명륜동 553-12,부산광역시 동래구 명륜로129번가길 7,0,,,,,,,,
투썸플레이스 동래점,부산광역시 동래구 명륜동 553-12,부산광역시 동래구 명륜로129번가길 7,1,,,,,,,,
투썸플레이스 동래점,부산광역시 동래구 명륜동 553-12,부산광역시 동래구 명륜로129번가길 7,2,,,,,,,,
투썸플레이스 동래점,부산광역시 동래구 명륜동 553-12,부산광역시 동래구 명륜로129번가길 7,3,,,,,,,,
투썸플레이스 동래점,부산광역시 동래구 명륜동 553-12,부산광역시 동래구 명륜로129번가길 7,4,,,,,,,,
투썸플레이스 동래점,부산광역시 동래구 명륜동 553-12,부산광역시 동래구 명륜로129번가길 7,5,,,,,,,,
투썸플레이스 동래점,부산광역시 동래구 명륜동 553-12,부산광역시 동래구 명륜로129번가길 7,6,,,,,,,,
투썸플레이스 부산대정문점,부산광역시 금정구 장전동 420-2,부산광역시 금정구 금강로 260-2,0,,,,,,,,
투썸플레이스 부산대정문점,부산광역시 금정구 장전동 420-2,부산광역시 금정구 금강로 260-2,1,,,,,,,,
투썸플레이스 부산대정문점,부산광역시 금정구 장전동 420-2,부산광역시 금정구 금강로 260-2,2,,,,,,,,
투썸플레이스 부산대정문점,부산광역시 금정구 장전동 420-2,부산광역시 금정구 금강로 260-2,3,,,,,,,,
투썸플레이스 부산대정문점,부산광역시 금정구 장전동 420-2,부산광역시 금정구 금강로 260-2,4,,,,,,,,
투썸플레이스 부산대정문점,부산광역시 금정구 장전동 420-2,부산광역시 금정구 금강로 260-2,5,,,,,,,,
투썸플레이스 부산대정문점,부산광역시 금정구 장전동 420-2,부산광역시 금정구 금강로 260-2,6,,,,,,,,
투썸플레이스 부산동래 CGV점,부산광역시 동래구 온천동 153-8,부산광역시 동래구 중앙대로 1523,0,,,,,,,,
투썸플레이스 부산동래 CGV점,부산광역시 동래구 온천동 153-8,부산광역시 동래구 중앙대로 1523,1,,,,,,,,
투썸플레이스 부산동래 CGV점,부산광역시 동래구 온천동 153-8,부산광역시 동래구 중앙대로 1523,2,,,,,,,,
투썸플레이스 부산동래 CGV점,부산광역시 동래구 온천동 153-8,부산광역시 동래구 중앙대로 1523,3,,,,,,,,
투썸플레이스 부산동래 CGV점,부산광역시 동래구 온천동 153-8,부산광역시 동래구 중앙대로 1523,4,,,,,,,,
투썸플레이스 부산동래 CGV점,부산광역시 동래구 온천동 153-8,부산광역시 동래구 중앙대로 1523,5,,,,,,,,
투썸플레이스 부산동래 CGV점,부산광역시 동래구 온천동 153-8,부산광역시 동래구 중앙대로 1523,6,,,,,,,,
투썸플레이스 부산동래롯데점,부산광역시 동래구 온천동 503-29,부산광역시 동래구 중앙대로1381번길 5,0,,,,,,,,
투썸플레이스 부산동래롯데점,부산광역시 동래구 온천동 503-29,부산광역시 동래구 중앙대로1381번길 5,1,,,,,,,,
투썸플레이스 부산동래롯데점,부산광역시 동래구 온천동 503-29,부산광역시 동래구 중앙대로1381번길 5,2,,,,,,,,
투썸플레이스 부산동래롯데점,부산광역시 동래구 온천동 503-29,부산광역시 동래구 중앙대로1381번길 5,3,,,,,,,,
투썸플레이스 부산동래롯데점,부산광역시 동래구 온천동 503-29,부산광역시 동래구 중앙대로1381번길 5,4,,,,,,,,
투썸플레이스 부산동래롯데점,부산광역시 동래구 온천동 503-29,부산광역시 동래구 중앙대로1381번길 5,5,,,,,,,,
투썸플레이스 부산동래롯데점,부산광역시 동래구 온천동 503-29,부산광역시 동래구 중앙대로1381번길 5,6,,,,,,,,
투썸플레이스 부산온천SK점,부산광역시 동래구 온천동 1850,부산광역시 동래구 온천장로65번길 9,0,,,,,,,,
투썸플레이스 부산온천SK점,부산광역시 동래구 온천동 1850,부산광역시 동래구 온천장로65번길 9,1,,,,,,,,
투썸플레이스 부산온천SK점,부산광역시 동래구 온천동 1850,부산광역시 동래구 온천장로65번길 9,2,,,,,,,,
투썸플레이스 부산온천SK점,부산광역시 동래구 온천동 1850,부산광역시 동래구 온천장로65번길 9,3,,,,,,,,
투썸플레이스 부산온천SK점,부산광역시 동래구 온천동 1850,부산광역시 동래구 온천장로65번길 9,4,,,,,,,,
투썸플레이스 부산온천SK점,부산광역시 동래구 온천동 1850,부산광역시 동래구 온천장로65번길 9,5,,,,,,,,
투썸플레이스 부산온천SK점,부산광역시 동래구 온천동 1850,부산광역시 동래구 온천장로65번길 9,6,,,,,,,,
투썸플레이스 온천점,부산광역시 동래구 온천동 153-59,부산광역시 동래구 온천장로117번길 26,0,,,,,,,,
투썸플레이스 온천점,부산광역시 동래구 온천동 153-59,부산광역시 동래구 온천장로117번길 26,1,,,,,,,,
투썸플레이스 온천점,부산광역시 동래구 온천동 153-59,부산광역시 동래구 온천장로117번길 26,2,,,,,,,,
투썸플레이스 온천점,부산광역시 동래구 온천동 153-59,부산광역시 동래구 온천장로117번길 26,3,,,,,,,,
투썸플레이스 온천점,부산광역시 동래구 온천동 153-59,부산광역시 동래구 온천장로117번길 26,4,,,,,,,,
투썸플레이스 온천점,부산광역시 동래구 온천동 153-59,부산광역시 동래구 온천장로117번길 26,5,,,,,,,,
투썸플레이스 온천점,부산광역시 동래구 온천동 153-59,부산광역시 동래구 온천장로117번길 26,6,,,,,,,,
티라이스베이커리 부산대점,부산광역시 금정구 부곡동 298-13,부산광역시 금정구 부곡온천천로 26-15,0,9:00,21:00,,,,,,
티라이스베이커리 부산대점,부산광역시 금정구 부곡동 298-13,부산광역시 금정구 부곡온천천로 26-15,1,9:00,21:00,,,,,,
티라이스베이커리 부산대점,부산광역시 금정구 부곡동 298-13,부산광역시 금정구 부곡온천천로 26-15,2,9:00,21:00,,,,,,
티라이스베이커리 부산대점,부산광역시 금정구 부곡동 298-13,부산광역시 금정구 부곡온천천로 26-15,3,9:00,21:00,,,,,,
티라이스베이커리 부산대점,부산광역시 금정구 부곡동 298-13,부산광역시 금정구 부곡온천천로 26-15,4,9:00,21:00,,,,,,
티라이스베이커리 부산대점,부산광역시 금정구 부곡동 298-13,부산광역시 금정구 부곡온천천로 26-15,5,9:00,21:00,,,,,,
티라이스베이커리 부산대점,부산광역시 금정구 부곡동 298-13,부산광역시 금정구 부곡온천천로 26-15,6,9:00,21:00,,,,,,
티볼리,부산광역시 동래구 온천동 728-50,부산광역시 동래구 충렬대로107번길 45,0,,,,,,,,
티볼리,부산광역시 동래구 온천동 728-50,부산광역시 동래구 충렬대로107번길 45,1,,,,,,,,
티볼리,부산광역시 동래구 온천동 728-50,부산광역시 동래구 충렬대로107번길 45,2,,,,,,,,
티볼리,부산광역시 동래구 온천동 728-50,부산광역시 동래구 충렬대로107번길 45,3,,,,,,,,
티볼리,부산광역시 동래구 온천동 728-50,부산광역시 동래구 충렬대로107번길 45,4,,,,,,,,
티볼리,부산광역시 동래구 온천동 728-50,부산광역시 동래구 충렬대로107번길 45,5,,,,,,,,
티볼리,부산광역시 동래구 온천동 728-50,부산광역시 동래구 충렬대로107번길 45,6,,,,,,,,
티제이,부산광역시 동래구 온천동 784-29,부산광역시 동래구 금강로8번가길 23,0,,,,,,,,
티제이,부산광역시 동래구 온천동 784-29,부산광역시 동래구 금강로8번가길 23,1,,,,,,,,
티제이,부산광역시 동래구 온천동 784-29,부산광역시 동래구 금강로8번가길 23,2,,,,,,,,
티제이,부산광역시 동래구 온천동 784-29,부산광역시 동래구 금강로8번가길 23,3,,,,,,,,
티제이,부산광역시 동래구 온천동 784-29,부산광역시 동래구 금강로8번가길 23,4,,,,,,,,
티제이,부산광역시 동래구 온천동 784-29,부산광역시 동래구 금강로8번가길 23,5,,,,,,,,
티제이,부산광역시 동래구 온천동 784-29,부산광역시 동래구 금강로8번가길 23,6,,,,,,,,
티티카카,부산광역시 동래구 명륜동 297-1,부산광역시 동래구 명륜로138번길 31,0,,,,,,,,
티티카카,부산광역시 동래구 명륜동 297-1,부산광역시 동래구 명륜로138번길 31,1,,,,,,,,
티티카카,부산광역시 동래구 명륜동 297-1,부산광역시 동래구 명륜로138번길 31,2,,,,,,,,
티티카카,부산광역시 동래구 명륜동 297-1,부산광역시 동래구 명륜로138번길 31,3,,,,,,,,
티티카카,부산광역시 동래구 명륜동 297-1,부산광역시 동래구 명륜로138번길 31,4,,,,,,,,
티티카카,부산광역시 동래구 명륜동 297-1,부산광역시 동래구 명륜로138번길 31,5,,,,,,,,
티티카카,부산광역시 동래구 명륜동 297-1,부산광역시 동래구 명륜로138번길 31,6,,,,,,,,
파나카,부산광역시 동래구 온천동 1116-19,부산광역시 동래구 금정마을로 54,0,,,,,,,,
파나카,부산광역시 동래구 온천동 1116-19,부산광역시 동래구 금정마을로 54,1,,,,,,,,
파나카,부산광역시 동래구 온천동 1116-19,부산광역시 동래구 금정마을로 54,2,,,,,,,,
파나카,부산광역시 동래구 온천동 1116-19,부산광역시 동래구 금정마을로 54,3,,,,,,,,
파나카,부산광역시 동래구 온천동 1116-19,부산광역시 동래구 금정마을로 54,4,,,,,,,,
파나카,부산광역시 동래구 온천동 1116-19,부산광역시 동래구 금정마을로 54,5,,,,,,,,
파나카,부산광역시 동래구 온천동 1116-19,부산광역시 동래구 금정마을로 54,6,,,,,,,,
파밀레 동래점,부산광역시 동래구 온천동 473-13,부산광역시 동래구 온천장로 1,0,,,,,,,,
파밀레 동래점,부산광역시 동래구 온천동 473-13,부산광역시 동래구 온천장로 1,1,,,,,,,,
파밀레 동래점,부산광역시 동래구 온천동 473-13,부산광역시 동래구 온천장로 1,2,,,,,,,,
파밀레 동래점,부산광역시 동래구 온천동 473-13,부산광역시 동래구 온천장로 1,3,,,,,,,,
파밀레 동래점,부산광역시 동래구 온천동 473-13,부산광역시 동래구 온천장로 1,4,,,,,,,,
파밀레 동래점,부산광역시 동래구 온천동 473-13,부산광역시 동래구 온천장로 1,5,,,,,,,,
파밀레 동래점,부산광역시 동래구 온천동 473-13,부산광역시 동래구 온천장로 1,6,,,,,,,,
파스쿠찌 부산미남역점,부산광역시 동래구 온천동 1421-8,부산광역시 동래구 미남로 133,0,,,,,,,,
파스쿠찌 부산미남역점,부산광역시 동래구 온천동 1421-8,부산광역시 동래구 미남로 133,1,,,,,,,,
파스쿠찌 부산미남역점,부산광역시 동래구 온천동 1421-8,부산광역시 동래구 미남로 133,2,,,,,,,,
파스쿠찌 부산미남역점,부산광역시 동래구 온천동 1421-8,부산광역시 동래구 미남로 133,3,,,,,,,,
파스쿠찌 부산미남역점,부산광역시 동래구 온천동 1421-8,부산광역시 동래구 미남로 133,4,,,,,,,,
파스쿠찌 부산미남역점,부산광역시 동래구 온천동 1421-8,부산광역시 동래구 미남로 133,5,,,,,,,,
파스쿠찌 부산미남역점,부산광역시 동래구 온천동 1421-8,부산광역시 동래구 미남로 133,6,,,,,,,,
파스쿠찌 온천장점,부산광역시 동래구 온천동 169-23,부산광역시 동래구 온천장로 89,0,,,,,,,,
파스쿠찌 온천장점,부산광역시 동래구 온천동 169-23,부산광역시 동래구 온천장로 89,1,,,,,,,,
파스쿠찌 온천장점,부산광역시 동래구 온천동 169-23,부산광역시 동래구 온천장로 89,2,,,,,,,,
파스쿠찌 온천장점,부산광역시 동래구 온천동 169-23,부산광역시 동래구 온천장로 89,3,,,,,,,,
파스쿠찌 온천장점,부산광역시 동래구 온천동 169-23,부산광역시 동래구 온천장로 89,4,,,,,,,,
파스쿠찌 온천장점,부산광역시 동래구 온천동 169-23,부산광역시 동래구 온천장로 89,5,,,,,,,,
파스쿠찌 온천장점,부산광역시 동래구 온천동 169-23,부산광역시 동래구 온천장로 89,6,,,,,,,,
파티셰리드블랑,부산광역시 금정구 장전동 646-18,부산광역시 금정구 식물원로 3,0,,,,,,,,
파티셰리드블랑,부산광역시 금정구 장전동 646-18,부산광역시 금정구 식물원로 3,1,,,,,,,,
파티셰리드블랑,부산광역시 금정구 장전동 646-18,부산광역시 금정구 식물원로 3,2,,,,,,,,
파티셰리드블랑,부산광역시 금정구 장전동 646-18,부산광역시 금정구 식물원로 3,3,,,,,,,,
파티셰리드블랑,부산광역시 금정구 장전동 646-18,부산광역시 금정구 식물원로 3,4,,,,,,,,
파티셰리드블랑,부산광역시 금정구 장전동 646-18,부산광역시 금정구 식물원로 3,5,,,,,,,,
파티셰리드블랑,부산광역시 금정구 장전동 646-18,부산광역시 금정구 식물원로 3,6,,,,,,,,
브루커피 동래점,부산광역시 동래구 명륜동 669-13,부산광역시 동래구 충렬대로181번길 112,0,9:00,22:00,,,,,,
브루커피 동래점,부산광역시 동래구 명륜동 669-13,부산광역시 동래구 충렬대로181번길 112,1,9:00,22:00,,,,,,
브루커피 동래점,부산광역시 동래구 명륜동 669-13,부산광역시 동래구 충렬대로181번길 112,2,9:00,22:00,,,,,,
브루커피 동래점,부산광역시 동래구 명륜동 669-13,부산광역시 동래구 충렬대로181번길 112,3,9:00,22:00,,,,,,
브루커피 동래점,부산광역시 동래구 명륜동 669-13,부산광역시 동래구 충렬대로181번길 112,4,9:00,22:00,,,,,,
브루커피 동래점,부산광역시 동래구 명륜동 669-13,부산광역시 동래구 충렬대로181번길 112,5,9:00,22:00,,,,,,
브루커피 동래점,부산광역시 동래구 명륜동 669-13,부산광역시 동래구 충렬대로181번길 112,6,9:00,22:00,,,,,,
팔공티롯데 동래점,부산광역시 동래구 온천동 502-3,부산광역시 동래구 중앙대로 1393,0,,,,,,,,
팔공티롯데 동래점,부산광역시 동래구 온천동 502-3,부산광역시 동래구 중앙대로 1393,1,,,,,,,,
팔공티롯데 동래점,부산광역시 동래구 온천동 502-3,부산광역시 동래구 중앙대로 1393,2,,,,,,,,
팔공티롯데 동래점,부산광역시 동래구 온천동 502-3,부산광역시 동래구 중앙대로 1393,3,,,,,,,,
팔공티롯데 동래점,부산광역시 동래구 온천동 502-3,부산광역시 동래구 중앙대로 1393,4,,,,,,,,
팔공티롯데 동래점,부산광역시 동래구 온천동 502-3,부산광역시 동래구 중앙대로 1393,5,,,,,,,,
팔공티롯데 동래점,부산광역시 동래구 온천동 502-3,부산광역시 동래구 중앙대로 1393,6,,,,,,,,
팜앤커피 팜&커피,부산광역시 금정구 구서동 463-26,부산광역시 금정구 금강로380번길 42,0,11:50,23:50,,,,,,
팜앤커피 팜&커피,부산광역시 금정구 구서동 463-26,부산광역시 금정구 금강로380번길 42,1,11:50,23:50,,,,,,
팜앤커피 팜&커피,부산광역시 금정구 구서동 463-26,부산광역시 금정구 금강로380번길 42,2,11:50,23:50,,,,,,
팜앤커피 팜&커피,부산광역시 금정구 구서동 463-26,부산광역시 금정구 금강로380번길 42,3,11:50,23:50,,,,,,
팜앤커피 팜&커피,부산광역시 금정구 구서동 463-26,부산광역시 금정구 금강로380번길 42,4,11:50,23:50,,,,,,
팜앤커피 팜&커피,부산광역시 금정구 구서동 463-26,부산광역시 금정구 금강로380번길 42,5,11:50,23:50,,,,,,
팜앤커피 팜&커피,부산광역시 금정구 구서동 463-26,부산광역시 금정구 금강로380번길 42,6,11:50,23:50,,,,,,
포벨르,부산광역시 금정구 부곡동 63-15,부산광역시 금정구 중앙대로1763번길 27,0,,,,,,,,
포벨르,부산광역시 금정구 부곡동 63-15,부산광역시 금정구 중앙대로1763번길 27,1,,,,,,,,
포벨르,부산광역시 금정구 부곡동 63-15,부산광역시 금정구 중앙대로1763번길 27,2,,,,,,,,
포벨르,부산광역시 금정구 부곡동 63-15,부산광역시 금정구 중앙대로1763번길 27,3,,,,,,,,
포벨르,부산광역시 금정구 부곡동 63-15,부산광역시 금정구 중앙대로1763번길 27,4,,,,,,,,
포벨르,부산광역시 금정구 부곡동 63-15,부산광역시 금정구 중앙대로1763번길 27,5,,,,,,,,
포벨르,부산광역시 금정구 부곡동 63-15,부산광역시 금정구 중앙대로1763번길 27,6,,,,,,,,
퓌어밀쉬,부산광역시 금정구 구서동 472-24,부산광역시 금정구 금강로403번길 11,0,,,,TRUE,,,,
퓌어밀쉬,부산광역시 금정구 구서동 472-24,부산광역시 금정구 금강로403번길 11,1,10:00,19:00,,,,,,
퓌어밀쉬,부산광역시 금정구 구서동 472-24,부산광역시 금정구 금강로403번길 11,2,10:00,19:00,,,,,,
퓌어밀쉬,부산광역시 금정구 구서동 472-24,부산광역시 금정구 금강로403번길 11,3,10:00,19:00,,,,,,
퓌어밀쉬,부산광역시 금정구 구서동 472-24,부산광역시 금정구 금강로403번길 11,4,10:00,19:00,,,,,,
퓌어밀쉬,부산광역시 금정구 구서동 472-24,부산광역시 금정구 금강로403번길 11,5,10:00,19:00,,,,,,
퓌어밀쉬,부산광역시 금정구 구서동 472-24,부산광역시 금정구 금강로403번길 11,6,10:00,15:00,,,,,,
프루쉬부산대역점,부산광역시 금정구 부곡동 981,부산광역시 금정구 중앙대로1629번길 16,0,,,,,,,,
프루쉬부산대역점,부산광역시 금정구 부곡동 981,부산광역시 금정구 중앙대로1629번길 16,1,,,,,,,,
프루쉬부산대역점,부산광역시 금정구 부곡동 981,부산광역시 금정구 중앙대로1629번길 16,2,,,,,,,,
프루쉬부산대역점,부산광역시 금정구 부곡동 981,부산광역시 금정구 중앙대로1629번길 16,3,,,,,,,,
프루쉬부산대역점,부산광역시 금정구 부곡동 981,부산광역시 금정구 중앙대로1629번길 16,4,,,,,,,,
프루쉬부산대역점,부산광역시 금정구 부곡동 981,부산광역시 금정구 중앙대로1629번길 16,5,,,,,,,,
프루쉬부산대역점,부산광역시 금정구 부곡동 981,부산광역시 금정구 중앙대로1629번길 16,6,,,,,,,,
프루츠락,부산광역시 금정구 부곡동 280-23,부산광역시 금정구 동부곡로23번길 4,0,,,,,,,,
프루츠락,부산광역시 금정구 부곡동 280-23,부산광역시 금정구 동부곡로23번길 4,1,,,,,,,,
프루츠락,부산광역시 금정구 부곡동 280-23,부산광역시 금정구 동부곡로23번길 4,2,,,,,,,,
프루츠락,부산광역시 금정구 부곡동 280-23,부산광역시 금정구 동부곡로23번길 4,3,,,,,,,,
프루츠락,부산광역시 금정구 부곡동 280-23,부산광역시 금정구 동부곡로23번길 4,4,,,,,,,,
프루츠락,부산광역시 금정구 부곡동 280-23,부산광역시 금정구 동부곡로23번길 4,5,,,,,,,,
프루츠락,부산광역시 금정구 부곡동 280-23,부산광역시 금정구 동부곡로23번길 4,6,,,,,,,,
프맄커피,부산광역시 금정구 장전동 387-15,부산광역시 금정구 금강로279번길 20,0,,,,TRUE,,,,
프맄커피,부산광역시 금정구 장전동 387-15,부산광역시 금정구 금강로279번길 20,1,12:00,19:00,18:30,,,,,
프맄커피,부산광역시 금정구 장전동 387-15,부산광역시 금정구 금강로279번길 20,2,12:00,19:00,18:30,,,,,
프맄커피,부산광역시 금정구 장전동 387-15,부산광역시 금정구 금강로279번길 20,3,12:00,19:00,18:30,,,,,
프맄커피,부산광역시 금정구 장전동 387-15,부산광역시 금정구 금강로279번길 20,4,12:00,19:00,18:30,,,,,
프맄커피,부산광역시 금정구 장전동 387-15,부산광역시 금정구 금강로279번길 20,5,,,,TRUE,,,,
프맄커피,부산광역시 금정구 장전동 387-15,부산광역시 금정구 금강로279번길 20,6,,,,TRUE,,,,
플러스82 부산대점,부산광역시 금정구 부곡동 322-14,부산광역시 금정구 동현로 41-1,0,,,,,,,,
플러스82 부산대점,부산광역시 금정구 부곡동 322-14,부산광역시 금정구 동현로 41-1,1,,,,,,,,
플러스82 부산대점,부산광역시 금정구 부곡동 322-14,부산광역시 금정구 동현로 41-1,2,,,,,,,,
플러스82 부산대점,부산광역시 금정구 부곡동 322-14,부산광역시 금정구 동현로 41-1,3,,,,,,,,
플러스82 부산대점,부산광역시 금정구 부곡동 322-14,부산광역시 금정구 동현로 41-1,4,,,,,,,,
플러스82 부산대점,부산광역시 금정구 부곡동 322-14,부산광역시 금정구 동현로 41-1,5,,,,,,,,
플러스82 부산대점,부산광역시 금정구 부곡동 322-14,부산광역시 금정구 동현로 41-1,6,,,,,,,,
필리밀,부산광역시 금정구 부곡동 296-48,부산광역시 금정구 서부곡로16번길 54,0,9:00,17:00,,,,,,
필리밀,부산광역시 금정구 부곡동 296-48,부산광역시 금정구 서부곡로16번길 54,1,9:00,19:00,,,,,,
필리밀,부산광역시 금정구 부곡동 296-48,부산광역시 금정구 서부곡로16번길 54,2,9:00,19:00,,,,,,
필리밀,부산광역시 금정구 부곡동 296-48,부산광역시 금정구 서부곡로16번길 54,3,9:00,19:00,,,,,,
필리밀,부산광역시 금정구 부곡동 296-48,부산광역시 금정구 서부곡로16번길 54,4,9:00,19:00,,,,,,
필리밀,부산광역시 금정구 부곡동 296-48,부산광역시 금정구 서부곡로16번길 54,5,9:00,19:00,,,,,,
필리밀,부산광역시 금정구 부곡동 296-48,부산광역시 금정구 서부곡로16번길 54,6,,,,TRUE,,,,
하나커피숍,부산광역시 동래구 온천동 1439-7,부산광역시 동래구 충렬대로 157-1,0,,,,,,,,
하나커피숍,부산광역시 동래구 온천동 1439-7,부산광역시 동래구 충렬대로 157-1,1,,,,,,,,
하나커피숍,부산광역시 동래구 온천동 1439-7,부산광역시 동래구 충렬대로 157-1,2,,,,,,,,
하나커피숍,부산광역시 동래구 온천동 1439-7,부산광역시 동래구 충렬대로 157-1,3,,,,,,,,
하나커피숍,부산광역시 동래구 온천동 1439-7,부산광역시 동래구 충렬대로 157-1,4,,,,,,,,
하나커피숍,부산광역시 동래구 온천동 1439-7,부산광역시 동래구 충렬대로 157-1,5,,,,,,,,
하나커피숍,부산광역시 동래구 온천동 1439-7,부산광역시 동래구 충렬대로 157-1,6,,,,,,,,
하삼동커피 구서SK점,부산광역시 금정구 구서동 460-23,부산광역시 금정구 수림로72번길 114,0,7:30,22:50,,,,,,
하삼동커피 구서SK점,부산광역시 금정구 구서동 460-23,부산광역시 금정구 수림로72번길 114,1,7:00,22:50,,,,,,
하삼동커피 구서SK점,부산광역시 금정구 구서동 460-23,부산광역시 금정구 수림로72번길 114,2,7:00,22:50,,,,,,
하삼동커피 구서SK점,부산광역시 금정구 구서동 460-23,부산광역시 금정구 수림로72번길 114,3,7:00,22:50,,,,,,
하삼동커피 구서SK점,부산광역시 금정구 구서동 460-23,부산광역시 금정구 수림로72번길 114,4,7:00,22:50,,,,,,
하삼동커피 구서SK점,부산광역시 금정구 구서동 460-23,부산광역시 금정구 수림로72번길 114,5,7:00,22:50,,,,,,
하삼동커피 구서SK점,부산광역시 금정구 구서동 460-23,부산광역시 금정구 수림로72번길 114,6,7:30,22:50,,,,,,
하삼동커피 구서롯데캐슬점,부산광역시 금정구 구서동 1049,부산광역시 금정구 금강로 503,0,8:00,22:30,,,,,,
하삼동커피 구서롯데캐슬점,부산광역시 금정구 구서동 1049,부산광역시 금정구 금강로 503,1,8:00,22:30,,,,,,
하삼동커피 구서롯데캐슬점,부산광역시 금정구 구서동 1049,부산광역시 금정구 금강로 503,2,8:00,22:30,,,,,,
하삼동커피 구서롯데캐슬점,부산광역시 금정구 구서동 1049,부산광역시 금정구 금강로 503,3,8:00,22:30,,,,,,
하삼동커피 구서롯데캐슬점,부산광역시 금정구 구서동 1049,부산광역시 금정구 금강로 503,4,8:00,22:30,,,,,,
하삼동커피 구서롯데캐슬점,부산광역시 금정구 구서동 1049,부산광역시 금정구 금강로 503,5,8:00,22:30,,,,,,
하삼동커피 구서롯데캐슬점,부산광역시 금정구 구서동 1049,부산광역시 금정구 금강로 503,6,8:00,22:30,,,,,,
하삼동커피 두실점,부산광역시 금정구 구서동 167-92,부산광역시 금정구 중앙대로1945번길 23-29,0,8:00,22:00,,,,,,
하삼동커피 두실점,부산광역시 금정구 구서동 167-92,부산광역시 금정구 중앙대로1945번길 23-29,1,8:00,22:00,,,,,,
하삼동커피 두실점,부산광역시 금정구 구서동 167-92,부산광역시 금정구 중앙대로1945번길 23-29,2,8:00,22:00,,,,,,
하삼동커피 두실점,부산광역시 금정구 구서동 167-92,부산광역시 금정구 중앙대로1945번길 23-29,3,8:00,22:00,,,,,,
하삼동커피 두실점,부산광역시 금정구 구서동 167-92,부산광역시 금정구 중앙대로1945번길 23-29,4,8:00,22:00,,,,,,
하삼동커피 두실점,부산광역시 금정구 구서동 167-92,부산광역시 금정구 중앙대로1945번길 23-29,5,8:00,22:00,,,,,,
하삼동커피 두실점,부산광역시 금정구 구서동 167-92,부산광역시 금정구 중앙대로1945번길 23-29,6,8:00,22:00,,,,,,
하삼동커피 명륜천일스카이원점,부산광역시 동래구 명륜동 618-5,부산광역시 동래구 명륜로 151,0,8:00,22:00,,,,,,
하삼동커피 명륜천일스카이원점,부산광역시 동래구 명륜동 618-5,부산광역시 동래구 명륜로 151,1,8:00,23:00,,,,,,
하삼동커피 명륜천일스카이원점,부산광역시 동래구 명륜동 618-5,부산광역시 동래구 명륜로 151,2,8:00,23:00,,,,,,
하삼동커피 명륜천일스카이원점,부산광역시 동래구 명륜동 618-5,부산광역시 동래구 명륜로 151,3,8:00,23:00,,,,,,
하삼동커피 명륜천일스카이원점,부산광역시 동래구 명륜동 618-5,부산광역시 동래구 명륜로 151,4,8:00,23:00,,,,,,
하삼동커피 명륜천일스카이원점,부산광역시 동래구 명륜동 618-5,부산광역시 동래구 명륜로 151,5,8:00,23:00,,,,,,
하삼동커피 명륜천일스카이원점,부산광역시 동래구 명륜동 618-5,부산광역시 동래구 명륜로 151,6,8:00,22:00,,,,,,
하삼동커피 미남반도보라점,부산광역시 동래구 온천동 1412-1,부산광역시 동래구 아시아드대로 234,0,,,,,,,,
하삼동커피 미남반도보라점,부산광역시 동래구 온천동 1412-1,부산광역시 동래구 아시아드대로 234,1,,,,,,,,
하삼동커피 미남반도보라점,부산광역시 동래구 온천동 1412-1,부산광역시 동래구 아시아드대로 234,2,,,,,,,,
하삼동커피 미남반도보라점,부산광역시 동래구 온천동 1412-1,부산광역시 동래구 아시아드대로 234,3,,,,,,,,
하삼동커피 미남반도보라점,부산광역시 동래구 온천동 1412-1,부산광역시 동래구 아시아드대로 234,4,,,,,,,,
하삼동커피 미남반도보라점,부산광역시 동래구 온천동 1412-1,부산광역시 동래구 아시아드대로 234,5,,,,,,,,
하삼동커피 미남반도보라점,부산광역시 동래구 온천동 1412-1,부산광역시 동래구 아시아드대로 234,6,,,,,,,,
하삼동커피 부산대점,부산광역시 금정구 장전동 305-3,부산광역시 금정구 금정로68번길 28,0,8:00,22:10,,,,,,
하삼동커피 부산대점,부산광역시 금정구 장전동 305-3,부산광역시 금정구 금정로68번길 28,1,8:00,22:10,,,,,,
하삼동커피 부산대점,부산광역시 금정구 장전동 305-3,부산광역시 금정구 금정로68번길 28,2,8:00,22:10,,,,,,
하삼동커피 부산대점,부산광역시 금정구 장전동 305-3,부산광역시 금정구 금정로68번길 28,3,8:00,22:10,,,,,,
하삼동커피 부산대점,부산광역시 금정구 장전동 305-3,부산광역시 금정구 금정로68번길 28,4,8:00,22:10,,,,,,
하삼동커피 부산대점,부산광역시 금정구 장전동 305-3,부산광역시 금정구 금정로68번길 28,5,8:00,22:10,,,,,,
하삼동커피 부산대점,부산광역시 금정구 장전동 305-3,부산광역시 금정구 금정로68번길 28,6,8:00,22:10,,,,,,
하삼동커피 부산대학교북문점,부산광역시 금정구 장전동 40,부산광역시 금정구 부산대학로63번길 2,0,,,,,,,,
하삼동커피 부산대학교북문점,부산광역시 금정구 장전동 40,부산광역시 금정구 부산대학로63번길 2,1,,,,,,,,
하삼동커피 부산대학교북문점,부산광역시 금정구 장전동 40,부산광역시 금정구 부산대학로63번길 2,2,,,,,,,,
하삼동커피 부산대학교북문점,부산광역시 금정구 장전동 40,부산광역시 금정구 부산대학로63번길 2,3,,,,,,,,
하삼동커피 부산대학교북문점,부산광역시 금정구 장전동 40,부산광역시 금정구 부산대학로63번길 2,4,,,,,,,,
하삼동커피 부산대학교북문점,부산광역시 금정구 장전동 40,부산광역시 금정구 부산대학로63번길 2,5,,,,,,,,
하삼동커피 부산대학교북문점,부산광역시 금정구 장전동 40,부산광역시 금정구 부산대학로63번길 2,6,,,,,,,,
하삼동커피 장전점,부산광역시 금정구 장전동 211-10,부산광역시 금정구 금정로 151-1,0,8:00,22:30,,,,,,
하삼동커피 장전점,부산광역시 금정구 장전동 211-10,부산광역시 금정구 금정로 151-1,1,7:30,22:30,,,,,,
하삼동커피 장전점,부산광역시 금정구 장전동 211-10,부산광역시 금정구 금정로 151-1,2,7:30,22:30,,,,,,
하삼동커피 장전점,부산광역시 금정구 장전동 211-10,부산광역시 금정구 금정로 151-1,3,7:30,22:30,,,,,,
하삼동커피 장전점,부산광역시 금정구 장전동 211-10,부산광역시 금정구 금정로 151-1,4,7:30,22:30,,,,,,
하삼동커피 장전점,부산광역시 금정구 장전동 211-10,부산광역시 금정구 금정로 151-1,5,7:30,22:30,,,,,,
하삼동커피 장전점,부산광역시 금정구 장전동 211-10,부산광역시 금정구 금정로 151-1,6,7:30,22:30,,,,,,
하삼동커피 장전퀸즈점,부산광역시 금정구 부곡동 64-23,부산광역시 금정구 부곡온천천로 190,0,8:00,22:00,,,,,,
하삼동커피 장전퀸즈점,부산광역시 금정구 부곡동 64-23,부산광역시 금정구 부곡온천천로 190,1,8:00,22:00,,,,,,
하삼동커피 장전퀸즈점,부산광역시 금정구 부곡동 64-23,부산광역시 금정구 부곡온천천로 190,2,8:00,22:00,,,,,,
하삼동커피 장전퀸즈점,부산광역시 금정구 부곡동 64-23,부산광역시 금정구 부곡온천천로 190,3,8:00,22:00,,,,,,
하삼동커피 장전퀸즈점,부산광역시 금정구 부곡동 64-23,부산광역시 금정구 부곡온천천로 190,4,8:00,22:00,,,,,,
하삼동커피 장전퀸즈점,부산광역시 금정구 부곡동 64-23,부산광역시 금정구 부곡온천천로 190,5,8:00,22:00,,,,,,
하삼동커피 장전퀸즈점,부산광역시 금정구 부곡동 64-23,부산광역시 금정구 부곡온천천로 190,6,8:00,22:00,,,,,,
하삼동커피 허심청점,부산광역시 동래구 온천동 182-4,부산광역시 동래구 온천장로 81-1,0,,,,,,,,
하삼동커피 허심청점,부산광역시 동래구 온천동 182-4,부산광역시 동래구 온천장로 81-1,1,,,,,,,,
하삼동커피 허심청점,부산광역시 동래구 온천동 182-4,부산광역시 동래구 온천장로 81-1,2,,,,,,,,
하삼동커피 허심청점,부산광역시 동래구 온천동 182-4,부산광역시 동래구 온천장로 81-1,3,,,,,,,,
하삼동커피 허심청점,부산광역시 동래구 온천동 182-4,부산광역시 동래구 온천장로 81-1,4,,,,,,,,
하삼동커피 허심청점,부산광역시 동래구 온천동 182-4,부산광역시 동래구 온천장로 81-1,5,,,,,,,,
하삼동커피 허심청점,부산광역시 동래구 온천동 182-4,부산광역시 동래구 온천장로 81-1,6,,,,,,,,
하이오,부산광역시 동래구 온천동 180-14,부산광역시 동래구 중앙대로1473번길 24,0,,,,,,,,
하이오,부산광역시 동래구 온천동 180-14,부산광역시 동래구 중앙대로1473번길 24,1,,,,,,,,
하이오,부산광역시 동래구 온천동 180-14,부산광역시 동래구 중앙대로1473번길 24,2,,,,,,,,
하이오,부산광역시 동래구 온천동 180-14,부산광역시 동래구 중앙대로1473번길 24,3,,,,,,,,
하이오,부산광역시 동래구 온천동 180-14,부산광역시 동래구 중앙대로1473번길 24,4,,,,,,,,
하이오,부산광역시 동래구 온천동 180-14,부산광역시 동래구 중앙대로1473번길 24,5,,,,,,,,
하이오,부산광역시 동래구 온천동 180-14,부산광역시 동래구 중앙대로1473번길 24,6,,,,,,,,
하이오 구서점,부산광역시 금정구 구서동 415-112,부산광역시 금정구 금정로233번길 39,0,8:00,22:00,,,,,,
하이오 구서점,부산광역시 금정구 구서동 415-112,부산광역시 금정구 금정로233번길 39,1,8:00,22:00,,,,,,
하이오 구서점,부산광역시 금정구 구서동 415-112,부산광역시 금정구 금정로233번길 39,2,8:00,22:00,,,,,,
하이오 구서점,부산광역시 금정구 구서동 415-112,부산광역시 금정구 금정로233번길 39,3,8:00,22:00,,,,,,
하이오 구서점,부산광역시 금정구 구서동 415-112,부산광역시 금정구 금정로233번길 39,4,8:00,22:00,,,,,,
하이오 구서점,부산광역시 금정구 구서동 415-112,부산광역시 금정구 금정로233번길 39,5,8:00,22:00,,,,,,
하이오 구서점,부산광역시 금정구 구서동 415-112,부산광역시 금정구 금정로233번길 39,6,8:00,22:00,,,,,,
하이오커피 동래점,부산광역시 동래구 명륜동 533-158,부산광역시 동래구 온천천로 157,0,7:30,23:00,,,,,,
하이오커피 동래점,부산광역시 동래구 명륜동 533-158,부산광역시 동래구 온천천로 157,1,7:30,23:00,,,,,,
하이오커피 동래점,부산광역시 동래구 명륜동 533-158,부산광역시 동래구 온천천로 157,2,7:30,23:00,,,,,,
하이오커피 동래점,부산광역시 동래구 명륜동 533-158,부산광역시 동래구 온천천로 157,3,7:30,23:00,,,,,,
하이오커피 동래점,부산광역시 동래구 명륜동 533-158,부산광역시 동래구 온천천로 157,4,7:30,23:00,,,,,,
하이오커피 동래점,부산광역시 동래구 명륜동 533-158,부산광역시 동래구 온천천로 157,5,7:30,23:00,,,,,,
하이오커피 동래점,부산광역시 동래구 명륜동 533-158,부산광역시 동래구 온천천로 157,6,7:30,23:00,,,,,,
하이오커피 부산부곡점,부산광역시 금정구 부곡동 257-46,부산광역시 금정구 부곡로168번길 1,0,,,,,,,,
하이오커피 부산부곡점,부산광역시 금정구 부곡동 257-46,부산광역시 금정구 부곡로168번길 1,1,,,,,,,,
하이오커피 부산부곡점,부산광역시 금정구 부곡동 257-46,부산광역시 금정구 부곡로168번길 1,2,,,,,,,,
하이오커피 부산부곡점,부산광역시 금정구 부곡동 257-46,부산광역시 금정구 부곡로168번길 1,3,,,,,,,,
하이오커피 부산부곡점,부산광역시 금정구 부곡동 257-46,부산광역시 금정구 부곡로168번길 1,4,,,,,,,,
하이오커피 부산부곡점,부산광역시 금정구 부곡동 257-46,부산광역시 금정구 부곡로168번길 1,5,,,,,,,,
하이오커피 부산부곡점,부산광역시 금정구 부곡동 257-46,부산광역시 금정구 부곡로168번길 1,6,,,,,,,,
하이오커피 온천시장점,부산광역시 금정구 장전동 601-9,부산광역시 금정구 온천장로125번길 48,0,,,,,,,,
하이오커피 온천시장점,부산광역시 금정구 장전동 601-9,부산광역시 금정구 온천장로125번길 48,1,,,,,,,,
하이오커피 온천시장점,부산광역시 금정구 장전동 601-9,부산광역시 금정구 온천장로125번길 48,2,,,,,,,,
하이오커피 온천시장점,부산광역시 금정구 장전동 601-9,부산광역시 금정구 온천장로125번길 48,3,,,,,,,,
하이오커피 온천시장점,부산광역시 금정구 장전동 601-9,부산광역시 금정구 온천장로125번길 48,4,,,,,,,,
하이오커피 온천시장점,부산광역시 금정구 장전동 601-9,부산광역시 금정구 온천장로125번길 48,5,,,,,,,,
하이오커피 온천시장점,부산광역시 금정구 장전동 601-9,부산광역시 금정구 온천장로125번길 48,6,,,,,,,,
하이오커피 온천점,부산광역시 동래구 온천동 395-13,부산광역시 동래구 금강로 15,0,,,,,,,,
하이오커피 온천점,부산광역시 동래구 온천동 395-13,부산광역시 동래구 금강로 15,1,,,,,,,,
하이오커피 온천점,부산광역시 동래구 온천동 395-13,부산광역시 동래구 금강로 15,2,,,,,,,,
하이오커피 온천점,부산광역시 동래구 온천동 395-13,부산광역시 동래구 금강로 15,3,,,,,,,,
하이오커피 온천점,부산광역시 동래구 온천동 395-13,부산광역시 동래구 금강로 15,4,,,,,,,,
하이오커피 온천점,부산광역시 동래구 온천동 395-13,부산광역시 동래구 금강로 15,5,,,,,,,,
하이오커피 온천점,부산광역시 동래구 온천동 395-13,부산광역시 동래구 금강로 15,6,,,,,,,,
하이오커피 장전역점,부산광역시 금정구 부곡동 224-59,부산광역시 금정구 중앙대로1719번길 62,0,9:30,22:30,,,,,,
하이오커피 장전역점,부산광역시 금정구 부곡동 224-59,부산광역시 금정구 중앙대로1719번길 62,1,7:30,22:30,,,,,,
하이오커피 장전역점,부산광역시 금정구 부곡동 224-59,부산광역시 금정구 중앙대로1719번길 62,2,7:30,22:30,,,,,,
하이오커피 장전역점,부산광역시 금정구 부곡동 224-59,부산광역시 금정구 중앙대로1719번길 62,3,7:30,22:30,,,,,,
하이오커피 장전역점,부산광역시 금정구 부곡동 224-59,부산광역시 금정구 중앙대로1719번길 62,4,7:30,22:30,,,,,,
하이오커피 장전역점,부산광역시 금정구 부곡동 224-59,부산광역시 금정구 중앙대로1719번길 62,5,7:30,22:30,,,,,,
하이오커피 장전역점,부산광역시 금정구 부곡동 224-59,부산광역시 금정구 중앙대로1719번길 62,6,8:30,22:30,,,,,,
한과 데일리,부산광역시 동래구 온천동 1459-29,부산광역시 동래구 충렬대로108번길 75,0,,,,,,,,
한과 데일리,부산광역시 동래구 온천동 1459-29,부산광역시 동래구 충렬대로108번길 75,1,,,,,,,,
한과 데일리,부산광역시 동래구 온천동 1459-29,부산광역시 동래구 충렬대로108번길 75,2,,,,,,,,
한과 데일리,부산광역시 동래구 온천동 1459-29,부산광역시 동래구 충렬대로108번길 75,3,,,,,,,,
한과 데일리,부산광역시 동래구 온천동 1459-29,부산광역시 동래구 충렬대로108번길 75,4,,,,,,,,
한과 데일리,부산광역시 동래구 온천동 1459-29,부산광역시 동래구 충렬대로108번길 75,5,,,,,,,,
한과 데일리,부산광역시 동래구 온천동 1459-29,부산광역시 동래구 충렬대로108번길 75,6,,,,,,,,
한국에너지,부산광역시 동래구 온천동 1370-2,부산광역시 동래구 여고북로 43-3,0,,,,,,,,
한국에너지,부산광역시 동래구 온천동 1370-2,부산광역시 동래구 여고북로 43-3,1,,,,,,,,
한국에너지,부산광역시 동래구 온천동 1370-2,부산광역시 동래구 여고북로 43-3,2,,,,,,,,
한국에너지,부산광역시 동래구 온천동 1370-2,부산광역시 동래구 여고북로 43-3,3,,,,,,,,
한국에너지,부산광역시 동래구 온천동 1370-2,부산광역시 동래구 여고북로 43-3,4,,,,,,,,
한국에너지,부산광역시 동래구 온천동 1370-2,부산광역시 동래구 여고북로 43-3,5,,,,,,,,
한국에너지,부산광역시 동래구 온천동 1370-2,부산광역시 동래구 여고북로 43-3,6,,,,,,,,
그리노사,부산광역시 금정구 부곡동 723-6,부산광역시 금정구 동현로 54,0,14:00,18:00,,,,,,
그리노사,부산광역시 금정구 부곡동 723-6,부산광역시 금정구 동현로 54,1,14:00,18:00,,,,,,
그리노사,부산광역시 금정구 부곡동 723-6,부산광역시 금정구 동현로 54,2,14:00,18:00,,,,,,
그리노사,부산광역시 금정구 부곡동 723-6,부산광역시 금정구 동현로 54,3,14:00,18:00,,,,,,
그리노사,부산광역시 금정구 부곡동 723-6,부산광역시 금정구 동현로 54,4,14:00,18:00,,,,,,
그리노사,부산광역시 금정구 부곡동 723-6,부산광역시 금정구 동현로 54,5,14:00,18:00,,,,,,
그리노사,부산광역시 금정구 부곡동 723-6,부산광역시 금정구 동현로 54,6,14:00,18:00,,,,,,
한잔,부산광역시 금정구 장전동 24-22,부산광역시 금정구 수림로 137,0,,,,,,,,
한잔,부산광역시 금정구 장전동 24-22,부산광역시 금정구 수림로 137,1,,,,,,,,
한잔,부산광역시 금정구 장전동 24-22,부산광역시 금정구 수림로 137,2,,,,,,,,
한잔,부산광역시 금정구 장전동 24-22,부산광역시 금정구 수림로 137,3,,,,,,,,
한잔,부산광역시 금정구 장전동 24-22,부산광역시 금정구 수림로 137,4,,,,,,,,
한잔,부산광역시 금정구 장전동 24-22,부산광역시 금정구 수림로 137,5,,,,,,,,
한잔,부산광역시 금정구 장전동 24-22,부산광역시 금정구 수림로 137,6,,,,,,,,
한터그룬트부산대,부산광역시 금정구 장전동 414-23,부산광역시 금정구 부산대학로 29,0,12:00,21:00,,,,,,
한터그룬트부산대,부산광역시 금정구 장전동 414-23,부산광역시 금정구 부산대학로 29,1,12:00,21:00,,,,,,
한터그룬트부산대,부산광역시 금정구 장전동 414-23,부산광역시 금정구 부산대학로 29,2,12:00,21:00,,,,,,
한터그룬트부산대,부산광역시 금정구 장전동 414-23,부산광역시 금정구 부산대학로 29,3,12:00,21:00,,,,,,
한터그룬트부산대,부산광역시 금정구 장전동 414-23,부산광역시 금정구 부산대학로 29,4,12:00,21:00,,,,,,
한터그룬트부산대,부산광역시 금정구 장전동 414-23,부산광역시 금정구 부산대학로 29,5,12:00,21:00,,,,,,
한터그룬트부산대,부산광역시 금정구 장전동 414-23,부산광역시 금정구 부산대학로 29,6,12:00,21:00,,,,,,
할리데이 온 시티,부산광역시 금정구 장전동 417-8,부산광역시 금정구 금정로 77-1,0,12:00,0:00,23:30,,,,,
할리데이 온 시티,부산광역시 금정구 장전동 417-8,부산광역시 금정구 금정로 77-1,1,12:00,0:00,23:30,,,,,
할리데이 온 시티,부산광역시 금정구 장전동 417-8,부산광역시 금정구 금정로 77-1,2,12:00,0:00,23:30,,,,,
할리데이 온 시티,부산광역시 금정구 장전동 417-8,부산광역시 금정구 금정로 77-1,3,12:00,0:00,23:30,,,,,
할리데이 온 시티,부산광역시 금정구 장전동 417-8,부산광역시 금정구 금정로 77-1,4,12:00,0:00,23:30,,,,,
할리데이 온 시티,부산광역시 금정구 장전동 417-8,부산광역시 금정구 금정로 77-1,5,12:00,0:00,23:30,,,,,
할리데이 온 시티,부산광역시 금정구 장전동 417-8,부산광역시 금정구 금정로 77-1,6,12:00,0:00,23:30,,,,,
할리스커피 명륜역점,부산광역시 동래구 온천동 473-10,부산광역시 동래구 온천장로 5,0,,,,,,,,
할리스커피 명륜역점,부산광역시 동래구 온천동 473-10,부산광역시 동래구 온천장로 5,1,,,,,,,,
할리스커피 명륜역점,부산광역시 동래구 온천동 473-10,부산광역시 동래구 온천장로 5,2,,,,,,,,
할리스커피 명륜역점,부산광역시 동래구 온천동 473-10,부산광역시 동래구 온천장로 5,3,,,,,,,,
할리스커피 명륜역점,부산광역시 동래구 온천동 473-10,부산광역시 동래구 온천장로 5,4,,,,,,,,
할리스커피 명륜역점,부산광역시 동래구 온천동 473-10,부산광역시 동래구 온천장로 5,5,,,,,,,,
할리스커피 명륜역점,부산광역시 동래구 온천동 473-10,부산광역시 동래구 온천장로 5,6,,,,,,,,
할리스커피 부산동래역점,부산광역시 동래구 명륜동 502-4,부산광역시 동래구 삼성대길 34-25,0,,,,,,,,
할리스커피 부산동래역점,부산광역시 동래구 명륜동 502-4,부산광역시 동래구 삼성대길 34-25,1,,,,,,,,
할리스커피 부산동래역점,부산광역시 동래구 명륜동 502-4,부산광역시 동래구 삼성대길 34-25,2,,,,,,,,
할리스커피 부산동래역점,부산광역시 동래구 명륜동 502-4,부산광역시 동래구 삼성대길 34-25,3,,,,,,,,
할리스커피 부산동래역점,부산광역시 동래구 명륜동 502-4,부산광역시 동래구 삼성대길 34-25,4,,,,,,,,
할리스커피 부산동래역점,부산광역시 동래구 명륜동 502-4,부산광역시 동래구 삼성대길 34-25,5,,,,,,,,
할리스커피 부산동래역점,부산광역시 동래구 명륜동 502-4,부산광역시 동래구 삼성대길 34-25,6,,,,,,,,
할리스커피금강식물원점;디자인WK,부산광역시 금정구 장전동 521-68,부산광역시 금정구 금샘로 22,0,,,,,,,,
할리스커피금강식물원점;디자인WK,부산광역시 금정구 장전동 521-68,부산광역시 금정구 금샘로 22,1,,,,,,,,
할리스커피금강식물원점;디자인WK,부산광역시 금정구 장전동 521-68,부산광역시 금정구 금샘로 22,2,,,,,,,,
할리스커피금강식물원점;디자인WK,부산광역시 금정구 장전동 521-68,부산광역시 금정구 금샘로 22,3,,,,,,,,
할리스커피금강식물원점;디자인WK,부산광역시 금정구 장전동 521-68,부산광역시 금정구 금샘로 22,4,,,,,,,,
할리스커피금강식물원점;디자인WK,부산광역시 금정구 장전동 521-68,부산광역시 금정구 금샘로 22,5,,,,,,,,
할리스커피금강식물원점;디자인WK,부산광역시 금정구 장전동 521-68,부산광역시 금정구 금샘로 22,6,,,,,,,,
핫스팟빙수동래,부산광역시 동래구 명륜동 451-10,부산광역시 동래구 명륜로117번길 19,0,11:00,22:00,,,,,,
핫스팟빙수동래,부산광역시 동래구 명륜동 451-10,부산광역시 동래구 명륜로117번길 19,1,11:00,22:00,,,,,,
핫스팟빙수동래,부산광역시 동래구 명륜동 451-10,부산광역시 동래구 명륜로117번길 19,2,11:00,22:00,,,,,,
핫스팟빙수동래,부산광역시 동래구 명륜동 451-10,부산광역시 동래구 명륜로117번길 19,3,11:00,22:00,,,,,,
핫스팟빙수동래,부산광역시 동래구 명륜동 451-10,부산광역시 동래구 명륜로117번길 19,4,11:00,22:00,,,,,,
핫스팟빙수동래,부산광역시 동래구 명륜동 451-10,부산광역시 동래구 명륜로117번길 19,5,11:00,22:00,,,,,,
핫스팟빙수동래,부산광역시 동래구 명륜동 451-10,부산광역시 동래구 명륜로117번길 19,6,11:00,22:00,,,,,,
해쉬커피 금정구청점,부산광역시 금정구 부곡동 63-9,부산광역시 금정구 중앙대로1763번길 7,0,8:00,21:00,,,,,,
해쉬커피 금정구청점,부산광역시 금정구 부곡동 63-9,부산광역시 금정구 중앙대로1763번길 7,1,8:00,21:00,,,,,,
해쉬커피 금정구청점,부산광역시 금정구 부곡동 63-9,부산광역시 금정구 중앙대로1763번길 7,2,8:00,21:00,,,,,,
해쉬커피 금정구청점,부산광역시 금정구 부곡동 63-9,부산광역시 금정구 중앙대로1763번길 7,3,8:00,21:00,,,,,,
해쉬커피 금정구청점,부산광역시 금정구 부곡동 63-9,부산광역시 금정구 중앙대로1763번길 7,4,8:00,21:00,,,,,,
해쉬커피 금정구청점,부산광역시 금정구 부곡동 63-9,부산광역시 금정구 중앙대로1763번길 7,5,8:00,21:00,,,,,,
해쉬커피 금정구청점,부산광역시 금정구 부곡동 63-9,부산광역시 금정구 중앙대로1763번길 7,6,8:00,21:00,,,,,,
해쉬커피 부산대사거리점,부산광역시 금정구 장전동 293-174,부산광역시 금정구 금정로60번길 32,0,8:00,22:00,,,,,,
해쉬커피 부산대사거리점,부산광역시 금정구 장전동 293-174,부산광역시 금정구 금정로60번길 32,1,8:00,22:00,,,,,,
해쉬커피 부산대사거리점,부산광역시 금정구 장전동 293-174,부산광역시 금정구 금정로60번길 32,2,8:00,22:00,,,,,,
해쉬커피 부산대사거리점,부산광역시 금정구 장전동 293-174,부산광역시 금정구 금정로60번길 32,3,8:00,22:00,,,,,,
해쉬커피 부산대사거리점,부산광역시 금정구 장전동 293-174,부산광역시 금정구 금정로60번길 32,4,8:00,23:00,,,,,,
해쉬커피 부산대사거리점,부산광역시 금정구 장전동 293-174,부산광역시 금정구 금정로60번길 32,5,8:00,23:00,,,,,,
해쉬커피 부산대사거리점,부산광역시 금정구 장전동 293-174,부산광역시 금정구 금정로60번길 32,6,8:00,23:00,,,,,,
해쉬커피 온천래미안포레스티지점,부산광역시 동래구 온천동 97-11,부산광역시 동래구 금강로 132-1,0,,,,,,,,
해쉬커피 온천래미안포레스티지점,부산광역시 동래구 온천동 97-11,부산광역시 동래구 금강로 132-1,1,,,,,,,,
해쉬커피 온천래미안포레스티지점,부산광역시 동래구 온천동 97-11,부산광역시 동래구 금강로 132-1,2,,,,,,,,
해쉬커피 온천래미안포레스티지점,부산광역시 동래구 온천동 97-11,부산광역시 동래구 금강로 132-1,3,,,,,,,,
해쉬커피 온천래미안포레스티지점,부산광역시 동래구 온천동 97-11,부산광역시 동래구 금강로 132-1,4,,,,,,,,
해쉬커피 온천래미안포레스티지점,부산광역시 동래구 온천동 97-11,부산광역시 동래구 금강로 132-1,5,,,,,,,,
해쉬커피 온천래미안포레스티지점,부산광역시 동래구 온천동 97-11,부산광역시 동래구 금강로 132-1,6,,,,,,,,
해피타임,부산광역시 금정구 부곡동 59-12,부산광역시 금정구 오륜대로 8,0,,,,,,,,
해피타임,부산광역시 금정구 부곡동 59-12,부산광역시 금정구 오륜대로 8,1,,,,,,,,
해피타임,부산광역시 금정구 부곡동 59-12,부산광역시 금정구 오륜대로 8,2,,,,,,,,
해피타임,부산광역시 금정구 부곡동 59-12,부산광역시 금정구 오륜대로 8,3,,,,,,,,
해피타임,부산광역시 금정구 부곡동 59-12,부산광역시 금정구 오륜대로 8,4,,,,,,,,
해피타임,부산광역시 금정구 부곡동 59-12,부산광역시 금정구 오륜대로 8,5,,,,,,,,
해피타임,부산광역시 금정구 부곡동 59-12,부산광역시 금정구 오륜대로 8,6,,,,,,,,
헬로멜로옐로,부산광역시 금정구 장전동 335-20,부산광역시 금정구 금정로 46,0,,,,,,,,
헬로멜로옐로,부산광역시 금정구 장전동 335-20,부산광역시 금정구 금정로 46,1,,,,,,,,
헬로멜로옐로,부산광역시 금정구 장전동 335-20,부산광역시 금정구 금정로 46,2,,,,,,,,
헬로멜로옐로,부산광역시 금정구 장전동 335-20,부산광역시 금정구 금정로 46,3,,,,,,,,
헬로멜로옐로,부산광역시 금정구 장전동 335-20,부산광역시 금정구 금정로 46,4,,,,,,,,
헬로멜로옐로,부산광역시 금정구 장전동 335-20,부산광역시 금정구 금정로 46,5,,,,,,,,
헬로멜로옐로,부산광역시 금정구 장전동 335-20,부산광역시 금정구 금정로 46,6,,,,,,,,
호박,부산광역시 동래구 온천동 189-28,부산광역시 동래구 차밭골로20번길 59,0,,,,,,,,
호박,부산광역시 동래구 온천동 189-28,부산광역시 동래구 차밭골로20번길 59,1,,,,,,,,
호박,부산광역시 동래구 온천동 189-28,부산광역시 동래구 차밭골로20번길 59,2,,,,,,,,
호박,부산광역시 동래구 온천동 189-28,부산광역시 동래구 차밭골로20번길 59,3,,,,,,,,
호박,부산광역시 동래구 온천동 189-28,부산광역시 동래구 차밭골로20번길 59,4,,,,,,,,
호박,부산광역시 동래구 온천동 189-28,부산광역시 동래구 차밭골로20번길 59,5,,,,,,,,
호박,부산광역시 동래구 온천동 189-28,부산광역시 동래구 차밭골로20번길 59,6,,,,,,,,
홍차에빠지다,부산광역시 동래구 온천동 1723-6,부산광역시 동래구 금정마을로 4,0,,,,,,,,
홍차에빠지다,부산광역시 동래구 온천동 1723-6,부산광역시 동래구 금정마을로 4,1,,,,,,,,
홍차에빠지다,부산광역시 동래구 온천동 1723-6,부산광역시 동래구 금정마을로 4,2,,,,,,,,
홍차에빠지다,부산광역시 동래구 온천동 1723-6,부산광역시 동래구 금정마을로 4,3,,,,,,,,
홍차에빠지다,부산광역시 동래구 온천동 1723-6,부산광역시 동래구 금정마을로 4,4,,,,,,,,
홍차에빠지다,부산광역시 동래구 온천동 1723-6,부산광역시 동래구 금정마을로 4,5,,,,,,,,
홍차에빠지다,부산광역시 동래구 온천동 1723-6,부산광역시 동래구 금정마을로 4,6,,,,,,,,
화창한카페,부산광역시 금정구 부곡동 225-61,부산광역시 금정구 중앙대로1685번길 12,0,,,,,,,,
화창한카페,부산광역시 금정구 부곡동 225-61,부산광역시 금정구 중앙대로1685번길 12,1,,,,,,,,
화창한카페,부산광역시 금정구 부곡동 225-61,부산광역시 금정구 중앙대로1685번길 12,2,,,,,,,,
화창한카페,부산광역시 금정구 부곡동 225-61,부산광역시 금정구 중앙대로1685번길 12,3,,,,,,,,
화창한카페,부산광역시 금정구 부곡동 225-61,부산광역시 금정구 중앙대로1685번길 12,4,,,,,,,,
화창한카페,부산광역시 금정구 부곡동 225-61,부산광역시 금정구 중앙대로1685번길 12,5,,,,,,,,
화창한카페,부산광역시 금정구 부곡동 225-61,부산광역시 금정구 중앙대로1685번길 12,6,,,,,,,,
히컵커피,부산광역시 금정구 장전동 219-3,부산광역시 금정구 수림로49번길 42,0,12:00,21:00,,,,,,
히컵커피,부산광역시 금정구 장전동 219-3,부산광역시 금정구 수림로49번길 42,1,8:30,22:00,,,,,,
히컵커피,부산광역시 금정구 장전동 219-3,부산광역시 금정구 수림로49번길 42,2,8:30,22:00,,,,,,
히컵커피,부산광역시 금정구 장전동 219-3,부산광역시 금정구 수림로49번길 42,3,8:30,22:00,,,,,,
히컵커피,부산광역시 금정구 장전동 219-3,부산광역시 금정구 수림로49번길 42,4,8:30,22:00,,,,,,
히컵커피,부산광역시 금정구 장전동 219-3,부산광역시 금정구 수림로49번길 42,5,8:30,22:00,,,,,,
히컵커피,부산광역시 금정구 장전동 219-3,부산광역시 금정구 수림로49번길 42,6,12:00,21:00,,,,,,
카페마일로,부산광역시 금정구 구서동 1049,,0,8:00,22:00,,,,,,
카페마일로,부산광역시 금정구 구서동 1049,,1,8:00,22:00,,,,,,
카페마일로,부산광역시 금정구 구서동 1049,,2,8:00,22:00,,,,,,
카페마일로,부산광역시 금정구 구서동 1049,,3,8:00,22:00,,,,,,
카페마일로,부산광역시 금정구 구서동 1049,,4,8:00,22:00,,,,,,
카페마일로,부산광역시 금정구 구서동 1049,,5,8:00,22:00,,,,,,
카페마일로,부산광역시 금정구 구서동 1049,,6,8:00,22:00,,,,,,
다운타운C27 동래점,부산광역시 동래구 명륜동 506-3,,0,11:00,22:00,,,,,,
다운타운C27 동래점,부산광역시 동래구 명륜동 506-3,,1,11:00,22:00,,,"둘째 주, 넷째 주 월요일은 휴무",,,
다운타운C27 동래점,부산광역시 동래구 명륜동 506-3,,2,11:00,22:00,,,,,,
다운타운C27 동래점,부산광역시 동래구 명륜동 506-3,,3,11:00,22:00,,,,,,
다운타운C27 동래점,부산광역시 동래구 명륜동 506-3,,4,11:00,22:00,,,,,,
다운타운C27 동래점,부산광역시 동래구 명륜동 506-3,,5,11:00,22:00,,,,,,
다운타운C27 동래점,부산광역시 동래구 명륜동 506-3,,6,11:00,22:00,,,,,,
카페인더문 동래점,부산광역시 동래구 명륜동 535-2,,0,11:00,2:00,,,,,,
카페인더문 동래점,부산광역시 동래구 명륜동 535-2,,1,7:00,0:00,,,,,,
카페인더문 동래점,부산광역시 동래구 명륜동 535-2,,2,7:00,0:00,,,,,,
카페인더문 동래점,부산광역시 동래구 명륜동 535-2,,3,7:00,0:00,,,,,,지번주소
카페인더문 동래점,부산광역시 동래구 명륜동 535-2,,4,7:00,0:00,,,,,,*구서동*
카페인더문 동래점,부산광역시 동래구 명륜동 535-2,,5,7:00,2:00,,,,,,*온천동*
카페인더문 동래점,부산광역시 동래구 명륜동 535-2,,6,11:00,2:00,,,,,,*부곡동*
블루샥명륜점,부산광역시 동래구 명륜동 673-8,,0,8:00,20:00,,,,,,*장전동*
블루샥명륜점,부산광역시 동래구 명륜동 673-8,,1,8:00,20:00,,,,,,*명륜동*
블루샥명륜점,부산광역시 동래구 명륜동 673-8,,2,8:00,20:00,,,,,,
블루샥명륜점,부산광역시 동래구 명륜동 673-8,,3,8:00,20:00,,,,,,
블루샥명륜점,부산광역시 동래구 명륜동 673-8,,4,8:00,20:00,,,,,,
블루샥명륜점,부산광역시 동래구 명륜동 673-8,,5,8:00,20:00,,,,,,
블루샥명륜점,부산광역시 동래구 명륜동 673-8,,6,8:00,20:00,,,,,,
