이름,표준산업분류명,행정동명,지번주소,도로명주소,경도,위도
바담코다리 본점,한식 일반 음식점업,구서2동,부산광역시 금정구 구서동 1005-1,부산광역시 금정구 금샘로 453,129.0846313,35.26357832
흑산도,한식 일반 음식점업,구서2동,부산광역시 금정구 구서동 1005-2,부산광역시 금정구 금샘로 451,129.0845578,35.2632822
경희궁,한식 일반 음식점업,구서2동,부산광역시 금정구 구서동 1005-8,부산광역시 금정구 금샘로 441,129.0841399,35.26240629
손수제비국수,한식 면 요리 전문점,구서2동,부산광역시 금정구 구서동 1007-1,부산광역시 금정구 두실로 61,129.0857934,35.26262109
백년백세삼계탕,한식 일반 음식점업,구서2동,부산광역시 금정구 구서동 1008-31,부산광역시 금정구 두실로 45,129.086445,35.2614654
진심돈까스김밥,한식 일반 음식점업,구서2동,부산광역시 금정구 구서동 1009-1,부산광역시 금정구 두실로 43,129.0865502,35.26128336
금정시골추어탕,한식 일반 음식점업,구서2동,부산광역시 금정구 구서동 1012-2,부산광역시 금정구 금샘로 431,129.084085,35.26155115
카판노Capanno,서양식 음식점업,구서2동,부산광역시 금정구 구서동 1012-3,부산광역시 금정구 금샘로 429,129.0840042,35.26139934
약수터해장국,한식 일반 음식점업,구서2동,부산광역시 금정구 구서동 1012-6,부산광역시 금정구 금샘로 421,129.084147,35.2605408
국수옥수 전문점,한식 면 요리 전문점,구서2동,부산광역시 금정구 구서동 1016-1,부산광역시 금정구 두실로45번길 25,129.0860549,35.26039076
서라벌,한식 육류 요리 전문점,구서2동,부산광역시 금정구 구서동 1018-15,부산광역시 금정구 두실로37번길 42,129.0867149,35.25913579
다계촌,한식 일반 음식점업,구서2동,부산광역시 금정구 구서동 1018-18,부산광역시 금정구 두실로37번길 32,129.0867021,35.25949647
진짜배기 구서점,한식 육류 요리 전문점,구서2동,부산광역시 금정구 구서동 1018-20,부산광역시 금정구 금강로565번길 26,129.0862969,35.25825988
리틀희,중식 음식점업,구서2동,부산광역시 금정구 구서동 1022-10,부산광역시 금정구 금샘로 397-1,129.0838848,35.25845466
금샘마루,한식 일반 음식점업,구서2동,부산광역시 금정구 구서동 1022-14,부산광역시 금정구 금샘로 393-2,129.08413,35.25816207
유미,한식 일반 음식점업,구서2동,부산광역시 금정구 구서동 1022-14,부산광역시 금정구 금샘로 393-2,129.08413,35.25816207
도로시.C,서양식 음식점업,구서2동,부산광역시 금정구 구서동 1022-7,부산광역시 금정구 금샘로 387-1,129.0844592,35.25771483
장원각,중식 음식점업,구서2동,부산광역시 금정구 구서동 1023-18,부산광역시 금정구 금강로565번길 63,129.0845584,35.25858723
열두달키친,한식 일반 음식점업,구서2동,부산광역시 금정구 구서동 1023-28,부산광역시 금정구 금샘로386번길 9,129.08524,35.25774643
이조면옥,한식 면 요리 전문점,구서2동,부산광역시 금정구 구서동 1023-4,부산광역시 금정구 금샘로 394,129.0844938,35.25820987
나무랑닭이랑,치킨 전문점,구서2동,부산광역시 금정구 구서동 1023-8,부산광역시 금정구 금샘로 388-1,129.0847699,35.25783564
도이,중식 음식점업,구서2동,부산광역시 금정구 구서동 1023-9,부산광역시 금정구 금샘로 388,129.0848776,35.25775268
교촌치킨 구서1호점,치킨 전문점,구서2동,부산광역시 금정구 구서동 1024-1,부산광역시 금정구 금강로565번길 25,129.0862474,35.25804446
이귀남찜닭,한식 일반 음식점업,구서2동,부산광역시 금정구 구서동 1024-1,부산광역시 금정구 금강로565번길 25,129.0862474,35.25804446
이비가짬뽕 구서점,중식 음식점업,구서2동,부산광역시 금정구 구서동 1026-10,부산광역시 금정구 금샘로 373,129.0842951,35.25645606
어플러스,일식 음식점업,구서2동,부산광역시 금정구 구서동 1026-13,부산광역시 금정구 금샘로 369,129.0843284,35.25604096
가화숯불돼지갈비,한식 육류 요리 전문점,구서2동,부산광역시 금정구 구서동 1026-15,부산광역시 금정구 금샘로 367,129.0843345,35.25585161
일디오보,서양식 음식점업,구서2동,부산광역시 금정구 구서동 1026-2,부산광역시 금정구 금샘로 383,129.0844287,35.25738194
박달집,한식 일반 음식점업,구서2동,부산광역시 금정구 구서동 1026-8,부산광역시 금정구 금샘로 377-1,129.0842578,35.25671803
본중식,중식 음식점업,구서2동,부산광역시 금정구 구서동 1032-4,부산광역시 금정구 금샘로 359,129.0844712,35.25518241
우정갈비,한식 육류 요리 전문점,구서2동,부산광역시 금정구 구서동 1032-8,부산광역시 금정구 금샘로 353,129.084537,35.25474873
국제통닭 구서점,치킨 전문점,구서2동,부산광역시 금정구 구서동 1033-1,부산광역시 금정구 금샘로 349,129.0846469,35.25432329
오드리휍번,서양식 음식점업,구서2동,부산광역시 금정구 구서동 1033-3,부산광역시 금정구 금샘로 341,129.0847209,35.25378133
한우고기집,한식 육류 요리 전문점,구서2동,부산광역시 금정구 구서동 1033-3,부산광역시 금정구 금샘로 341,129.0847209,35.25378133
1993다이닝,서양식 음식점업,구서2동,부산광역시 금정구 구서동 1033-6,부산광역시 금정구 금샘로 335,129.0844683,35.25335314
카페마일로,한식 일반 음식점업,구서2동,부산광역시 금정구 구서동 1049,부산광역시 금정구 금강로 503,129.0864946,35.2526874
처갓집양념치킨 구서점,치킨 전문점,구서1동,부산광역시 금정구 구서동 1059,부산광역시 금정구 금샘로 262,129.085865,35.24569636
응응스크르 부산구서점,한식 일반 음식점업,구서1동,부산광역시 금정구 구서동 1074,부산광역시 금정구 금샘로246번길 18,129.0854019,35.24391106
명품추어탕,한식 일반 음식점업,구서2동,부산광역시 금정구 구서동 158-16,부산광역시 금정구 두실로23번길 30,129.0884663,35.25931283
맛조아,한식 일반 음식점업,구서2동,부산광역시 금정구 구서동 158-17,부산광역시 금정구 중앙대로1959번길 54,129.088291,35.25933388
현이네밥집,한식 일반 음식점업,구서2동,부산광역시 금정구 구서동 158-20,부산광역시 금정구 금강로 582,129.0878966,35.25937673
동근이숯불두마리치킨,한식 일반 음식점업,구서2동,부산광역시 금정구 구서동 158-20,부산광역시 금정구 금강로 582,129.0878966,35.25937673
삼환맛축산,한식 육류 요리 전문점,구서2동,부산광역시 금정구 구서동 158-31,부산광역시 금정구 금강로 590,129.0879016,35.25999843
7번가피자 구서·남산점,피자; 햄버거; 샌드위치 및 유사 음식점업,구서2동,부산광역시 금정구 구서동 158-6,부산광역시 금정구 금강로 592,129.0879982,35.2603392
유정삼계탕,한식 일반 음식점업,구서2동,부산광역시 금정구 구서동 159-1,부산광역시 금정구 두실로 23,129.08874,35.26056069
서울깍두기,한식 일반 음식점업,구서2동,부산광역시 금정구 구서동 159-29,부산광역시 금정구 두실로 21,129.0888935,35.26054903
금정어가,한식 해산물 요리 전문점,구서2동,부산광역시 금정구 구서동 159-45,부산광역시 금정구 두실로 17,129.0893531,35.26047801
치킨신드롬 두실점,치킨 전문점,구서2동,부산광역시 금정구 구서동 161-1,부산광역시 금정구 두실로 15,129.0895831,35.260447
번개반점,중식 음식점업,구서2동,부산광역시 금정구 구서동 161-10,부산광역시 금정구 두실로15번길 27,129.0896315,35.25933776
옹배기해물칼국수,한식 면 요리 전문점,구서2동,부산광역시 금정구 구서동 161-12,부산광역시 금정구 중앙대로1959번길 24,129.0899504,35.25935027
통생오리,한식 육류 요리 전문점,구서2동,부산광역시 금정구 구서동 161-20,부산광역시 금정구 중앙대로1959번길 20,129.0901476,35.25932884
칼퇴근김대리 두실점,한식 일반 음식점업,구서2동,부산광역시 금정구 구서동 161-26,부산광역시 금정구 두실로 11,129.089999,35.26038575
신박돼지,한식 육류 요리 전문점,구서2동,부산광역시 금정구 구서동 161-39,부산광역시 금정구 두실로 13,129.0897471,35.26041713
느티나무집,한식 육류 요리 전문점,구서2동,부산광역시 금정구 구서동 161-9,부산광역시 금정구 두실로15번길 23,129.0896462,35.25948169
영동오리숯불구이,한식 일반 음식점업,구서2동,부산광역시 금정구 구서동 162-10,부산광역시 금정구 두실로7번길 19,129.0905813,35.25952861
밀양돼지국밥&감자탕,한식 일반 음식점업,구서2동,부산광역시 금정구 구서동 162-12,부산광역시 금정구 중앙대로1959번길 8,129.0908743,35.25938837
불막열삼 두실7번역점,한식 육류 요리 전문점,구서2동,부산광역시 금정구 구서동 163-10,부산광역시 금정구 두실로7번길 49,129.0904788,35.25810658
비에이치씨 두실점,한식 일반 음식점업,구서2동,부산광역시 금정구 구서동 163-10,부산광역시 금정구 두실로7번길 49,129.0904788,35.25810658
구이일번가,한식 육류 요리 전문점,구서2동,부산광역시 금정구 구서동 163-16,부산광역시 금정구 중앙대로1945번길 2,129.0910604,35.2580785
동키치킨,치킨 전문점,구서2동,부산광역시 금정구 구서동 163-18,부산광역시 금정구 중앙대로1945번길 10,129.0907854,35.25806523
두실칼국수,한식 면 요리 전문점,구서2동,부산광역시 금정구 구서동 163-18,부산광역시 금정구 중앙대로1945번길 10,129.0907854,35.25806523
본죽앤비빔밥 부산구서점,한식 일반 음식점업,구서2동,부산광역시 금정구 구서동 163-20,부산광역시 금정구 중앙대로1945번길 12,129.0906211,35.25808609
올밀푸드,한식 일반 음식점업,구서2동,부산광역시 금정구 구서동 163-31,부산광역시 금정구 두실로7번길 45,129.090486,35.25838581
철마환성암소원,한식 육류 요리 전문점,구서2동,부산광역시 금정구 구서동 163-4,부산광역시 금정구 두실로7번길 35,129.090466,35.25889079
제일식당,한식 일반 음식점업,구서2동,부산광역시 금정구 구서동 163-9,부산광역시 금정구 두실로7번길 41,129.0904897,35.25852992
해물이조아해물촌,한식 일반 음식점업,구서2동,부산광역시 금정구 구서동 164-1,부산광역시 금정구 두실로15번길 29,129.0896266,35.2591486
아구듬뿍&알곤마니,한식 일반 음식점업,구서2동,부산광역시 금정구 구서동 164-21,부산광역시 금정구 두실로7번길 46,129.090254,35.25833575
웅이네식당,한식 일반 음식점업,구서2동,부산광역시 금정구 구서동 164-22,부산광역시 금정구 중앙대로1945번길 30,129.0896208,35.25806733
금샘횟집,한식 해산물 요리 전문점,구서2동,부산광역시 금정구 구서동 164-28,부산광역시 금정구 중앙대로1945번길 16,129.0901811,35.25806666
비긴어게인,한식 일반 음식점업,구서2동,부산광역시 금정구 구서동 164-29,부산광역시 금정구 중앙대로1945번길 20,129.0901185,35.2581939
다미중국관,중식 음식점업,구서2동,부산광역시 금정구 구서동 166-12,부산광역시 금정구 두실로15번길 90,129.0894084,35.25663818
후라이드참잘하는집,치킨 전문점,구서2동,부산광역시 금정구 구서동 166-17,부산광역시 금정구 중앙대로1929번길 40-2,129.0891738,35.25648904
가마치 두실점,치킨 전문점,구서2동,부산광역시 금정구 구서동 167-33,부산광역시 금정구 중앙대로1945번길 19,129.0902202,35.25787675
수중어초횟집,한식 해산물 요리 전문점,구서2동,부산광역시 금정구 구서동 174-2,부산광역시 금정구 중앙대로1944번길 7,129.0919831,35.25764802
밀양돼지국밥,한식 일반 음식점업,구서2동,부산광역시 금정구 구서동 175-13,부산광역시 금정구 중앙대로1929번길 6,129.0908815,35.25667581
금정수산,한식 해산물 요리 전문점,구서2동,부산광역시 금정구 구서동 175-13,부산광역시 금정구 중앙대로1929번길 6,129.0908815,35.25667581
통뼈감자탕,한식 일반 음식점업,구서2동,부산광역시 금정구 구서동 175-23,부산광역시 금정구 중앙대로1945번길 5,129.0907915,35.25787588
형과아우누룽지삼계탕,한식 일반 음식점업,구서2동,부산광역시 금정구 구서동 177-1,부산광역시 금정구 중앙대로 1942,129.0916859,35.25762612
장금이한식뷔페,한식 일반 음식점업,구서2동,부산광역시 금정구 구서동 177-25,부산광역시 금정구 중앙대로 1940,129.0916717,35.25750021
제일아구찜,한식 일반 음식점업,구서2동,부산광역시 금정구 구서동 177-29,부산광역시 금정구 안뜰로7번길 43,129.0922679,35.25675997
부산함바식당,한식 일반 음식점업,구서2동,부산광역시 금정구 구서동 177-7,부산광역시 금정구 안뜰로7번길 45,129.0922611,35.25692229
진주추어탕,한식 일반 음식점업,구서2동,부산광역시 금정구 구서동 178-22,부산광역시 금정구 안뜰로7번길 40,129.0925182,35.25666553
농심가식육식당,한식 일반 음식점업,구서2동,부산광역시 금정구 구서동 178-9,부산광역시 금정구 중앙대로1926번길 19,129.092583,35.25619581
안채,한식 일반 음식점업,구서2동,부산광역시 금정구 구서동 182-29,부산광역시 금정구 안뜰로7번길 12-3,129.092686,35.25550015
고려돼지국밥,한식 일반 음식점업,구서2동,부산광역시 금정구 구서동 183-2,부산광역시 금정구 중앙대로 1920,129.0917813,35.25535359
참소국밥비단비,한식 일반 음식점업,구서2동,부산광역시 금정구 구서동 184-15,부산광역시 금정구 중앙대로 1927,129.0910944,35.2564108
굽네치킨구서점,치킨 전문점,구서2동,부산광역시 금정구 구서동 184-23,부산광역시 금정구 두실로7번길 119,129.0904889,35.25507856
달리는피자아저씨,피자; 햄버거; 샌드위치 및 유사 음식점업,구서2동,부산광역시 금정구 구서동 184-29,부산광역시 금정구 구서중앙로 2,129.0908693,35.25491879
문스,피자; 햄버거; 샌드위치 및 유사 음식점업,구서2동,부산광역시 금정구 구서동 185-1,부산광역시 금정구 구서중앙로 20,129.0883595,35.25600747
도담,한식 일반 음식점업,구서2동,부산광역시 금정구 구서동 185-1,부산광역시 금정구 구서중앙로 20,129.0883595,35.25600747
맛나감자탕 구서점,한식 일반 음식점업,구서2동,부산광역시 금정구 구서동 192-1,부산광역시 금정구 금강로 528,129.0880559,35.25445374
대박삼겹김치찜,한식 일반 음식점업,구서2동,부산광역시 금정구 구서동 192-23,부산광역시 금정구 금강로 522,129.0879019,35.25401483
참대나무닭숯불바베큐,치킨 전문점,구서2동,부산광역시 금정구 구서동 192-27,부산광역시 금정구 구서중앙로 19-1,129.089083,35.25466129
자하키친,한식 일반 음식점업,구서2동,부산광역시 금정구 구서동 192-5,부산광역시 금정구 구서중앙로15번길 2,129.0894138,35.25470964
열두달키친,치킨 전문점,구서2동,부산광역시 금정구 구서동 192-50,부산광역시 금정구 중앙대로1901번길 38,129.0891906,35.25414578
비비큐치킨 구서점,치킨 전문점,구서2동,부산광역시 금정구 구서동 192-59,부산광역시 금정구 구서중앙로 25,129.0883786,35.25461037
국일관,중식 음식점업,구서2동,부산광역시 금정구 구서동 192-7,부산광역시 금정구 구서중앙로 27,129.0882022,35.25458638
시골식당,한식 일반 음식점업,구서2동,부산광역시 금정구 구서동 194-3,부산광역시 금정구 구서중앙로 3-1,129.0908624,35.25464857
온푸드,치킨 전문점,구서2동,부산광역시 금정구 구서동 198-14,부산광역시 금정구 안뜰로8번길 5,129.0925642,35.25461013
자담치킨&호프,치킨 전문점,구서2동,부산광역시 금정구 구서동 201-40,부산광역시 금정구 중앙대로1893번길 16,129.090305,35.2534777
지코바치킨,치킨 전문점,구서2동,부산광역시 금정구 구서동 203-2,부산광역시 금정구 금강로 516,129.0879001,35.25351923
성덕수산,한식 해산물 요리 전문점,구서2동,부산광역시 금정구 구서동 203-42,부산광역시 금정구 구서중앙로15번길 26,129.0894094,35.25368241
스파빈,한식 일반 음식점업,구서2동,부산광역시 금정구 구서동 203-5,부산광역시 금정구 구서중앙로15번길 20,129.0890516,35.25386882
꾸바꾸바 남산점,치킨 전문점,구서2동,부산광역시 금정구 구서동 213-1,부산광역시 금정구 중앙대로1959번길 45,129.0886488,35.25914747
최가네충무김밥칼국수,한식 면 요리 전문점,구서2동,부산광역시 금정구 구서동 231-2,부산광역시 금정구 중앙대로1945번길 32,129.0894134,35.25811597
구세리1990,피자; 햄버거; 샌드위치 및 유사 음식점업,구서2동,부산광역시 금정구 구서동 246-17,부산광역시 금정구 중앙대로1873번길 19,129.0902493,35.25173945
월매아구찜,한식 일반 음식점업,구서2동,부산광역시 금정구 구서동 246-3,부산광역시 금정구 중앙대로1873번길 51,129.0901349,35.25327338
산들보리밥,한식 일반 음식점업,구서2동,부산광역시 금정구 구서동 246-33,부산광역시 금정구 중앙대로1873번길 39-8,129.0899847,35.25255506
생고기가맛있는그집,한식 일반 음식점업,구서2동,부산광역시 금정구 구서동 248-22,부산광역시 금정구 중앙대로1893번길 7,129.0908164,35.25328863
봉계숯불구이,한식 일반 음식점업,구서2동,부산광역시 금정구 구서동 248-3,부산광역시 금정구 중앙대로1893번길 5,129.0909587,35.25326815
에바돈가츠 구서점,일식 음식점업,구서2동,부산광역시 금정구 구서동 251-24,부산광역시 금정구 금강로 494,129.088011,35.25141765
루이안,중식 음식점업,구서1동,부산광역시 금정구 구서동 252-13,부산광역시 금정구 중앙대로1841번길 35,129.089945,35.24887006
맘스터치 구서역점,피자; 햄버거; 샌드위치 및 유사 음식점업,구서1동,부산광역시 금정구 구서동 252-15,부산광역시 금정구 중앙대로1841번길 29,129.0902508,35.2488017
빙동댕 부산구서점,한식 일반 음식점업,구서1동,부산광역시 금정구 구서동 252-16,부산광역시 금정구 중앙대로1841번길 27,129.0903592,35.24874576
비비큐구서역점,치킨 전문점,구서1동,부산광역시 금정구 구서동 252-17,부산광역시 금정구 금강로446번길 43,129.0901927,35.24867654
황금오리,한식 육류 요리 전문점,구서1동,부산광역시 금정구 구서동 252-18,부산광역시 금정구 금강로446번길 41,129.0899511,35.24868072
도야족발보쌈 구서직영점,한식 일반 음식점업,구서1동,부산광역시 금정구 구서동 252-33,부산광역시 금정구 중앙대로1841번길 41,129.0896641,35.24905514
홍콩반점0410 부산구서역점,중식 음식점업,구서1동,부산광역시 금정구 구서동 252-8,부산광역시 금정구 중앙대로1841번길 53,129.0892403,35.24923368
통한마리족발,한식 일반 음식점업,구서1동,부산광역시 금정구 구서동 258-12,부산광역시 금정구 금강로 452-1,129.0888007,35.24794363
김치찌개와돈까스,한식 일반 음식점업,구서1동,부산광역시 금정구 구서동 258-12,부산광역시 금정구 금강로 452-1,129.0888007,35.24794363
연심,일식 음식점업,구서1동,부산광역시 금정구 구서동 258-15,부산광역시 금정구 금강로 452,129.0888311,35.24784397
이야기,일식 음식점업,구서1동,부산광역시 금정구 구서동 258-20,부산광역시 금정구 금강로 446,129.0890826,35.24737104
청년쉐프들,한식 일반 음식점업,구서1동,부산광역시 금정구 구서동 258-21,부산광역시 금정구 금강로468번길 12-1,129.0887804,35.24886314
열정국밥,한식 일반 음식점업,구서1동,부산광역시 금정구 구서동 258-5,부산광역시 금정구 금강로 460,129.0887057,35.248522
전원숯불구서점,한식 육류 요리 전문점,구서1동,부산광역시 금정구 구서동 260-14,부산광역시 금정구 금강로 449,129.0884046,35.24749088
서가앤컴퍼니,한식 일반 음식점업,구서1동,부산광역시 금정구 구서동 260-14,부산광역시 금정구 금강로 449,129.0884046,35.24749088
언양식육식당,한식 일반 음식점업,구서1동,부산광역시 금정구 구서동 266-16,부산광역시 금정구 금단로 30,129.0929883,35.25230487
뉴욕버거 부산금정점,피자; 햄버거; 샌드위치 및 유사 음식점업,구서1동,부산광역시 금정구 구서동 368,부산광역시 금정구 중앙대로1841번길 24,129.0905986,35.24994014
앤티앤스 금정점,한식 일반 음식점업,구서1동,부산광역시 금정구 구서동 368,부산광역시 금정구 중앙대로1841번길 24,129.0905986,35.24994014
풍천황금장어 구서점,한식 해산물 요리 전문점,구서1동,부산광역시 금정구 구서동 376-9,부산광역시 금정구 금단로 13,129.0921701,35.25124666
본죽앤비빔밥 구서쌍용예가점,한식 일반 음식점업,구서1동,부산광역시 금정구 구서동 409-26,부산광역시 금정구 구서로 26,129.0882686,35.24689847
국수나무,한식 면 요리 전문점,구서1동,부산광역시 금정구 구서동 413-1,부산광역시 금정구 구서로 29,129.0879238,35.24673321
자이언트치킨호프,치킨 전문점,구서1동,부산광역시 금정구 구서동 413-10,부산광역시 금정구 금강로423번길 10-1,129.0882783,35.24556461
이웃집칼국수;노랑고래구서점,제과점업,구서1동,부산광역시 금정구 구서동 413-11,부산광역시 금정구 금강로 425,129.0883846,35.2454276
구서옛날삼겹살,한식 육류 요리 전문점,구서1동,부산광역시 금정구 구서동 413-11,부산광역시 금정구 금강로 425,129.0883846,35.2454276
노가,한식 해산물 요리 전문점,구서1동,부산광역시 금정구 구서동 413-11,부산광역시 금정구 금강로 425,129.0883846,35.2454276
정성숯불두마리치킨 구서점,치킨 전문점,구서1동,부산광역시 금정구 구서동 413-11,부산광역시 금정구 금강로 425,129.0883846,35.2454276
토라,일식 음식점업,구서1동,부산광역시 금정구 구서동 413-11,부산광역시 금정구 금강로 425,129.0883846,35.2454276
도미노피자,피자; 햄버거; 샌드위치 및 유사 음식점업,구서1동,부산광역시 금정구 구서동 413-19,부산광역시 금정구 금강로 433,129.0886795,35.24621552
정원막창 부산본점,한식 일반 음식점업,구서1동,부산광역시 금정구 구서동 413-19,부산광역시 금정구 금강로 433,129.0886795,35.24621552
OK도매횟집,한식 일반 음식점업,구서1동,부산광역시 금정구 구서동 413-2,부산광역시 금정구 수림로72번길 160,129.0880056,35.2464975
호맥 구서쌍용예가점,한식 일반 음식점업,구서1동,부산광역시 금정구 구서동 413-27,부산광역시 금정구 금강로 429-1,129.0886282,35.24592804
명수정,한식 일반 음식점업,구서1동,부산광역시 금정구 구서동 413-3,부산광역시 금정구 구서로 23,129.0885247,35.24660568
임랑구서점,일식 음식점업,구서1동,부산광역시 금정구 구서동 413-37,부산광역시 금정구 금강로 427,129.0885993,35.24565819
미담,한식 일반 음식점업,구서1동,부산광역시 금정구 구서동 413-48,부산광역시 금정구 금강로423번길 10,129.0882753,35.24544751
일다,서양식 음식점업,구서1동,부산광역시 금정구 구서동 413-51,부산광역시 금정구 수림로72번길 150-7,129.0881695,35.24603508
목구멍 구서동점,한식 일반 음식점업,구서1동,부산광역시 금정구 구서동 413-53,부산광역시 금정구 금강로 429,129.0886576,35.24579236
왓더버거 구서점,서양식 음식점업,구서1동,부산광역시 금정구 구서동 414-1,부산광역시 금정구 구서로 17,129.0890305,35.24662399
고려국밥,한식 일반 음식점업,구서1동,부산광역시 금정구 구서동 414-16,부산광역시 금정구 금강로 432-1,129.0889837,35.24608411
와인가든,서양식 음식점업,구서1동,부산광역시 금정구 구서동 414-17,부산광역시 금정구 금강로 432,129.0889814,35.24599403
가든테이블,서양식 음식점업,구서1동,부산광역시 금정구 구서동 414-17,부산광역시 금정구 금강로 432,129.0889814,35.24599403
내고향,한식 일반 음식점업,구서1동,부산광역시 금정구 구서동 414-20,부산광역시 금정구 구서로 9,129.0897734,35.24646697
해운대31CM해물칼국수 구서점,한식 면 요리 전문점,구서1동,부산광역시 금정구 구서동 414-37,부산광역시 금정구 금정로231번길 22,129.089618,35.24511794
철마한우로스구이,한식 육류 요리 전문점,구서1동,부산광역시 금정구 구서동 414-39,부산광역시 금정구 수림로50번길 149,129.0897275,35.24596312
미가곱창,한식 해산물 요리 전문점,구서1동,부산광역시 금정구 구서동 414-39,부산광역시 금정구 수림로50번길 149,129.0897275,35.24596312
돼구빡,한식 일반 음식점업,구서1동,부산광역시 금정구 구서동 414-48,부산광역시 금정구 수림로50번길 141,129.0897314,35.2456837
상선회수산,한식 해산물 요리 전문점,구서1동,부산광역시 금정구 구서동 414-50,부산광역시 금정구 수림로50번길 139,129.0897494,35.24553019
동서낙지,한식 일반 음식점업,구서1동,부산광역시 금정구 구서동 414-57,부산광역시 금정구 금강로 434-3,129.0891768,35.24633309
선참치,일식 음식점업,구서1동,부산광역시 금정구 구서동 414-64,부산광역시 금정구 수림로50번길 135,129.0897219,35.2453144
중화포차,중식 음식점업,구서1동,부산광역시 금정구 구서동 414-70,부산광역시 금정구 금정로231번길 28-1,129.0893224,35.24515909
센베로구서점,일식 음식점업,구서1동,부산광역시 금정구 구서동 414-74,부산광역시 금정구 금정로231번길 28,129.0894523,35.24508475
춘화보쌈,한식 일반 음식점업,구서1동,부산광역시 금정구 구서동 414-77,부산광역시 금정구 수림로50번길 157,129.0898038,35.24636732
전남친순대 구서점,한식 일반 음식점업,구서1동,부산광역시 금정구 구서동 414-8,부산광역시 금정구 금강로 430,129.0889132,35.2459051
일생상회,한식 육류 요리 전문점,구서1동,부산광역시 금정구 구서동 414-82,부산광역시 금정구 수림로50번길 153,129.0897891,35.24622339
쿠쿠,서양식 음식점업,구서1동,부산광역시 금정구 구서동 414-89,부산광역시 금정구 금정로231번길 32,129.0891907,35.24516136
평화김해뒷고기 구서점,한식 일반 음식점업,구서1동,부산광역시 금정구 구서동 414-89,부산광역시 금정구 금정로231번길 32,129.0891907,35.24516136
장가네장충왕족발,한식 일반 음식점업,구서1동,부산광역시 금정구 구서동 415-109,부산광역시 금정구 수림로50번길 160,129.0900559,35.24634494
유가네닭갈비 구서역점,한식 일반 음식점업,구서1동,부산광역시 금정구 구서동 415-112,부산광역시 금정구 금정로233번길 39,129.0909135,35.24637518
마켓990 구서점,피자; 햄버거; 샌드위치 및 유사 음식점업,구서1동,부산광역시 금정구 구서동 415-112,부산광역시 금정구 금정로233번길 39,129.0909135,35.24637518
94바,서양식 음식점업,구서1동,부산광역시 금정구 구서동 415-118,부산광역시 금정구 수림로50번길 134,129.0900579,35.24513737
백년가마솥통닭,치킨 전문점,구서1동,부산광역시 금정구 구서동 415-2,부산광역시 금정구 금정로233번길 41,129.0908062,35.24647616
보배쭈꾸미 구서점,한식 일반 음식점업,구서1동,부산광역시 금정구 구서동 415-2,부산광역시 금정구 금정로233번길 41,129.0908062,35.24647616
호야문현곱창,한식 육류 요리 전문점,구서1동,부산광역시 금정구 구서동 415-22,부산광역시 금정구 금정로231번길 16,129.0899432,35.24495011
세자매의식탁,한식 일반 음식점업,구서1동,부산광역시 금정구 구서동 415-22,부산광역시 금정구 금정로231번길 16,129.0899432,35.24495011
진가원,한식 일반 음식점업,구서1동,부산광역시 금정구 구서동 415-3,부산광역시 금정구 금정로233번길 31,129.0907012,35.24623467
오소리순대,한식 일반 음식점업,구서1동,부산광역시 금정구 구서동 415-32,부산광역시 금정구 금정로233번길 37,129.0907822,35.24639547
디노이레스토랑,서양식 음식점업,구서1동,부산광역시 금정구 구서동 415-34,부산광역시 금정구 구서로 3-1,129.0905542,35.24649854
롯데리아구서,피자; 햄버거; 샌드위치 및 유사 음식점업,구서1동,부산광역시 금정구 구서동 415-34,부산광역시 금정구 구서로 3-1,129.0905542,35.24649854
불장화,한식 육류 요리 전문점,구서1동,부산광역시 금정구 구서동 415-42,부산광역시 금정구 수림로50번길 140,129.0899916,35.24555304
두찜부산구서점,한식 일반 음식점업,구서1동,부산광역시 금정구 구서동 415-45,부산광역시 금정구 수림로50번길 138,129.0899669,35.24544533
이가네 명인갈비살 구서점,한식 일반 음식점업,구서1동,부산광역시 금정구 구서동 415-45,부산광역시 금정구 수림로50번길 138,129.0899669,35.24544533
진리,한식 일반 음식점업,구서1동,부산광역시 금정구 구서동 415-5,부산광역시 금정구 수림로50번길 150,129.090188,35.24592813
행복한오리구서,한식 일반 음식점업,구서1동,부산광역시 금정구 구서동 420-20,부산광역시 금정구 중앙대로1793번길 38,129.0914955,35.24337332
애영,한식 일반 음식점업,구서1동,부산광역시 금정구 구서동 420-5,부산광역시 금정구 중앙대로1805번길 16,129.0922927,35.24490049
푸주옥설렁탕도가니탕,한식 일반 음식점업,구서1동,부산광역시 금정구 구서동 420-56,부산광역시 금정구 금정로 248,129.0925252,35.24540111
불끈낙지 구서점,한식 일반 음식점업,구서1동,부산광역시 금정구 구서동 444,부산광역시 금정구 금정로 226,129.0906957,35.24388277
이층포차,한식 일반 음식점업,구서1동,부산광역시 금정구 구서동 445-1,부산광역시 금정구 금정로231번길 5,129.090396,35.24461788
부산식객 구서점,한식 일반 음식점업,구서1동,부산광역시 금정구 구서동 445-13,부산광역시 금정구 금정로 221,129.0901893,35.24383745
비에이치씨치킨구서점,치킨 전문점,구서1동,부산광역시 금정구 구서동 445-9,부산광역시 금정구 금정로219번길 8,129.08973,35.24391748
생활생돈,한식 육류 요리 전문점,구서1동,부산광역시 금정구 구서동 446-1,부산광역시 금정구 수림로50번길 124,129.0898622,35.24478931
와글와글,한식 일반 음식점업,구서1동,부산광역시 금정구 구서동 446-1,부산광역시 금정구 수림로50번길 124,129.0898622,35.24478931
해리의집,한식 육류 요리 전문점,구서1동,부산광역시 금정구 구서동 446-14,부산광역시 금정구 금정로219번길 14,129.0894695,35.24403913
꼬리에꼬리를무는닭,한식 일반 음식점업,구서1동,부산광역시 금정구 구서동 446-16,부산광역시 금정구 수림로50번길 110,129.089365,35.2442482
도도횟집,한식 해산물 요리 전문점,구서1동,부산광역시 금정구 구서동 446-17,부산광역시 금정구 금정로219번길 20,129.0892858,35.24415945
부원냉삼집 구서동점,한식 일반 음식점업,구서1동,부산광역시 금정구 구서동 446-18,부산광역시 금정구 금정로231번길 15,129.0899706,35.24473337
해담이선생,한식 일반 음식점업,구서1동,부산광역시 금정구 구서동 446-22,부산광역시 금정구 금정로219번길 10-1,129.0895671,35.24399239
면채움,한식 면 요리 전문점,구서1동,부산광역시 금정구 구서동 446-3,부산광역시 금정구 금정로231번길 11,129.0900998,35.24463201
와이제이푸드,한식 육류 요리 전문점,구서1동,부산광역시 금정구 구서동 446-5,부산광역시 금정구 수림로50번길 114,129.0895883,35.24438852
해연,중식 음식점업,구서1동,부산광역시 금정구 구서동 446-5,부산광역시 금정구 수림로50번길 114,129.0895883,35.24438852
고기굽는남자 구서점,한식 육류 요리 전문점,구서1동,부산광역시 금정구 구서동 446-6,부산광역시 금정구 수림로50번길 122,129.0898045,35.24468217
고래실찌개밥상,한식 일반 음식점업,구서1동,부산광역시 금정구 구서동 446-7,부산광역시 금정구 수림로50번길 120,129.0897038,35.24461181
팔각도 부산구서점,한식 일반 음식점업,구서1동,부산광역시 금정구 구서동 457-1,부산광역시 금정구 금정로231번길 37,129.0888043,35.24508693
그날;우리,한식 일반 음식점업,구서1동,부산광역시 금정구 구서동 457-13,부산광역시 금정구 금정로219번길 32,129.0887449,35.24448419
낭만연어구서점,한식 해산물 요리 전문점,구서1동,부산광역시 금정구 구서동 457-14,부산광역시 금정구 금정로231번길 25,129.0894468,35.24486857
나한우인데,한식 육류 요리 전문점,구서1동,부산광역시 금정구 구서동 457-14,부산광역시 금정구 금정로231번길 25,129.0894468,35.24486857
더바른식당,한식 육류 요리 전문점,구서1동,부산광역시 금정구 구서동 457-15,부산광역시 금정구 금정로231번길 21,129.0895776,35.24483027
신신초마,중식 음식점업,구서1동,부산광역시 금정구 구서동 457-15,부산광역시 금정구 금정로231번길 21,129.0895776,35.24483027
대성수산해물,한식 해산물 요리 전문점,구서1동,부산광역시 금정구 구서동 457-16,부산광역시 금정구 수림로50번길 117-2,129.0895083,35.24469629
뚱띠오돌뼈,한식 육류 요리 전문점,구서1동,부산광역시 금정구 구서동 457-16,부산광역시 금정구 수림로50번길 117-2,129.0895083,35.24469629
마파람해물찜해물탕 구서본점,한식 일반 음식점업,구서1동,부산광역시 금정구 구서동 457-2,부산광역시 금정구 금강로 418,129.0885874,35.24476627
마파람 부산점,한식 일반 음식점업,구서1동,부산광역시 금정구 구서동 457-2,부산광역시 금정구 금강로 418,129.0885874,35.24476627
담락참치일잔구서점,일식 음식점업,구서1동,부산광역시 금정구 구서동 457-23,부산광역시 금정구 금강로 420,129.0886915,35.24497173
교촌치킨 구서역점,치킨 전문점,구서1동,부산광역시 금정구 구서동 457-23,부산광역시 금정구 금강로 420,129.0886915,35.24497173
구서한상,한식 일반 음식점업,구서1동,부산광역시 금정구 구서동 457-23,부산광역시 금정구 금강로 420,129.0886915,35.24497173
징기스 구서점,기타 외국식 음식점업,구서1동,부산광역시 금정구 구서동 457-27,부산광역시 금정구 금정로231번길 33,129.0889893,35.24502066
반해버린고깃집,한식 육류 요리 전문점,구서1동,부산광역시 금정구 구서동 457-35,부산광역시 금정구 수림로50번길 109,129.0891932,35.24440436
복천안주마을 금정점,한식 일반 음식점업,구서1동,부산광역시 금정구 구서동 457-4,부산광역시 금정구 금정로231번길 27,129.0893052,35.24491608
꿀돈,한식 육류 요리 전문점,구서1동,부산광역시 금정구 구서동 457-6,부산광역시 금정구 금강로 416,129.0884524,35.24464244
옥반상,한식 일반 음식점업,구서1동,부산광역시 금정구 구서동 458-11,부산광역시 금정구 금강로415번길 6,129.0880519,35.24487464
60계 부산구서점,치킨 전문점,구서1동,부산광역시 금정구 구서동 458-5,부산광역시 금정구 수림로72번길 136,129.087745,35.2453305
가장맛있는족발,한식 일반 음식점업,구서1동,부산광역시 금정구 구서동 460-13,부산광역시 금정구 수림로66번길 101,129.087002,35.24419887
청담피자 구서점,피자; 햄버거; 샌드위치 및 유사 음식점업,구서1동,부산광역시 금정구 구서동 461-12,부산광역시 금정구 금강로 409,129.0877173,35.24424961
열도,한식 일반 음식점업,구서1동,부산광역시 금정구 구서동 461-12,부산광역시 금정구 금강로 409,129.0877173,35.24424961
불막열삼구서점,한식 일반 음식점업,구서1동,부산광역시 금정구 구서동 461-15,부산광역시 금정구 금강로403번길 6,129.0872945,35.24404063
엄니칼국수,한식 일반 음식점업,구서1동,부산광역시 금정구 구서동 461-2,부산광역시 금정구 수림로66번길 122,129.087873,35.24475156
맛나!꼼장어,한식 해산물 요리 전문점,구서1동,부산광역시 금정구 구서동 461-20,부산광역시 금정구 금강로 413,129.0880001,35.24456914
하시,일식 음식점업,구서1동,부산광역시 금정구 구서동 461-20,부산광역시 금정구 금강로 413,129.0880001,35.24456914
은하수고깃집,한식 육류 요리 전문점,구서1동,부산광역시 금정구 구서동 461-25,부산광역시 금정구 금강로 411,129.0879312,35.24445318
수제비랑김밥,한식 일반 음식점업,구서1동,부산광역시 금정구 구서동 462-10,부산광역시 금정구 금정로207번길 32,129.0878782,35.2436701
스시타비,일식 음식점업,구서1동,부산광역시 금정구 구서동 462-11,부산광역시 금정구 금강로 404,129.0876836,35.24379061
수백당 구서동점,한식 일반 음식점업,구서1동,부산광역시 금정구 구서동 462-2,부산광역시 금정구 금강로 412-1,129.0882034,35.24435837
이레,서양식 음식점업,구서1동,부산광역시 금정구 구서동 462-20,부산광역시 금정구 금정로219번길 33,129.0884669,35.24435382
쭈꾸미가알고싶다,한식 일반 음식점업,구서1동,부산광역시 금정구 구서동 462-4,부산광역시 금정구 금강로 408,129.0878424,35.24398612
돈오락쪽갈비 구서점,한식 일반 음식점업,구서1동,부산광역시 금정구 구서동 462-4,부산광역시 금정구 금강로 408,129.0878424,35.24398612
눈꽃을나누다 구서점,한식 육류 요리 전문점,구서1동,부산광역시 금정구 구서동 463-1,부산광역시 금정구 금정로219번길 27,129.0887387,35.24424099
수림로상회,한식 일반 음식점업,구서1동,부산광역시 금정구 구서동 463-17,부산광역시 금정구 수림로50번길 87,129.0885027,35.24360525
금정오리,한식 육류 요리 전문점,구서1동,부산광역시 금정구 구서동 463-24,부산광역시 금정구 금정로207번길 22,129.0883217,35.24340111
대봉회초장,한식 해산물 요리 전문점,구서1동,부산광역시 금정구 구서동 463-8,부산광역시 금정구 수림로50번길 103,129.0889548,35.24410209
기찰반점구서 본점,중식 음식점업,구서1동,부산광역시 금정구 구서동 464-1,부산광역시 금정구 수림로50번길 104,129.0891609,35.2439994
차박사얼큰이,치킨 전문점,구서1동,부산광역시 금정구 구서동 464-5,부산광역시 금정구 금정로207번길 16,129.0885053,35.24328079
구서산곰장어,한식 해산물 요리 전문점,구서1동,부산광역시 금정구 구서동 465-8,부산광역시 금정구 금정로207번길 6,129.0890943,35.24311743
이가네밀양돼지국밥,한식 일반 음식점업,구서1동,부산광역시 금정구 구서동 466-18,부산광역시 금정구 금정로 208,129.0894467,35.24272385
남해횟집,한식 해산물 요리 전문점,구서1동,부산광역시 금정구 구서동 466-19,부산광역시 금정구 금정로 208-5,129.0895441,35.2426681
일미리금계찜닭,한식 일반 음식점업,구서1동,부산광역시 금정구 구서동 466-8,부산광역시 금정구 금정로 208-1,129.0895252,35.24278558
어반,일식 음식점업,구서1동,부산광역시 금정구 구서동 466-8,부산광역시 금정구 금정로 208-1,129.0895252,35.24278558
중식대사관,중식 음식점업,구서1동,부산광역시 금정구 구서동 467-10,부산광역시 금정구 금정로 198,129.0887246,35.24197936
본가벌나무복집,한식 해산물 요리 전문점,구서1동,부산광역시 금정구 구서동 467-12,부산광역시 금정구 구서온천천로 23,129.0887751,35.24180727
로맨틱제주,한식 육류 요리 전문점,구서1동,부산광역시 금정구 구서동 467-5,부산광역시 금정구 금정로 200,129.0888037,35.24206811
낭만제주,한식 육류 요리 전문점,구서1동,부산광역시 금정구 구서동 467-5,부산광역시 금정구 금정로 200,129.0888037,35.24206811
부산에뜬고등어,한식 일반 음식점업,구서1동,부산광역시 금정구 구서동 467-7,부산광역시 금정구 금정로 204,129.0891193,35.24237806
마포통연탄구이,한식 육류 요리 전문점,구서1동,부산광역시 금정구 구서동 468-20,부산광역시 금정구 금정로 205,129.0889647,35.24277723
옥수관,한식 일반 음식점업,구서1동,부산광역시 금정구 구서동 469-1,부산광역시 금정구 금강로380번길 38,129.0879259,35.24338992
대궐,한식 일반 음식점업,구서1동,부산광역시 금정구 구서동 469-11,부산광역시 금정구 금강로380번길 22,129.0874372,35.24274953
제육부장관,한식 일반 음식점업,구서1동,부산광역시 금정구 구서동 469-21,부산광역시 금정구 수림로50번길 59,129.0875087,35.24254103
가야밀면,한식 일반 음식점업,구서1동,부산광역시 금정구 구서동 470-13,부산광역시 금정구 금정로207번길 33,129.0876556,35.24355679
구서칼국수,한식 면 요리 전문점,구서1동,부산광역시 금정구 구서동 470-14,부산광역시 금정구 금강로380번길 37,129.0877636,35.24348284
해숙이,한식 일반 음식점업,구서1동,부산광역시 금정구 구서동 470-14,부산광역시 금정구 금강로380번길 37,129.0877636,35.24348284
육식사관학교 금정점,한식 일반 음식점업,구서1동,부산광역시 금정구 구서동 470-15,부산광역시 금정구 금강로380번길 35,129.0876508,35.24336763
소울메이트,서양식 음식점업,구서1동,부산광역시 금정구 구서동 470-19,부산광역시 금정구 금강로380번길 25,129.0872897,35.24299538
지코바장전점,치킨 전문점,구서1동,부산광역시 금정구 구서동 470-24,부산광역시 금정구 금강로 394-1,129.0870059,35.24306336
산수화,한식 일반 음식점업,구서1동,부산광역시 금정구 구서동 470-5,부산광역시 금정구 금강로 394,129.086904,35.24294797
육칠이 부산대점,한식 일반 음식점업,구서1동,부산광역시 금정구 구서동 471-2,부산광역시 금정구 수림로66번길 90,129.0867789,35.243635
발빠닭,한식 일반 음식점업,구서1동,부산광역시 금정구 구서동 471-3,부산광역시 금정구 금강로 397,129.0870602,35.24346794
토핑폭탄 금정점,한식 일반 음식점업,구서1동,부산광역시 금정구 구서동 471-6,부산광역시 금정구 수림로66번길 84,129.0865864,35.24341303
원카츠 구서점,일식 음식점업,구서1동,부산광역시 금정구 구서동 471-8,부산광역시 금정구 금강로403번길 1,129.087264,35.24370773
건뚱네김치속돼지 금정점,한식 일반 음식점업,구서1동,부산광역시 금정구 구서동 472-2,부산광역시 금정구 수림로66번길 91,129.0865104,35.24387393
투가이즈,피자; 햄버거; 샌드위치 및 유사 음식점업,구서1동,부산광역시 금정구 구서동 472-3,부산광역시 금정구 수림로66번길 89,129.0865279,35.24370241
외식27번가,한식 육류 요리 전문점,구서2동,부산광역시 금정구 구서동 637-12,부산광역시 금정구 금강로 585-1,129.0875565,35.25982416
장보고회수산센타,일식 음식점업,구서2동,부산광역시 금정구 구서동 637-12,부산광역시 금정구 금강로 585-1,129.0875565,35.25982416
바다양푼이동태탕,한식 일반 음식점업,구서2동,부산광역시 금정구 구서동 637-14,부산광역시 금정구 금강로 587,129.0875591,35.25992324
돈모리,한식 육류 요리 전문점,구서2동,부산광역시 금정구 구서동 637-2,부산광역시 금정구 금강로 593,129.0874302,35.26046616
삼겹식당,한식 육류 요리 전문점,구서2동,부산광역시 금정구 구서동 637-4,부산광역시 금정구 금강로 589,129.087563,35.26007637
피자스쿨 부산두실점,피자; 햄버거; 샌드위치 및 유사 음식점업,구서2동,부산광역시 금정구 구서동 653-20,부산광역시 금정구 금강로565번길 16,129.0867343,35.25818025
동원장수촌 구서점,한식 일반 음식점업,구서2동,부산광역시 금정구 구서동 654-14,부산광역시 금정구 금강로 577,129.0874133,35.25895252
구서회도매센타,한식 해산물 요리 전문점,구서2동,부산광역시 금정구 구서동 654-3,부산광역시 금정구 중앙대로1959번길 69,129.0874284,35.25911447
조방낙지,한식 일반 음식점업,구서2동,부산광역시 금정구 구서동 654-35,부산광역시 금정구 중앙대로1959번길 75,129.0871084,35.25905691
윤가수산국수,중식 음식점업,구서2동,부산광역시 금정구 구서동 654-42,부산광역시 금정구 금강로 571-1,129.0875665,35.25849931
부경그집쭈꾸미,한식 일반 음식점업,구서2동,부산광역시 금정구 구서동 654-5,부산광역시 금정구 금강로 575,129.0875416,35.25881514
사천아구찜,한식 일반 음식점업,구서2동,부산광역시 금정구 구서동 655-1,부산광역시 금정구 금강로565번길 7,129.0871676,35.25793847
아리산,중식 음식점업,구서2동,부산광역시 금정구 구서동 655-12,부산광역시 금정구 두실로37번길 83,129.0870068,35.25723835
네번째갈비,한식 육류 요리 전문점,구서2동,부산광역시 금정구 구서동 655-17,부산광역시 금정구 금강로 565,129.0874849,35.25788794
토마토도시락구서점,한식 일반 음식점업,구서2동,부산광역시 금정구 구서동 655-18,부산광역시 금정구 금강로 565,129.0874849,35.25788794
상상짬뽕,중식 음식점업,구서2동,부산광역시 금정구 구서동 655-20,부산광역시 금정구 금강로 563,129.0875681,35.25770627
소림마라 금정점,중식 음식점업,구서2동,부산광역시 금정구 구서동 656-4,부산광역시 금정구 금강로555번길 16,129.0867178,35.25710817
애한마음고기집,한식 육류 요리 전문점,구서2동,부산광역시 금정구 구서동 735-25,부산광역시 금정구 금강로 551,129.0875534,35.25670626
호주에서온스시,일식 음식점업,구서2동,부산광역시 금정구 구서동 735-30,부산광역시 금정구 금강로 543,129.0875647,35.25585899
승승구서점,한식 육류 요리 전문점,구서2동,부산광역시 금정구 구서동 742-20,부산광역시 금정구 금강로 529,129.0875458,35.25469684
제육의고수,서양식 음식점업,구서2동,부산광역시 금정구 구서동 742-35,부산광역시 금정구 금강로541번길 9-1,129.0872306,35.25568452
파스타엣지&샐러드,서양식 음식점업,구서2동,부산광역시 금정구 구서동 747-23,부산광역시 금정구 구서중앙로40번길 1,129.0867428,35.25465662
중국성,중식 음식점업,구서1동,부산광역시 금정구 구서동 75,부산광역시 금정구 체육공원로 56,129.0979992,35.24852338
찌웅이네숯불두마리치킨,치킨 전문점,구서1동,부산광역시 금정구 구서동 775-13,부산광역시 금정구 금강로 465,129.0879017,35.2488693
죽이야기 구서롯데캐슬점,한식 일반 음식점업,구서1동,부산광역시 금정구 구서동 775-5,부산광역시 금정구 중앙대로1841번길 77,129.0878906,35.24929303
푸라닭 부산구서점,치킨 전문점,구서1동,부산광역시 금정구 구서동 775-8,부산광역시 금정구 금강로 467,129.0878631,35.24907723
해도수산센터,한식 해산물 요리 전문점,구서2동,부산광역시 금정구 구서동 809-5,부산광역시 금정구 중앙대로1945번길 60,129.0880178,35.25810403
삼성식당,한식 일반 음식점업,구서1동,부산광역시 금정구 구서동 81-11,부산광역시 금정구 중앙대로1826번길 26-9,129.0941742,35.24801293
동해식당,한식 일반 음식점업,구서1동,부산광역시 금정구 구서동 82-4,부산광역시 금정구 중앙대로1826번길 26-8,129.0939726,35.24786322
KFC부산 구서DT,피자; 햄버거; 샌드위치 및 유사 음식점업,구서1동,부산광역시 금정구 구서동 83-1,부산광역시 금정구 중앙대로 1824,129.092881,35.24727834
금정식당,한식 일반 음식점업,구서1동,부산광역시 금정구 구서동 84-1,부산광역시 금정구 중앙대로 1817-11,129.0919049,35.2464842
배비장보쌈구서,한식 일반 음식점업,구서1동,부산광역시 금정구 구서동 84-15,부산광역시 금정구 금정로 239,129.091432,35.24517671
오복미역,한식 일반 음식점업,구서1동,부산광역시 금정구 구서동 84-17,부산광역시 금정구 금정로 251,129.0922784,35.2460542
원참가자미횟집,한식 해산물 요리 전문점,구서1동,부산광역시 금정구 구서동 84-2,부산광역시 금정구 금정로237번길 16,129.0917137,35.24630728
짬뽕관부산구서점,중식 음식점업,구서1동,부산광역시 금정구 구서동 84-2,부산광역시 금정구 금정로237번길 16,129.0917137,35.24630728
에스프레소,한식 일반 음식점업,구서2동,부산광역시 금정구 구서동 843-3,부산광역시 금정구 중앙대로1959번길 51,129.0884514,35.25915989
더도이종가집돼지국밥,한식 일반 음식점업,구서1동,부산광역시 금정구 구서동 84-4,부산광역시 금정구 금정로 249,129.0921125,35.24601201
장충동왕족발 구서점,한식 일반 음식점업,구서2동,부산광역시 금정구 구서동 844-4,부산광역시 금정구 중앙대로1959번길 53,129.0883084,35.25915335
김인규돈까스 전문점,김밥 및 기타 간이 음식점업,구서1동,부산광역시 금정구 구서동 84-6,부산광역시 금정구 금정로237번길 12,129.0915042,35.24585131
장수돼지국밥,한식 일반 음식점업,구서1동,부산광역시 금정구 구서동 84-6,부산광역시 금정구 금정로237번길 12,129.0915042,35.24585131
소문난촌국수,한식 면 요리 전문점,구서1동,부산광역시 금정구 구서동 85-1,부산광역시 금정구 중앙대로1841번길 3,129.0916903,35.24838933
폭풍장어,한식 해산물 요리 전문점,구서1동,부산광역시 금정구 구서동 85-30,부산광역시 금정구 금정로237번길 38,129.0916623,35.24815551
청송양곱창,한식 육류 요리 전문점,구서1동,부산광역시 금정구 구서동 85-4,부산광역시 금정구 중앙대로 1837,129.0918181,35.24823392
정직유부구서역점,일식 음식점업,구서1동,부산광역시 금정구 구서동 86-10,부산광역시 금정구 금정로233번길 73-6,129.0906706,35.24803748
그린하노이,기타 외국식 음식점업,구서1동,부산광역시 금정구 구서동 86-17,부산광역시 금정구 금정로233번길 53,129.0908769,35.24708772
양평해장국,한식 일반 음식점업,구서1동,부산광역시 금정구 구서동 86-23,부산광역시 금정구 금정로233번길 49,129.0909269,35.24689761
남도오리,한식 일반 음식점업,구서1동,부산광역시 금정구 구서동 86-26,부산광역시 금정구 수림로50번길 202-9,129.0905925,35.24841731
만만한게국밥,한식 일반 음식점업,구서1동,부산광역시 금정구 구서동 86-42,부산광역시 금정구 수림로50번길 178,129.090133,35.24720871
땅스부대찌개,한식 일반 음식점업,구서1동,부산광역시 금정구 구서동 86-48,부산광역시 금정구 금정로233번길 73-3,129.0909606,35.24778015
샐러디 부산구서역점,피자; 햄버거; 샌드위치 및 유사 음식점업,구서1동,부산광역시 금정구 구서동 86-55,부산광역시 금정구 구서로 2,129.0907819,35.24681
왕대박돼지국밥,한식 일반 음식점업,구서1동,부산광역시 금정구 구서동 86-83,부산광역시 금정구 수림로50번길 200-7,129.0905554,35.24825575
경주추어탕,한식 일반 음식점업,구서1동,부산광역시 금정구 구서동 86-85,부산광역시 금정구 수림로50번길 200-8,129.0905304,35.24813903
골목보리밥,한식 일반 음식점업,구서1동,부산광역시 금정구 구서동 86-86,부산광역시 금정구 수림로50번길 200-6,129.0903986,35.24814131
삼형제쭈꾸미,한식 일반 음식점업,구서1동,부산광역시 금정구 구서동 86-86,부산광역시 금정구 수림로50번길 200-6,129.0903986,35.24814131
가거도회물나라,한식 해산물 요리 전문점,구서1동,부산광역시 금정구 구서동 86-87,부산광역시 금정구 수림로50번길 198,129.0901895,35.2481269
피자헛 구서점,피자; 햄버거; 샌드위치 및 유사 음식점업,구서1동,부산광역시 금정구 구서동 86-89,부산광역시 금정구 중앙대로1841번길 17,129.0908464,35.24846699
서울마님죽,한식 일반 음식점업,구서1동,부산광역시 금정구 구서동 87-1,부산광역시 금정구 금강로446번길 36,129.0899306,35.2483116
비룡각,중식 음식점업,구서1동,부산광역시 금정구 구서동 87-12,부산광역시 금정구 금강로446번길 6,129.0892324,35.24721525
제주집,한식 육류 요리 전문점,구서1동,부산광역시 금정구 구서동 87-13,부산광역시 금정구 구서로 14-9,129.089441,35.24721165
청춘,한식 일반 음식점업,구서1동,부산광역시 금정구 구서동 87-13,부산광역시 금정구 구서로 14-9,129.089441,35.24721165
보배반점 구서점,중식 음식점업,구서1동,부산광역시 금정구 구서동 87-23,부산광역시 금정구 금강로 442-1,129.089131,35.24711788
미미관마라탕,중식 음식점업,구서1동,부산광역시 금정구 구서동 87-25,부산광역시 금정구 금강로 442,129.0890843,35.24701055
봄스시,일식 음식점업,구서1동,부산광역시 금정구 구서동 87-28,부산광역시 금정구 구서로 14-5,129.0892932,35.24701595
노랑통닭 구서점,치킨 전문점,구서1동,부산광역시 금정구 구서동 87-31,부산광역시 금정구 구서로 14-8,129.0894602,35.24710318
함가네부잣집칼국수 전문점,한식 면 요리 전문점,구서1동,부산광역시 금정구 구서동 87-62,부산광역시 금정구 수림로50번길 195,129.0899239,35.24805039
또,한식 일반 음식점업,구서1동,부산광역시 금정구 구서동 87-8,부산광역시 금정구 구서로 14-7,129.0893067,35.24711484
영천식당,한식 일반 음식점업,구서1동,부산광역시 금정구 구서동 87-9,부산광역시 금정구 구서로 12,129.089741,35.24734164
부산갈매기,한식 일반 음식점업,구서1동,부산광역시 금정구 구서동 87-9,부산광역시 금정구 구서로 12,129.089741,35.24734164
해논산업,한식 일반 음식점업,구서1동,부산광역시 금정구 구서동 87-9,부산광역시 금정구 구서로 12,129.089741,35.24734164
뚱이아재,한식 일반 음식점업,구서1동,부산광역시 금정구 구서동 87-9,부산광역시 금정구 구서로 12,129.089741,35.24734164
산청식당,한식 일반 음식점업,구서1동,부산광역시 금정구 구서동 87-9,부산광역시 금정구 구서로 12,129.089741,35.24734164
상주식당,한식 면 요리 전문점,구서1동,부산광역시 금정구 구서동 87-9,부산광역시 금정구 구서로 12,129.089741,35.24734164
녹산횟집,한식 해산물 요리 전문점,구서1동,부산광역시 금정구 구서동 87-9,부산광역시 금정구 구서로 12,129.089741,35.24734164
최가네소머리국밥,한식 일반 음식점업,구서1동,부산광역시 금정구 구서동 87-9,부산광역시 금정구 구서로 12,129.089741,35.24734164
옛날맛집,한식 일반 음식점업,구서1동,부산광역시 금정구 구서동 87-9,부산광역시 금정구 구서로 12,129.089741,35.24734164
재성밀면,한식 면 요리 전문점,구서1동,부산광역시 금정구 구서동 87-9,부산광역시 금정구 구서로 12,129.089741,35.24734164
섬진강재첩,한식 일반 음식점업,부곡3동,부산광역시 금정구 부곡동 11-3,부산광역시 금정구 무학송로 146-1,129.0943157,35.24411753
금정왕밀면,한식 면 요리 전문점,부곡3동,부산광역시 금정구 부곡동 11-6,부산광역시 금정구 무학송로 142,129.0942151,35.24362365
하루돈부리,일식 음식점업,부곡3동,부산광역시 금정구 부곡동 11-7,부산광역시 금정구 무학송로 140,129.0941576,35.24352552
하루카츠,일식 음식점업,부곡3동,부산광역시 금정구 부곡동 11-7,부산광역시 금정구 무학송로 140,129.0941576,35.24352552
동경돈까스,서양식 음식점업,부곡3동,부산광역시 금정구 부곡동 15-1,부산광역시 금정구 무학송로 138,129.0941315,35.24336376
김윤정숯불양념통닭,치킨 전문점,부곡3동,부산광역시 금정구 부곡동 15-12,부산광역시 금정구 중앙대로1778번길 17,129.0942339,35.24307362
육회야,한식 일반 음식점업,부곡3동,부산광역시 금정구 부곡동 15-2,부산광역시 금정구 무학송로 136,129.0940951,35.24322922
맘스터치 카톨릭대점,피자; 햄버거; 샌드위치 및 유사 음식점업,부곡3동,부산광역시 금정구 부곡동 17-18,부산광역시 금정구 오륜대로 41,129.0961555,35.24304935
대일반점,중식 음식점업,부곡3동,부산광역시 금정구 부곡동 18-12,부산광역시 금정구 기찰로102번길 66,129.0963826,35.24205416
민속손칼국수,한식 면 요리 전문점,부곡3동,부산광역시 금정구 부곡동 19-11,부산광역시 금정구 오륜대로 32,129.0956406,35.24224724
진주식당,한식 육류 요리 전문점,부곡3동,부산광역시 금정구 부곡동 20-11,부산광역시 금정구 중앙대로1778번길 26-15,129.0953387,35.24246875
은혜네식당,한식 일반 음식점업,부곡3동,부산광역시 금정구 부곡동 215-2,부산광역시 금정구 무학송로 96-1,129.0934784,35.23975246
푸라닭 부산부곡점,피자; 햄버거; 샌드위치 및 유사 음식점업,부곡3동,부산광역시 금정구 부곡동 218-3,부산광역시 금정구 무학송로 80,129.0932282,35.23813473
송림장,한식 일반 음식점업,부곡3동,부산광역시 금정구 부곡동 2-2,부산광역시 금정구 오륜대로 102,129.1009583,35.24655259
우리농원,한식 일반 음식점업,부곡3동,부산광역시 금정구 부곡동 22-1,부산광역시 금정구 무학송로 132,129.0940527,35.24286049
할매추어탕,한식 일반 음식점업,부곡3동,부산광역시 금정구 부곡동 22-1,부산광역시 금정구 무학송로 132,129.0940527,35.24286049
금정불백,한식 일반 음식점업,부곡3동,부산광역시 금정구 부곡동 22-11,부산광역시 금정구 무학송로 126-1,129.0939624,35.24233938
시골추어탕,한식 일반 음식점업,부곡3동,부산광역시 금정구 부곡동 221-16,부산광역시 금정구 무학송로 72,129.0931122,35.23746989
굽네치킨,치킨 전문점,부곡3동,부산광역시 금정구 부곡동 221-28,부산광역시 금정구 중앙대로1706번길 15,129.0930365,35.23666017
부산식당,한식 일반 음식점업,부곡3동,부산광역시 금정구 부곡동 221-32,부산광역시 금정구 중앙대로1720번길 16,129.0933383,35.2377183
코끼리현장식당,한식 일반 음식점업,부곡3동,부산광역시 금정구 부곡동 221-4,부산광역시 금정구 기찰로 69,129.0932363,35.23717036
엄마손잔치국수,한식 면 요리 전문점,부곡3동,부산광역시 금정구 부곡동 221-6,부산광역시 금정구 무학송로 66-2,129.0930572,35.23703829
거기가면,한식 면 요리 전문점,부곡3동,부산광역시 금정구 부곡동 22-17,부산광역시 금정구 무학송로 130,129.0940029,35.24263606
콩밭골순두부,한식 일반 음식점업,부곡3동,부산광역시 금정구 부곡동 22-17,부산광역시 금정구 무학송로 130,129.0940029,35.24263606
샤브20 금정점,한식 일반 음식점업,부곡3동,부산광역시 금정구 부곡동 222-1,부산광역시 금정구 중앙대로 1718,129.0927541,35.23763829
쌈마이닭쌈밥 금정구청점,한식 일반 음식점업,부곡3동,부산광역시 금정구 부곡동 22-3,부산광역시 금정구 무학송로 128-1,129.093989,35.24251915
월전장어구이,한식 일반 음식점업,부곡3동,부산광역시 금정구 부곡동 223-114,부산광역시 금정구 중앙대로1719번길 26-4,129.0908208,35.23805921
부산밀면,한식 면 요리 전문점,부곡3동,부산광역시 금정구 부곡동 223-12,부산광역시 금정구 수림로19번길 25,129.0904771,35.23836253
화로돼지국밥,한식 일반 음식점업,부곡3동,부산광역시 금정구 부곡동 223-12,부산광역시 금정구 수림로19번길 25,129.0904771,35.23836253
인영파트너스,한식 일반 음식점업,부곡3동,부산광역시 금정구 부곡동 223-19,부산광역시 금정구 수림로19번길 7,129.090507,35.23910095
응응스크르 부산장전점,한식 일반 음식점업,부곡3동,부산광역시 금정구 부곡동 223-56,부산광역시 금정구 중앙대로1719번길 30,129.0904765,35.23791196
본죽앤비빔밥 부산부곡점,한식 일반 음식점업,부곡3동,부산광역시 금정구 부곡동 223-8,부산광역시 금정구 중앙대로 1727,129.0921416,35.23859509
금화정,한식 일반 음식점업,부곡3동,부산광역시 금정구 부곡동 223-82,부산광역시 금정구 중앙대로1719번길 12,129.0914875,35.23793054
오,서양식 음식점업,부곡3동,부산광역시 금정구 부곡동 223-82,부산광역시 금정구 중앙대로1719번길 12,129.0914875,35.23793054
장전밀면,한식 면 요리 전문점,부곡3동,부산광역시 금정구 부곡동 223-83,부산광역시 금정구 중앙대로 1721,129.0912708,35.23847497
한서식당,한식 일반 음식점업,부곡3동,부산광역시 금정구 부곡동 223-83,부산광역시 금정구 중앙대로 1721,129.0912708,35.23847497
정,한식 일반 음식점업,부곡3동,부산광역시 금정구 부곡동 224-1,부산광역시 금정구 수림로 25,129.088706,35.23911403
동해바다,한식 해산물 요리 전문점,부곡3동,부산광역시 금정구 부곡동 224-53,부산광역시 금정구 부곡온천천로 142,129.0886375,35.23858354
가마치통닭 장전역점,치킨 전문점,부곡3동,부산광역시 금정구 부곡동 224-54,부산광역시 금정구 부곡온천천로 140,129.088623,35.23844862
남해청정횟집,한식 해산물 요리 전문점,부곡3동,부산광역시 금정구 부곡동 224-55,부산광역시 금정구 부곡온천천로 138-1,129.0886196,35.23831351
하단닭도리,한식 일반 음식점업,부곡3동,부산광역시 금정구 부곡동 224-55,부산광역시 금정구 부곡온천천로 138-1,129.0886196,35.23831351
365후루룩촌국수,김밥 및 기타 간이 음식점업,부곡3동,부산광역시 금정구 부곡동 224-59,부산광역시 금정구 중앙대로1719번길 62,129.0887841,35.23787812
꾸바꾸바,치킨 전문점,부곡3동,부산광역시 금정구 부곡동 224-70,부산광역시 금정구 중앙대로1719번길 58,129.0889603,35.2378931
뼈굿감자탕&뼈구이 본점,한식 일반 음식점업,부곡3동,부산광역시 금정구 부곡동 224-70,부산광역시 금정구 중앙대로1719번길 58,129.0889603,35.2378931
오븐에꾸운닭,치킨 전문점,부곡3동,부산광역시 금정구 부곡동 224-9,부산광역시 금정구 중앙대로1719번길 52,129.0893008,35.23789623
다가치통닭,치킨 전문점,부곡3동,부산광역시 금정구 부곡동 225-1,부산광역시 금정구 중앙대로1719번길 61,129.0888667,35.23766943
정태수베이커리,한식 일반 음식점업,부곡3동,부산광역시 금정구 부곡동 225-1,부산광역시 금정구 중앙대로1719번길 61,129.0889225,35.23770451
그래칡밀면,한식 면 요리 전문점,부곡3동,부산광역시 금정구 부곡동 225-17,부산광역시 금정구 중앙대로 1713,129.0919002,35.23731964
식당3선 금정점,한식 일반 음식점업,부곡3동,부산광역시 금정구 부곡동 225-20,부산광역시 금정구 중앙대로 1709,129.0912231,35.23704297
도토리,한식 일반 음식점업,부곡3동,부산광역시 금정구 부곡동 225-29,부산광역시 금정구 중앙대로1685번길 6,129.0912932,35.23506825
동방축산 장전점,한식 육류 요리 전문점,부곡3동,부산광역시 금정구 부곡동 225-36,부산광역시 금정구 부곡온천천로 126,129.0889345,35.23731681
누들보쌈배달만족 금정점,커피 전문점,부곡3동,부산광역시 금정구 부곡동 225-58,부산광역시 금정구 중앙대로1719번길 47,129.089539,35.2373334
강원식당,한식 일반 음식점업,부곡3동,부산광역시 금정구 부곡동 225-6,부산광역시 금정구 중앙대로1685번길 24,129.089919,35.23673208
히로가츠,일식 음식점업,부곡3동,부산광역시 금정구 부곡동 225-6,부산광역시 금정구 중앙대로1685번길 24,129.089919,35.23673208
한신관중화요리,중식 음식점업,부곡3동,부산광역시 금정구 부곡동 225-6,부산광역시 금정구 중앙대로1685번길 24,129.089919,35.23673208
동근이숯불두마리치킨,치킨 전문점,부곡3동,부산광역시 금정구 부곡동 225-6,부산광역시 금정구 중앙대로1685번길 22,129.0906585,35.23516032
오빠막창 부산대점,한식 육류 요리 전문점,부곡3동,부산광역시 금정구 부곡동 225-6,부산광역시 금정구 중앙대로1685번길 22,129.0906585,35.23516032
아지트,한식 일반 음식점업,부곡3동,부산광역시 금정구 부곡동 225-6,부산광역시 금정구 중앙대로1719번길 29,129.0906235,35.23764809
형제식육식당,한식 육류 요리 전문점,부곡3동,부산광역시 금정구 부곡동 225-67,부산광역시 금정구 부곡온천천로 116,129.0890604,35.2366568
비에이치씨 금정부곡점,치킨 전문점,부곡3동,부산광역시 금정구 부곡동 225-69,부산광역시 금정구 중앙대로1685번길 26,129.0902509,35.2351133
통통녹차족발,한식 일반 음식점업,부곡3동,부산광역시 금정구 부곡동 225-71,부산광역시 금정구 중앙대로1719번길 23,129.090909,35.23764316
들깨랑칼국수,한식 면 요리 전문점,부곡3동,부산광역시 금정구 부곡동 225-8,부산광역시 금정구 중앙대로1719번길 9,129.0915917,35.23771246
초연뜰,한식 일반 음식점업,부곡3동,부산광역시 금정구 부곡동 226-1,부산광역시 금정구 중앙대로1706번길 6,129.0926824,35.23655816
다래,한식 일반 음식점업,부곡3동,부산광역시 금정구 부곡동 227-1,부산광역시 금정구 무학송로 62,129.0929667,35.23650818
건강밥상,한식 일반 음식점업,부곡3동,부산광역시 금정구 부곡동 227-5,부산광역시 금정구 기찰로 57-1,129.0930535,35.23603809
찐백반,한식 일반 음식점업,부곡3동,부산광역시 금정구 부곡동 22-8,부산광역시 금정구 무학송로 128,129.0939754,35.24242026
범일국밥,한식 일반 음식점업,부곡3동,부산광역시 금정구 부곡동 23-12,부산광역시 금정구 무학송로 129,129.0937296,35.24268585
아서원,중식 음식점업,부곡3동,부산광역시 금정구 부곡동 23-14,부산광역시 금정구 무학송로 127-1,129.0936717,35.2425697
교촌치킨부곡 1호점,치킨 전문점,부곡3동,부산광역시 금정구 부곡동 23-15,부산광역시 금정구 무학송로 127,129.0936355,35.24244417
정성순대 금정점,한식 일반 음식점업,부곡3동,부산광역시 금정구 부곡동 23-17,부산광역시 금정구 중앙대로 1772,129.0934738,35.24256411
콜갈비,한식 육류 요리 전문점,부곡3동,부산광역시 금정구 부곡동 23-4,부산광역시 금정구 중앙대로1778번길 8,129.0936794,35.24286695
다원이네국수와비빔밥,한식 일반 음식점업,부곡2동,부산광역시 금정구 부곡동 235-13,부산광역시 금정구 중앙대로1685번길 19,129.0906163,35.2348006
정원돼지국밥,한식 일반 음식점업,부곡2동,부산광역시 금정구 부곡동 235-20,부산광역시 금정구 중앙대로1685번길 31,129.0899258,35.23485758
델피하우스,서양식 음식점업,부곡2동,부산광역시 금정구 부곡동 235-20,부산광역시 금정구 중앙대로1685번길 31,129.0899258,35.23485758
밀양무안국밥,한식 일반 음식점업,부곡3동,부산광역시 금정구 부곡동 23-9,부산광역시 금정구 중앙대로1766번길 7,129.0935055,35.24208596
럭키,피자; 햄버거; 샌드위치 및 유사 음식점업,부곡2동,부산광역시 금정구 부곡동 239-3,부산광역시 금정구 중앙대로 1672,129.0921386,35.23377401
고성대흥횟집,한식 해산물 요리 전문점,부곡3동,부산광역시 금정구 부곡동 24-15,부산광역시 금정구 무학송로 117,129.0935145,35.24158116
와이제이푸드 금정점,한식 일반 음식점업,부곡2동,부산광역시 금정구 부곡동 242-22,부산광역시 금정구 기찰로 17,129.0926215,35.23247702
버거킹 부산금정오일뱅크점,피자; 햄버거; 샌드위치 및 유사 음식점업,부곡2동,부산광역시 금정구 부곡동 243-8,부산광역시 금정구 중앙대로 1664,129.092054,35.23304554
네모푸드,기타 외국식 음식점업,부곡2동,부산광역시 금정구 부곡동 244-7,부산광역시 금정구 부산대학로 10,129.0899786,35.23306339
미진축산 부곡점,한식 육류 요리 전문점,부곡2동,부산광역시 금정구 부곡동 248-4,부산광역시 금정구 부곡로 169,129.0918933,35.2310658
60계부산 부곡장전점,치킨 전문점,부곡3동,부산광역시 금정구 부곡동 25-4,부산광역시 금정구 기찰로 117,129.0940149,35.24139227
부영궁중국관,중식 음식점업,부곡2동,부산광역시 금정구 부곡동 255-1,부산광역시 금정구 무학송로 13,129.0922006,35.23234011
청년피자부산대역점,피자; 햄버거; 샌드위치 및 유사 음식점업,부곡2동,부산광역시 금정구 부곡동 255-3,부산광역시 금정구 부곡로 186,129.0918715,35.23235482
미진네식당,한식 일반 음식점업,부곡2동,부산광역시 금정구 부곡동 257-14,부산광역시 금정구 부곡로 170,129.0923203,35.23101336
경아두마리치킨,치킨 전문점,부곡2동,부산광역시 금정구 부곡동 257-2,부산광역시 금정구 중앙대로1660번길 14,129.0924748,35.23232636
비비큐부곡 중앙점,치킨 전문점,부곡2동,부산광역시 금정구 부곡동 257-23,부산광역시 금정구 무학송로 2-1,129.0923483,35.23124717
달리는려석들 부산대점,서양식 음식점업,부곡2동,부산광역시 금정구 부곡동 257-23,부산광역시 금정구 무학송로 2-1,129.0923483,35.23124717
네네치킨 부곡점,치킨 전문점,부곡3동,부산광역시 금정구 부곡동 25-9,부산광역시 금정구 중앙대로1766번길 16-1,129.0940326,35.2416533
올데이파스타&잇라이트샐러드포케,서양식 음식점업,부곡2동,부산광역시 금정구 부곡동 261-32,부산광역시 금정구 기찰로 10,129.0928639,35.23165278
장수통닭 부곡점,치킨 전문점,부곡3동,부산광역시 금정구 부곡동 26-27,부산광역시 금정구 오륜대로 17,129.0943468,35.24148565
기장방우횟집,한식 해산물 요리 전문점,부곡3동,부산광역시 금정구 부곡동 26-28,부산광역시 금정구 오륜대로 15,129.0942457,35.24139729
섬진강재첩국,한식 일반 음식점업,부곡2동,부산광역시 금정구 부곡동 265-22,부산광역시 금정구 부곡로156번길 3,129.0924768,35.22983916
기와집편백돼지국밥,한식 일반 음식점업,부곡2동,부산광역시 금정구 부곡동 265-3,부산광역시 금정구 부곡로 168,129.0923911,35.23077784
거창맷돌 부곡점,한식 일반 음식점업,부곡2동,부산광역시 금정구 부곡동 265-9,부산광역시 금정구 부곡로 158,129.0925251,35.23000954
만석꾼민물장어,한식 육류 요리 전문점,부곡2동,부산광역시 금정구 부곡동 266-6,부산광역시 금정구 중앙대로 1634,129.091638,35.23010599
국수나무 부산대역점,서양식 음식점업,부곡2동,부산광역시 금정구 부곡동 268-2,부산광역시 금정구 중앙대로 1617-12,129.0902875,35.22926422
한솥도시락 부산대역앞점,한식 일반 음식점업,부곡2동,부산광역시 금정구 부곡동 268-2,부산광역시 금정구 중앙대로 1617-12,129.0902875,35.22926422
대박정,한식 일반 음식점업,부곡2동,부산광역시 금정구 부곡동 273-24,부산광역시 금정구 부곡로 143,129.0919981,35.22873002
일송면옥,한식 육류 요리 전문점,부곡2동,부산광역시 금정구 부곡동 273-25,부산광역시 금정구 부곡로141번길 6,129.0918217,35.22870603
박기모조방낙지,한식 일반 음식점업,부곡2동,부산광역시 금정구 부곡동 273-26,부산광역시 금정구 부곡로141번길 4,129.0920063,35.22862174
다정국수,한식 면 요리 전문점,부곡2동,부산광역시 금정구 부곡동 274-1,부산광역시 금정구 동부곡로5번길 85,129.0928445,35.22961653
나두식당,한식 일반 음식점업,부곡2동,부산광역시 금정구 부곡동 274-12,부산광역시 금정구 부곡로142번길 5,129.0924982,35.22853213
이태리삼촌,일식 음식점업,부곡2동,부산광역시 금정구 부곡동 274-14,부산광역시 금정구 동부곡로5번길 83,129.0928305,35.22949962
국제칼국수밀면,한식 일반 음식점업,부곡2동,부산광역시 금정구 부곡동 274-42,부산광역시 금정구 부곡로 144,129.0923942,35.22875922
청화백돼지국밥,한식 일반 음식점업,부곡2동,부산광역시 금정구 부곡동 274-9,부산광역시 금정구 부곡로 142,129.0923029,35.22862562
한양족발,한식 일반 음식점업,부곡2동,부산광역시 금정구 부곡동 275-4,부산광역시 금정구 동부곡로5번길 82,129.093037,35.22941495
카오산태국쌀국수 부곡점,기타 외국식 음식점업,부곡2동,부산광역시 금정구 부곡동 276-4,부산광역시 금정구 부곡로156번길 24,129.093666,35.22953022
악마파스타,서양식 음식점업,부곡2동,부산광역시 금정구 부곡동 276-4,부산광역시 금정구 부곡로156번길 24,129.093666,35.22953022
금강루,중식 음식점업,부곡2동,부산광역시 금정구 부곡동 278-5,부산광역시 금정구 동부곡로27번길 71,129.0949508,35.22866992
미원반점,중식 음식점업,부곡2동,부산광역시 금정구 부곡동 286-12,부산광역시 금정구 동부곡로9번길 32,129.0932632,35.2271041
불로피아숯불바베큐치킨,치킨 전문점,부곡2동,부산광역시 금정구 부곡동 286-36,부산광역시 금정구 동부곡로15번길 57,129.0936549,35.22824178
꾸미푸드,피자; 햄버거; 샌드위치 및 유사 음식점업,부곡2동,부산광역시 금정구 부곡동 287-10,부산광역시 금정구 동부곡로 13,129.0932168,35.22572615
거인찜닭,한식 일반 음식점업,부곡2동,부산광역시 금정구 부곡동 287-17,부산광역시 금정구 동부곡로9번길 18,129.0931697,35.22645689
달인밀면,한식 면 요리 전문점,부곡2동,부산광역시 금정구 부곡동 292-31,부산광역시 금정구 동부곡로9번길 15,129.0928808,35.22632671
냉면과덮밥사이,한식 일반 음식점업,부곡2동,부산광역시 금정구 부곡동 292-32,부산광역시 금정구 동부곡로9번길 11,129.0928888,35.22620943
지유왕족발,한식 일반 음식점업,부곡2동,부산광역시 금정구 부곡동 292-36,부산광역시 금정구 동부곡로 7,129.092724,35.22577973
삼천포식당,한식 해산물 요리 전문점,부곡2동,부산광역시 금정구 부곡동 292-6,부산광역시 금정구 동부곡로9번길 7,129.0928947,35.22601107
대림각,중식 음식점업,부곡2동,부산광역시 금정구 부곡동 294-8,부산광역시 금정구 부곡로126번길 5,129.0923752,35.22716451
마루,한식 일반 음식점업,부곡2동,부산광역시 금정구 부곡동 295-25,부산광역시 금정구 동부곡로5번길 9,129.0923836,35.22620915
지코바 금정점,치킨 전문점,부곡2동,부산광역시 금정구 부곡동 295-5,부산광역시 금정구 동부곡로5번길 19,129.0924487,35.22660453
상주삼계탕,한식 일반 음식점업,부곡2동,부산광역시 금정구 부곡동 296-1,부산광역시 금정구 부곡로141번길 1,129.0918907,35.22839845
가고파대구뽈찜,한식 일반 음식점업,부곡2동,부산광역시 금정구 부곡동 296-1,부산광역시 금정구 부곡로141번길 1,129.0917611,35.2284818
본죽&비빔밥 부곡시장점,한식 일반 음식점업,부곡2동,부산광역시 금정구 부곡동 296-101,부산광역시 금정구 부곡로 115,129.0916799,35.22617626
한희궁,중식 음식점업,부곡2동,부산광역시 금정구 부곡동 296-115,부산광역시 금정구 부곡로 119,129.0917454,35.22658966
탐스치킨,치킨 전문점,부곡2동,부산광역시 금정구 부곡동 296-116,부산광역시 금정구 서부곡로 10,129.0908342,35.22617286
만어식당,한식 일반 음식점업,부곡2동,부산광역시 금정구 부곡동 296-15,부산광역시 금정구 부곡로 121,129.0908134,35.22621827
김덕분족발,한식 일반 음식점업,부곡2동,부산광역시 금정구 부곡동 296-15,부산광역시 금정구 부곡로 121,129.0908134,35.22621827
거창한방추어탕,한식 일반 음식점업,부곡2동,부산광역시 금정구 부곡동 296-3,부산광역시 금정구 부곡로141번길 9-1,129.0915875,35.2285659
임실치즈피자,피자; 햄버거; 샌드위치 및 유사 음식점업,부곡2동,부산광역시 금정구 부곡동 296-38,부산광역시 금정구 서부곡로16번길 42,129.0909932,35.22808955
찜나라,한식 일반 음식점업,부곡2동,부산광역시 금정구 부곡동 296-4,부산광역시 금정구 부곡로 133-22,129.090958,35.22800005
진미식당,한식 일반 음식점업,부곡2동,부산광역시 금정구 부곡동 296-40,부산광역시 금정구 부곡로141번길 9-2,129.091424,35.22861378
영자장우동,김밥 및 기타 간이 음식점업,부곡2동,부산광역시 금정구 부곡동 296-45,부산광역시 금정구 서부곡로16번길 46,129.0910623,35.22821452
박가부대 부산부곡점,한식 일반 음식점업,부곡2동,부산광역시 금정구 부곡동 296-47,부산광역시 금정구 서부곡로16번길 52,129.0911998,35.22843743
코지하우스 부곡대동점,서양식 음식점업,부곡2동,부산광역시 금정구 부곡동 296-49,부산광역시 금정구 부곡로141번길 13,129.0913039,35.22864289
비비큐카페 부곡점,치킨 전문점,부곡2동,부산광역시 금정구 부곡동 296-6,부산광역시 금정구 부곡로 127,129.0917873,35.22736392
돌쇠먹쇠숯불갈비,한식 육류 요리 전문점,부곡2동,부산광역시 금정구 부곡동 296-72,부산광역시 금정구 서부곡로 14,129.0902449,35.22631821
만원애닭발,한식 일반 음식점업,부곡2동,부산광역시 금정구 부곡동 296-72,부산광역시 금정구 서부곡로 14,129.0902449,35.22631821
개미식당,한식 일반 음식점업,부곡2동,부산광역시 금정구 부곡동 296-73,부산광역시 금정구 서부곡로16번길 2,129.090303,35.22644337
금성식당,한식 일반 음식점업,부곡2동,부산광역시 금정구 부곡동 296-86,부산광역시 금정구 서부곡로16번길 36,129.0908442,35.22784882
미숙이네칼국수,한식 면 요리 전문점,부곡2동,부산광역시 금정구 부곡동 296-89,부산광역시 금정구 부곡로 133,129.0918764,35.22783999
벽제령,한식 육류 요리 전문점,부곡2동,부산광역시 금정구 부곡동 296-99,부산광역시 금정구 부곡로 129,129.0917793,35.22748121
청해루,중식 음식점업,부곡2동,부산광역시 금정구 부곡동 297-3,부산광역시 금정구 중앙대로 1606,129.0903461,35.22769522
오투정거장,한식 해산물 요리 전문점,부곡2동,부산광역시 금정구 부곡동 298-17,부산광역시 금정구 부곡온천천로 28-2,129.0898217,35.22865949
백마돼지갈비,한식 육류 요리 전문점,부곡2동,부산광역시 금정구 부곡동 298-25,부산광역시 금정구 부곡온천천로 26-1,129.0897874,35.22860601
우리집어탕,한식 면 요리 전문점,부곡2동,부산광역시 금정구 부곡동 300-4,부산광역시 금정구 서부곡로16번길 3,129.0900732,35.22647437
삼세랑,한식 일반 음식점업,부곡1동,부산광역시 금정구 부곡동 301-2,부산광역시 금정구 중앙대로 1588,129.08953,35.22627649
이가네한방오리,한식 육류 요리 전문점,부곡1동,부산광역시 금정구 부곡동 301-52,부산광역시 금정구 서부곡로15번길 2,129.089934,35.22618841
김수민의착한보리밥,한식 일반 음식점업,부곡1동,부산광역시 금정구 부곡동 302-1,부산광역시 금정구 서부곡로11번길 2,129.090447,35.2260624
미광돼지국밥,한식 일반 음식점업,부곡1동,부산광역시 금정구 부곡동 302-18,부산광역시 금정구 서부곡로 13,129.0903271,35.22610051
맛조은짜장,중식 음식점업,부곡1동,부산광역시 금정구 부곡동 302-18,부산광역시 금정구 서부곡로 13,129.0903271,35.22610051
미광돼지국밥,한식 일반 음식점업,부곡1동,부산광역시 금정구 부곡동 302-18,부산광역시 금정구 서부곡로 13,129.0903271,35.22610051
밀면전문,한식 일반 음식점업,부곡1동,부산광역시 금정구 부곡동 303-15,부산광역시 금정구 가마실로 15-1,129.0904975,35.22503422
가마실보리밥,한식 일반 음식점업,부곡1동,부산광역시 금정구 부곡동 303-28,부산광역시 금정구 가마실로 15-2,129.0907056,35.2250126
정가네국밥,한식 일반 음식점업,부곡1동,부산광역시 금정구 부곡동 304-1,부산광역시 금정구 부곡로 107,129.0913701,35.22565895
생생아구촌,한식 일반 음식점업,부곡1동,부산광역시 금정구 부곡동 304-1,부산광역시 금정구 부곡로 107,129.0913701,35.22565895
영심이반찬가게,한식 일반 음식점업,부곡1동,부산광역시 금정구 부곡동 304-1,부산광역시 금정구 부곡로 107,129.0913701,35.22565895
옹기종기땅콩빵 부곡점,한식 일반 음식점업,부곡1동,부산광역시 금정구 부곡동 304-1,부산광역시 금정구 부곡로 107,129.0913701,35.22565895
해봄생멸치국수,한식 면 요리 전문점,부곡1동,부산광역시 금정구 부곡동 304-10,부산광역시 금정구 부곡로 101,129.0914877,35.22510722
시골생돼지,한식 육류 요리 전문점,부곡1동,부산광역시 금정구 부곡동 304-10,부산광역시 금정구 부곡로 101,129.0914877,35.22510722
국수가맛있는집,한식 일반 음식점업,부곡1동,부산광역시 금정구 부곡동 304-4,부산광역시 금정구 서부곡로5번길 11,129.091231,35.22537299
썬더치킨,치킨 전문점,부곡1동,부산광역시 금정구 부곡동 305-14,부산광역시 금정구 동부곡로 4,129.0921799,35.22554583
신흥상회,한식 육류 요리 전문점,부곡1동,부산광역시 금정구 부곡동 305-18,부산광역시 금정구 가마실로 25,129.0916982,35.22475213
낙지로101,한식 일반 음식점업,부곡1동,부산광역시 금정구 부곡동 305-3,부산광역시 금정구 부곡로 106-1,129.0918784,35.22535279
돈까스로,김밥 및 기타 간이 음식점업,부곡1동,부산광역시 금정구 부곡동 305-6,부산광역시 금정구 동부곡로6번길 16,129.0920679,35.22503411
오숙이식당,한식 일반 음식점업,부곡1동,부산광역시 금정구 부곡동 308-15,부산광역시 금정구 가마실로 31,129.0922439,35.22461654
파슷타애요 부산대점,서양식 음식점업,부곡1동,부산광역시 금정구 부곡동 308-17,부산광역시 금정구 동부곡로10번길 6,129.0927372,35.22543706
혼토스시,한식 해산물 요리 전문점,부곡1동,부산광역시 금정구 부곡동 308-2,부산광역시 금정구 동부곡로 8,129.0925774,35.22562907
숯불치킨,치킨 전문점,부곡1동,부산광역시 금정구 부곡동 308-27,부산광역시 금정구 동부곡로10번길 28,129.0923854,35.22456903
오구요,한식 일반 음식점업,부곡1동,부산광역시 금정구 부곡동 313-11,부산광역시 금정구 동부곡로10번길 11,129.0928395,35.22514693
정가네추어탕,한식 일반 음식점업,부곡1동,부산광역시 금정구 부곡동 313-41,부산광역시 금정구 동부곡로12번길 6,129.0930532,35.22534148
브라보마이라이프,한식 일반 음식점업,부곡1동,부산광역시 금정구 부곡동 313-5,부산광역시 금정구 동부곡로12번길 8,129.0931391,35.2252679
두실더조은치킨 2호점,치킨 전문점,부곡1동,부산광역시 금정구 부곡동 313-5,부산광역시 금정구 동부곡로12번길 8,129.0931391,35.2252679
러브앤피자,피자; 햄버거; 샌드위치 및 유사 음식점업,부곡1동,부산광역시 금정구 부곡동 315-3,부산광역시 금정구 동현로47번길 51,129.0941297,35.22492635
도시락이가,한식 일반 음식점업,부곡1동,부산광역시 금정구 부곡동 316-7,부산광역시 금정구 가마실로 49,129.0942406,35.2241134
희락,한식 일반 음식점업,부곡1동,부산광역시 금정구 부곡동 324-1,부산광역시 금정구 부곡로 98,129.0916172,35.22459133
함지박,한식 일반 음식점업,부곡1동,부산광역시 금정구 부곡동 324-15,부산광역시 금정구 부곡로 88-1,129.091322,35.2237854
땅땅치킨 부곡점,치킨 전문점,부곡1동,부산광역시 금정구 부곡동 324-2,부산광역시 금정구 부곡로 94-1,129.0915769,35.22430366
청횟집,한식 일반 음식점업,부곡1동,부산광역시 금정구 부곡동 324-2,부산광역시 금정구 부곡로 94-1,129.0915769,35.22430366
교촌치킨부곡 2호점,치킨 전문점,부곡1동,부산광역시 금정구 부곡동 324-20,부산광역시 금정구 부곡로 92,129.0914158,35.22401807
딜리시어스프라이 부산대점,치킨 전문점,부곡1동,부산광역시 금정구 부곡동 324-20,부산광역시 금정구 부곡로 92,129.0914158,35.22401807
맛가네미가,한식 일반 음식점업,부곡1동,부산광역시 금정구 부곡동 324-20,부산광역시 금정구 부곡로 92,129.0914158,35.22401807
금화참치&해물탕,한식 일반 음식점업,부곡1동,부산광역시 금정구 부곡동 324-27,부산광역시 금정구 부곡로 96,129.0916033,35.22447442
장우관,중식 음식점업,부곡1동,부산광역시 금정구 부곡동 324-35,부산광역시 금정구 부곡로 84,129.0912133,35.22339978
병천순대국밥,한식 일반 음식점업,부곡1동,부산광역시 금정구 부곡동 324-6,부산광역시 금정구 동부곡로6번길 48,129.0915497,35.22367332
불숯불숯두마리치킨,치킨 전문점,부곡1동,부산광역시 금정구 부곡동 324-9,부산광역시 금정구 동부곡로6번길 54,129.0914543,35.22337759
5리3계촌,한식 일반 음식점업,부곡1동,부산광역시 금정구 부곡동 325-30,부산광역시 금정구 서부곡로5번길 51,129.0904278,35.2236026
고려왕족발,한식 일반 음식점업,부곡1동,부산광역시 금정구 부곡동 325-31,부산광역시 금정구 동현로 17,129.0904033,35.22350389
날마다대박나는집,한식 육류 요리 전문점,부곡1동,부산광역시 금정구 부곡동 325-6,부산광역시 금정구 부곡로 87,129.0909172,35.22384646
조마루뼈다귀 부곡점,한식 일반 음식점업,부곡1동,부산광역시 금정구 부곡동 325-6,부산광역시 금정구 부곡로 87,129.0909172,35.22384646
고성,한식 해산물 요리 전문점,부곡1동,부산광역시 금정구 부곡동 326-1,부산광역시 금정구 서부곡로5번길 28,129.0906454,35.22480637
대성각,중식 음식점업,부곡1동,부산광역시 금정구 부곡동 326-14,부산광역시 금정구 서부곡로5번길 56,129.0901742,35.22356192
박정자할매매운갈비찜,한식 일반 음식점업,부곡1동,부산광역시 금정구 부곡동 326-2,부산광역시 금정구 서부곡로11번길 27,129.0902747,35.2249119
호호아구찜,한식 일반 음식점업,부곡1동,부산광역시 금정구 부곡동 326-23,부산광역시 금정구 동현로 13-1,129.0899777,35.22361037
갈비명가창원집,한식 육류 요리 전문점,부곡1동,부산광역시 금정구 부곡동 327-20,부산광역시 금정구 서부곡로11번길 52,129.0896117,35.22389605
길목숯불갈비,한식 육류 요리 전문점,부곡1동,부산광역시 금정구 부곡동 330-46,부산광역시 금정구 오시게로66번길 1,129.0885609,35.22317525
부곡식당,한식 일반 음식점업,부곡1동,부산광역시 금정구 부곡동 332-14,부산광역시 금정구 동현로16번길 30,129.0894379,35.22225896
한양천리,한식 일반 음식점업,부곡1동,부산광역시 금정구 부곡동 333-11,부산광역시 금정구 동현로16번길 29,129.0898273,35.22202695
동현횟집,한식 해산물 요리 전문점,부곡1동,부산광역시 금정구 부곡동 334-1,부산광역시 금정구 부곡로 78,129.0911907,35.2229496
원조할매국밥,한식 일반 음식점업,부곡1동,부산광역시 금정구 부곡동 334-14,부산광역시 금정구 부곡로 76,129.0908959,35.22258522
연어집동래 금정점,한식 해산물 요리 전문점,부곡4동,부산광역시 금정구 부곡동 386-1,부산광역시 금정구 부곡로18번안길 95,129.0906174,35.22200429
삼환축산,한식 육류 요리 전문점,부곡4동,부산광역시 금정구 부곡동 386-12,부산광역시 금정구 부곡로 44,129.0885353,35.22046323
부곡회센타,한식 일반 음식점업,부곡1동,부산광역시 금정구 부곡동 387-3,부산광역시 금정구 오시게로54번길 27,129.0892973,35.2214864
금강메기탕,한식 일반 음식점업,부곡1동,부산광역시 금정구 부곡동 387-6,부산광역시 금정구 오시게로54번길 25,129.0891002,35.22150782
개화,중식 음식점업,부곡1동,부산광역시 금정구 부곡동 387-7,부산광역시 금정구 동현로16번길 45,129.0890032,35.22158159
대구막창구이,한식 육류 요리 전문점,부곡1동,부산광역시 금정구 부곡동 388-25,부산광역시 금정구 동현로16번길 36,129.089313,35.22209891
피자에땅투핑거스 부산대점,피자; 햄버거; 샌드위치 및 유사 음식점업,부곡1동,부산광역시 금정구 부곡동 388-33,부산광역시 금정구 오시게로58번길 1,129.0882481,35.22254083
화성양대창구이,한식 육류 요리 전문점,부곡4동,부산광역시 금정구 부곡동 391-1,부산광역시 금정구 오시게로54번길 2,129.0879921,35.22197752
온고 온천장고깃집,한식 육류 요리 전문점,부곡4동,부산광역시 금정구 부곡동 391-1,부산광역시 금정구 오시게로54번길 2,129.0879921,35.22197752
낭만포차,한식 일반 음식점업,부곡4동,부산광역시 금정구 부곡동 391-14,부산광역시 금정구 오시게로42번길 5,129.087771,35.22106217
행복한한상,한식 일반 음식점업,부곡4동,부산광역시 금정구 부곡동 391-2,부산광역시 금정구 오시게로54번길 12,129.0882559,35.22155844
바람난여우,한식 일반 음식점업,부곡4동,부산광역시 금정구 부곡동 391-25,부산광역시 금정구 동현로16번길 66,129.088068,35.22108408
히게,피자; 햄버거; 샌드위치 및 유사 음식점업,부곡4동,부산광역시 금정구 부곡동 391-26,부산광역시 금정구 오시게로 46-2,129.0876272,35.22145214
온천역칼국수,한식 일반 음식점업,부곡4동,부산광역시 금정구 부곡동 391-27,부산광역시 금정구 오시게로 44,129.0876242,35.22133504
먹거리장터,한식 일반 음식점업,부곡4동,부산광역시 금정구 부곡동 391-31,부산광역시 금정구 오시게로42번길 3,129.0876525,35.22115433
지에이피물류,한식 일반 음식점업,부곡4동,부산광역시 금정구 부곡동 391-31,부산광역시 금정구 오시게로42번길 3,129.0876525,35.22115433
홍미식당,한식 일반 음식점업,부곡4동,부산광역시 금정구 부곡동 391-6,부산광역시 금정구 오시게로 46-3,129.0877818,35.22148552
해랑회물회,한식 해산물 요리 전문점,부곡4동,부산광역시 금정구 부곡동 391-7,부산광역시 금정구 오시게로 46-1,129.0876739,35.22155947
소문난초량할매쭈꾸미,한식 일반 음식점업,부곡4동,부산광역시 금정구 부곡동 391-8,부산광역시 금정구 오시게로 48,129.0877199,35.22163978
수백당 온천장점,한식 일반 음식점업,부곡4동,부산광역시 금정구 부곡동 391-9,부산광역시 금정구 오시게로 48-1,129.0877663,35.22173811
벌떼,한식 일반 음식점업,부곡4동,부산광역시 금정구 부곡동 392-16,부산광역시 금정구 부곡로 47-1,129.0887902,35.2209815
박가네,한식 육류 요리 전문점,부곡4동,부산광역시 금정구 부곡동 392-2,부산광역시 금정구 부곡로 53,129.0890832,35.22127382
대봉찜닭,한식 일반 음식점업,부곡4동,부산광역시 금정구 부곡동 392-20,부산광역시 금정구 오시게로54번길 26,129.0889433,35.22138437
바로바로물횟집,한식 해산물 요리 전문점,부곡4동,부산광역시 금정구 부곡동 392-30,부산광역시 금정구 부곡로 47,129.088645,35.22088488
현대보쌈돼지국밥,한식 일반 음식점업,부곡4동,부산광역시 금정구 부곡동 392-31,부산광역시 금정구 부곡로 45,129.0885212,35.22076987
서울마님죽,한식 일반 음식점업,부곡4동,부산광역시 금정구 부곡동 392-4,부산광역시 금정구 동현로16번길 65,129.0881816,35.22080276
치킨신드롬,치킨 전문점,부곡4동,부산광역시 금정구 부곡동 392-5,부산광역시 금정구 부곡로 43,129.0883529,35.22062859
백년가마솥옛날통닭,치킨 전문점,부곡4동,부산광역시 금정구 부곡동 393-2,부산광역시 금정구 오시게로42번길 10,129.0876991,35.22082911
회마트,한식 해산물 요리 전문점,부곡4동,부산광역시 금정구 부곡동 393-7,부산광역시 금정구 동현로16번길 84,129.0875488,35.22053432
진미집,한식 일반 음식점업,부곡4동,부산광역시 금정구 부곡동 393-7,부산광역시 금정구 동현로16번길 84,129.0875488,35.22053432
유식당,한식 육류 요리 전문점,부곡4동,부산광역시 금정구 부곡동 394-13,부산광역시 금정구 동현로16번길 95,129.0875308,35.21983174
바다한상,일식 음식점업,부곡4동,부산광역시 금정구 부곡동 394-15,부산광역시 금정구 오시게로28번길 21,129.0878018,35.21969189
언양식육식당,한식 육류 요리 전문점,부곡4동,부산광역시 금정구 부곡동 394-16,부산광역시 금정구 오시게로28번길 19,129.0876819,35.21973
더하다 온천점,한식 면 요리 전문점,부곡4동,부산광역시 금정구 부곡동 394-19,부산광역시 금정구 부곡로 39,129.0880167,35.22036404
해강아구전문점,한식 일반 음식점업,부곡4동,부산광역시 금정구 부곡동 394-2,부산광역시 금정구 동현로16번길 83,129.0878408,35.22035807
풍차,한식 일반 음식점업,부곡4동,부산광역시 금정구 부곡동 394-3,부산광역시 금정구 오시게로42번길 20,129.0880759,35.22053424
곱돌이,한식 일반 음식점업,부곡4동,부산광역시 금정구 부곡동 394-4,부산광역시 금정구 동현로16번길 85,129.0877831,35.22025092
또봉이통닭 부곡점,치킨 전문점,부곡4동,부산광역시 금정구 부곡동 395-1,부산광역시 금정구 부곡로 38,129.0883969,35.22020429
보드람치킨 부곡온천점,치킨 전문점,부곡4동,부산광역시 금정구 부곡동 396-1,부산광역시 금정구 부곡로 32-8,129.088265,35.21934146
미스터짬뽕,중식 음식점업,부곡4동,부산광역시 금정구 부곡동 396-2,부산광역시 금정구 부곡로 28,129.0880004,35.21930097
죽이야기 부곡점,한식 일반 음식점업,부곡4동,부산광역시 금정구 부곡동 396-2,부산광역시 금정구 부곡로 28,129.0880004,35.21930097
두리돈까스,김밥 및 기타 간이 음식점업,부곡4동,부산광역시 금정구 부곡동 397-1,부산광역시 금정구 오시게로28번길 20,129.0875895,35.21955137
비에이치씨치킨 명륜점,치킨 전문점,부곡4동,부산광역시 금정구 부곡동 397-15,부산광역시 금정구 오시게로12번길 23,129.0872589,35.21864691
월도참숯갈비,한식 일반 음식점업,부곡4동,부산광역시 금정구 부곡동 397-15,부산광역시 금정구 오시게로12번길 23,129.0872589,35.21864691
헤이위치,피자; 햄버거; 샌드위치 및 유사 음식점업,부곡4동,부산광역시 금정구 부곡동 397-4,부산광역시 금정구 부곡로 27,129.0875824,35.21927214
하바드치킨점,치킨 전문점,부곡1동,부산광역시 금정구 부곡동 508-1,부산광역시 금정구 동부곡로12번길 1,129.0932337,35.2255276
카페소반,한식 일반 음식점업,부곡1동,부산광역시 금정구 부곡동 508-1,부산광역시 금정구 동부곡로12번길 1,129.0932337,35.2255276
전원장,한식 일반 음식점업,부곡3동,부산광역시 금정구 부곡동 5-28,부산광역시 금정구 오륜대로 96,129.1005396,35.24650579
알밥명가,한식 일반 음식점업,부곡3동,부산광역시 금정구 부곡동 57-6,부산광역시 금정구 오륜대로 14,129.0942131,35.24098333
천복반점,중식 음식점업,부곡3동,부산광역시 금정구 부곡동 59-14,부산광역시 금정구 무학송로 104-1,129.0936381,35.24040754
베스트필,한식 해산물 요리 전문점,부곡3동,부산광역시 금정구 부곡동 59-7,부산광역시 금정구 기찰로 111,129.0938679,35.24080006
밀그린치킨,치킨 전문점,부곡3동,부산광역시 금정구 부곡동 59-8,부산광역시 금정구 무학송로 106,129.0936418,35.24055165
올샌드,한식 일반 음식점업,부곡3동,부산광역시 금정구 부곡동 60-4,부산광역시 금정구 무학송로 105,129.0932893,35.2405127
산장,한식 일반 음식점업,부곡3동,부산광역시 금정구 부곡동 6-1,부산광역시 금정구 오륜대로 78,129.0995921,35.24511646
제면소장전점 해운대,한식 면 요리 전문점,부곡3동,부산광역시 금정구 부곡동 63-1,부산광역시 금정구 수림로20번길 36,129.0907019,35.24155771
조개사무소,한식 육류 요리 전문점,부곡3동,부산광역시 금정구 부곡동 63-1,부산광역시 금정구 수림로20번길 36,129.0907019,35.24155771
강명장요리가,한식 일반 음식점업,부곡3동,부산광역시 금정구 부곡동 63-1,부산광역시 금정구 수림로20번길 36,129.0907019,35.24155771
금정칼국수,한식 일반 음식점업,부곡3동,부산광역시 금정구 부곡동 63-1,부산광역시 금정구 수림로20번길 36,129.0907019,35.24155771
녹우원,한식 육류 요리 전문점,부곡3동,부산광역시 금정구 부곡동 63-15,부산광역시 금정구 중앙대로1763번길 27,129.0911065,35.24148764
진송추어탕 금정구청점,한식 일반 음식점업,부곡3동,부산광역시 금정구 부곡동 63-5,부산광역시 금정구 중앙대로1763번길 19,129.0916798,35.24156784
대구뽈찜 청담동,한식 일반 음식점업,부곡3동,부산광역시 금정구 부곡동 63-9,부산광역시 금정구 중앙대로1763번길 7,129.0923486,35.24152023
자담치킨 부곡점,치킨 전문점,부곡3동,부산광역시 금정구 부곡동 64-23,부산광역시 금정구 부곡온천천로 190,129.0905679,35.242326
따신밥,한식 일반 음식점업,부곡3동,부산광역시 금정구 부곡동 64-35,부산광역시 금정구 중앙대로1793번길 60,129.0918039,35.2421244
소정아구찜,한식 일반 음식점업,부곡3동,부산광역시 금정구 부곡동 64-40,부산광역시 금정구 중앙대로1763번길 20,129.0918299,35.24185361
두부천하,한식 일반 음식점업,부곡3동,부산광역시 금정구 부곡동 65-10,부산광역시 금정구 수림로20번길 25,129.0901994,35.24080943
주촌축산물도매식당,한식 육류 요리 전문점,부곡3동,부산광역시 금정구 부곡동 65-100,부산광역시 금정구 수림로 24,129.0899642,35.23977718
국수가,한식 면 요리 전문점,부곡3동,부산광역시 금정구 부곡동 65-103,부산광역시 금정구 수림로20번길 9,129.0901828,35.24016089
여,한식 일반 음식점업,부곡3동,부산광역시 금정구 부곡동 65-105,부산광역시 금정구 수림로20번길 5,129.090176,35.23989968
토종생오리농원,한식 육류 요리 전문점,부곡3동,부산광역시 금정구 부곡동 65-105,부산광역시 금정구 수림로20번길 5,129.090176,35.23989968
대박손칼국수,한식 면 요리 전문점,부곡3동,부산광역시 금정구 부곡동 65-108,부산광역시 금정구 수림로20번길 21,129.0902067,35.24066512
하나돈까스 부곡점,일식 음식점업,부곡3동,부산광역시 금정구 부곡동 65-112,부산광역시 금정구 수림로20번길 19,129.0902025,35.24050299
류서방짬뽕,중식 음식점업,부곡3동,부산광역시 금정구 부곡동 65-12,부산광역시 금정구 수림로20번길 17,129.090189,35.24040409
차이제이,중식 음식점업,부곡3동,부산광역시 금정구 부곡동 65-12,부산광역시 금정구 수림로20번길 17,129.090189,35.24040409
명품학장고향소갈비찜 부곡직영점,한식 육류 요리 전문점,부곡3동,부산광역시 금정구 부곡동 65-121,부산광역시 금정구 수림로20번길 35,129.0902224,35.24127763
진육회말투아웃,기타 주점업,부곡3동,부산광역시 금정구 부곡동 65-15,부산광역시 금정구 수림로 26,129.0897611,35.23999696
가족도매횟집,일식 음식점업,부곡3동,부산광역시 금정구 부곡동 65-15,부산광역시 금정구 수림로 34,129.0887389,35.23996955
지게꾼돼지갈비,한식 일반 음식점업,부곡3동,부산광역시 금정구 부곡동 65-15,부산광역시 금정구 수림로 32,129.0889743,35.24015473
김엄마생선구이,한식 일반 음식점업,부곡3동,부산광역시 금정구 부곡동 65-3,부산광역시 금정구 부곡온천천로 184,129.0899742,35.24187667
점촌네,한식 일반 음식점업,부곡3동,부산광역시 금정구 부곡동 65-4,부산광역시 금정구 부곡온천천로 182,129.0899272,35.24176034
오륙도낙지,한식 일반 음식점업,부곡3동,부산광역시 금정구 부곡동 65-6,부산광역시 금정구 수림로20번길 49,129.0902026,35.24179162
풍성한회나라,한식 해산물 요리 전문점,부곡3동,부산광역시 금정구 부곡동 65-99,부산광역시 금정구 수림로 22-5,129.0899565,35.23990347
산동짜장마을,중식 음식점업,부곡4동,부산광역시 금정구 부곡동 733-17,부산광역시 금정구 서동로 65,129.0946115,35.21803325
산청식당,한식 일반 음식점업,부곡4동,부산광역시 금정구 부곡동 734-21,부산광역시 금정구 서동로 61-1,129.0942541,35.21822868
통통반점,중식 음식점업,부곡4동,부산광역시 금정구 부곡동 736-32,부산광역시 금정구 서동로66번길 3-17,129.0948965,35.21758675
한아름식당,한식 일반 음식점업,부곡4동,부산광역시 금정구 부곡동 736-36,부산광역시 금정구 서동로66번길 3-18,129.09484,35.21752465
민수네아구찜,한식 일반 음식점업,부곡4동,부산광역시 금정구 부곡동 736-46,부산광역시 금정구 삼차로 21-1,129.0947148,35.2173556
소리골오리마을,한식 일반 음식점업,부곡4동,부산광역시 금정구 부곡동 736-8,부산광역시 금정구 서동로 69-2,129.0950123,35.21781905
노다지물회,한식 일반 음식점업,부곡4동,부산광역시 금정구 부곡동 775-21,부산광역시 금정구 부곡로42번길 79,129.0921504,35.21926534
청룡각,중식 음식점업,부곡4동,부산광역시 금정구 부곡동 785-1,부산광역시 금정구 서동로34번길 29,129.090931,35.21967391
대룡,중식 음식점업,부곡4동,부산광역시 금정구 부곡동 785-5,부산광역시 금정구 부곡로42번길 49,129.0907089,35.21957862
만복푸드,한식 일반 음식점업,부곡4동,부산광역시 금정구 부곡동 792-68,부산광역시 금정구 부곡로42번길 36,129.0897523,35.21953206
브랜뉴피자앤베이크,피자; 햄버거; 샌드위치 및 유사 음식점업,부곡4동,부산광역시 금정구 부곡동 792-68,부산광역시 금정구 부곡로42번길 36,129.0897523,35.21953206
모란봉,한식 일반 음식점업,부곡4동,부산광역시 금정구 부곡동 866-37,부산광역시 금정구 오시게로42번길 6,129.0875389,35.22100309
풀향기,한식 일반 음식점업,부곡4동,부산광역시 금정구 부곡동 866-43,부산광역시 금정구 오시게로42번길 6-2,129.0875036,35.22091359
콩심부산 온천장역점,한식 일반 음식점업,부곡4동,부산광역시 금정구 부곡동 866-44,부산광역시 금정구 오시게로42번길 6-1,129.0873952,35.22096952
장수영양탕,한식 일반 음식점업,부곡4동,부산광역시 금정구 부곡동 870-19,부산광역시 금정구 오시게로 30-2,129.0870143,35.22024616
이층포차,한식 일반 음식점업,부곡4동,부산광역시 금정구 부곡동 871-17,부산광역시 금정구 오시게로28번길 2,129.0867858,35.21989866
김서방네,한식 일반 음식점업,부곡4동,부산광역시 금정구 부곡동 872-3,부산광역시 금정구 오시게로28번길 5,129.0870289,35.21995754
굴과함께,한식 일반 음식점업,부곡4동,부산광역시 금정구 부곡동 872-4,부산광역시 금정구 오시게로28번길 7,129.0871263,35.2199018
인생역전,한식 일반 음식점업,부곡4동,부산광역시 금정구 부곡동 873-13,부산광역시 금정구 오시게로 24,129.0866264,35.21967612
한울타리,한식 해산물 요리 전문점,부곡4동,부산광역시 금정구 부곡동 873-15,부산광역시 금정구 오시게로 16,129.0862702,35.21906047
온천장돼지국밥,한식 일반 음식점업,부곡4동,부산광역시 금정구 부곡동 873-42,부산광역시 금정구 오시게로 34-1,129.0870425,35.22048899
본가국밥,한식 일반 음식점업,부곡4동,부산광역시 금정구 부곡동 873-43,부산광역시 금정구 오시게로 34,129.0870194,35.22044433
숙이네 돼지국밥,한식 일반 음식점업,부곡4동,부산광역시 금정구 부곡동 873-45,부산광역시 금정구 오시게로 32-1,129.0869734,35.22036402
바다와향어,한식 해산물 요리 전문점,부곡4동,부산광역시 금정구 부곡동 873-46,부산광역시 금정구 오시게로 32,129.0869391,35.22031054
원조 소문난온천장곰장어,한식 해산물 요리 전문점,부곡4동,부산광역시 금정구 부곡동 873-47,부산광역시 금정구 오시게로 30-1,129.0868931,35.22023023
해왕과그들,한식 일반 음식점업,부곡4동,부산광역시 금정구 부곡동 873-49,부산광역시 금정구 오시게로 30,129.0868474,35.22015893
자갈치곰장어,한식 해산물 요리 전문점,부곡4동,부산광역시 금정구 부곡동 873-50,부산광역시 금정구 오시게로 28-1,129.0868016,35.22008762
꼬꼬치킨,치킨 전문점,부곡4동,부산광역시 금정구 부곡동 873-8,부산광역시 금정구 오시게로 26,129.086652,35.21981986
복스키친,한식 일반 음식점업,부곡4동,부산광역시 금정구 부곡동 881-7,부산광역시 금정구 부곡로18번안길 32,129.0887002,35.21961331
수내닭꼬치,치킨 전문점,부곡4동,부산광역시 금정구 부곡동 886-9,부산광역시 금정구 부곡로 17,129.0871109,35.2184422
한우정,한식 육류 요리 전문점,부곡4동,부산광역시 금정구 부곡동 888-6,부산광역시 금정구 부곡로12번길 2-15,129.0873784,35.21731115
아구통,한식 일반 음식점업,부곡4동,부산광역시 금정구 부곡동 888-7,부산광역시 금정구 부곡로18번길 8,129.0878533,35.2182762
지성이해물찜,한식 일반 음식점업,부곡4동,부산광역시 금정구 부곡동 888-7,부산광역시 금정구 부곡로18번길 8,129.0878533,35.2182762
비비큐부산 부곡스마트점,치킨 전문점,부곡4동,부산광역시 금정구 부곡동 889-33,부산광역시 금정구 부곡로 7-1,129.0866543,35.2177652
굽네치킨 부곡2호점,치킨 전문점,부곡4동,부산광역시 금정구 부곡동 889-49,부산광역시 금정구 부곡로 13,129.0870493,35.21818193
아라에프엠,한식 일반 음식점업,부곡4동,부산광역시 금정구 부곡동 895-10,부산광역시 금정구 시실로 11-6,129.0861657,35.21798089
다마다,한식 일반 음식점업,부곡4동,부산광역시 금정구 부곡동 897-8,부산광역시 금정구 오시게로 8-1,129.0859376,35.21850749
한솥도시락부산가톨릭대점,한식 일반 음식점업,부곡3동,부산광역시 금정구 부곡동 9-13,부산광역시 금정구 오륜대로 51,129.0970394,35.24367385
청기와,한식 일반 음식점업,부곡4동,부산광역시 금정구 부곡동 964-1,부산광역시 금정구 동현로 116,129.0955313,35.21835976
젓가락질잘해야만 밥을먹나요,한식 일반 음식점업,부곡4동,부산광역시 금정구 부곡동 977,부산광역시 금정구 부곡로42번길 25,129.0893244,35.219972
호연정,한식 육류 요리 전문점,부곡3동,부산광역시 금정구 오륜동 29-5,부산광역시 금정구 오륜대로 145-142,129.1071515,35.25495164
늘솜,한식 육류 요리 전문점,부곡3동,부산광역시 금정구 오륜동 29-6,부산광역시 금정구 오륜대로 145-139,129.1072438,35.25469771
늘솜,한식 일반 음식점업,부곡3동,부산광역시 금정구 오륜동 29-6,부산광역시 금정구 오륜대로 145-139,129.1072438,35.25469771
산수갑산,한식 육류 요리 전문점,부곡3동,부산광역시 금정구 오륜동 299-2,부산광역시 금정구 오륜대로 273,129.1173409,35.24797912
신세계집,한식 육류 요리 전문점,부곡3동,부산광역시 금정구 오륜동 306-2,부산광역시 금정구 오륜대로 278,129.1176923,35.2483965
양지집,한식 육류 요리 전문점,부곡3동,부산광역시 금정구 오륜동 307,부산광역시 금정구 오륜대로 271,129.1173105,35.24807878
박가네,한식 육류 요리 전문점,부곡3동,부산광역시 금정구 오륜동 307,부산광역시 금정구 오륜대로 271,129.1173105,35.24807878
소라네집,한식 육류 요리 전문점,부곡3동,부산광역시 금정구 오륜동 322,부산광역시 금정구 오륜대로 263-3,129.1161223,35.24800945
차씨집,한식 육류 요리 전문점,부곡3동,부산광역시 금정구 오륜동 324,부산광역시 금정구 오륜대로 263,129.1163396,35.24791554
소나무집,한식 육류 요리 전문점,부곡3동,부산광역시 금정구 오륜동 326-5,부산광역시 금정구 오륜대로 274,129.1172378,35.24781872
배밭집,한식 일반 음식점업,부곡3동,부산광역시 금정구 오륜동 353-2,부산광역시 금정구 오륜대로 258,129.1157573,35.24706964
하동집,한식 육류 요리 전문점,부곡3동,부산광역시 금정구 오륜동 353-4,부산광역시 금정구 오륜대로 258,129.1157573,35.24706964
삼삼오리촌,한식 육류 요리 전문점,부곡3동,부산광역시 금정구 오륜동 532-2,부산광역시 금정구 오륜대로 218,129.1134464,35.24521764
오륜대싸리골,한식 육류 요리 전문점,부곡3동,부산광역시 금정구 오륜동 574,부산광역시 금정구 오륜대로 261,129.1158581,35.24798704
은행나무집,한식 일반 음식점업,부곡3동,부산광역시 금정구 오륜동 578-7,부산광역시 금정구 오륜대로 251-1,129.1154953,35.24797536
이바구터,한식 면 요리 전문점,부곡3동,부산광역시 금정구 오륜동 580-1,부산광역시 금정구 오륜대로 247-3,129.1149016,35.24795871
오팔공해물칼국수,한식 일반 음식점업,부곡3동,부산광역시 금정구 오륜동 580-1,부산광역시 금정구 오륜대로 247-3,129.1149016,35.24795871
기와집,한식 육류 요리 전문점,부곡3동,부산광역시 금정구 오륜동 583-2,부산광역시 금정구 오륜대로 245,129.1144627,35.2479754
엘라고,한식 일반 음식점업,부곡3동,부산광역시 금정구 오륜동 594-1,부산광역시 금정구 오륜대로 215,129.1118307,35.24730046
오륜대사랑채,한식 육류 요리 전문점,부곡3동,부산광역시 금정구 오륜동 597,부산광역시 금정구 오륜대로 199,129.1094354,35.24770271
자운정,한식 육류 요리 전문점,부곡3동,부산광역시 금정구 오륜동 675,부산광역시 금정구 오륜대로126번길 141,129.1068733,35.24462941
할매집,한식 육류 요리 전문점,부곡3동,부산광역시 금정구 오륜동 산 106-3,부산광역시 금정구 오륜대로 145-91,129.1068806,35.25255032
울산집,한식 육류 요리 전문점,부곡3동,부산광역시 금정구 오륜동 산 106-3,부산광역시 금정구 오륜대로 145-91,129.1068806,35.25255032
둘레집,한식 일반 음식점업,부곡3동,부산광역시 금정구 오륜동 산 107-1,부산광역시 금정구 오륜대로 145-79,129.106786,35.25229063
목련집,한식 육류 요리 전문점,부곡3동,부산광역시 금정구 오륜동 산 107-1,부산광역시 금정구 오륜대로 145-85,129.1066904,35.25241846
다솔집,한식 육류 요리 전문점,부곡3동,부산광역시 금정구 오륜동 산 130,부산광역시 금정구 오륜대로 229,129.1130979,35.24829662
벚꽃장,한식 육류 요리 전문점,부곡3동,부산광역시 금정구 오륜동 산 143-3,부산광역시 금정구 오륜대로 111-1,129.1014786,35.24756184
밤나무집,한식 일반 음식점업,부곡3동,부산광역시 금정구 오륜동 산 146-2,부산광역시 금정구 오륜대로126번길 131,129.1072709,35.24513614
서울집,한식 육류 요리 전문점,부곡3동,부산광역시 금정구 오륜동 산 53,부산광역시 금정구 오륜대로 267,129.1176341,35.2486949
몽이두마리치킨,치킨 전문점,장전1동,부산광역시 금정구 장전동 107-17,부산광역시 금정구 금강로 369,129.0862082,35.24108558
연지네밥상,한식 일반 음식점업,장전1동,부산광역시 금정구 장전동 107-19,부산광역시 금정구 수림로62번길 24,129.0859321,35.24102727
대끼리육회,한식 일반 음식점업,장전1동,부산광역시 금정구 장전동 107-19,부산광역시 금정구 수림로62번길 24,129.0859321,35.24102727
희야네불고기,한식 육류 요리 전문점,장전1동,부산광역시 금정구 장전동 107-4,부산광역시 금정구 금강로379번길 5,129.0861171,35.24181708
평양메밀냉면,한식 면 요리 전문점,장전1동,부산광역시 금정구 장전동 109-1,부산광역시 금정구 금정로185번길 15,129.087065,35.24151237
반올림피자샵,피자; 햄버거; 샌드위치 및 유사 음식점업,장전1동,부산광역시 금정구 장전동 115-2,부산광역시 금정구 금강로 370-4,129.0865977,35.24085358
꾸브라꼬숯불두마리치킨 장전직영점,치킨 전문점,장전1동,부산광역시 금정구 장전동 115-2,부산광역시 금정구 금강로 370-4,129.0865977,35.24085358
올바른한상,한식 일반 음식점업,장전1동,부산광역시 금정구 장전동 115-8,부산광역시 금정구 수림로50번길 11,129.0867987,35.24055274
온정,한식 일반 음식점업,장전1동,부산광역시 금정구 장전동 116-12,부산광역시 금정구 금강로369번길 5,129.0861256,35.24086172
네옴,한식 일반 음식점업,장전1동,부산광역시 금정구 장전동 116-21,부산광역시 금정구 금강로 361,129.0862319,35.24029217
하노이포포,기타 외국식 음식점업,장전1동,부산광역시 금정구 장전동 117-1,부산광역시 금정구 금강로369번길 17,129.0853895,35.24085639
빵위에치즈 부산금정점,피자; 햄버거; 샌드위치 및 유사 음식점업,장전1동,부산광역시 금정구 장전동 117-2,부산광역시 금정구 수림로66번길 18,129.0853872,35.24076632
고촌식당,한식 일반 음식점업,장전1동,부산광역시 금정구 장전동 126-27,부산광역시 금정구 수림로81번길 4,129.0834709,35.23970894
바로온쉐프,한식 일반 음식점업,장전1동,부산광역시 금정구 장전동 128-32,부산광역시 금정구 수림로 79,129.0837376,35.23983051
정희네,한식 일반 음식점업,장전1동,부산광역시 금정구 장전동 128-32,부산광역시 금정구 수림로 79,129.0837376,35.23983051
수림로족발,한식 일반 음식점업,장전1동,부산광역시 금정구 장전동 129-20,부산광역시 금정구 수림로75번길 1,129.0842209,35.2398312
피자뿌,피자; 햄버거; 샌드위치 및 유사 음식점업,장전1동,부산광역시 금정구 장전동 130-19,부산광역시 금정구 수림로71번길 42,129.0845486,35.23804128
국수보리밥집,한식 일반 음식점업,장전1동,부산광역시 금정구 장전동 130-25,부산광역시 금정구 금강로335번길 40,129.0842386,35.2379475
의성국밥,한식 일반 음식점업,장전1동,부산광역시 금정구 장전동 134-12,부산광역시 금정구 수림로75번길 42,129.0840186,35.23793326
교촌치킨 장전1호점,치킨 전문점,장전1동,부산광역시 금정구 장전동 134-19,부산광역시 금정구 금강로335번길 48,129.0837661,35.23793761
청년치킨,치킨 전문점,장전1동,부산광역시 금정구 장전동 135-25,부산광역시 금정구 수림로85번길 43,129.0831176,35.23792175
우승,한식 일반 음식점업,장전1동,부산광역시 금정구 장전동 135-27,부산광역시 금정구 수림로81번길 42,129.0834809,35.23795154
오닭꼬치,간이 음식 포장 판매 전문점,장전1동,부산광역시 금정구 장전동 135-6,부산광역시 금정구 금강로335번길 56,129.0833489,35.2379448
호호닭집,치킨 전문점,장전1동,부산광역시 금정구 장전동 136-9,부산광역시 금정구 금강로335번길 68,129.0826782,35.2379203
부광식당,한식 일반 음식점업,장전1동,부산광역시 금정구 장전동 145-14,부산광역시 금정구 금강로321번길 72,129.0825576,35.23706629
에그랩,한식 일반 음식점업,장전1동,부산광역시 금정구 장전동 145-14,부산광역시 금정구 금강로321번길 72,129.0825576,35.23706629
북맛골두부마을,한식 일반 음식점업,장전1동,부산광역시 금정구 장전동 145-15,부산광역시 금정구 금강로321번길 70,129.0826781,35.2370552
My Place,한식 일반 음식점업,장전1동,부산광역시 금정구 장전동 145-16,부산광역시 금정구 금강로321번길 68,129.0827774,35.23707151
드랍더미트,한식 육류 요리 전문점,장전1동,부산광역시 금정구 장전동 145-17,부산광역시 금정구 수림로85번길 64,129.08291,35.23710528
상하이이모,중식 음식점업,장전1동,부산광역시 금정구 장전동 145-19,부산광역시 금정구 수림로85번길 60,129.0829345,35.23720398
하마하마 베이크하우스,피자; 햄버거; 샌드위치 및 유사 음식점업,장전1동,부산광역시 금정구 장전동 145-2,부산광역시 금정구 수림로85번길 50-1,129.0829124,35.2376279
토마토도시락 부산대점,한식 일반 음식점업,장전1동,부산광역시 금정구 장전동 145-24,부산광역시 금정구 수림로85번길 50,129.0828932,35.23773637
오니라식탁,한식 일반 음식점업,장전1동,부산광역시 금정구 장전동 145-24,부산광역시 금정구 수림로85번길 50,129.0828932,35.23773637
뉴숯불바베큐,치킨 전문점,장전1동,부산광역시 금정구 장전동 146-2,부산광역시 금정구 금강로335번길 55,129.0834211,35.23776332
초원식당,,장전1동,부산광역시 금정구 장전동 146-2,,129.083423,35.23775
우리집-중국 전통 가정요리,중식 음식점업,장전1동,부산광역시 금정구 장전동 146-20,부산광역시 금정구 금강로321번길 60,129.0832382,35.23705457
허기식당,,장전1동,부산광역시 금정구 장전동 147-16,,129.083915,35.237041
춘리마라탕,중식 음식점업,장전1동,부산광역시 금정구 장전동 147-17,부산광역시 금정구 금강로321번길 50,129.0837984,35.23705393
졸또,한식 일반 음식점업,장전1동,부산광역시 금정구 장전동 147-2,부산광역시 금정구 금강로335번길 43,129.0839568,35.23766398
대일반점,중식 음식점업,장전1동,부산광역시 금정구 장전동 147-22,부산광역시 금정구 수림로81번길 63,129.0836769,35.23702899
고기의참맛,한식 육류 요리 전문점,장전1동,부산광역시 금정구 장전동 152-1,부산광역시 금정구 금강로335번길 37,129.0843212,35.23773881
비비큐 부산대북문점,치킨 전문점,장전1동,부산광역시 금정구 장전동 152-10,부산광역시 금정구 수림로71번길 56,129.0845647,35.23738317
하마식당,한식 일반 음식점업,장전1동,부산광역시 금정구 장전동 152-7,부산광역시 금정구 금강로335번길 35-1,129.0844415,35.23771871
피자스쿨 장전1동점,피자; 햄버거; 샌드위치 및 유사 음식점업,장전1동,부산광역시 금정구 장전동 153-3,부산광역시 금정구 수림로61번길 44,129.0853384,35.23800064
1986옛날돈가스,김밥 및 기타 간이 음식점업,장전1동,부산광역시 금정구 장전동 153-4,부산광역시 금정구 수림로71번길 43,129.0848098,35.23794667
1986옛날돈까스 장전점,김밥 및 기타 간이 음식점업,장전1동,부산광역시 금정구 장전동 153-4,부산광역시 금정구 수림로71번길 43,129.0848098,35.23794667
와가야 금정점,일식 음식점업,장전1동,부산광역시 금정구 장전동 154-16,부산광역시 금정구 수림로71번길 49,129.08478,35.23764079
홍매사천요리,,장전1동,부산광역시 금정구 장전동 154-20 진흥빌라,,129.085069,35.237044
시장족발,한식 일반 음식점업,장전1동,부산광역시 금정구 장전동 154-3,부산광역시 금정구 금강로335번길 21,129.0852777,35.2377764
옐로우그램,피자; 햄버거; 샌드위치 및 유사 음식점업,장전1동,부산광역시 금정구 장전동 154-3,부산광역시 금정구 금강로335번길 21,129.0852777,35.2377764
4242,서양식 음식점업,장전1동,부산광역시 금정구 장전동 154-32,부산광역시 금정구 금강로321번길 30,129.0848853,35.23703521
타코비장전점,일식 음식점업,장전1동,부산광역시 금정구 장전동 155-1,부산광역시 금정구 금강로335번길 17,129.0855199,35.23779926
만냥통닭 장전점,서양식 음식점업,장전1동,부산광역시 금정구 장전동 155-1,부산광역시 금정구 금강로335번길 17,129.0855199,35.23779926
인생아구찜 금정점,한식 일반 음식점업,장전1동,부산광역시 금정구 장전동 155-13,부산광역시 금정구 수림로61번길 61,129.0854025,35.23707135
포레스트21,한식 육류 요리 전문점,장전1동,부산광역시 금정구 장전동 155-17,부산광역시 금정구 수림로61번길 53,129.0855985,35.23743744
나유타,한식 일반 음식점업,장전1동,부산광역시 금정구 장전동 155-17,부산광역시 금정구 수림로61번길 53,129.0855549,35.23744721
금옥이네김치찜&매운갈비찜,한식 일반 음식점업,장전1동,부산광역시 금정구 장전동 155-17,부산광역시 금정구 수림로61번길 53,129.0856233,35.23754515
파스타데이지,서양식 음식점업,장전1동,부산광역시 금정구 장전동 155-17,부산광역시 금정구 수림로61번길 53,129.0855549,35.23744721
볶음밥도사,한식 일반 음식점업,장전1동,부산광역시 금정구 장전동 155-17,부산광역시 금정구 수림로61번길 53,129.0856233,35.23754515
제주대패랑옛날갈비,한식 일반 음식점업,장전1동,부산광역시 금정구 장전동 155-2,부산광역시 금정구 금강로335번길 9,129.0859484,35.23780088
장전동 회 수산센터,한식 해산물 요리 전문점,장전1동,부산광역시 금정구 장전동 155-4,부산광역시 금정구 부산대학로64번길 137,129.0858232,35.23763182
히다마리,일식 음식점업,장전1동,부산광역시 금정구 장전동 157-1,부산광역시 금정구 수림로61번길 23,129.0858443,35.23888405
푸름푸드,한식 일반 음식점업,장전1동,부산광역시 금정구 장전동 157-1,부산광역시 금정구 수림로61번길 23,129.0858443,35.23888405
맘스터치 부산대북문점,피자; 햄버거; 샌드위치 및 유사 음식점업,장전1동,부산광역시 금정구 장전동 157-13,부산광역시 금정구 금강로335번길 16,129.0856026,35.23802312
구포국수,한식 면 요리 전문점,장전1동,부산광역시 금정구 장전동 157-14,부산광역시 금정구 부산대학로64번길 149,129.0860559,35.23814146
늘아침,한식 육류 요리 전문점,장전1동,부산광역시 금정구 장전동 157-18,부산광역시 금정구 부산대학로64번길 155,129.0859846,35.23835897
피자덕 부산대점,피자; 햄버거; 샌드위치 및 유사 음식점업,장전1동,부산광역시 금정구 장전동 157-29,부산광역시 금정구 수림로61번길 39,129.085628,35.23815785
시민족발보쌈장전,한식 일반 음식점업,장전1동,부산광역시 금정구 장전동 157-9,부산광역시 금정구 수림로61번길 37,129.0856632,35.23824736
장전아구찜마을,한식 일반 음식점업,장전1동,부산광역시 금정구 장전동 158-10,부산광역시 금정구 금강로 349,129.086313,35.23917335
7번가피자임대업,비주거용 건물 임대업,장전1동,부산광역시 금정구 장전동 158-2,부산광역시 금정구 수림로 57,129.0861867,35.23981534
요달의찜닭 부산대점,한식 일반 음식점업,장전1동,부산광역시 금정구 장전동 158-21,부산광역시 금정구 금강로 349-1,129.0862831,35.23929101
컴포즈 산성터널점,한식 일반 음식점업,장전1동,부산광역시 금정구 장전동 158-3,부산광역시 금정구 수림로 55,129.0863075,35.23981326
행복하면,한식 면 요리 전문점,장전1동,부산광역시 금정구 장전동 180-2,부산광역시 금정구 수림로 69,129.0849241,35.23983711
구구족배달 부산금정점,한식 일반 음식점업,장전1동,부산광역시 금정구 장전동 180-3,부산광역시 금정구 수림로71번길 3,129.0847704,35.23983975
김치찜은못참지,한식 일반 음식점업,장전1동,부산광역시 금정구 장전동 194-1,부산광역시 금정구 수림로61번길 34-1,129.0854887,35.23829542
샤브앤나베,한식 일반 음식점업,장전1동,부산광역시 금정구 장전동 194-1,부산광역시 금정구 수림로61번길 34-1,129.0854887,35.23829542
유식당장전역점,한식 일반 음식점업,장전1동,부산광역시 금정구 장전동 203-13,부산광역시 금정구 금강로 352,129.0865807,35.23933094
진주성,중식 음식점업,장전1동,부산광역시 금정구 장전동 203-14,부산광역시 금정구 수림로 53,129.0865604,35.23982692
우아한상상,치킨 전문점,장전1동,부산광역시 금정구 장전동 203-15,부산광역시 금정구 금강로 356,129.0866128,35.23972689
더행복한밥상,한식 일반 음식점업,장전1동,부산광역시 금정구 장전동 203-18,부산광역시 금정구 금정로161번길 20,129.0867929,35.23903891
설봉돼지국밥,한식 일반 음식점업,장전1동,부산광역시 금정구 장전동 203-5,부산광역시 금정구 수림로49번길 6,129.0868424,35.23968688
충무산곰장어,한식 해산물 요리 전문점,장전1동,부산광역시 금정구 장전동 203-8,부산광역시 금정구 수림로49번길 10,129.0867834,35.23952569
장터,한식 일반 음식점업,장전1동,부산광역시 금정구 장전동 204-12,부산광역시 금정구 수림로45번길 16,129.0872586,35.23921111
장터,,장전1동,부산광역시 금정구 장전동 204-12,,129.087243,35.239206
금정아구찜,한식 일반 음식점업,장전1동,부산광역시 금정구 장전동 204-6,부산광역시 금정구 금정로161번길 10,129.0872981,35.23903921
곤지암소머리국밥,한식 일반 음식점업,장전1동,부산광역시 금정구 장전동 208-1,부산광역시 금정구 수림로71번길 39,129.0848046,35.23817204
백범루,중식 음식점업,장전1동,부산광역시 금정구 장전동 208-7,부산광역시 금정구 수림로71번길 37,129.0847183,35.23823661
킹갓성비두마리치킨,치킨 전문점,장전1동,부산광역시 금정구 장전동 211-13,부산광역시 금정구 금정로 159,129.0876867,35.23877117
해물천국,한식 해산물 요리 전문점,장전1동,부산광역시 금정구 장전동 211-16,부산광역시 금정구 금정로 153,129.087698,35.23835645
미성왕만두국밥,한식 일반 음식점업,장전1동,부산광역시 금정구 장전동 211-5,부산광역시 금정구 금정로 151,129.0876582,35.23808679
가거도횟집,한식 해산물 요리 전문점,장전1동,부산광역시 금정구 장전동 211-6,부산광역시 금정구 금정로 155-1,129.0877043,35.23859965
히로돈카츠,한식 일반 음식점업,장전1동,부산광역시 금정구 장전동 211-7,부산광역시 금정구 금정로 155,129.087701,35.23847354
자매칼국수,한식 면 요리 전문점,장전1동,부산광역시 금정구 장전동 213-3,부산광역시 금정구 금정로161번길 9,129.0872832,35.23888627
처갓집양념통닭 장전점,치킨 전문점,장전1동,부산광역시 금정구 장전동 213-9,부산광역시 금정구 금정로149번길 8,129.0872853,35.23811125
칠자족발,한식 일반 음식점업,장전1동,부산광역시 금정구 장전동 219-3,부산광역시 금정구 수림로49번길 42,129.0868343,35.23808298
빽보이피자 부산장전점,피자; 햄버거; 샌드위치 및 유사 음식점업,장전1동,부산광역시 금정구 장전동 219-7,부산광역시 금정구 금강로 338-1,129.0865976,35.2382763
오븐마루,치킨 전문점,장전1동,부산광역시 금정구 장전동 221-1,부산광역시 금정구 부산대학로64번길 142,129.0861904,35.23781473
장전상회,한식 일반 음식점업,장전1동,부산광역시 금정구 장전동 221-1,부산광역시 금정구 부산대학로64번길 142,129.0861904,35.23781473
인자한키친,기타 외국식 음식점업,장전1동,부산광역시 금정구 장전동 221-10,부산광역시 금정구 부산대학로64번길 128,129.0859839,35.23704331
원조장충왕족발,한식 일반 음식점업,장전1동,부산광역시 금정구 장전동 221-6,부산광역시 금정구 금강로 329-2,129.0863353,35.2374698
앤,한식 일반 음식점업,장전1동,부산광역시 금정구 장전동 222-17,부산광역시 금정구 금정로 149,129.0876538,35.23791565
샐러디 부산장전역점,피자; 햄버거; 샌드위치 및 유사 음식점업,장전1동,부산광역시 금정구 장전동 222-2,부산광역시 금정구 금정로149번길 13,129.0870486,35.23787202
명장허짜장,중식 음식점업,장전1동,부산광역시 금정구 장전동 222-2,부산광역시 금정구 금정로149번길 13,129.0870486,35.23787202
성애문현곱창,,장전1동,부산광역시 금정구 장전동 222-2,,129.087041,35.237865
맛촌,한식 일반 음식점업,장전1동,부산광역시 금정구 장전동 225-2,부산광역시 금정구 금강로321번길 59,129.0833194,35.23679184
맛나는돈까스,한식 일반 음식점업,장전1동,부산광역시 금정구 장전동 225-4,부산광역시 금정구 금강로321번길 57,129.0833983,35.23687158
시골촌 부산대점,한식 일반 음식점업,장전1동,부산광역시 금정구 장전동 226-3,부산광역시 금정구 금강로321번길 53,129.0835191,35.2368695
파스타리아,서양식 음식점업,장전1동,부산광역시 금정구 장전동 226-7,부산광역시 금정구 금강로321번길 51,129.0836399,35.23686742
숲,서양식 음식점업,장전1동,부산광역시 금정구 장전동 228-10,부산광역시 금정구 금정로 126,129.0878214,35.23588518
오태식해바라기 치킨금정점,김밥 및 기타 간이 음식점업,장전1동,부산광역시 금정구 장전동 229-17,부산광역시 금정구 금정로 124,129.0877918,35.23558831
충무대구탕,한식 일반 음식점업,장전1동,부산광역시 금정구 장전동 230-10,부산광역시 금정구 금정로 133-3,129.0873968,35.23646023
옐로우피자 부산대점,피자; 햄버거; 샌드위치 및 유사 음식점업,장전1동,부산광역시 금정구 장전동 230-25,부산광역시 금정구 금정로 121,129.0873943,35.23550505
다국적식탁,한식 육류 요리 전문점,장전1동,부산광역시 금정구 장전동 232-57,부산광역시 금정구 금정로119번길 20,129.086473,35.23555699
명주네보쌈,한식 일반 음식점업,장전1동,부산광역시 금정구 장전동 232-58,부산광역시 금정구 금정로119번길 16,129.0865931,35.23552788
소장수,한식 일반 음식점업,장전1동,부산광역시 금정구 장전동 232-9,부산광역시 금정구 금강로 308,129.0863527,35.23557709
나이트폴,서양식 음식점업,장전1동,부산광역시 금정구 장전동 233-32,부산광역시 금정구 금강로321번길 7,129.086041,35.23669988
원조밀면,한식 면 요리 전문점,장전1동,부산광역시 금정구 장전동 233-6,부산광역시 금정구 부산대학로64번길 112,129.0858124,35.23635238
원조밀면,,장전1동,부산광역시 금정구 장전동 233-6 1층,,129.085802,35.23634
로얄팟타이,기타 외국식 음식점업,장전1동,부산광역시 금정구 장전동 235-10,부산광역시 금정구 부산대학로64번길 105,129.0854777,35.23615088
돼지게티 부산대점,서양식 음식점업,장전1동,부산광역시 금정구 장전동 263-106,부산광역시 금정구 금강로279번길 111,129.0836666,35.23662365
모노클제이,서양식 음식점업,장전1동,부산광역시 금정구 장전동 268-1,부산광역시 금정구 금강로279번길 81-12,129.0830845,35.23576857
기영이숯불두마리치킨 부산대점,치킨 전문점,장전1동,부산광역시 금정구 장전동 269-14,부산광역시 금정구 금강로279번길 70,129.083996,35.2349058
찌개생각,한식 일반 음식점업,장전1동,부산광역시 금정구 장전동 269-15,부산광역시 금정구 금강로279번길 72,129.0839766,35.23500526
담다,한식 일반 음식점업,장전1동,부산광역시 금정구 장전동 269-3,부산광역시 금정구 금강로279번길 67,129.0834123,35.23484376
후라이드참잘하는집 부산대점,치킨 전문점,장전1동,부산광역시 금정구 장전동 269-5,부산광역시 금정구 금강로279번길 78,129.0839579,35.23513174
인디키친,기타 외국식 음식점업,장전2동,부산광역시 금정구 장전동 293-106,부산광역시 금정구 장전로12번길 50,129.0884576,35.22985454
면식당 부산대점,한식 면 요리 전문점,장전2동,부산광역시 금정구 장전동 293-116,부산광역시 금정구 금정로60번길 37,129.0883178,35.22954155
베트남골목식당,기타 외국식 음식점업,장전2동,부산광역시 금정구 장전동 293-138,부산광역시 금정구 장전로 16-1,129.0869621,35.22806903
바삭대구홀릭,한식 일반 음식점업,장전2동,부산광역시 금정구 장전동 293-138,부산광역시 금정구 장전로 16-1,129.0869621,35.22806903
난스시,일식 음식점업,장전2동,부산광역시 금정구 장전동 293-140,부산광역시 금정구 장전로 14-1,129.0871794,35.22797517
웍헤이,기타 외국식 음식점업,장전2동,부산광역시 금정구 장전동 293-155,부산광역시 금정구 장전로12번길 28,129.0880267,35.22889774
서문국수,한식 면 요리 전문점,장전2동,부산광역시 금정구 장전동 293-159,부산광역시 금정구 장전로12번길 32-5,129.0882957,35.22910938
진경가마솥돼지국밥,한식 일반 음식점업,장전2동,부산광역시 금정구 장전동 293-177,부산광역시 금정구 장전온천천로 57,129.088891,35.23005432
스나쿠,한식 면 요리 전문점,장전2동,부산광역시 금정구 장전동 293-19,부산광역시 금정구 금정로52번길 45,129.0884109,35.22889111
포맨티코,기타 외국식 음식점업,장전2동,부산광역시 금정구 장전동 293-196,부산광역시 금정구 장전로12번길 16,129.0878171,35.22843276
포맨티코,서양식 음식점업,장전2동,부산광역시 금정구 장전동 293-196,부산광역시 금정구 장전로12번길 16,129.0878171,35.22843276
코노지,일식 음식점업,장전2동,부산광역시 금정구 장전동 293-204,부산광역시 금정구 장전로12번길 18-4,129.0879365,35.22837664
비비드드림,서양식 음식점업,장전2동,부산광역시 금정구 장전동 293-205,부산광역시 금정구 장전로12번길 18-6,129.0880453,35.22833871
신짜글이닭발,한식 육류 요리 전문점,장전2동,부산광역시 금정구 장전동 293-24,부산광역시 금정구 장전로12번길 27,129.0878534,35.22899085
컬리반스,피자; 햄버거; 샌드위치 및 유사 음식점업,장전2동,부산광역시 금정구 장전동 293-45,부산광역시 금정구 장전로12번길 24,129.0879905,35.22877221
매일꽃돈,한식 육류 요리 전문점,장전2동,부산광역시 금정구 장전동 293-60,부산광역시 금정구 장전로12번길 31,129.087804,35.22920798
한식명가,한식 일반 음식점업,장전2동,부산광역시 금정구 장전동 293-60,부산광역시 금정구 장전로12번길 31,129.0878134,35.22914473
삼굽살 부산대점,한식 육류 요리 전문점,장전2동,부산광역시 금정구 장전동 293-60,부산광역시 금정구 장전로12번길 31,129.0878134,35.22914473
빼어날수연어 부산대점,한식 일반 음식점업,장전2동,부산광역시 금정구 장전동 293-60,부산광역시 금정구 장전로12번길 31,129.087804,35.22920798
황금양꼬치,한식 일반 음식점업,장전2동,부산광역시 금정구 장전동 293-60,부산광역시 금정구 장전로12번길 31,129.087804,35.22920798
키노,서양식 음식점업,장전2동,부산광역시 금정구 장전동 293-67,부산광역시 금정구 장전로12번길 30,129.0880848,35.2290229
니노마에,일식 음식점업,장전2동,부산광역시 금정구 장전동 293-67,부산광역시 금정구 장전로12번길 30,129.0880848,35.2290229
장전수산,한식 해산물 요리 전문점,장전2동,부산광역시 금정구 장전동 293-68,부산광역시 금정구 금정로52번길 39,129.0882885,35.22883014
늑간,한식 육류 요리 전문점,장전2동,부산광역시 금정구 장전동 293-72,부산광역시 금정구 장전로12번길 23,129.0877721,35.22882103
설어정 부산대점,서양식 음식점업,장전2동,부산광역시 금정구 장전동 293-76,부산광역시 금정구 장전로12번길 19,129.0877042,35.2287411
쏘쏘사라다 부산대점,한식 일반 음식점업,장전2동,부산광역시 금정구 장전동 293-76,부산광역시 금정구 장전로12번길 19,129.0877042,35.2287411
무봤나촌닭부산대 1호점,치킨 전문점,장전2동,부산광역시 금정구 장전동 293-97,부산광역시 금정구 장전로12번길 56,129.0886063,35.23008627
만족오향족발,한식 육류 요리 전문점,장전2동,부산광역시 금정구 장전동 296-24,부산광역시 금정구 장전로12번길 8,129.0876974,35.22804734
라이옥 부산대점,기타 외국식 음식점업,장전2동,부산광역시 금정구 장전동 296-24,부산광역시 금정구 장전로12번길 8,129.0876974,35.22804734
거북이동네 부산장전점,한식 육류 요리 전문점,장전2동,부산광역시 금정구 장전동 298-16,부산광역시 금정구 장전로 22,129.0866031,35.22820138
이오살롱,한식 일반 음식점업,장전2동,부산광역시 금정구 장전동 298-17,부산광역시 금정구 장전로 20,129.0867561,35.22817171
두찜 부산대점,한식 일반 음식점업,장전2동,부산광역시 금정구 장전동 298-18,부산광역시 금정구 장전로 16-2,129.0868313,35.22810733
국백대나,한식 일반 음식점업,장전2동,부산광역시 금정구 장전동 299-46,부산광역시 금정구 금정로52번길 23,129.0875917,35.22906746
the돈까스,김밥 및 기타 간이 음식점업,장전2동,부산광역시 금정구 장전동 300-11,부산광역시 금정구 장전로20번길 10,129.0869842,35.2285012
알바카페,한식 일반 음식점업,장전2동,부산광역시 금정구 장전동 300-13,부산광역시 금정구 장전로20번길 21,129.0870296,35.22898704
호작,서양식 음식점업,장전2동,부산광역시 금정구 장전동 300-7,부산광역시 금정구 장전로20번길 22,129.0872143,35.22891176
프레드피자 부산대점,피자; 햄버거; 샌드위치 및 유사 음식점업,장전2동,부산광역시 금정구 장전동 302-10,부산광역시 금정구 장전로20번길 28,129.0875545,35.22932943
달봉이아구찜 부산대점,한식 일반 음식점업,장전2동,부산광역시 금정구 장전동 302-10,부산광역시 금정구 장전로20번길 28,129.0875545,35.22932943
브런치앤디너 테라비 부산대점,서양식 음식점업,장전2동,부산광역시 금정구 장전동 302-10,부산광역시 금정구 장전로20번길 28,129.0875545,35.22932943
인안,한식 일반 음식점업,장전2동,부산광역시 금정구 장전동 302-18,부산광역시 금정구 장전로20번길 29-1,129.0871177,35.22942708
고래한입피자 부산대점,피자; 햄버거; 샌드위치 및 유사 음식점업,장전2동,부산광역시 금정구 장전동 302-22,부산광역시 금정구 금정로60번길 14,129.0871137,35.22969749
숙성화로,한식 육류 요리 전문점,장전2동,부산광역시 금정구 장전동 302-9,부산광역시 금정구 금정로60번길 24,129.0874821,35.2295019
파스타빈치,,장전1동,부산광역시 금정구 장전동 304-4,,129.087041,35.237865
노모어피자 부산대점,피자; 햄버거; 샌드위치 및 유사 음식점업,장전2동,부산광역시 금정구 장전동 308-4,부산광역시 금정구 금정로68번길 22,129.087671,35.23044484
버거킹 부산대점,피자; 햄버거; 샌드위치 및 유사 음식점업,장전2동,부산광역시 금정구 장전동 311-3,부산광역시 금정구 금정로 66,129.0866285,35.23048085
라쿵푸마라탕 부산대점,중식 음식점업,장전2동,부산광역시 금정구 장전동 312-17,부산광역시 금정구 금정로68번길 12-4,129.0870976,35.23035561
에픽키친,서양식 음식점업,장전2동,부산광역시 금정구 장전동 312-3,부산광역시 금정구 금정로 62-1,129.0865772,35.23019337
연구소,서양식 음식점업,장전2동,부산광역시 금정구 장전동 312-35,부산광역시 금정구 금정로60번길 7-1,129.0867156,35.23001976
더통큰집,한식 일반 음식점업,장전2동,부산광역시 금정구 장전동 312-36,부산광역시 금정구 금정로60번길 7-3,129.086751,35.23011828
충만치킨 부산대점,치킨 전문점,장전2동,부산광역시 금정구 장전동 316-11,부산광역시 금정구 금정로60번길 6,129.0866551,35.22980453
도미노피자 부산대점,피자; 햄버거; 샌드위치 및 유사 음식점업,장전2동,부산광역시 금정구 장전동 316-17,부산광역시 금정구 금정로 54,129.0863916,35.22937652
타이드 부산대점,한식 일반 음식점업,장전2동,부산광역시 금정구 장전동 316-8,부산광역시 금정구 금정로 56-1,129.0864651,35.22967264
홍두깨수타손칼국수,한식 면 요리 전문점,장전2동,부산광역시 금정구 장전동 333-7,부산광역시 금정구 장전로 35-1,129.0850002,35.22865255
비에이치씨치킨 부산대점,치킨 전문점,장전2동,부산광역시 금정구 장전동 334-45,부산광역시 금정구 금강로 230,129.0843635,35.22866352
부대치킨,치킨 전문점,장전2동,부산광역시 금정구 장전동 334-59,부산광역시 금정구 장전로 33-7,129.085211,35.22830649
큰손집,,장전2동,부산광역시 금정구 장전동 334-60,,129.087622,35.229906
대학식당,한식 일반 음식점업,장전2동,부산광역시 금정구 장전동 337-3,부산광역시 금정구 장전로 29,129.0855966,35.22835391
옛골 보리밥집,,장전2동,부산광역시 금정구 장전동 338-25,,129.086148,35.228149
믿음회수산,한식 해산물 요리 전문점,장전2동,부산광역시 금정구 장전동 339-5,부산광역시 금정구 금정로 37-1,129.0858417,35.22806132
참나무숯불구이,한식 육류 요리 전문점,장전2동,부산광역시 금정구 장전동 342-13,부산광역시 금정구 금정로 25,129.085662,35.22704612
대가호짬뽕,중식 음식점업,장전2동,부산광역시 금정구 장전동 359-2,부산광역시 금정구 장전로 53,129.0832945,35.22937582
안성미가,한식 일반 음식점업,장전2동,부산광역시 금정구 장전동 360-15,부산광역시 금정구 장전로 47-1,129.0837516,35.22921475
미식가,한식 육류 요리 전문점,장전2동,부산광역시 금정구 장전동 360-23,부산광역시 금정구 장전로 49,129.0836203,35.22923504
대길 고추불고기,한식 일반 음식점업,장전2동,부산광역시 금정구 장전동 360-5,부산광역시 금정구 장전로 47,129.0838493,35.22916801
문진옥숯불바베큐,치킨 전문점,장전2동,부산광역시 금정구 장전동 362-15,부산광역시 금정구 장전로 54-1,129.0832908,35.22966425
부산대식당,한식 일반 음식점업,장전2동,부산광역시 금정구 장전동 362-34,부산광역시 금정구 장전로 56,129.0831493,35.22971174
반누리찬나라,한식 일반 음식점업,장전1동,부산광역시 금정구 장전동 366-25,부산광역시 금정구 장전온천천로101번길 13-1,129.0884851,35.23392724
애한마음고기집,한식 일반 음식점업,장전1동,부산광역시 금정구 장전동 366-33,부산광역시 금정구 부산대학로38번길 66,129.0880282,35.23409734
돼지삼형제,한식 육류 요리 전문점,장전1동,부산광역시 금정구 장전동 366-36,부산광역시 금정구 장전온천천로 97-1,129.0890946,35.23370946
정성을다한갈비찜,한식 일반 음식점업,장전1동,부산광역시 금정구 장전동 384-1,부산광역시 금정구 금정로119번길 13,129.0868286,35.23528952
왕숟가락,한식 일반 음식점업,장전1동,부산광역시 금정구 장전동 385-18,부산광역시 금정구 금강로 293,129.0857488,35.23429886
이시봉족발보쌈,한식 일반 음식점업,장전1동,부산광역시 금정구 장전동 385-18,부산광역시 금정구 금강로 293,129.0857488,35.23429886
원촌,한식 일반 음식점업,장전1동,부산광역시 금정구 장전동 385-19,부산광역시 금정구 금강로 291,129.0856582,35.23419228
리틀차이나 성욱반점,중식 음식점업,장전1동,부산광역시 금정구 장전동 385-51,부산광역시 금정구 금강로 299,129.0858475,35.2347207
쌀통닭,치킨 전문점,장전1동,부산광역시 금정구 장전동 385-58,부산광역시 금정구 금강로 301,129.0859409,35.23493536
토흐,서양식 음식점업,장전1동,부산광역시 금정구 장전동 385-6,부산광역시 금정구 금강로 295-1,129.0857436,35.23452424
놀러갈게 부산대점,한식 일반 음식점업,장전1동,부산광역시 금정구 장전동 387-9,부산광역시 금정구 부산대학로64번길 49,129.0848659,35.2337013
스마일마라탕,한식 일반 음식점업,장전1동,부산광역시 금정구 장전동 388-1,부산광역시 금정구 금강로291번길 1,129.0856538,35.23402114
안다미로,일식 음식점업,장전1동,부산광역시 금정구 장전동 388-10,부산광역시 금정구 금강로279번길 8,129.0851631,35.23329967
동경돈까스,서양식 음식점업,장전1동,부산광역시 금정구 장전동 388-12,부산광역시 금정구 금강로279번길 6,129.0852937,35.23325236
인마이플레이스,한식 육류 요리 전문점,장전1동,부산광역시 금정구 장전동 388-14,부산광역시 금정구 금강로279번길 2,129.085468,35.23319529
구름푸드,한식 일반 음식점업,장전1동,부산광역시 금정구 장전동 388-25,부산광역시 금정구 금강로 289,129.0856284,35.23388641
야마즈미우동,일식 음식점업,장전1동,부산광역시 금정구 장전동 388-43,부산광역시 금정구 금강로 285-3,129.0853566,35.23356668
족발이다 부산대점,한식 일반 음식점업,장전1동,부산광역시 금정구 장전동 388-5,부산광역시 금정구 금강로 285-2,129.0855785,35.23365297
진경식당,한식 일반 음식점업,장전1동,부산광역시 금정구 장전동 388-5,부산광역시 금정구 금강로 285-2,129.0855785,35.23365297
오늘김해뒷고기 부산대점,한식 육류 요리 전문점,장전1동,부산광역시 금정구 장전동 389-11,부산광역시 금정구 부산대학로50번길 39,129.0862899,35.23312705
얘이,한식 육류 요리 전문점,장전1동,부산광역시 금정구 장전동 389-11,부산광역시 금정구 부산대학로50번길 39,129.0862899,35.23312705
화문,중식 음식점업,장전1동,부산광역시 금정구 장전동 389-11,부산광역시 금정구 부산대학로50번길 39,129.0862899,35.23312705
대패왕,한식 일반 음식점업,장전1동,부산광역시 금정구 장전동 389-12,부산광역시 금정구 금정로91번길 14,129.0861666,35.23303005
미도리초밥,일식 음식점업,장전1동,부산광역시 금정구 장전동 389-14,부산광역시 금정구 금정로91번길 16,129.0860132,35.23304171
몽월,중식 음식점업,장전1동,부산광역시 금정구 장전동 389-15,부산광역시 금정구 금정로91번길 20,129.0858936,35.23308883
비비큐 부산대학교점,한식 일반 음식점업,장전1동,부산광역시 금정구 장전동 389-20,부산광역시 금정구 금정로91번길 22,129.085795,35.23309954
칠리앤버건디,서양식 음식점업,장전1동,부산광역시 금정구 장전동 389-26,부산광역시 금정구 부산대학로50번길 45,129.0862004,35.23348905
피자나라치킨공주 부산대점,치킨 전문점,장전1동,부산광역시 금정구 장전동 389-29,부산광역시 금정구 금강로 292,129.0859601,35.2339708
안녕식당,한식 일반 음식점업,장전1동,부산광역시 금정구 장전동 389-29,부산광역시 금정구 금강로 292,129.0859601,35.2339708
도리신 닭도리탕 부산대점,한식 일반 음식점업,장전1동,부산광역시 금정구 장전동 389-33,부산광역시 금정구 금강로 288-13,129.0860199,35.23330292
수림,중식 음식점업,장전1동,부산광역시 금정구 장전동 389-37,부산광역시 금정구 금강로 286,129.0858493,35.23350412
락토하우스,서양식 음식점업,장전1동,부산광역시 금정구 장전동 389-51,부산광역시 금정구 부산대학로50번길 37,129.0862757,35.23300113
시골통돼지볶음,한식 육류 요리 전문점,장전1동,부산광역시 금정구 장전동 389-51,부산광역시 금정구 부산대학로50번길 37,129.0862757,35.23300113
김재완원조돼지김치구이 부산대점,한식 육류 요리 전문점,장전1동,부산광역시 금정구 장전동 389-59,부산광역시 금정구 부산대학로50번길 41,129.0862922,35.23321712
디귿,일식 음식점업,장전1동,부산광역시 금정구 장전동 389-8,부산광역시 금정구 부산대학로50번길 43,129.0863382,35.23329743
잇쇼우안,서양식 음식점업,장전1동,부산광역시 금정구 장전동 390-10,부산광역시 금정구 부산대학로50번길 40,129.0865086,35.23308723
키햐아 부산대점,일식 음식점업,장전1동,부산광역시 금정구 장전동 390-11,부산광역시 금정구 금정로91번길 8,129.0865054,35.23296113
11평막걸리,한식 일반 음식점업,장전1동,부산광역시 금정구 장전동 390-11,부산광역시 금정구 금정로91번길 8,129.0865054,35.23296113
이백장돈가스 부산대점,김밥 및 기타 간이 음식점업,장전1동,부산광역시 금정구 장전동 390-13,부산광역시 금정구 금정로91번길 6,129.0866168,35.23302229
고기는모름지기X놀래쓰,한식 육류 요리 전문점,장전1동,부산광역시 금정구 장전동 390-15,부산광역시 금정구 금정로91번길 2,129.0866913,35.23293089
몰타,한식 일반 음식점업,장전1동,부산광역시 금정구 장전동 390-9,부산광역시 금정구 부산대학로50번길 44,129.0865672,35.23323041
부소담,한식 일반 음식점업,장전1동,부산광역시 금정구 장전동 390-9,부산광역시 금정구 부산대학로50번길 44,129.0865672,35.23323041
돈돈카츠,일식 음식점업,장전1동,부산광역시 금정구 장전동 391-1,부산광역시 금정구 부산대학로38번길 53,129.0876431,35.2336444
베뜨빌,서양식 음식점업,장전1동,부산광역시 금정구 장전동 391-10,부산광역시 금정구 금정로 102-1,129.0873481,35.23370356
멕시카나치킨,치킨 전문점,장전1동,부산광역시 금정구 장전동 391-6,부산광역시 금정구 부산대학로38번길 35,129.0874138,35.23283732
황금칼국수,한식 면 요리 전문점,장전1동,부산광역시 금정구 장전동 391-6,부산광역시 금정구 부산대학로38번길 35,129.0874138,35.23283732
어가스시 가이텐스시,일식 음식점업,장전1동,부산광역시 금정구 장전동 392-5,부산광역시 금정구 장전온천천로 95,129.0890872,35.23342122
가야공원돼지국밥,한식 일반 음식점업,장전1동,부산광역시 금정구 장전동 393-10,부산광역시 금정구 장전온천천로 87,129.0889288,35.23281117
퍼스트부엌,기타 외국식 음식점업,장전1동,부산광역시 금정구 장전동 393-12,부산광역시 금정구 장전온천천로 85-1,129.0888926,35.23268564
야타이스시,일식 음식점업,장전1동,부산광역시 금정구 장전동 393-2,부산광역시 금정구 부산대학로38번길 40,129.0877013,35.23291346
올리브그린,피자; 햄버거; 샌드위치 및 유사 음식점업,장전1동,부산광역시 금정구 장전동 393-20,부산광역시 금정구 장전온천천로83번길 24,129.0876873,35.23279656
꽃달,일식 음식점업,장전1동,부산광역시 금정구 장전동 393-30,부산광역시 금정구 부산대학로38번길 42,129.0877258,35.23301217
낙양,한식 육류 요리 전문점,장전1동,부산광역시 금정구 장전동 393-40,부산광역시 금정구 장전온천천로83번길 14,129.0882668,35.23269644
르브론,서양식 음식점업,장전1동,부산광역시 금정구 장전동 393-40,부산광역시 금정구 장전온천천로83번길 14,129.0882668,35.23269644
한상,한식 일반 음식점업,장전1동,부산광역시 금정구 장전동 393-8,부산광역시 금정구 장전온천천로 89,129.0889542,35.23294591
카오카무,기타 외국식 음식점업,장전1동,부산광역시 금정구 장전동 394-15,부산광역시 금정구 장전온천천로83번길 9,129.0883816,35.23246016
담화로,한식 육류 요리 전문점,장전1동,부산광역시 금정구 장전동 394-19,부산광역시 금정구 장전온천천로79번길 24,129.0875653,35.23232105
다우다미,한식 육류 요리 전문점,장전1동,부산광역시 금정구 장전동 394-2,부산광역시 금정구 부산대학로38번길 28,129.0875674,35.23240212
범짜장&밀면,중식 음식점업,장전1동,부산광역시 금정구 장전동 394-20,부산광역시 금정구 장전온천천로79번길 22,129.0877192,35.23232741
멜버른마켓,서양식 음식점업,장전1동,부산광역시 금정구 장전동 394-33,부산광역시 금정구 장전온천천로83번길 17-1,129.0879418,35.23244072
바다사랑횟집,한식 해산물 요리 전문점,장전1동,부산광역시 금정구 장전동 394-5,부산광역시 금정구 장전온천천로 81,129.0887388,35.23225574
부막숯불닭갈비 부산대점,한식 일반 음식점업,장전1동,부산광역시 금정구 장전동 394-5,부산광역시 금정구 장전온천천로 81,129.0887388,35.23225574
토모(友),,장전1동,부산광역시 금정구 장전동 394-6,,129.088698,35.232118
부타시니세 부산대점,한식 일반 음식점업,장전1동,부산광역시 금정구 장전동 394-9,부산광역시 금정구 장전온천천로83번길 5,129.0886327,35.23240176
아리랑찜닭,한식 일반 음식점업,장전2동,부산광역시 금정구 장전동 399-13,부산광역시 금정구 부산대학로 60,129.0848906,35.23166428
맘스터치 NC백화점부산대점,피자; 햄버거; 샌드위치 및 유사 음식점업,장전2동,부산광역시 금정구 장전동 40,부산광역시 금정구 부산대학로63번길 2,129.083829,35.23224128
이랜드이츠애슐리퀸즈NC 부산대점,서양식 음식점업,장전2동,부산광역시 금정구 장전동 40,부산광역시 금정구 부산대학로63번길 2,129.083829,35.23224128
피자몰,피자; 햄버거; 샌드위치 및 유사 음식점업,장전2동,부산광역시 금정구 장전동 40,부산광역시 금정구 부산대학로63번길 2,129.083829,35.23224128
샤브올 부산대NC백화점,한식 일반 음식점업,장전2동,부산광역시 금정구 장전동 40,부산광역시 금정구 부산대학로63번길 2,129.083829,35.23224128
삼백집 부산대NC점,한식 일반 음식점업,장전2동,부산광역시 금정구 장전동 40,부산광역시 금정구 부산대학로63번길 2,129.083829,35.23224128
홍대쌀국수,한식 면 요리 전문점,장전2동,부산광역시 금정구 장전동 40,부산광역시 금정구 부산대학로63번길 2,129.083829,35.23224128
이랜드이츠 로운 부산대NC점,한식 일반 음식점업,장전2동,부산광역시 금정구 장전동 40,부산광역시 금정구 부산대학로63번길 2,129.083829,35.23224128
해리스,한식 일반 음식점업,장전2동,부산광역시 금정구 장전동 40,부산광역시 금정구 부산대학로63번길 2,129.083829,35.23224128
히노아지 부산대점,한식 일반 음식점업,장전2동,부산광역시 금정구 장전동 40,부산광역시 금정구 부산대학로63번길 2,129.083829,35.23224128
몽포트,서양식 음식점업,장전2동,부산광역시 금정구 장전동 400-54,부산광역시 금정구 부산대학로63번길 7,129.0842767,35.23127835
마라내음 부산대점,중식 음식점업,장전2동,부산광역시 금정구 장전동 400-60,부산광역시 금정구 부산대학로 61,129.0845637,35.23133648
이삭,피자; 햄버거; 샌드위치 및 유사 음식점업,장전2동,부산광역시 금정구 장전동 400-61,부산광역시 금정구 부산대학로 63,129.0843894,35.23139356
엘부리또,서양식 음식점업,장전1동,부산광역시 금정구 장전동 40-10,부산광역시 금정구 금강로279번길 30-7,129.0838492,35.23389003
나우잇,피자; 햄버거; 샌드위치 및 유사 음식점업,장전2동,부산광역시 금정구 장전동 401-1,부산광역시 금정구 금강로 271-11,129.084579,35.23236353
피자먹다 부산대점,피자; 햄버거; 샌드위치 및 유사 음식점업,장전2동,부산광역시 금정구 장전동 401-1,부산광역시 금정구 금강로 271-11,129.084579,35.23236353
오사카함박스테이크,일식 음식점업,장전2동,부산광역시 금정구 장전동 401-10,부산광역시 금정구 부산대학로64번길 14-3,129.0846636,35.23223591
전주콩나물국밥 전문점,한식 일반 음식점업,장전2동,부산광역시 금정구 장전동 401-17,부산광역시 금정구 부산대학로64번길 12-7,129.0849106,35.23201538
송림,한식 일반 음식점업,장전2동,부산광역시 금정구 장전동 401-18,부산광역시 금정구 부산대학로64번길 12-8,129.0848861,35.23191668
장인해장국,한식 일반 음식점업,장전2동,부산광역시 금정구 장전동 401-25,부산광역시 금정구 부산대학로64번길 12-4,129.0846016,35.23195762
모시모시,일식 음식점업,장전2동,부산광역시 금정구 장전동 401-5,부산광역시 금정구 금강로 271-5,129.0849609,35.23226683
유림부대밀면,한식 면 요리 전문점,장전2동,부산광역시 금정구 장전동 403-16,부산광역시 금정구 부산대학로63번길 21-5,129.0844053,35.23072643
어스샐러드,한식 일반 음식점업,장전2동,부산광역시 금정구 장전동 403-2,부산광역시 금정구 부산대학로63번길 11,129.0841954,35.23110853
탕화쿵푸마라탕,중식 음식점업,장전2동,부산광역시 금정구 장전동 403-21,부산광역시 금정구 부산대학로63번길 21-4,129.0842264,35.23060335
온결,한식 일반 음식점업,장전2동,부산광역시 금정구 장전동 403-22,부산광역시 금정구 부산대학로63번길 21,129.0841064,35.23063246
나오리쇼쿠 부산대점,일식 음식점업,장전2동,부산광역시 금정구 장전동 409-14,부산광역시 금정구 금강로 271-14,129.0850811,35.23267028
뭄바이,기타 외국식 음식점업,장전2동,부산광역시 금정구 장전동 409-15,부산광역시 금정구 금강로 271-6,129.0850557,35.23253555
큰맘할매순대국,한식 일반 음식점업,장전2동,부산광역시 금정구 장전동 409-15,부산광역시 금정구 금강로 271-6,129.0850557,35.23253555
칠칠켄터키,치킨 전문점,장전2동,부산광역시 금정구 장전동 409-17,부산광역시 금정구 금강로 271-8,129.0848922,35.23258342
부산아구야,한식 일반 음식점업,장전2동,부산광역시 금정구 장전동 409-25,부산광역시 금정구 부산대학로64번길 32-7,129.0847861,35.23272943
홍콩반점0410 부산대점,중식 음식점업,장전2동,부산광역시 금정구 장전동 409-9,부산광역시 금정구 부산대학로64번길 34,129.0848376,35.23302592
칼맛나는 푸짐한횟집,한식 해산물 요리 전문점,장전1동,부산광역시 금정구 장전동 412-10,부산광역시 금정구 장전온천천로 77-1,129.088698,35.23195006
달순이,한식 일반 음식점업,장전1동,부산광역시 금정구 장전동 412-10,부산광역시 금정구 장전온천천로 77-1,129.088698,35.23195006
달순이,한식 일반 음식점업,장전1동,부산광역시 금정구 장전동 412-10,부산광역시 금정구 장전온천천로 77-1,129.088698,35.23195006
서울깍두기,한식 일반 음식점업,장전1동,부산광역시 금정구 장전동 412-11,부산광역시 금정구 장전온천천로 75,129.0886806,35.23169804
코하루,일식 음식점업,장전1동,부산광역시 금정구 장전동 412-22,부산광역시 금정구 부산대학로38번길 16,129.0874467,35.23198066
심취,한식 일반 음식점업,장전1동,부산광역시 금정구 장전동 412-23,부산광역시 금정구 부산대학로38번길 14,129.087433,35.23187276
굽네치킨장전점,치킨 전문점,장전1동,부산광역시 금정구 장전동 412-40,부산광역시 금정구 장전온천천로73번길 6,129.0885593,35.23168211
키무엔라멘,일식 음식점업,장전1동,부산광역시 금정구 장전동 412-40,부산광역시 금정구 장전온천천로73번길 6,129.0885593,35.23168211
그린,한식 일반 음식점업,장전1동,부산광역시 금정구 장전동 412-40,부산광역시 금정구 장전온천천로73번길 6,129.0885593,35.23168211
줄스브리또&파스타,서양식 음식점업,장전1동,부산광역시 금정구 장전동 412-45,부산광역시 금정구 장전온천천로73번길 14,129.0880674,35.2317717
보울스장전점,피자; 햄버거; 샌드위치 및 유사 음식점업,장전2동,부산광역시 금정구 장전동 413-1,부산광역시 금정구 장전온천천로73번길 23,129.0875045,35.23166426
스시마이우 부산대점,일식 음식점업,장전2동,부산광역시 금정구 장전동 413-11,부산광역시 금정구 부산대학로 34,129.0877142,35.23127315
족발신선생 부산대점,한식 일반 음식점업,장전2동,부산광역시 금정구 장전동 413-16,부산광역시 금정구 부산대학로 28,129.0882852,35.23127231
노브랜드버거 부산대점,피자; 햄버거; 샌드위치 및 유사 음식점업,장전2동,부산광역시 금정구 장전동 413-17,부산광역시 금정구 부산대학로 26,129.0883841,35.23127061
남원추어탕,한식 일반 음식점업,장전2동,부산광역시 금정구 장전동 413-18,부산광역시 금정구 장전온천천로73번길 5,129.0884244,35.23155828
맛나감자탕 부산대점,한식 일반 음식점업,장전2동,부산광역시 금정구 장전동 413-20,부산광역시 금정구 장전온천천로 73,129.0886517,35.23142819
크라운닭발,한식 일반 음식점업,장전2동,부산광역시 금정구 장전동 413-28,부산광역시 금정구 부산대학로38번길 12,129.0873966,35.23173822
부산대퇴근길,한식 육류 요리 전문점,장전2동,부산광역시 금정구 장전동 413-36,부산광역시 금정구 부산대학로 30-10,129.0878963,35.23152233
전통쑥밀면&족발&국밥,한식 면 요리 전문점,장전2동,부산광역시 금정구 장전동 413-6,부산광역시 금정구 부산대학로 38,129.0873885,35.23142296
하나이미,일식 음식점업,장전2동,부산광역시 금정구 장전동 414-11,부산광역시 금정구 장전온천천로 63,129.0888397,35.23062293
라화공방 부산대점,중식 음식점업,장전2동,부산광역시 금정구 장전동 414-12,부산광역시 금정구 금정로68번길 41,129.0887907,35.23042552
아리산반점,중식 음식점업,장전2동,부산광역시 금정구 장전동 414-16,부산광역시 금정구 금정로68번길 31-6,129.0883933,35.23077481
마당쇠돼지갈비,한식 육류 요리 전문점,장전2동,부산광역시 금정구 장전동 414-23,부산광역시 금정구 부산대학로 29,129.0880203,35.23079026
심,일식 음식점업,장전2동,부산광역시 금정구 장전동 414-23,부산광역시 금정구 부산대학로 29,129.0880203,35.23079026
타카이별관,일식 음식점업,장전2동,부산광역시 금정구 장전동 414-23,부산광역시 금정구 부산대학로 29,129.0881301,35.23078837
가득피자 금정점,피자; 햄버거; 샌드위치 및 유사 음식점업,장전2동,부산광역시 금정구 장전동 414-23,부산광역시 금정구 부산대학로 29,129.0880203,35.23079026
크리스피크림 부산대점,한식 일반 음식점업,장전2동,부산광역시 금정구 장전동 414-25,부산광역시 금정구 부산대학로 31,129.0877411,35.23103839
껍사랑목사랑,한식 육류 요리 전문점,장전2동,부산광역시 금정구 장전동 414-4,부산광역시 금정구 장전온천천로 65-1,129.0886044,35.2308703
봉추찜닭,한식 일반 음식점업,장전2동,부산광역시 금정구 장전동 414-7,부산광역시 금정구 장전온천천로 65,129.0886671,35.23074305
롯데리아 부산대점,피자; 햄버거; 샌드위치 및 유사 음식점업,장전2동,부산광역시 금정구 장전동 415-13,부산광역시 금정구 부산대학로 39,129.0870168,35.2310599
연경댁,한식 일반 음식점업,장전2동,부산광역시 금정구 장전동 415-18,부산광역시 금정구 부산대학로 33-20,129.0871533,35.23081423
백초밥,일식 음식점업,장전2동,부산광역시 금정구 장전동 415-23,부산광역시 금정구 금정로 72,129.086773,35.23097399
겐쇼심야라멘,일식 음식점업,장전2동,부산광역시 금정구 장전동 415-3,부산광역시 금정구 금정로68번길 7,129.0870112,35.23084372
샌드우드,서양식 음식점업,장전2동,부산광역시 금정구 장전동 415-6,부산광역시 금정구 부산대학로 33-4,129.0874749,35.23093485
하이다우트,서양식 음식점업,장전2동,부산광역시 금정구 장전동 416-10,부산광역시 금정구 부산대학로38번길 9,129.0871544,35.23171536
짬뽕상회 부산대점,중식 음식점업,장전2동,부산광역시 금정구 장전동 416-10,부산광역시 금정구 부산대학로38번길 9,129.0871544,35.23171536
로꼬꼬,,장전2동,부산광역시 금정구 장전동 416-10,,129.087141,35.231706
정성육회 부산대점,기타 주점업,장전2동,부산광역시 금정구 장전동 416-15,부산광역시 금정구 부산대학로38번길 5,129.0870821,35.23146429
좋은집,한식 육류 요리 전문점,장전2동,부산광역시 금정구 장전동 416-19,부산광역시 금정구 부산대학로38번길 33,129.0873431,35.2326493
남다른썬치킨 부산대점,치킨 전문점,장전2동,부산광역시 금정구 장전동 416-28,부산광역시 금정구 부산대학로38번길 23,129.0873,35.23225354
비비큐 부산대학교점,치킨 전문점,장전2동,부산광역시 금정구 장전동 416-3,부산광역시 금정구 금정로 92,129.0870917,35.23269869
백석,서양식 음식점업,장전2동,부산광역시 금정구 장전동 416-30,부산광역시 금정구 부산대학로38번길 23-1,129.0871895,35.23222841
본도시락 부산대점,한식 일반 음식점업,장전2동,부산광역시 금정구 장전동 416-35,부산광역시 금정구 금정로 86,129.0869692,35.23220518
이도명가 부산대점,한식 일반 음식점업,장전2동,부산광역시 금정구 장전동 416-35,부산광역시 금정구 금정로 86,129.0869692,35.23220518
장호가양꼬치 2호점,중식 음식점업,장전2동,부산광역시 금정구 장전동 416-39,부산광역시 금정구 부산대학로38번길 17,129.0872503,35.23202911
참새와뱁새,한식 일반 음식점업,장전2동,부산광역시 금정구 장전동 416-4,부산광역시 금정구 부산대학로38번길 25,129.0873023,35.23234361
라메이사천훠궈,중식 음식점업,장전2동,부산광역시 금정구 장전동 416-8,부산광역시 금정구 부산대학로38번길 15,129.087215,35.2319396
장호가양꼬치,중식 음식점업,장전2동,부산광역시 금정구 장전동 416-9,부산광역시 금정구 부산대학로38번길 13,129.0871805,35.23187712
하이뎅 부산대2호점,한식 일반 음식점업,장전2동,부산광역시 금정구 장전동 417-1,부산광역시 금정구 금정로 89-1,129.0867413,35.23274078
칼집삼겹,한식 육류 요리 전문점,장전2동,부산광역시 금정구 장전동 417-2,부산광역시 금정구 금정로91번길 3,129.0866103,35.23277008
쉼표,서양식 음식점업,장전2동,부산광역시 금정구 장전동 417-2,부산광역시 금정구 금정로91번길 3,129.0866103,35.23277008
하울키친,한식 일반 음식점업,장전2동,부산광역시 금정구 장전동 417-26,부산광역시 금정구 부산대학로50번길 22,129.0863026,35.23233382
아웃닭 부산대점,치킨 전문점,장전2동,부산광역시 금정구 장전동 417-29,부산광역시 금정구 부산대학로50번길 28,129.0863417,35.23257646
곱창이야기,한식 육류 요리 전문점,장전2동,부산광역시 금정구 장전동 417-33,부산광역시 금정구 부산대학로50번길 12,129.0861801,35.2318403
우리집,한식 일반 음식점업,장전2동,부산광역시 금정구 장전동 417-33,부산광역시 금정구 부산대학로50번길 12,129.0861801,35.2318403
치한당,한식 일반 음식점업,장전2동,부산광역시 금정구 장전동 417-33,부산광역시 금정구 부산대학로50번길 12,129.0861801,35.2318403
미광,한식 일반 음식점업,장전2동,부산광역시 금정구 장전동 417-34,부산광역시 금정구 부산대학로50번길 8,129.0861307,35.23162488
빨간코 사람들,한식 일반 음식점업,장전2동,부산광역시 금정구 장전동 417-34,부산광역시 금정구 부산대학로50번길 8,129.0861307,35.23162488
써브웨이 부산대점,피자; 햄버거; 샌드위치 및 유사 음식점업,장전2동,부산광역시 금정구 장전동 417-39,부산광역시 금정구 부산대학로 48,129.0860707,35.23142766
153구포국수 부산대점,한식 면 요리 전문점,장전2동,부산광역시 금정구 장전동 417-39,부산광역시 금정구 부산대학로 48,129.0860707,35.23142766
부산대잇쇼,서양식 음식점업,장전2동,부산광역시 금정구 장전동 417-6,부산광역시 금정구 부산대학로50번길 14,129.0862286,35.2320197
은화수식당,서양식 음식점업,장전2동,부산광역시 금정구 장전동 418-1,부산광역시 금정구 금강로 280,129.0856582,35.23290364
라멘쿠우,일식 음식점업,장전2동,부산광역시 금정구 장전동 418-1,부산광역시 금정구 금강로 280,129.0856582,35.23290364
미미엔 부산대점,한식 육류 요리 전문점,장전2동,부산광역시 금정구 장전동 418-12,부산광역시 금정구 금강로 272,129.0854758,35.2322129
온정,한식 일반 음식점업,장전2동,부산광역시 금정구 장전동 418-12,부산광역시 금정구 금강로 272,129.0854758,35.2322129
교토밥상,일식 음식점업,장전2동,부산광역시 금정구 장전동 418-13,부산광역시 금정구 금강로 270,129.0854396,35.23208737
교촌치킨 부산대점,치킨 전문점,장전2동,부산광역시 금정구 장전동 418-13,부산광역시 금정구 금강로 270,129.0854396,35.23208737
온달집 부산대점,한식 육류 요리 전문점,장전2동,부산광역시 금정구 장전동 418-14,부산광역시 금정구 부산대학로50번길 13,129.0859638,35.23197019
1537씬짜오,한식 일반 음식점업,장전2동,부산광역시 금정구 장전동 418-15,부산광역시 금정구 부산대학로50번길 9,129.0859162,35.23182683
투게더,한식 일반 음식점업,장전2동,부산광역시 금정구 장전동 418-16,부산광역시 금정구 부산대학로50번길 5,129.0858896,35.23164706
쏘시지요 부산대점,일식 음식점업,장전2동,부산광역시 금정구 장전동 418-17,부산광역시 금정구 부산대학로50번길 21,129.085995,35.23233011
마왕족발,한식 일반 음식점업,장전2동,부산광역시 금정구 장전동 418-18,부산광역시 금정구 부산대학로50번길 19,129.0860695,35.23223871
노랑통닭 부산대점,치킨 전문점,장전2동,부산광역시 금정구 장전동 418-2,부산광역시 금정구 금정로91번길 19,129.0858441,35.2328734
김해뒷고기,한식 육류 요리 전문점,장전2동,부산광역시 금정구 장전동 418-25,부산광역시 금정구 금강로 276-9,129.0860483,35.23269866
대박횟집,한식 해산물 요리 전문점,장전2동,부산광역시 금정구 장전동 418-30,부산광역시 금정구 금강로 276-8,129.085858,35.23255776
따띠삼겹 부산대점,한식 육류 요리 전문점,장전2동,부산광역시 금정구 장전동 418-32,부산광역시 금정구 금강로 276,129.0855733,35.23258971
조선칼국수와통막걸리,한식 면 요리 전문점,장전2동,부산광역시 금정구 장전동 418-37,부산광역시 금정구 부산대학로50번길 7-6,129.0855775,35.23189575
골목,한식 일반 음식점업,장전2동,부산광역시 금정구 장전동 418-40,부산광역시 금정구 부산대학로50번길 3-4,129.085748,35.23169456
만병통취,한식 일반 음식점업,장전2동,부산광역시 금정구 장전동 418-41,부산광역시 금정구 부산대학로50번길 3-6,129.0856273,35.23169664
따이응웬관,기타 외국식 음식점업,장전2동,부산광역시 금정구 장전동 418-50,부산광역시 금정구 금강로 268-1,129.0854037,35.23197084
양양양꼬치,중식 음식점업,장전2동,부산광역시 금정구 장전동 418-50,부산광역시 금정구 금강로 268-1,129.0854037,35.23197084
흥팟2,한식 일반 음식점업,장전2동,부산광역시 금정구 장전동 418-50,부산광역시 금정구 금강로 268-1,129.0854037,35.23197084
톰아저씨,한식 일반 음식점업,장전2동,부산광역시 금정구 장전동 418-59,부산광역시 금정구 금강로 270-3,129.0856077,35.23221964
형제닭도리,한식 일반 음식점업,장전2동,부산광역시 금정구 장전동 418-6,부산광역시 금정구 금정로91번길 13-1,129.0860849,35.23284222
부산청춘,한식 일반 음식점업,장전2동,부산광역시 금정구 장전동 418-63,부산광역시 금정구 금강로 272-1,129.0854906,35.23236584
고기랑한방울,한식 육류 요리 전문점,장전2동,부산광역시 금정구 장전동 418-67,부산광역시 금정구 금강로 274-3,129.0856581,35.23247109
승화양꼬치,중식 음식점업,장전2동,부산광역시 금정구 장전동 418-7,부산광역시 금정구 금정로91번길 13,129.0861387,35.23279623
리틀프랑,서양식 음식점업,장전2동,부산광역시 금정구 장전동 418-71,부산광역시 금정구 부산대학로 50,129.0858411,35.23146767
박가부대찌개 부산대점,한식 일반 음식점업,장전2동,부산광역시 금정구 장전동 418-79,부산광역시 금정구 금강로 266,129.085354,35.23174641
소고기세끼,한식 육류 요리 전문점,장전2동,부산광역시 금정구 장전동 418-80,부산광역시 금정구 부산대학로50번길 3-8,129.0855067,35.23170773
선진축산,한식 육류 요리 전문점,장전2동,부산광역시 금정구 장전동 418-9,부산광역시 금정구 금강로 278,129.0856209,35.23273307
상생라멘,일식 음식점업,장전2동,부산광역시 금정구 장전동 418-9,부산광역시 금정구 금강로 278,129.0856209,35.23273307
물고기,기타 주점업,장전2동,부산광역시 금정구 장전동 419-10,부산광역시 금정구 금강로 271-4,129.0852299,35.23247847
진국명가,한식 일반 음식점업,장전2동,부산광역시 금정구 장전동 419-11,부산광역시 금정구 금강로 271,129.0851688,35.23223622
정진영펍,서양식 음식점업,장전2동,부산광역시 금정구 장전동 419-11,부산광역시 금정구 금강로 271,129.0851688,35.23223622
내가찜한닭,한식 일반 음식점업,장전2동,부산광역시 금정구 장전동 419-15,부산광역시 금정구 부산대학로 57,129.0849141,35.2312944
미가락,서양식 음식점업,장전2동,부산광역시 금정구 장전동 419-15,부산광역시 금정구 부산대학로 57,129.0849141,35.2312944
델라고,서양식 음식점업,장전2동,부산광역시 금정구 장전동 419-18,부산광역시 금정구 금강로 253-1,129.0847914,35.23079187
미가원마라탕,중식 음식점업,장전2동,부산광역시 금정구 장전동 419-19,부산광역시 금정구 금강로 253,129.0846573,35.23070407
산쇼쿠,일식 음식점업,장전2동,부산광역시 금정구 장전동 419-20,부산광역시 금정구 금강로 247-8,129.0843975,35.23042018
톤쇼우,일식 음식점업,장전2동,부산광역시 금정구 장전동 419-21,부산광역시 금정구 금강로 247-10,129.0842774,35.23044928
효원면옥,한식 면 요리 전문점,장전2동,부산광역시 금정구 장전동 419-21,부산광역시 금정구 금강로 247-10,129.0842774,35.23044928
나베야 부산대점,서양식 음식점업,장전2동,부산광역시 금정구 장전동 419-22,부산광역시 금정구 금강로 247-12,129.0841788,35.23045999
부들파이터,기타 외국식 음식점업,장전2동,부산광역시 금정구 장전동 419-24,부산광역시 금정구 금강로 255-4,129.0847869,35.23104427
야마벤또,일식 음식점업,장전2동,부산광역시 금정구 장전동 419-24,부산광역시 금정구 금강로 255-4,129.0847869,35.23104427
평화김해뒷고기 부산대점,한식 육류 요리 전문점,장전2동,부산광역시 금정구 장전동 419-25,부산광역시 금정구 금강로 251-1,129.0847531,35.23058527
정성식당 부산대점,한식 일반 음식점업,장전2동,부산광역시 금정구 장전동 419-27,부산광역시 금정구 금강로 249,129.084682,35.23037923
춘리마라탕 부산대정문점,중식 음식점업,장전2동,부산광역시 금정구 장전동 419-28,부산광역시 금정구 금강로 247-6,129.0845285,35.23039089
가또로스코,서양식 음식점업,장전2동,부산광역시 금정구 장전동 419-31,부산광역시 금정구 부산대학로64번길 40,129.0848534,35.23321489
본죽&비빔밥 부산대점,한식 일반 음식점업,장전2동,부산광역시 금정구 장전동 419-43,부산광역시 금정구 금강로 265,129.0850361,35.23176991
탕화쿵푸마라탕,중식 음식점업,장전2동,부산광역시 금정구 장전동 419-45,부산광역시 금정구 금강로 267,129.0850718,35.23187743
한끼닭칼국수 부산대점,한식 면 요리 전문점,장전2동,부산광역시 금정구 장전동 419-47,부산광역시 금정구 금강로 269,129.085132,35.23208366
타쿠미,일식 음식점업,장전2동,부산광역시 금정구 장전동 419-50,부산광역시 금정구 금강로 275,129.0853578,35.23275562
덮밥장사장 부산대점,일식 음식점업,장전2동,부산광역시 금정구 장전동 419-50,부산광역시 금정구 금강로 275,129.0853578,35.23275562
카츠면,한식 일반 음식점업,장전2동,부산광역시 금정구 장전동 419-50,부산광역시 금정구 금강로 275,129.0853578,35.23275562
송주불냉면,한식 면 요리 전문점,장전2동,부산광역시 금정구 장전동 419-59,부산광역시 금정구 금강로 267-3,129.0851084,35.23202098
더만족,,장전2동,부산광역시 금정구 장전동 419-6,,129.08522,35.232975
파파존스 부산대점,피자; 햄버거; 샌드위치 및 유사 음식점업,장전2동,부산광역시 금정구 장전동 419-60,부산광역시 금정구 부산대학로 58,129.0850441,35.23165262
플러스(+) 호랑이김치찜,,장전2동,부산광역시 금정구 장전동 419-63,,129.084887,35.231654
스시심,한식 해산물 요리 전문점,장전2동,부산광역시 금정구 장전동 419-7,부산광역시 금정구 금강로 279-1,129.0854199,35.23303391
야끼바장전,한식 일반 음식점업,장전2동,부산광역시 금정구 장전동 419-7,부산광역시 금정구 금강로 279-1,129.0854199,35.23303391
친구집부대찌개,한식 일반 음식점업,장전2동,부산광역시 금정구 장전동 419-9,부산광역시 금정구 금강로 277,129.0853833,35.23289036
고메밀면,한식 면 요리 전문점,장전2동,부산광역시 금정구 장전동 420-1,부산광역시 금정구 부산대학로 49,129.0856681,35.23114623
더홀릭 부산대점,한식 일반 음식점업,장전2동,부산광역시 금정구 장전동 420-1,부산광역시 금정구 부산대학로 49,129.0856681,35.23114623
셰프의국수전 부산대점,,장전2동,부산광역시 금정구 장전동 420-1,,129.085668,35.231148
코타츠,일식 음식점업,장전2동,부산광역시 금정구 장전동 420-11,부산광역시 금정구 부산대학로49번길 18,129.0855961,35.23048063
혼밥에빠진날,한식 일반 음식점업,장전2동,부산광역시 금정구 장전동 420-20,부산광역시 금정구 부산대학로49번길 10,129.0856827,35.23085762
그집짬뽕0927 부산대점,중식 음식점업,장전2동,부산광역시 금정구 장전동 420-23,부산광역시 금정구 부산대학로 53-1,129.08536,35.23112451
고래섬 부산대점,한식 일반 음식점업,장전2동,부산광역시 금정구 장전동 420-25,부산광역시 금정구 금강로 260,129.0852063,35.23112716
동동국밥 부산대점,한식 일반 음식점업,장전2동,부산광역시 금정구 장전동 420-25,부산광역시 금정구 금강로 260,129.0852063,35.23112716
홍익돈까스 부산대점,서양식 음식점업,장전2동,부산광역시 금정구 장전동 420-26,부산광역시 금정구 금강로 258,129.0851601,35.23103784
구구향산씨도삭면,중식 음식점업,장전2동,부산광역시 금정구 장전동 420-26,부산광역시 금정구 금강로 258,129.0851601,35.23103784
마마도마 부산대점,일식 음식점업,장전2동,부산광역시 금정구 장전동 420-28,부산광역시 금정구 금강로 248-5,129.0851625,35.23027182
개성상인,한식 육류 요리 전문점,장전2동,부산광역시 금정구 장전동 420-28,부산광역시 금정구 금강로 248-5,129.0851625,35.23027182
미분당 부산대점,기타 외국식 음식점업,장전2동,부산광역시 금정구 장전동 420-28,부산광역시 금정구 금강로 248-5,129.0851625,35.23027182
다드림축산,한식 육류 요리 전문점,장전2동,부산광역시 금정구 장전동 420-29,부산광역시 금정구 금강로 252,129.0850017,35.23042779
부산시대 부산대점,한식 일반 음식점업,장전2동,부산광역시 금정구 장전동 420-29,부산광역시 금정구 금강로 252,129.0850017,35.23042779
식당103,한식 면 요리 전문점,장전2동,부산광역시 금정구 장전동 420-30,부산광역시 금정구 금강로 250,129.084988,35.23031989
코코브라운,서양식 음식점업,장전2동,부산광역시 금정구 장전동 420-30,부산광역시 금정구 금강로 250,129.084988,35.23031989
홍보석식당,한식 육류 요리 전문점,장전2동,부산광역시 금정구 장전동 420-34,부산광역시 금정구 금강로 256-7,129.0854531,35.23089762
충남식당,,장전2동,부산광역시 금정구 장전동 420-34,,129.085455,35.230899
소맥생bnb,한식 일반 음식점업,장전2동,부산광역시 금정구 장전동 420-37,부산광역시 금정구 금강로 256-10,129.0855155,35.23076137
조우,한식 일반 음식점업,장전2동,부산광역시 금정구 장전동 420-38,부산광역시 금정구 금강로 256-8,129.0854174,35.2307901
오보레,한식 일반 음식점업,장전2동,부산광역시 금정구 장전동 420-39,부산광역시 금정구 금강로 256,129.0851111,35.23084043
보글보글국밥,한식 일반 음식점업,장전2동,부산광역시 금정구 장전동 420-41,부산광역시 금정구 금강로 256-5,129.0853216,35.2309089
이츠키,일식 음식점업,장전2동,부산광역시 금정구 장전동 420-41,부산광역시 금정구 금강로 256-5,129.0853216,35.2309089
비스트로PS,,장전2동,부산광역시 금정구 장전동 420-41,,129.085312,35.23091
리멘시타Limensita,피자; 햄버거; 샌드위치 및 유사 음식점업,장전2동,부산광역시 금정구 장전동 420-43,부산광역시 금정구 금강로 254,129.0850512,35.23064321
곁집,한식 일반 음식점업,장전2동,부산광역시 금정구 장전동 420-43,부산광역시 금정구 금강로 254,129.0850512,35.23064321
라멘정 부산대학점,한식 일반 음식점업,장전2동,부산광역시 금정구 장전동 420-5,부산광역시 금정구 부산대학로49번길 16,129.0855882,35.23059791
위더푸드,피자; 햄버거; 샌드위치 및 유사 음식점업,장전2동,부산광역시 금정구 장전동 420-5,부산광역시 금정구 부산대학로49번길 16,129.0855882,35.23059791
긴자료코 부산대점,일식 음식점업,장전2동,부산광역시 금정구 장전동 420-50,부산광역시 금정구 금강로 248-9,129.0854794,35.23021229
덮석,한식 일반 음식점업,장전2동,부산광역시 금정구 장전동 420-50,부산광역시 금정구 금강로 248-9,129.0854794,35.23021229
규카츠정 부산대점,일식 음식점업,장전2동,부산광역시 금정구 장전동 420-50,부산광역시 금정구 금강로 248-9,129.0854794,35.23021229
자마미등갈비,한식 일반 음식점업,장전2동,부산광역시 금정구 장전동 420-6,부산광역시 금정구 부산대학로49번길 22,129.0855488,35.23034627
가장맛있는족발 부산대점,한식 일반 음식점업,장전2동,부산광역시 금정구 장전동 420-6,부산광역시 금정구 부산대학로49번길 22,129.0855488,35.23034627
와이프,한식 일반 음식점업,장전2동,부산광역시 금정구 장전동 420-6,부산광역시 금정구 부산대학로49번길 22,129.0855488,35.23034627
유가솜씨,한식 일반 음식점업,장전2동,부산광역시 금정구 장전동 420-8,부산광역시 금정구 금강로 248-7,129.0853045,35.23024234
해쉬,서양식 음식점업,장전2동,부산광역시 금정구 장전동 420-9,부산광역시 금정구 금강로 248-3,129.0851991,35.23041538
겐로쿠우동 부산대점,일식 음식점업,장전2동,부산광역시 금정구 장전동 421-1,부산광역시 금정구 부산대학로 45-1,129.0862172,35.23114578
진주식당,한식 일반 음식점업,장전2동,부산광역시 금정구 장전동 421-10,부산광역시 금정구 부산대학로49번길 17,129.0858596,35.23047608
소주담당,한식 일반 음식점업,장전2동,부산광역시 금정구 장전동 421-10,부산광역시 금정구 부산대학로49번길 17,129.0858596,35.23047608
골목식당,,장전2동,부산광역시 금정구 장전동 421-11,,129.085738,35.230228
부산대카츠안,한식 일반 음식점업,장전2동,부산광역시 금정구 장전동 421-12,부산광역시 금정구 금정로 59-8,129.0857852,35.23014394
고풍,한식 일반 음식점업,장전2동,부산광역시 금정구 장전동 421-14,부산광역시 금정구 금정로 61,129.0861582,35.2301285
고갈비집,한식 육류 요리 전문점,장전2동,부산광역시 금정구 장전동 421-17,부산광역시 금정구 부산대학로49번길 19,129.0858127,35.23035974
부산대우쭈쭈,한식 일반 음식점업,장전2동,부산광역시 금정구 장전동 421-17,부산광역시 금정구 부산대학로49번길 19,129.0858127,35.23035974
칼집삼겹,한식 일반 음식점업,장전2동,부산광역시 금정구 장전동 421-20,부산광역시 금정구 금정로 59-4,129.0859826,35.23013153
아띠몽 부산대점,한식 일반 음식점업,장전2동,부산광역시 금정구 장전동 421-23,부산광역시 금정구 부산대학로 45,129.0863375,35.23112568
진주비봉식당,한식 일반 음식점업,장전2동,부산광역시 금정구 장전동 421-7,부산광역시 금정구 부산대학로49번길 13,129.0861108,35.23085024
장전돼지국밥,한식 일반 음식점업,장전2동,부산광역시 금정구 장전동 421-7,부산광역시 금정구 부산대학로49번길 13,129.0861108,35.23085024
터줏집,한식 일반 음식점업,장전2동,부산광역시 금정구 장전동 421-7,부산광역시 금정구 부산대학로49번길 13,129.0861108,35.23085024
하얼빈,중식 음식점업,장전2동,부산광역시 금정구 장전동 421-9,부산광역시 금정구 금정로 61-1,129.0861615,35.2302546
현풍닭칼국수,한식 면 요리 전문점,장전2동,부산광역시 금정구 장전동 421-9,부산광역시 금정구 금정로 61-1,129.0861615,35.2302546
웰컴포,기타 외국식 음식점업,장전2동,부산광역시 금정구 장전동 422-1,부산광역시 금정구 금정로 59-1,129.0860649,35.22991383
서양식당,서양식 음식점업,장전2동,부산광역시 금정구 장전동 422-1,부산광역시 금정구 금정로 59-1,129.0860649,35.22991383
토비코,한식 일반 음식점업,장전2동,부산광역시 금정구 장전동 422-13,부산광역시 금정구 금정로 45,129.085774,35.22884648
혼돈돈가스&함박스테이크,서양식 음식점업,장전2동,부산광역시 금정구 장전동 422-21,부산광역시 금정구 부산대학로49번길 43,129.0855449,35.22933705
스스키노,일식 음식점업,장전2동,부산광역시 금정구 장전동 422-21,부산광역시 금정구 부산대학로49번길 43,129.0855449,35.22933705
돈토삼겹살,한식 육류 요리 전문점,장전2동,부산광역시 금정구 장전동 422-25,부산광역시 금정구 금정로 55,129.0860234,35.22958112
꾼닭꾼덕,한식 일반 음식점업,장전2동,부산광역시 금정구 장전동 422-3,부산광역시 금정구 금정로 57,129.0860486,35.22970685
수라돼지국밥,한식 일반 음식점업,장전2동,부산광역시 금정구 장전동 422-31,부산광역시 금정구 금정로 57-1,129.0860296,35.22982433
유가네춘천닭갈비 2,한식 육류 요리 전문점,장전2동,부산광역시 금정구 장전동 422-32,부산광역시 금정구 금정로 59-5,129.0859116,35.2299345
빠코타코,,장전2동,부산광역시 금정구 장전동 422-32,,129.085908,35.229919
레옹,,장전2동,부산광역시 금정구 장전동 422-39,,129.085788,35.229948
숑숑돈까스&도시락 부산대점,일식 음식점업,장전2동,부산광역시 금정구 장전동 422-41,부산광역시 금정구 부산대학로49번길 33,129.0856234,35.22983133
칠성돌곱창,한식 육류 요리 전문점,장전2동,부산광역시 금정구 장전동 422-7,부산광역시 금정구 부산대학로49번길 49,129.0854511,35.22910437
샌드픽,피자; 햄버거; 샌드위치 및 유사 음식점업,장전2동,부산광역시 금정구 장전동 423-14,부산광역시 금정구 금강로 248-6,129.085103,35.23009262
티니248,기타 외국식 음식점업,장전2동,부산광역시 금정구 장전동 423-15,부산광역시 금정구 금강로 248-4,129.084939,35.23012248
엠 멘토,,장전2동,부산광역시 금정구 장전동 423-17,,129.084973,35.229859
우리터닭집,치킨 전문점,장전2동,부산광역시 금정구 장전동 423-22,부산광역시 금정구 부산대학로49번길 52,129.0851853,35.22901884
시어링앤스터프,한식 육류 요리 전문점,장전2동,부산광역시 금정구 장전동 423-22,부산광역시 금정구 부산대학로49번길 52,129.0851853,35.22901884
팔팔탕수육,중식 음식점업,장전2동,부산광역시 금정구 장전동 423-22,부산광역시 금정구 부산대학로49번길 52,129.0851853,35.22901884
천라쿵푸마라탕 본점,중식 음식점업,장전2동,부산광역시 금정구 장전동 423-25,부산광역시 금정구 금강로 248-8,129.085245,35.23006314
황소야,한식 육류 요리 전문점,장전2동,부산광역시 금정구 장전동 423-27,부산광역시 금정구 부산대학로49번길 32,129.0854169,35.22991599
진쓰푸드,치킨 전문점,장전2동,부산광역시 금정구 장전동 423-3,부산광역시 금정구 금강로 246-1,129.0850568,35.2300033
홍주방 부산대점,중식 음식점업,장전2동,부산광역시 금정구 장전동 423-36,부산광역시 금정구 부산대학로49번길 38,129.085343,35.22960186
텐동롯코,일식 음식점업,장전2동,부산광역시 금정구 장전동 423-36,부산광역시 금정구 부산대학로49번길 38,129.085343,35.22960186
제멜리아,서양식 음식점업,장전2동,부산광역시 금정구 장전동 423-38,부산광역시 금정구 부산대학로49번길 42-1,129.0851216,35.22953359
왕부정,중식 음식점업,장전2동,부산광역시 금정구 장전동 423-39,부산광역시 금정구 부산대학로49번길 42,129.0852959,35.22947652
물고기자리,일식 음식점업,장전2동,부산광역시 금정구 장전동 423-4,부산광역시 금정구 금강로 244,129.0847978,35.22975544
미각반점,,장전2동,부산광역시 금정구 장전동 423-52,,129.084922,35.228922
하림숯불,한식 일반 음식점업,장전2동,부산광역시 금정구 장전동 423-8,부산광역시 금정구 금강로 238-1,129.0847433,35.22934185
조선대패 부산대점,한식 일반 음식점업,장전2동,부산광역시 금정구 장전동 424-15,부산광역시 금정구 장전로 42,129.0843666,35.22921317
우마이도,일식 음식점업,장전2동,부산광역시 금정구 장전동 424-2,부산광역시 금정구 금강로 247-5,129.0844233,35.23014038
마린파스타 부산대점,서양식 음식점업,장전2동,부산광역시 금정구 장전동 424-21,부산광역시 금정구 부산대학로63번길 47,129.0840341,35.22952529
쿠카이야,,장전2동,부산광역시 금정구 장전동 424-5,,129.084108,35.230024
김해원조뒷고기,한식 육류 요리 전문점,장전2동,부산광역시 금정구 장전동 424-9,부산광역시 금정구 금강로 239,129.084462,35.22950891
일문옥,,장전2동,부산광역시 금정구 장전동 424-9,,129.08445,35.229505
이모식당,한식 일반 음식점업,장전2동,부산광역시 금정구 장전동 425-11,부산광역시 금정구 부산대학로63번길 40,129.0838803,35.22995148
부산밀면,한식 면 요리 전문점,장전2동,부산광역시 금정구 장전동 425-13,부산광역시 금정구 부산대학로63번길 50,129.0837585,35.22948498
맘스터치 부산대점,피자; 햄버거; 샌드위치 및 유사 음식점업,장전2동,부산광역시 금정구 장전동 425-16,부산광역시 금정구 부산대학로63번길 34,129.0839297,35.2301669
동키치킨,치킨 전문점,장전2동,부산광역시 금정구 장전동 425-9,부산광역시 금정구 부산대학로63번길 38,129.083905,35.23005919
나니(NaNi),한식 일반 음식점업,장전1동,부산광역시 금정구 장전동 47-4,부산광역시 금정구 금강로279번길 40,129.0837427,35.23401802
청산별곡,,장전2동,부산광역시 금정구 장전동 501-112,,129.07677,35.22957
산성가는길,,장전2동,부산광역시 금정구 장전동 501-134,,129.076929,35.229243
합천국수,한식 면 요리 전문점,장전2동,부산광역시 금정구 장전동 502-5,부산광역시 금정구 산성로 963,129.075851,35.23120692
수림식당,한식 면 요리 전문점,장전2동,부산광역시 금정구 장전동 505-150,부산광역시 금정구 금샘로 9,129.0774293,35.22677321
카페소록,피자; 햄버거; 샌드위치 및 유사 음식점업,장전2동,부산광역시 금정구 장전동 505-31,부산광역시 금정구 금샘로7번길 20,129.0766963,35.22688492
정가담,한식 일반 음식점업,장전2동,부산광역시 금정구 장전동 505-84,부산광역시 금정구 금샘로 15,129.0776093,35.22737389
라비앙로즈,,장전2동,부산광역시 금정구 장전동 505-84,,129.077629,35.227385
아줌마재첩국,한식 일반 음식점업,장전2동,부산광역시 금정구 장전동 519-10,부산광역시 금정구 식물원로 75,129.0802002,35.22561719
식물원로71,한식 일반 음식점업,장전2동,부산광역시 금정구 장전동 519-5,부산광역시 금정구 식물원로 71,129.0804539,35.22565789
부원양곱창,한식 육류 요리 전문점,장전2동,부산광역시 금정구 장전동 521-254,부산광역시 금정구 금샘로 24,129.0780007,35.22807908
해뜨는 집,,장전2동,부산광역시 금정구 장전동 521-254 6층,,129.077994,35.228075
누구나홀딱반한닭 부산장전점,치킨 전문점,장전2동,부산광역시 금정구 장전동 541-27,부산광역시 금정구 금강로 202,129.0827551,35.2263212
누구나 반한닭,,장전2동,부산광역시 금정구 장전동 541-27,,129.082751,35.226318
온기,한식 일반 음식점업,장전2동,부산광역시 금정구 장전동 541-7,부산광역시 금정구 식물원로44번길 21,129.0833089,35.22607737
마이묵고가이소,한식 일반 음식점업,장전1동,부산광역시 금정구 장전동 54-2,부산광역시 금정구 금강로279번길 81-6,129.0834088,35.23556474
구구향,중식 음식점업,장전1동,부산광역시 금정구 장전동 54-2,부산광역시 금정구 금강로279번길 81-6,129.0834088,35.23556474
제주바른돼지,한식 육류 요리 전문점,장전2동,부산광역시 금정구 장전동 542-29,부산광역시 금정구 금강로 192-1,129.0824629,35.22563234
한솥도시락 부산대북문점,한식 일반 음식점업,장전1동,부산광역시 금정구 장전동 54-6,부산광역시 금정구 금강로279번길 81-14,129.0831539,35.23590255
초콜릿나무,,장전2동,부산광역시 금정구 장전동 577-2,,129.081861,35.225221
영천얼큰돼지국밥 온천점,한식 일반 음식점업,장전2동,부산광역시 금정구 장전동 578-2,부산광역시 금정구 식물원로 61,129.0817086,35.22533893
지코바,치킨 전문점,장전2동,부산광역시 금정구 장전동 581,부산광역시 금정구 식물원로75번길 33,129.0809574,35.22516261
박만석돼지곰탕 온천점,한식 일반 음식점업,장전2동,부산광역시 금정구 장전동 588-1,부산광역시 금정구 식물원로75번길 11,129.08007,35.22524996
스시이가,일식 음식점업,장전2동,부산광역시 금정구 장전동 594-2,부산광역시 금정구 금강로 165,129.0813866,35.22347909
초이스,한식 일반 음식점업,장전2동,부산광역시 금정구 장전동 595-1,부산광역시 금정구 금강로 173,129.0816311,35.22402459
김해추어탕,한식 일반 음식점업,장전2동,부산광역시 금정구 장전동 596-10,부산광역시 금정구 식물원로75번길 52,129.0816607,35.22432146
얼큰이샤브샤브칼국수,한식 면 요리 전문점,장전2동,부산광역시 금정구 장전동 596-12,부산광역시 금정구 식물원로75번길 46,129.0814423,35.22437027
소영식육식당,한식 육류 요리 전문점,장전2동,부산광역시 금정구 장전동 596-12,부산광역시 금정구 식물원로75번길 46,129.0814423,35.22437027
최가네촌국수,한식 면 요리 전문점,장전2동,부산광역시 금정구 장전동 598-11,부산광역시 금정구 식물원로75번길 47,129.0816264,35.22470053
임랑회전초밥,일식 음식점업,장전2동,부산광역시 금정구 장전동 598-12,부산광역시 금정구 식물원로75번길 43,129.0815279,35.22471124
대성관초밥,일식 음식점업,장전2동,부산광역시 금정구 장전동 598-8,부산광역시 금정구 금강로 179,129.0818144,35.22475136
포차천국 온천점,한식 일반 음식점업,장전2동,부산광역시 금정구 장전동 599-18,부산광역시 금정구 금강로 182,129.0820987,35.22470142
경주박가국밥,한식 일반 음식점업,장전2동,부산광역시 금정구 장전동 601-11,부산광역시 금정구 온천장로125번길 50,129.0830501,35.22368477
만서리이가네막국수,한식 면 요리 전문점,장전2동,부산광역시 금정구 장전동 604-19,부산광역시 금정구 식물원로 27,129.0850236,35.22441675
진부령황태탕,한식 일반 음식점업,장전1동,부산광역시 금정구 장전동 60-5,부산광역시 금정구 구서온천천로 15,129.0884706,35.24149712
조선화로집 장전점,한식 육류 요리 전문점,장전2동,부산광역시 금정구 장전동 605-1,부산광역시 금정구 식물원로 25,129.0853051,35.22425871
팔구제면소,한식 면 요리 전문점,장전2동,부산광역시 금정구 장전동 605-1,부산광역시 금정구 식물원로 25,129.0853051,35.22425871
갓지동 부산장전점,일식 음식점업,장전2동,부산광역시 금정구 장전동 607-37,부산광역시 금정구 식물원로 11,129.0867339,35.22387362
푸라닭부산장전점,한식 일반 음식점업,장전2동,부산광역시 금정구 장전동 608-104,부산광역시 금정구 금정로 9-1,129.0855032,35.22556196
지대루 참숯왕소금구이,한식 육류 요리 전문점,장전2동,부산광역시 금정구 장전동 609-15,부산광역시 금정구 식물원로 28,129.0852535,35.22481831
지대루홍게&대게day,한식 일반 음식점업,장전2동,부산광역시 금정구 장전동 610-14,부산광역시 금정구 식물원로 32,129.0849034,35.2248694
예담,한식 일반 음식점업,장전2동,부산광역시 금정구 장전동 612-9,부산광역시 금정구 식물원로39번길 9,129.0840761,35.2242979
영주동할매복국 온천점,한식 일반 음식점업,장전2동,부산광역시 금정구 장전동 613-14,부산광역시 금정구 식물원로39번길 15,129.0840379,35.2240913
고향식당,한식 일반 음식점업,장전2동,부산광역시 금정구 장전동 613-21,부산광역시 금정구 식물원로39번길 24-3,129.0834345,35.22368716
미가참치,한식 일반 음식점업,장전2동,부산광역시 금정구 장전동 614-12,부산광역시 금정구 식물원로39번길 16,129.0838342,35.22428405
오색연 갈비탕,한식 일반 음식점업,장전2동,부산광역시 금정구 장전동 617-13,부산광역시 금정구 온천장로125번길 70,129.0823189,35.22429211
지리돈 본점,한식 일반 음식점업,장전2동,부산광역시 금정구 장전동 617-16,부산광역시 금정구 온천장로125번길 62,129.0825434,35.22405395
장수돌곱창,한식 육류 요리 전문점,장전2동,부산광역시 금정구 장전동 617-17,부산광역시 금정구 온천장로125번길 60,129.0826403,35.22398019
굿돼지,한식 일반 음식점업,장전2동,부산광역시 금정구 장전동 617-17,부산광역시 금정구 온천장로125번길 60,129.0826403,35.22398019
풍원,한식 육류 요리 전문점,장전2동,부산광역시 금정구 장전동 617-26,부산광역시 금정구 온천장로125번길 54,129.0829113,35.22384035
다가치통닭,,장전2동,부산광역시 금정구 장전동 617-30,,129.082466,35.224131
청년감자탕순대국 부산장전점,한식 일반 음식점업,장전2동,부산광역시 금정구 장전동 619-11,부산광역시 금정구 식물원로 42,129.0838462,35.22518499
천미식당,한식 일반 음식점업,장전2동,부산광역시 금정구 장전동 621-10,부산광역시 금정구 식물원로44번길 8-4,129.083898,35.22549049
종하뷔페식당,한식 일반 음식점업,장전2동,부산광역시 금정구 장전동 621-18,부산광역시 금정구 식물원로44번길 12,129.083659,35.22559373
낙원식당,,장전2동,부산광역시 금정구 장전동 621-18,,129.083648,35.225594
맛있는고기에솜씨를더하다,한식 육류 요리 전문점,장전2동,부산광역시 금정구 장전동 621-34,부산광역시 금정구 식물원로44번길 20-3,129.0837057,35.22613361
한옥마을김치찜,한식 일반 음식점업,장전2동,부산광역시 금정구 장전동 622-8,부산광역시 금정구 식물원로44번길 6,129.0836658,35.22543141
진땡이 코다리찜,,장전2동,부산광역시 금정구 장전동 622-8,,129.083667,35.225431
울띠모키친,피자; 햄버거; 샌드위치 및 유사 음식점업,장전2동,부산광역시 금정구 장전동 623-9,부산광역시 금정구 식물원로44번길 14,129.0836624,35.22572884
진진횟집,한식 해산물 요리 전문점,장전2동,부산광역시 금정구 장전동 623-9,부산광역시 금정구 식물원로44번길 14,129.0836624,35.22572884
우디,서양식 음식점업,장전2동,부산광역시 금정구 장전동 628-66,부산광역시 금정구 식물원로 36-5,129.08453,35.22529937
코다하우스,서양식 음식점업,장전2동,부산광역시 금정구 장전동 629-17,부산광역시 금정구 금강로 204-1,129.0829255,35.22654355
쉐기욤,서양식 음식점업,장전2동,부산광역시 금정구 장전동 632-14,부산광역시 금정구 금정로19번길 14,129.085092,35.22665944
명륜진사갈비 구서점,한식 육류 요리 전문점,장전1동,부산광역시 금정구 장전동 63-4,부산광역시 금정구 금정로185번길 30,129.0867249,35.2419598
한바다횟집,한식 해산물 요리 전문점,장전2동,부산광역시 금정구 장전동 636-13,부산광역시 금정구 금정로19번길 5,129.0853478,35.22635765
올바른가게,피자; 햄버거; 샌드위치 및 유사 음식점업,장전2동,부산광역시 금정구 장전동 636-40,부산광역시 금정구 금정로19번길 4,129.085494,35.2264903
연화리,한식 해산물 요리 전문점,장전2동,부산광역시 금정구 장전동 643-110,부산광역시 금정구 금정로60번길 48-2,129.0886472,35.22911232
프랭크버거 부산대점,피자; 햄버거; 샌드위치 및 유사 음식점업,장전2동,부산광역시 금정구 장전동 643-117,부산광역시 금정구 장전온천천로 51,129.0888241,35.22958687
샤브향 부산대점,한식 일반 음식점업,장전2동,부산광역시 금정구 장전동 643-117,부산광역시 금정구 장전온천천로 51,129.0888241,35.22958687
까르보네,한식 일반 음식점업,장전2동,부산광역시 금정구 장전동 643-117,부산광역시 금정구 장전온천천로 51,129.0888241,35.22958687
구름다리,한식 일반 음식점업,장전2동,부산광역시 금정구 장전동 643-117,부산광역시 금정구 장전온천천로 51,129.0888241,35.22958687
정성상회,치킨 전문점,장전2동,부산광역시 금정구 장전동 643-241,부산광역시 금정구 장전온천천로 41,129.0888555,35.22866716
다복집,한식 일반 음식점업,장전2동,부산광역시 금정구 장전동 643-282,부산광역시 금정구 장전온천천로 37-1,129.0887632,35.22849754
도야지면옥,한식 일반 음식점업,장전2동,부산광역시 금정구 장전동 643-289,부산광역시 금정구 장전온천천로 39,129.0888314,35.22858648
카페T,피자; 햄버거; 샌드위치 및 유사 음식점업,장전2동,부산광역시 금정구 장전동 643-291,부산광역시 금정구 장전온천천로 39-3,129.0886787,35.22862516
마켓990 부산대점,피자; 햄버거; 샌드위치 및 유사 음식점업,장전2동,부산광역시 금정구 장전동 643-3,부산광역시 금정구 장전온천천로 47,129.0890372,35.22933087
호빙,한식 일반 음식점업,장전2동,부산광역시 금정구 장전동 643-3,부산광역시 금정구 장전온천천로 47,129.0890372,35.22933087
타코노유메,일식 음식점업,장전2동,부산광역시 금정구 장전동 643-333,부산광역시 금정구 금정로52번길 50,129.0887837,35.22886666
우연그고깃집,한식 일반 음식점업,장전2동,부산광역시 금정구 장전동 643-333,부산광역시 금정구 금정로52번길 50,129.0887837,35.22886666
배씨집,한식 일반 음식점업,장전2동,부산광역시 금정구 장전동 643-336,부산광역시 금정구 금정로52번길 48,129.088705,35.22879592
어항,한식 일반 음식점업,장전2동,부산광역시 금정구 장전동 643-4,부산광역시 금정구 금정로52번길 56,129.0889259,35.22884618
새로움,피자; 햄버거; 샌드위치 및 유사 음식점업,장전2동,부산광역시 금정구 장전동 646-55,부산광역시 금정구 중앙대로1541번길 25,129.0863168,35.22216863
앵그리웍,중식 음식점업,장전2동,부산광역시 금정구 장전동 646-58,부산광역시 금정구 중앙대로1531번길 12,129.0862909,35.22201588
정담숯불돼지갈비,한식 육류 요리 전문점,장전2동,부산광역시 금정구 장전동 646-59,부산광역시 금정구 중앙대로1541번길 27,129.0862045,35.22207144
골목산곰장어추어탕,한식 해산물 요리 전문점,장전2동,부산광역시 금정구 장전동 646-59,부산광역시 금정구 중앙대로1541번길 27,129.0862045,35.22207144
기분좋은하루,한식 일반 음식점업,장전2동,부산광역시 금정구 장전동 649-27,부산광역시 금정구 중앙대로1531번길 22,129.0858224,35.22215913
보리통,한식 일반 음식점업,장전2동,부산광역시 금정구 장전동 649-31,부산광역시 금정구 식물원로9번길 43,129.0857026,35.22219724
태영아구찜,한식 일반 음식점업,장전1동,부산광역시 금정구 장전동 65-1,부산광역시 금정구 금정로193번길 29,129.0867327,35.24268959
친절한푸드,한식 육류 요리 전문점,장전2동,부산광역시 금정구 장전동 651-54,부산광역시 금정구 온천장로 136,129.0855883,35.22245153
화삼덕,한식 육류 요리 전문점,장전2동,부산광역시 금정구 장전동 651-62,부산광역시 금정구 온천장로 138,129.0856725,35.22273845
여기 제주도,한식 일반 음식점업,장전1동,부산광역시 금정구 장전동 65-2,부산광역시 금정구 금강로 386,129.0865507,35.24244942
달궈진불판집 온천직영점,한식 육류 요리 전문점,장전2동,부산광역시 금정구 장전동 652-76,부산광역시 금정구 온천장로 133,129.0850962,35.2225321
울진이모네,한식 일반 음식점업,장전2동,부산광역시 금정구 장전동 653-16,부산광역시 금정구 식물원로27번길 53,129.084551,35.22268568
영월 곤드레밥,,장전2동,부산광역시 금정구 장전동 653-16,,129.084548,35.222679
화로마루,한식 일반 음식점업,장전2동,부산광역시 금정구 장전동 653-32,부산광역시 금정구 온천장로125번길 22,129.084214,35.22281765
가야포차수구레국밥 온천장점,한식 일반 음식점업,장전2동,부산광역시 금정구 장전동 653-46,부산광역시 금정구 온천장로125번길 12,129.0845256,35.22255094
썬더치킨 온천1호점,치킨 전문점,장전2동,부산광역시 금정구 장전동 654-20,부산광역시 금정구 온천장로125번길 26,129.0840189,35.22292013
송카츠,일식 음식점업,장전1동,부산광역시 금정구 장전동 65-6,부산광역시 금정구 금정로193번길 29-1,129.086782,35.24247247
김종구식맛치킨전기바베큐옛날통닭 장전점,치킨 전문점,장전2동,부산광역시 금정구 장전동 682-4,부산광역시 금정구 금강로 209-1,129.082911,35.22726472
삼대가국수집딸,한식 면 요리 전문점,장전2동,부산광역시 금정구 장전동 686-7,부산광역시 금정구 온천장로 142,129.0855974,35.22323537
처갓집양념치킨 금정산SK점,치킨 전문점,장전2동,부산광역시 금정구 장전동 713,부산광역시 금정구 식물원로 82,129.0794758,35.2260622
피자와썹,피자; 햄버거; 샌드위치 및 유사 음식점업,장전2동,부산광역시 금정구 장전동 718,부산광역시 금정구 금강로 225,129.0819116,35.23027373
비비큐치킨,치킨 전문점,장전2동,부산광역시 금정구 장전동 722,부산광역시 금정구 금강로 225,129.0821469,35.22744909
끼니매운갈비찜&김치찜,한식 일반 음식점업,장전1동,부산광역시 금정구 장전동 739,부산광역시 금정구 수림로72번길 21,129.0842154,35.24047111
순살만공격 부산대점,치킨 전문점,장전1동,부산광역시 금정구 장전동 739,부산광역시 금정구 수림로72번길 21,129.0842154,35.24047111
비비큐 금정점,치킨 전문점,장전1동,부산광역시 금정구 장전동 739,부산광역시 금정구 수림로72번길 21,129.0842154,35.24047111
땅스부대찌개 장전점,조리 반찬류 소매업,장전2동,부산광역시 금정구 장전동 745,부산광역시 금정구 금정로 20,129.0867411,35.22758622
술25 장전래미안점,음료 소매업,장전2동,부산광역시 금정구 장전동 745,부산광역시 금정구 금정로 20,129.0867411,35.22758622
홍보성,중식 음식점업,장전1동,부산광역시 금정구 장전동 96-11,부산광역시 금정구 수림로62번길 57,129.0861672,35.24248307
딜리버리쿡,한식 육류 요리 전문점,장전1동,부산광역시 금정구 장전동 96-21,부산광역시 금정구 수림로66번길 70-1,129.0861901,35.24295127
약선진가,한식 육류 요리 전문점,장전1동,부산광역시 금정구 장전동 96-26,부산광역시 금정구 금강로391번길 3,129.0864212,35.24296531
대게마당,한식 해산물 요리 전문점,장전1동,부산광역시 금정구 장전동 96-27,부산광역시 금정구 금강로 389,129.0864726,35.24282925
손짜장,,장전1동,부산광역시 금정구 장전동 96-4,,129.085862,35.242217
부산산오징어,한식 해산물 요리 전문점,장전1동,부산광역시 금정구 장전동 96-5,부산광역시 금정구 수림로62번길 45,129.0857524,35.2421568
그린그린,피자; 햄버거; 샌드위치 및 유사 음식점업,장전1동,부산광역시 금정구 장전동 97-37,부산광역시 금정구 금강로391번길 15,129.0859237,35.24327126
솔밭집,한식 면 요리 전문점,장전2동,부산광역시 금정구 장전동 산 29-4,부산광역시 금정구 산성로 961,129.0757737,35.23119023
모름지기,한식 육류 요리 전문점,명륜동,부산광역시 동래구 명륜동 10-12,부산광역시 동래구 시실로 28,129.0866394,35.21632362
60계온천명륜점,치킨 전문점,명륜동,부산광역시 동래구 명륜동 10-6,부산광역시 동래구 시실로 32-2,129.0868767,35.21615732
지우펀,중식 음식점업,명륜동,부산광역시 동래구 명륜동 11-18,부산광역시 동래구 시실로 36-4,129.0870015,35.21588482
푸라닭명륜점,치킨 전문점,명륜동,부산광역시 동래구 명륜동 15-15,부산광역시 동래구 시실로 42-1,129.0878895,35.21540091
나댕디,서양식 음식점업,명륜동,부산광역시 동래구 명륜동 2-28,부산광역시 동래구 온천천로 7,129.0849321,35.21740739
비비큐수안스마트점,치킨 전문점,명륜동,부산광역시 동래구 명륜동 233-3,부산광역시 동래구 동래로 106,129.0839781,35.20715071
소갈집,한식 일반 음식점업,명륜동,부산광역시 동래구 명륜동 2-63,부산광역시 동래구 시실로 14,129.0857224,35.21739377
미진축산온천장점,한식 일반 음식점업,명륜동,부산광역시 동래구 명륜동 2-64,부산광역시 동래구 시실로 16,129.0857086,35.21728587
여왕곰장어,한식 해산물 요리 전문점,명륜동,부산광역시 동래구 명륜동 2-65,부산광역시 동래구 시실로 16-1,129.085729,35.21722244
제일통닭,치킨 전문점,명륜동,부산광역시 동래구 명륜동 29,부산광역시 동래구 시실로24번길 16,129.0858545,35.21612087
부부한방밀면,한식 면 요리 전문점,명륜동,부산광역시 동래구 명륜동 321,부산광역시 동래구 명륜로138번길 21-3,129.0831131,35.20681415
고성메기탕,한식 일반 음식점업,명륜동,부산광역시 동래구 명륜동 339-1,부산광역시 동래구 충렬대로237번길 108-9,129.0837701,35.20631622
마산식당,한식 일반 음식점업,명륜동,부산광역시 동래구 명륜동 339-10,부산광역시 동래구 충렬대로237번길 110,129.0835115,35.20607736
술렁,한식 일반 음식점업,명륜동,부산광역시 동래구 명륜동 339-6,부산광역시 동래구 충렬대로237번길 108-7,129.0836356,35.20621039
구포촌국수동래 구청점,한식 면 요리 전문점,명륜동,부산광역시 동래구 명륜동 339-7,부산광역시 동래구 충렬대로237번길 112,129.0834582,35.20614136
황궁쟁반짜장,중식 음식점업,명륜동,부산광역시 동래구 명륜동 344-1,부산광역시 동래구 충렬대로237번길 108-6,129.0836079,35.20598558
미오,일식 음식점업,명륜동,부산광역시 동래구 명륜동 350-1,부산광역시 동래구 충렬대로237번길 104,129.0836799,35.2057951
소소정 본점,한식 일반 음식점업,명륜동,부산광역시 동래구 명륜동 353,부산광역시 동래구 충렬대로237번길 109,129.0832092,35.20584826
참뷔페,한식 일반 음식점업,명륜동,부산광역시 동래구 명륜동 355,부산광역시 동래구 명륜로112번가길 52,129.0831392,35.20568726
해송,한식 일반 음식점업,명륜동,부산광역시 동래구 명륜동 382,부산광역시 동래구 명륜로94번길 43-3,129.0838054,35.20426099
일성식당,한식 일반 음식점업,명륜동,부산광역시 동래구 명륜동 399-4,부산광역시 동래구 명륜로94번길 39-1,129.0839327,35.20408757
구조방낙지,한식 일반 음식점업,명륜동,부산광역시 동래구 명륜동 399-5,부산광역시 동래구 명륜로94번길 39,129.0839318,35.20405154
원조조방낙지,한식 일반 음식점업,명륜동,부산광역시 동래구 명륜동 400-1,부산광역시 동래구 명륜로94번길 37,129.0839082,35.20398887
본가조방할매낙지,한식 일반 음식점업,명륜동,부산광역시 동래구 명륜동 401,부산광역시 동래구 명륜로94번길 33,129.0838049,35.20381042
보광유황한방오리,한식 육류 요리 전문점,명륜동,부산광역시 동래구 명륜동 401-10,부산광역시 동래구 명륜로94번길 21,129.0837679,35.20322531
스시시로,일식 음식점업,명륜동,부산광역시 동래구 명륜동 401-10,부산광역시 동래구 명륜로94번길 21,129.0837679,35.20322531
동래고기국수,한식 면 요리 전문점,명륜동,부산광역시 동래구 명륜동 401-12,부산광역시 동래구 명륜로94번길 15,129.0837288,35.20298267
와류카츠,한식 일반 음식점업,명륜동,부산광역시 동래구 명륜동 401-13,부산광역시 동래구 명륜로94번길 11,129.0837151,35.20287477
오꼬식당,일식 음식점업,명륜동,부산광역시 동래구 명륜동 401-9,부산광역시 동래구 명륜로94번길 23,129.0837824,35.20336023
목동버거 동래수안점,피자; 햄버거; 샌드위치 및 유사 음식점업,명륜동,부산광역시 동래구 명륜동 401-9,부산광역시 동래구 명륜로94번길 23,129.0837824,35.20336023
고향소갈비찜,한식 일반 음식점업,명륜동,부산광역시 동래구 명륜동 401-9,부산광역시 동래구 명륜로94번길 23,129.0837824,35.20336023
명가국수,한식 면 요리 전문점,명륜동,부산광역시 동래구 명륜동 405-1,부산광역시 동래구 명륜로112번길 5,129.0832884,35.20379227
팥쥐고모,한식 일반 음식점업,명륜동,부산광역시 동래구 명륜동 405-1,부산광역시 동래구 명륜로112번길 5,129.0832884,35.20379227
긴자료코부산 동래점,일식 음식점업,명륜동,부산광역시 동래구 명륜동 405-1,부산광역시 동래구 명륜로112번길 5,129.0832884,35.20379227
가마치통닭 동래점,치킨 전문점,명륜동,부산광역시 동래구 명륜동 414-2,부산광역시 동래구 명륜로112번길 4,129.083239,35.20357685
뼈큰감자탕,한식 일반 음식점업,명륜동,부산광역시 동래구 명륜동 418,부산광역시 동래구 명륜로 105,129.0829266,35.20338397
카츠텐시,서양식 음식점업,명륜동,부산광역시 동래구 명륜동 430-1,부산광역시 동래구 명륜로 104,129.0834371,35.20316792
타라코소바 동래점,일식 음식점업,명륜동,부산광역시 동래구 명륜동 430-1,부산광역시 동래구 명륜로 104,129.0834371,35.20316792
함경면옥,한식 면 요리 전문점,명륜동,부산광역시 동래구 명륜동 433-10,부산광역시 동래구 충렬대로 213,129.0830271,35.20258923
샤브올데이부산명륜점,한식 일반 음식점업,명륜동,부산광역시 동래구 명륜동 433-10,부산광역시 동래구 충렬대로 213,129.0830271,35.20258923
몫몫,일식 음식점업,명륜동,부산광역시 동래구 명륜동 433-14,부산광역시 동래구 충렬대로 215,129.083132,35.20239818
순곱이네동래 본점,한식 일반 음식점업,명륜동,부산광역시 동래구 명륜동 433-4,부산광역시 동래구 명륜로103번길 3,129.0829677,35.20284257
노브랜드버거부산 동래역점,피자; 햄버거; 샌드위치 및 유사 음식점업,명륜동,부산광역시 동래구 명륜동 447-1,부산광역시 동래구 명륜로 109,129.0827792,35.20362982
언양닭칼국수,한식 면 요리 전문점,명륜동,부산광역시 동래구 명륜동 449-3,부산광역시 동래구 명륜로103번길 4,129.0829314,35.20314058
돌샘돼지국밥,한식 일반 음식점업,명륜동,부산광역시 동래구 명륜동 450-14,부산광역시 동래구 명륜로117번길 31,129.0819588,35.20331952
동래콩나물국밥,한식 일반 음식점업,명륜동,부산광역시 동래구 명륜동 450-18,부산광역시 동래구 명륜로103번길 14,129.0824147,35.20311342
베트남쌀국수라이옥,기타 외국식 음식점업,명륜동,부산광역시 동래구 명륜동 450-30,부산광역시 동래구 명륜로103번길 17,129.0821791,35.20291922
육밀도,한식 육류 요리 전문점,명륜동,부산광역시 동래구 명륜동 450-37,부산광역시 동래구 충렬대로 207,129.082491,35.20266153
동래재첩국,한식 일반 음식점업,명륜동,부산광역시 동래구 명륜동 450-39,부산광역시 동래구 충렬대로 211,129.0825325,35.2025707
본죽앤비빔밥 동래점,한식 일반 음식점업,명륜동,부산광역시 동래구 명륜동 450-39,부산광역시 동래구 충렬대로 211,129.0825325,35.2025707
엄용백낙돈,한식 육류 요리 전문점,명륜동,부산광역시 동래구 명륜동 450-4,부산광역시 동래구 명륜로117번길 33,129.0819775,35.20319304
39도시락 동래점,한식 일반 음식점업,명륜동,부산광역시 동래구 명륜동 450-4,부산광역시 동래구 명륜로103번길 20,129.0820738,35.20309225
제일칼국수 동래점,한식 면 요리 전문점,명륜동,부산광역시 동래구 명륜동 450-4,부산광역시 동래구 명륜로103번길 20,129.0820738,35.20309225
젓가락질 잘해야만 밥을 먹나요(동래점),한식 일반 음식점업,명륜동,부산광역시 동래구 명륜동 450-4,부산광역시 동래구 명륜로103번길 20,129.0820738,35.20309225
부산참치상회,한식 해산물 요리 전문점,명륜동,부산광역시 동래구 명륜동 450-5,부산광역시 동래구 명륜로117번길 25,129.082032,35.20360663
키치마루,일식 음식점업,명륜동,부산광역시 동래구 명륜동 450-5,부산광역시 동래구 명륜로117번길 25,129.082043,35.20360644
바른고기엘베요타 동래점,한식 육류 요리 전문점,명륜동,부산광역시 동래구 명륜동 450-9,부산광역시 동래구 삼성대길 7,129.0822869,35.20326882
우적동래 직영점,한식 일반 음식점업,명륜동,부산광역시 동래구 명륜동 450-9,부산광역시 동래구 삼성대길 7,129.0822869,35.20326882
동양사라다,한식 일반 음식점업,명륜동,부산광역시 동래구 명륜동 451-14,부산광역시 동래구 명륜로117번길 17,129.0819196,35.20393298
쏘시지요 동래점,일식 음식점업,명륜동,부산광역시 동래구 명륜동 451-15,부산광역시 동래구 명륜로117번길 8,129.0823007,35.20424182
예원한정식,한식 일반 음식점업,명륜동,부산광역시 동래구 명륜동 451-3,부산광역시 동래구 삼성대길 22,129.0823366,35.2039258
어가코다리,한식 일반 음식점업,명륜동,부산광역시 동래구 명륜동 451-5,부산광역시 동래구 삼성대길 18,129.0824107,35.20381639
라홍방마라탕 동래점,중식 음식점업,명륜동,부산광역시 동래구 명륜동 451-9,부산광역시 동래구 삼성대길 21,129.0820492,35.20384964
정성식당,한식 일반 음식점업,명륜동,부산광역시 동래구 명륜동 465-1,부산광역시 동래구 명륜로 120-3,129.0827611,35.20463942
삼환축산,한식 육류 요리 전문점,명륜동,부산광역시 동래구 명륜동 472-2,부산광역시 동래구 명륜로 124-1,129.08258,35.20485881
동래지코바,치킨 전문점,명륜동,부산광역시 동래구 명륜동 473,부산광역시 동래구 명륜로 124,129.0826155,35.20495733
일일양 동래점,한식 육류 요리 전문점,명륜동,부산광역시 동래구 명륜동 485-1,부산광역시 동래구 명륜로 128-1,129.0824696,35.20526623
더에이치원,한식 일반 음식점업,명륜동,부산광역시 동래구 명륜동 485-9,부산광역시 동래구 명륜로 128,129.0824564,35.20517634
하동각,중식 음식점업,명륜동,부산광역시 동래구 명륜동 487-1,부산광역시 동래구 명륜로 130-6,129.0826119,35.20524576
공담,서양식 음식점업,명륜동,부산광역시 동래구 명륜동 49-1,부산광역시 동래구 명륜로250번길 2,129.0840978,35.21570056
오케이도매횟집 동래역점,한식 일반 음식점업,명륜동,부산광역시 동래구 명륜동 492,부산광역시 동래구 명륜로112번가길 45,129.0828165,35.2055216
산골수육,한식 일반 음식점업,명륜동,부산광역시 동래구 명륜동 494,부산광역시 동래구 명륜로 130-7,129.0827036,35.20539738
라라,한식 일반 음식점업,명륜동,부산광역시 동래구 명륜동 500-3,부산광역시 동래구 명륜로 127-1,129.0821491,35.20518163
목촌돼지국밥 동래점,한식 일반 음식점업,명륜동,부산광역시 동래구 명륜동 501-3,부산광역시 동래구 명륜로 127,129.08219,35.20506378
숯불에닭 동래점,한식 육류 요리 전문점,명륜동,부산광역시 동래구 명륜동 501-7,부산광역시 동래구 명륜로 121,129.082376,35.20461
유가네닭갈비 동래역점,한식 육류 요리 전문점,명륜동,부산광역시 동래구 명륜동 502-13,부산광역시 동래구 삼성대길 40,129.0819613,35.20470725
몬스시,일식 음식점업,명륜동,부산광역시 동래구 명륜동 502-13,부산광역시 동래구 삼성대길 40,129.0819613,35.20470725
종로빈대떡,김밥 및 기타 간이 음식점업,명륜동,부산광역시 동래구 명륜동 502-5,부산광역시 동래구 삼성대길 48,129.0817291,35.20507171
동경오리온,일식 음식점업,명륜동,부산광역시 동래구 명륜동 502-6,부산광역시 동래구 삼성대길 34-21,129.0818397,35.20510585
제일향어횟집,일식 음식점업,명륜동,부산광역시 동래구 명륜동 502-6,부산광역시 동래구 삼성대길 34-21,129.0818397,35.20510585
시골돼지국밥,한식 일반 음식점업,명륜동,부산광역시 동래구 명륜동 502-7,부산광역시 동래구 삼성대길 44,129.0818793,35.20493395
단골해물,한식 일반 음식점업,명륜동,부산광역시 동래구 명륜동 502-7,부산광역시 동래구 삼성대길 44,129.0818793,35.20493395
동래양곱창,한식 육류 요리 전문점,명륜동,부산광역시 동래구 명륜동 502-7,부산광역시 동래구 삼성대길 44,129.0818793,35.20493395
단골집,한식 해산물 요리 전문점,명륜동,부산광역시 동래구 명륜동 502-7,부산광역시 동래구 삼성대길 44,129.0818793,35.20493395
자갈치몰,한식 일반 음식점업,명륜동,부산광역시 동래구 명륜동 502-7,부산광역시 동래구 삼성대길 44,129.0818793,35.20493395
산청양곱창,한식 일반 음식점업,명륜동,부산광역시 동래구 명륜동 502-7,부산광역시 동래구 삼성대길 44,129.0818793,35.20493395
동래84,한식 일반 음식점업,명륜동,부산광역시 동래구 명륜동 502-7,부산광역시 동래구 삼성대길 44,129.0818793,35.20493395
은신처 동래점,일식 음식점업,명륜동,부산광역시 동래구 명륜동 503-6,부산광역시 동래구 명륜로129번길 6-5,129.0816978,35.20556788
바:이브,한식 일반 음식점업,명륜동,부산광역시 동래구 명륜동 503-7,부산광역시 동래구 명륜로129번길 8,129.0817387,35.20545002
달래해장부산 동래점,한식 일반 음식점업,명륜동,부산광역시 동래구 명륜동 503-8,부산광역시 동래구 명륜로129번길 6,129.081872,35.20551081
블렌딩,서양식 음식점업,명륜동,부산광역시 동래구 명륜동 503-8,부산광역시 동래구 명륜로129번길 6,129.081872,35.20551081
그날이후불타는삼겹살,한식 육류 요리 전문점,명륜동,부산광역시 동래구 명륜동 505-4,부산광역시 동래구 삼성대길 36,129.0820232,35.20455299
동방축산동래메가점,한식 육류 요리 전문점,명륜동,부산광역시 동래구 명륜동 505-6,부산광역시 동래구 명륜로 125,129.0822053,35.20480218
길세이로무시 동래점,한식 일반 음식점업,명륜동,부산광역시 동래구 명륜동 505-8,부산광역시 동래구 명륜로117번길 10-5,129.082173,35.20439722
비케이알버거킹부산수안역점,피자; 햄버거; 샌드위치 및 유사 음식점업,명륜동,부산광역시 동래구 명륜동 506-13,부산광역시 동래구 충렬대로 194,129.0809823,35.20291277
국수면가,한식 면 요리 전문점,명륜동,부산광역시 동래구 명륜동 506-3,부산광역시 동래구 충렬대로 197,129.0811338,35.20455026
롯데리아메가마트 동래점,피자; 햄버거; 샌드위치 및 유사 음식점업,명륜동,부산광역시 동래구 명륜동 506-3,부산광역시 동래구 충렬대로 197,129.0811338,35.20455026
삼진식품메가마트 동래점,한식 일반 음식점업,명륜동,부산광역시 동래구 명륜동 506-3,부산광역시 동래구 충렬대로 197,129.0811338,35.20455026
브라운에프엔비메가마트 동래점,한식 일반 음식점업,명륜동,부산광역시 동래구 명륜동 506-3,부산광역시 동래구 충렬대로 197,129.0811338,35.20455026
다운타운씨이십칠 동래점,한식 일반 음식점업,명륜동,부산광역시 동래구 명륜동 506-3,부산광역시 동래구 충렬대로 197,129.0811338,35.20455026
수백당메가마트 동래점,한식 일반 음식점업,명륜동,부산광역시 동래구 명륜동 506-3,부산광역시 동래구 충렬대로 197,129.0811338,35.20455026
하루꽃돈,한식 육류 요리 전문점,명륜동,부산광역시 동래구 명륜동 512-2,부산광역시 동래구 충렬대로 188-6,129.0803805,35.20299521
내고향추어탕,한식 일반 음식점업,명륜동,부산광역시 동래구 명륜동 515-43,부산광역시 동래구 충렬대로182번가길 26,129.0801036,35.20246829
부리나치킨,치킨 전문점,명륜동,부산광역시 동래구 명륜동 520,부산광역시 동래구 충렬대로200번길 43,129.0792958,35.20222083
정담아구찜,한식 일반 음식점업,명륜동,부산광역시 동래구 명륜동 521-1,부산광역시 동래구 온천천로 195-7,129.0793593,35.20212963
동보성,중식 음식점업,명륜동,부산광역시 동래구 명륜동 525-4,부산광역시 동래구 온천천로 193,129.0791312,35.20222366
세남자스시,일식 음식점업,명륜동,부산광역시 동래구 명륜동 529-4,부산광역시 동래구 충렬대로 186,129.07994,35.20337225
아웃닭,치킨 전문점,명륜동,부산광역시 동래구 명륜동 532-11,부산광역시 동래구 충렬대로181번길 25,129.079848,35.20493282
델루나,한식 일반 음식점업,명륜동,부산광역시 동래구 명륜동 532-11,부산광역시 동래구 충렬대로181번길 25,129.079848,35.20493282
해성막창집,한식 육류 요리 전문점,명륜동,부산광역시 동래구 명륜동 532-28,부산광역시 동래구 충렬대로181번길 28,129.0801117,35.20493731
대박통명륜점,한식 일반 음식점업,명륜동,부산광역시 동래구 명륜동 533-100,부산광역시 동래구 명륜로129번다길 11-3,129.0791449,35.20577397
주화담,한식 육류 요리 전문점,명륜동,부산광역시 동래구 명륜동 533-101,부산광역시 동래구 온천천로 155,129.0790008,35.20572237
돌섬도매횟집,한식 해산물 요리 전문점,명륜동,부산광역시 동래구 명륜동 533-101,부산광역시 동래구 온천천로 155,129.0790008,35.20572237
청아양꼬치,중식 음식점업,명륜동,부산광역시 동래구 명륜동 533-101,부산광역시 동래구 온천천로 155,129.0790008,35.20572237
시월달,한식 일반 음식점업,명륜동,부산광역시 동래구 명륜동 533-101,부산광역시 동래구 온천천로 155,129.0790008,35.20572237
틴트바,한식 일반 음식점업,명륜동,부산광역시 동래구 명륜동 533-101,부산광역시 동래구 온천천로 155,129.0790008,35.20572237
야시장,한식 일반 음식점업,명륜동,부산광역시 동래구 명륜동 533-104,부산광역시 동래구 명륜로129번다길 7,129.0793829,35.2056347
양문부산 동래점,한식 일반 음식점업,명륜동,부산광역시 동래구 명륜동 533-104,부산광역시 동래구 명륜로129번길 56-9,129.0793053,35.205609
갈비명가,한식 일반 음식점업,명륜동,부산광역시 동래구 명륜동 533-115,부산광역시 동래구 명륜로129번길 54,129.0793341,35.2054463
핵밥부산 동래점,한식 일반 음식점업,명륜동,부산광역시 동래구 명륜동 533-13,부산광역시 동래구 명륜로129번길 53,129.0792737,35.20523106
우럭만공격,한식 일반 음식점업,명륜동,부산광역시 동래구 명륜동 533-158,부산광역시 동래구 온천천로 157,129.0789962,35.20554222
나누리포차,한식 일반 음식점업,명륜동,부산광역시 동래구 명륜동 533-164,부산광역시 동래구 명륜로129번길 56-1,129.0790595,35.20544201
스케치,서양식 음식점업,명륜동,부산광역시 동래구 명륜동 533-171,부산광역시 동래구 충렬대로179번길 27-8,129.0792163,35.20513292
소이만,한식 일반 음식점업,명륜동,부산광역시 동래구 명륜동 533-175,부산광역시 동래구 충렬대로179번길 27-7,129.0793336,35.20499573
빡돈불탄술집,한식 육류 요리 전문점,명륜동,부산광역시 동래구 명륜동 533-178,부산광역시 동래구 충렬대로179번길 27-5,129.0794299,35.20489495
하루엔소쿠 동래역점,일식 음식점업,명륜동,부산광역시 동래구 명륜동 533-216,부산광역시 동래구 충렬대로 176,129.0791037,35.20372906
용이초밥 동래점,일식 음식점업,명륜동,부산광역시 동래구 명륜동 533-229,부산광역시 동래구 온천천로 165,129.0789589,35.20493909
카츠키읔치읓,한식 일반 음식점업,명륜동,부산광역시 동래구 명륜동 533-229,부산광역시 동래구 온천천로 165,129.0789581,35.20447951
수유리우동집 동래역점,김밥 및 기타 간이 음식점업,명륜동,부산광역시 동래구 명륜동 533-229,부산광역시 동래구 온천천로 165,129.0790044,35.20500139
가마로강정 동래점,치킨 전문점,명륜동,부산광역시 동래구 명륜동 533-229,부산광역시 동래구 온천천로 165,129.0789581,35.20447951
코지하우스,서양식 음식점업,명륜동,부산광역시 동래구 명륜동 533-229,부산광역시 동래구 온천천로 165,129.0789589,35.20493909
수영냉삼 동래점,한식 일반 음식점업,명륜동,부산광역시 동래구 명륜동 533-229,부산광역시 동래구 온천천로 165,129.0789581,35.20447951
한국탕화쿵푸마라탕,중식 음식점업,명륜동,부산광역시 동래구 명륜동 533-27,부산광역시 동래구 명륜로129번길 45,129.0796892,35.20516084
대양곱창연탄구이;대양곱창화덕구이,한식 육류 요리 전문점,명륜동,부산광역시 동래구 명륜동 533-30,부산광역시 동래구 충렬대로179번길 27,129.0795758,35.20501861
동래멸치국수,한식 면 요리 전문점,명륜동,부산광역시 동래구 명륜동 533-31,부산광역시 동래구 충렬대로179번길 26-1,129.079784,35.20500602
세종횟집,한식 해산물 요리 전문점,명륜동,부산광역시 동래구 명륜동 533-41,부산광역시 동래구 충렬대로181번길 7,129.0796179,35.2040897
이홍델,서양식 음식점업,명륜동,부산광역시 동래구 명륜동 533-41,부산광역시 동래구 충렬대로181번길 7,129.0796179,35.2040897
하르당 동래역점,피자; 햄버거; 샌드위치 및 유사 음식점업,명륜동,부산광역시 동래구 명륜동 533-51,부산광역시 동래구 명륜로129번길 51,129.0793945,35.20522899
동래수림갈비,한식 육류 요리 전문점,명륜동,부산광역시 동래구 명륜동 533-55,부산광역시 동래구 충렬대로179번길 27-6,129.079381,35.20513009
심야식당홍,한식 일반 음식점업,명륜동,부산광역시 동래구 명륜동 533-57,부산광역시 동래구 충렬대로179번길 27-3,129.0794761,35.20498427
걍부산,한식 일반 음식점업,명륜동,부산광역시 동래구 명륜동 533-64,부산광역시 동래구 충렬대로179번길 21,129.079559,35.20479361
골목오뎅빠 동래점,한식 일반 음식점업,명륜동,부산광역시 동래구 명륜동 533-66,부산광역시 동래구 충렬대로179번길 19,129.0795565,35.20469452
스지고집,한식 일반 음식점업,명륜동,부산광역시 동래구 명륜동 533-77,부산광역시 동래구 충렬대로179번길 7,129.0794673,35.20420943
착한동태아구찜,한식 일반 음식점업,명륜동,부산광역시 동래구 명륜동 533-79,부산광역시 동래구 충렬대로 175,129.0793207,35.20405876
이자카야만디,한식 일반 음식점업,명륜동,부산광역시 동래구 명륜동 533-81,부산광역시 동래구 충렬대로 177,129.0794508,35.20399344
싱싱도매횟집,한식 해산물 요리 전문점,명륜동,부산광역시 동래구 명륜동 533-97,부산광역시 동래구 온천천로 151,129.0790173,35.20593836
로지오뎅 동래점,한식 일반 음식점업,명륜동,부산광역시 동래구 명륜동 533-97,부산광역시 동래구 온천천로 151,129.0790173,35.20593836
고촌;보쌈돼지국밥,한식 일반 음식점업,명륜동,부산광역시 동래구 명륜동 533-98,부산광역시 동래구 온천천로 153,129.0789816,35.20583084
153구포국수 동래역점,한식 면 요리 전문점,명륜동,부산광역시 동래구 명륜동 535-2,부산광역시 동래구 충렬대로181번길 31,129.0798433,35.20517622
카페인더문 동래점,서양식 음식점업,명륜동,부산광역시 동래구 명륜동 535-2,부산광역시 동래구 충렬대로181번길 31,129.0798433,35.20517622
오케이돼지국밥,한식 일반 음식점업,명륜동,부산광역시 동래구 명륜동 537,부산광역시 동래구 명륜로129번길 44,129.079849,35.20540141
곱테랑,한식 일반 음식점업,명륜동,부산광역시 동래구 명륜동 537,부산광역시 동래구 명륜로129번길 44,129.079849,35.20540141
맛나감자탕 동래점,한식 일반 음식점업,명륜동,부산광역시 동래구 명륜동 537,부산광역시 동래구 명륜로129번길 44,129.079849,35.20540141
중경식객 동래점,중식 음식점업,명륜동,부산광역시 동래구 명륜동 537,부산광역시 동래구 명륜로129번길 44,129.079849,35.20540141
단술,한식 일반 음식점업,명륜동,부산광역시 동래구 명륜동 539-3,부산광역시 동래구 명륜로129번길 46-2,129.07974,35.20543032
잭팟,중식 음식점업,명륜동,부산광역시 동래구 명륜동 540,부산광역시 동래구 명륜로129번다길 10,129.079628,35.20577468
구구구양꼬치 동래점,중식 음식점업,명륜동,부산광역시 동래구 명륜동 540,부산광역시 동래구 명륜로129번다길 10,129.079628,35.20577468
정원푸드,한식 일반 음식점업,명륜동,부산광역시 동래구 명륜동 540,부산광역시 동래구 명륜로129번다길 10,129.079628,35.20577468
별난불닭,한식 육류 요리 전문점,명륜동,부산광역시 동래구 명륜동 540-12,부산광역시 동래구 명륜로129번다길 12,129.0794963,35.20577694
단성무이부산 동래점,한식 일반 음식점업,명륜동,부산광역시 동래구 명륜동 540-12,부산광역시 동래구 명륜로129번다길 12,129.0794963,35.20577694
대장군한우로스구이,한식 일반 음식점업,명륜동,부산광역시 동래구 명륜동 540-14,부산광역시 동래구 명륜로129번다길 8,129.0795365,35.20563206
한앤둘치킨,치킨 전문점,명륜동,부산광역시 동래구 명륜동 540-15,부산광역시 동래구 명륜로129번다길 6,129.0795566,35.20555963
한경족발등뼈감자탕,한식 일반 음식점업,명륜동,부산광역시 동래구 명륜동 540-2,부산광역시 동래구 명륜로129번길 46-5,129.0796444,35.20555812
한신포차 동래역점,한식 일반 음식점업,명륜동,부산광역시 동래구 명륜동 540-3,부산광역시 동래구 명륜로129번길 46-1,129.0796074,35.20539655
쓰리몽키즈,서양식 음식점업,명륜동,부산광역시 동래구 명륜동 541-2,부산광역시 동래구 충렬대로181번길 41,129.0798317,35.20558194
우리동네아쿠아리움 동래역점,한식 일반 음식점업,명륜동,부산광역시 동래구 명륜동 541-2,부산광역시 동래구 충렬대로181번길 41,129.0798317,35.20558194
응응스크르부곡 온천점,한식 일반 음식점업,명륜동,부산광역시 동래구 명륜동 541-2,부산광역시 동래구 충렬대로181번길 41,129.0798317,35.20558194
월천장어,한식 해산물 요리 전문점,명륜동,부산광역시 동래구 명륜동 542-1,부산광역시 동래구 명륜로139번길 43,129.0796381,35.20617101
독도꽃새우,한식 해산물 요리 전문점,명륜동,부산광역시 동래구 명륜동 542-1,부산광역시 동래구 명륜로139번길 43,129.0796381,35.20617101
동래참치,한식 해산물 요리 전문점,명륜동,부산광역시 동래구 명륜동 542-6,부산광역시 동래구 충렬대로181번길 47-3,129.0797414,35.20591691
루아,한식 일반 음식점업,명륜동,부산광역시 동래구 명륜동 542-6,부산광역시 동래구 충렬대로181번길 47-3,129.0797414,35.20591691
춘리마라탕 동래점,중식 음식점업,명륜동,부산광역시 동래구 명륜동 542-6,부산광역시 동래구 충렬대로181번길 47-3,129.0797414,35.20591691
매운찜,한식 일반 음식점업,명륜동,부산광역시 동래구 명륜동 542-8,부산광역시 동래구 충렬대로181번길 43-2,129.0798052,35.20583471
제주옥탑,한식 육류 요리 전문점,명륜동,부산광역시 동래구 명륜동 542-9,부산광역시 동래구 충렬대로181번길 43-1,129.079738,35.2057818
동래석쇠갈비,한식 육류 요리 전문점,명륜동,부산광역시 동래구 명륜동 542-9,부산광역시 동래구 충렬대로181번길 43-1,129.079738,35.2057818
곱창이야기,한식 육류 요리 전문점,명륜동,부산광역시 동래구 명륜동 548-15,부산광역시 동래구 명륜로139번길 51,129.0792652,35.20618643
지존소곱창,한식 일반 음식점업,명륜동,부산광역시 동래구 명륜동 548-26,부산광역시 동래구 명륜로129번다길 15-1,129.0793145,35.2059693
대패가조아,한식 육류 요리 전문점,명륜동,부산광역시 동래구 명륜동 548-28,부산광역시 동래구 명륜로129번다길 13,129.0792903,35.20587961
독도꽃새우,한식 해산물 요리 전문점,명륜동,부산광역시 동래구 명륜동 548-30,부산광역시 동래구 온천천로 145-1,129.0789975,35.20645236
오리향식당,한식 일반 음식점업,명륜동,부산광역시 동래구 명륜동 548-31,부산광역시 동래구 명륜로139번길 54,129.0791051,35.20636941
세계맥주비어마트,한식 일반 음식점업,명륜동,부산광역시 동래구 명륜동 548-32,부산광역시 동래구 온천천로 147,129.0789952,35.20636229
동래삼선,한식 육류 요리 전문점,명륜동,부산광역시 동래구 명륜동 548-36,부산광역시 동래구 명륜로139번길 52,129.0792583,35.20634875
호란,한식 해산물 요리 전문점,명륜동,부산광역시 동래구 명륜동 548-38,부산광역시 동래구 온천천로 145,129.0789886,35.20653362
초필살돼지구이 동래점,한식 일반 음식점업,명륜동,부산광역시 동래구 명륜동 548-38,부산광역시 동래구 온천천로 145,129.0789886,35.20653362
디케이동키치킨 동래점,치킨 전문점,명륜동,부산광역시 동래구 명륜동 548-39,부산광역시 동래구 명륜로129번다길 25,129.0791198,35.20651334
몽상컴퍼니,한식 일반 음식점업,명륜동,부산광역시 동래구 명륜동 548-4,부산광역시 동래구 명륜로129번다길 11-1,129.0793413,35.20572553
동래참치가게,한식 해산물 요리 전문점,명륜동,부산광역시 동래구 명륜동 548-6,부산광역시 동래구 명륜로139번길 55,129.0790665,35.20614478
툰,한식 일반 음식점업,명륜동,부산광역시 동래구 명륜동 548-6,부산광역시 동래구 명륜로139번길 55,129.0790665,35.20614478
사번출구,한식 일반 음식점업,명륜동,부산광역시 동래구 명륜동 548-6,부산광역시 동래구 명륜로139번길 55,129.0790665,35.20614478
고하순,한식 일반 음식점업,명륜동,부산광역시 동래구 명륜동 549-1,부산광역시 동래구 온천천로 139,129.0789982,35.20691194
공담,서양식 음식점업,명륜동,부산광역시 동래구 명륜동 549-13,부산광역시 동래구 명륜로129번다길 27,129.0792401,35.20649325
박대포소금구이,한식 육류 요리 전문점,명륜동,부산광역시 동래구 명륜동 549-7,부산광역시 동래구 온천천로 143,129.0789915,35.20665072
라운지목화동래관,중식 음식점업,명륜동,부산광역시 동래구 명륜동 550-14,부산광역시 동래구 명륜로129번다길 37,129.0793286,35.20695132
올리브장작,서양식 음식점업,명륜동,부산광역시 동래구 명륜동 550-8,부산광역시 동래구 온천천로 137,129.0790243,35.2070737
홍고기집,기타 주점업,명륜동,부산광역시 동래구 명륜동 551-1,부산광역시 동래구 명륜로139번길 42-13,129.0797113,35.20689067
소담,서양식 음식점업,명륜동,부산광역시 동래구 명륜동 551-11,부산광역시 동래구 명륜로139번길 44-7,129.0795282,35.20659644
산장1988,한식 육류 요리 전문점,명륜동,부산광역시 동래구 명륜동 551-12,부산광역시 동래구 명륜로139번길 42-7,129.0796599,35.20659418
논두렁추어탕,한식 일반 음식점업,명륜동,부산광역시 동래구 명륜동 551-13,부산광역시 동래구 명륜로139번길 42-5,129.0796571,35.20648609
귀인,한식 육류 요리 전문점,명륜동,부산광역시 동래구 명륜동 551-14,부산광역시 동래구 명륜로139번길 44-5,129.0795147,35.20649755
만복국수,한식 면 요리 전문점,명륜동,부산광역시 동래구 명륜동 551-17,부산광역시 동래구 명륜로139번길 46,129.0795229,35.20638927
로바타탄요,한식 일반 음식점업,명륜동,부산광역시 동래구 명륜동 551-2,부산광역시 동래구 명륜로139번길 44-14,129.0795801,35.20691095
주도락부산 동래점,한식 일반 음식점업,명륜동,부산광역시 동래구 명륜동 551-23,부산광역시 동래구 명륜로139번길 45,129.0794956,35.20618247
삼바리,한식 해산물 요리 전문점,명륜동,부산광역시 동래구 명륜동 551-26,부산광역시 동래구 명륜로129번다길 18-1,129.0794709,35.20607476
동래황소야,한식 육류 요리 전문점,명륜동,부산광역시 동래구 명륜동 551-29,부산광역시 동래구 명륜로129번다길 14-3,129.0795894,35.20598261
파치파치,한식 일반 음식점업,명륜동,부산광역시 동래구 명륜동 551-3,부산광역시 동래구 명륜로129번다길 38,129.079471,35.20693986
낭만장작 동래점,한식 일반 음식점업,명륜동,부산광역시 동래구 명륜동 551-30,부산광역시 동래구 명륜로129번다길 14-1,129.0794906,35.2059843
족다귀,한식 일반 음식점업,명륜동,부산광역시 동래구 명륜동 551-32,부산광역시 동래구 명륜로129번다길 16,129.0794878,35.20587621
메이드인 코리아,한식 일반 음식점업,명륜동,부산광역시 동래구 명륜동 551-33,부산광역시 동래구 명륜로129번다길 12-1,129.0796088,35.20588315
이모카세,한식 일반 음식점업,명륜동,부산광역시 동래구 명륜동 551-4,부산광역시 동래구 명륜로129번다길 34-1,129.0794468,35.20685016
한우장터,한식 육류 요리 전문점,명륜동,부산광역시 동래구 명륜동 551-5,부산광역시 동래구 명륜로139번길 44-13,129.0795559,35.20682125
불난불족,한식 일반 음식점업,명륜동,부산광역시 동래구 명륜동 551-6,부산광역시 동래구 명륜로139번길 42-11,129.0796981,35.20680079
숯불치킨이닭,한식 일반 음식점업,명륜동,부산광역시 동래구 명륜동 551-6,부산광역시 동래구 명륜로139번길 42-11,129.0796981,35.20680079
만벽서화,한식 일반 음식점업,명륜동,부산광역시 동래구 명륜동 551-7,부산광역시 동래구 명륜로139번길 42-9,129.0796731,35.20668407
그집뱃살,한식 해산물 요리 전문점,명륜동,부산광역시 동래구 명륜동 551-8,부산광역시 동래구 명륜로139번길 44-9,129.0795309,35.20670453
군자대한곱창 동래점,한식 육류 요리 전문점,명륜동,부산광역시 동래구 명륜동 553-12,부산광역시 동래구 명륜로129번가길 7,129.0807963,35.2055203
쭈꾸미국민삼겹,한식 육류 요리 전문점,명륜동,부산광역시 동래구 명륜동 553-12,부산광역시 동래구 명륜로129번가길 7,129.0807963,35.2055203
조선화로집 동래점,한식 육류 요리 전문점,명륜동,부산광역시 동래구 명륜동 553-12,부산광역시 동래구 명륜로129번길 28-7,129.0805343,35.20557887
제일횟집,한식 일반 음식점업,명륜동,부산광역시 동래구 명륜동 553-12,부산광역시 동래구 명륜로129번길 30,129.0805512,35.20538033
육대빵 동래점,한식 일반 음식점업,명륜동,부산광역시 동래구 명륜동 553-12,부산광역시 동래구 명륜로129번길 28-7,129.0805343,35.20557887
군자대한곱창 동래점,한식 일반 음식점업,명륜동,부산광역시 동래구 명륜동 553-12,부산광역시 동래구 명륜로129번가길 7,129.0807963,35.2055203
밀보스79,피자; 햄버거; 샌드위치 및 유사 음식점업,명륜동,부산광역시 동래구 명륜동 553-16,부산광역시 동래구 명륜로129번나길 11,129.0802764,35.20579958
오전집,한식 일반 음식점업,명륜동,부산광역시 동래구 명륜동 553-20,부산광역시 동래구 충렬대로181번길 46,129.0801335,35.20579302
신세계,한식 일반 음식점업,명륜동,부산광역시 동래구 명륜동 553-21,부산광역시 동래구 충렬대로181번길 42,129.0801621,35.20562132
대패1900 동래점,한식 육류 요리 전문점,명륜동,부산광역시 동래구 명륜동 553-23,부산광역시 동래구 충렬대로181번길 38,129.0801133,35.20543291
그숲 동래점,서양식 음식점업,명륜동,부산광역시 동래구 명륜동 553-24,부산광역시 동래구 명륜로129번나길 3,129.0802674,35.20544829
월하주방,한식 일반 음식점업,명륜동,부산광역시 동래구 명륜동 553-24,부산광역시 동래구 명륜로129번나길 3,129.0802674,35.20544829
철인7호,치킨 전문점,명륜동,부산광역시 동래구 명륜동 553-37,부산광역시 동래구 충렬대로181번길 61,129.0798094,35.2064294
꾸석지돌판한우동래 직영점,한식 일반 음식점업,명륜동,부산광역시 동래구 명륜동 553-37,부산광역시 동래구 충렬대로181번길 61,129.0798094,35.2064294
세광양대창부산 동래점,한식 육류 요리 전문점,명륜동,부산광역시 동래구 명륜동 553-40,부산광역시 동래구 명륜로139번길 35,129.0801098,35.20615389
하얀집 오징어,한식 해산물 요리 전문점,명륜동,부산광역시 동래구 명륜동 553-41,부산광역시 동래구 충렬대로181번길 52,129.080118,35.20604561
참치가게,한식 일반 음식점업,명륜동,부산광역시 동래구 명륜동 553-43,부산광역시 동래구 충렬대로181번길 53,129.0798786,35.20613083
이자카야우규 동래점,일식 음식점업,명륜동,부산광역시 동래구 명륜동 553-43,부산광역시 동래구 충렬대로181번길 53,129.0798786,35.20613083
초량화성갈비,한식 육류 요리 전문점,명륜동,부산광역시 동래구 명륜동 553-5,부산광역시 동래구 명륜로129번길 20,129.0812782,35.20547597
바른국수,한식 면 요리 전문점,명륜동,부산광역시 동래구 명륜동 553-5,부산광역시 동래구 명륜로129번길 20,129.0812782,35.20547597
진심회담,한식 일반 음식점업,명륜동,부산광역시 동래구 명륜동 553-5,부산광역시 동래구 명륜로129번길 20,129.0812782,35.20547597
림스치킨,치킨 전문점,명륜동,부산광역시 동래구 명륜동 553-6,부산광역시 동래구 명륜로129번길 12-8,129.0815682,35.20565121
밀회관 동래점,서양식 음식점업,명륜동,부산광역시 동래구 명륜동 553-62,부산광역시 동래구 명륜로139번길 35,129.0801098,35.20615389
야끼야끼,일식 음식점업,명륜동,부산광역시 동래구 명륜동 553-66,부산광역시 동래구 충렬대로181번길 48,129.0801134,35.20586546
일동실비 동래점,한식 일반 음식점업,명륜동,부산광역시 동래구 명륜동 553-66,부산광역시 동래구 충렬대로181번길 48,129.0801134,35.20586546
김금자숯불갈비 동래 직영점,한식 일반 음식점업,명륜동,부산광역시 동래구 명륜동 554-10,부산광역시 동래구 충렬대로181번길 60,129.0800844,35.20645171
그양양꼬치,중식 음식점업,명륜동,부산광역시 동래구 명륜동 554-15,부산광역시 동래구 명륜로129번나길 17,129.0803029,35.20597935
하남돼지집,한식 육류 요리 전문점,명륜동,부산광역시 동래구 명륜동 554-18,부산광역시 동래구 명륜로129번나길 15,129.0802462,35.20590824
83해치 동래점,한식 일반 음식점업,명륜동,부산광역시 동래구 명륜동 554-6,부산광역시 동래구 명륜로129번나길 28,129.0804148,35.20649109
모토이시 동래점,일식 음식점업,명륜동,부산광역시 동래구 명륜동 555-10,부산광역시 동래구 충렬대로181번길 65,129.0798391,35.20673528
봉봉숯불생고기,한식 육류 요리 전문점,명륜동,부산광역시 동래구 명륜동 555-2,부산광역시 동래구 충렬대로181번길 64,129.0800351,35.20666883
청춘삼겹,한식 해산물 요리 전문점,명륜동,부산광역시 동래구 명륜동 555-4,부산광역시 동래구 충렬대로181번길 63,129.0798242,35.20658234
고기굽는남자,한식 육류 요리 전문점,명륜동,부산광역시 동래구 명륜동 557-10,부산광역시 동래구 명륜로139번길 25-6,129.0806018,35.20607334
동래옥탑,서양식 음식점업,명륜동,부산광역시 동래구 명륜동 557-12,부산광역시 동래구 명륜로129번가길 15,129.0806754,35.20594592
생마차,일식 음식점업,명륜동,부산광역시 동래구 명륜동 557-6,부산광역시 동래구 명륜로139번길 23,129.0807685,35.20615158
술취한문어,한식 일반 음식점업,명륜동,부산광역시 동래구 명륜동 557-7,부산광역시 동래구 명륜로139번길 25,129.0806045,35.20618144
육회의전당 동래점,한식 일반 음식점업,명륜동,부산광역시 동래구 명륜동 557-7,부산광역시 동래구 명륜로139번길 25,129.0806045,35.20618144
제주명란돼지1,한식 육류 요리 전문점,명륜동,부산광역시 동래구 명륜동 557-9,부산광역시 동래구 명륜로129번나길 18,129.0804589,35.20606679
다깡 동래점,한식 육류 요리 전문점,명륜동,부산광역시 동래구 명륜동 558-13,부산광역시 동래구 명륜로129번가길 14,129.0809703,35.20588678
동래양꼬치,중식 음식점업,명륜동,부산광역시 동래구 명륜동 558-9,부산광역시 동래구 명륜로129번가길 20,129.0809674,35.20620223
진이자카야,한식 일반 음식점업,명륜동,부산광역시 동래구 명륜동 559-10,부산광역시 동래구 명륜로129번가길 6-15,129.081386,35.20582556
쭈닭,한식 육류 요리 전문점,명륜동,부산광역시 동래구 명륜동 559-12,부산광역시 동래구 명륜로129번가길 6-13,129.0812511,35.20570172
조선칼국수통막걸리,한식 면 요리 전문점,명륜동,부산광역시 동래구 명륜동 559-13,부산광역시 동래구 명륜로129번가길 6-5,129.0810512,35.20561504
미식가의연어 동래점,한식 일반 음식점업,명륜동,부산광역시 동래구 명륜동 559-18,부산광역시 동래구 명륜로129번가길 12-3,129.0811256,35.20594719
더83비프,한식 일반 음식점업,명륜동,부산광역시 동래구 명륜동 559-19,부산광역시 동래구 명륜로129번가길 6-7,129.0810094,35.20569686
태영생막창 동래점,한식 일반 음식점업,명륜동,부산광역시 동래구 명륜동 559-24,부산광역시 동래구 명륜로139번길 13-9,129.0814224,35.20596011
몽萌중식주점,중식 음식점업,명륜동,부산광역시 동래구 명륜동 559-26,부산광역시 동래구 명륜로139번길 13-8,129.0812344,35.20590927
좋아중식당,중식 음식점업,명륜동,부산광역시 동래구 명륜동 559-30,부산광역시 동래구 명륜로129번가길 12,129.0810339,35.20579557
우향,한식 육류 요리 전문점,명륜동,부산광역시 동래구 명륜동 559-5,부산광역시 동래구 명륜로 137-3,129.0816933,35.20582028
맘스터치동래메가점,치킨 전문점,명륜동,부산광역시 동래구 명륜동 560-6,부산광역시 동래구 명륜로129번길 2,129.0819834,35.20557198
삼사오 동래점,한식 일반 음식점업,명륜동,부산광역시 동래구 명륜동 561-23,부산광역시 동래구 명륜로139번길 13-4,129.0811972,35.20617125
글램,한식 일반 음식점업,명륜동,부산광역시 동래구 명륜동 564-12,부산광역시 동래구 명륜로 141,129.0818861,35.20649282
금빛코다리 동래점,한식 일반 음식점업,명륜동,부산광역시 동래구 명륜동 564-15,부산광역시 동래구 명륜로 139,129.081911,35.20617699
삼다진족,한식 일반 음식점업,명륜동,부산광역시 동래구 명륜동 564-15,부산광역시 동래구 명륜로 139,129.081911,35.20617699
두끼부산 동래점,한식 일반 음식점업,명륜동,부산광역시 동래구 명륜동 564-29,부산광역시 동래구 명륜로 144,129.0822728,35.2065853
산성식육점,한식 육류 요리 전문점,명륜동,부산광역시 동래구 명륜동 564-9,부산광역시 동래구 명륜로 145,129.0818496,35.20678182
동래이층,서양식 음식점업,명륜동,부산광역시 동래구 명륜동 564-9,부산광역시 동래구 명륜로 145,129.0818496,35.20678182
동래블루스,한식 일반 음식점업,명륜동,부산광역시 동래구 명륜동 564-9,부산광역시 동래구 명륜로 145,129.0818601,35.20676362
상무초밥부산 동래점,일식 음식점업,명륜동,부산광역시 동래구 명륜동 568-6,부산광역시 동래구 명륜로 138,129.0823566,35.20599811
유명진의육미정담,한식 육류 요리 전문점,명륜동,부산광역시 동래구 명륜동 568-6,부산광역시 동래구 명륜로 138,129.0823566,35.20599811
상구네돼지구이 동래점,한식 일반 음식점업,명륜동,부산광역시 동래구 명륜동 569-1,부산광역시 동래구 명륜로 134,129.0824917,35.2056984
석암생소금구이부산 동래점,한식 일반 음식점업,명륜동,부산광역시 동래구 명륜동 569-1,부산광역시 동래구 명륜로 134,129.0824917,35.2056984
더바른식당 동래점,한식 일반 음식점업,명륜동,부산광역시 동래구 명륜동 569-1,부산광역시 동래구 명륜로 134,129.0824917,35.2056984
더바른식당 동래점,한식 일반 음식점업,명륜동,부산광역시 동래구 명륜동 569-1,부산광역시 동래구 명륜로 134,129.0824917,35.2056984
샤브향 동래점,한식 일반 음식점업,명륜동,부산광역시 동래구 명륜동 569-10,부산광역시 동래구 명륜로 130-1,129.0823988,35.20550175
꽃돼지식당,한식 육류 요리 전문점,명륜동,부산광역시 동래구 명륜동 569-12,부산광역시 동래구 명륜로 130-3,129.0825838,35.20543549
조마루감자탕식당,한식 일반 음식점업,명륜동,부산광역시 동래구 명륜동 569-15,부산광역시 동래구 명륜로 130-1,129.0823988,35.20550175
이에이치팔,일식 음식점업,명륜동,부산광역시 동래구 명륜동 569-5,부산광역시 동래구 명륜로 133,129.0820085,35.2056977
이에이치팔,한식 일반 음식점업,명륜동,부산광역시 동래구 명륜동 569-5,부산광역시 동래구 명륜로 133,129.0820085,35.2056977
영남식육식당 동래점,한식 육류 요리 전문점,명륜동,부산광역시 동래구 명륜동 570,부산광역시 동래구 명륜로112번가길 51,129.0829455,35.20584379
아재빈대떡,한식 일반 음식점업,명륜동,부산광역시 동래구 명륜동 584-1,부산광역시 동래구 충렬대로237번길 132,129.0828609,35.2068275
요거트퍼플 동래점,한식 일반 음식점업,명륜동,부산광역시 동래구 명륜동 604,부산광역시 동래구 동래로 94-5,129.0826636,35.20727246
내공초밥동래 직영점,일식 음식점업,명륜동,부산광역시 동래구 명륜동 614-3,부산광역시 동래구 충렬대로237번길 143,129.0822347,35.20724379
오노고로,일식 음식점업,명륜동,부산광역시 동래구 명륜동 616-1,부산광역시 동래구 명륜로 150,129.0821654,35.20710981
7번가피자 동래점,피자; 햄버거; 샌드위치 및 유사 음식점업,명륜동,부산광역시 동래구 명륜동 637-5,부산광역시 동래구 명륜로 161,129.0819081,35.20821364
프랭크버거부산명륜점,피자; 햄버거; 샌드위치 및 유사 음식점업,명륜동,부산광역시 동래구 명륜동 637-5,부산광역시 동래구 명륜로 161,129.0819081,35.20821364
유나커피.맥주,한식 일반 음식점업,명륜동,부산광역시 동래구 명륜동 638-19,부산광역시 동래구 명륜로 163,129.0820572,35.2084634
이대로에프앤비,한식 일반 음식점업,명륜동,부산광역시 동래구 명륜동 644-4,부산광역시 동래구 동래로79번길 17,129.0814027,35.20906041
동래안집숯불갈비,한식 육류 요리 전문점,명륜동,부산광역시 동래구 명륜동 644-4,부산광역시 동래구 동래로79번길 17,129.0814027,35.20906041
동래안집,한식 일반 음식점업,명륜동,부산광역시 동래구 명륜동 644-4,부산광역시 동래구 동래로79번길 17,129.0814027,35.20906041
고고365,한식 일반 음식점업,명륜동,부산광역시 동래구 명륜동 644-8,부산광역시 동래구 동래로 77,129.0814795,35.20862654
교촌치킨명륜점,치킨 전문점,명륜동,부산광역시 동래구 명륜동 644-9,부산광역시 동래구 동래로79번길 15,129.0814548,35.20895137
아웃백딜리버리부산명륜점,서양식 음식점업,명륜동,부산광역시 동래구 명륜동 644-9,부산광역시 동래구 동래로79번길 15,129.0814548,35.20895137
유안집,서양식 음식점업,명륜동,부산광역시 동래구 명륜동 651-4,부산광역시 동래구 충렬대로181번길 71,129.0798556,35.20695128
로드사이드,서양식 음식점업,명륜동,부산광역시 동래구 명륜동 65-34,부산광역시 동래구 명륜로 215,129.0828745,35.21294608
오시게크래프트,한식 일반 음식점업,명륜동,부산광역시 동래구 명륜동 669-11,부산광역시 동래구 충렬대로181번길 114,129.0805951,35.20882197
더라온,한식 일반 음식점업,명륜동,부산광역시 동래구 명륜동 669-14,부산광역시 동래구 충렬대로181번길 114-4,129.0806678,35.20865852
최고의맛&가성비귀족향1등 본점,한식 일반 음식점업,명륜동,부산광역시 동래구 명륜동 669-17,부산광역시 동래구 충렬대로181번길 114-6,129.0808203,35.20861084
오다,일식 음식점업,명륜동,부산광역시 동래구 명륜동 671-13,부산광역시 동래구 명륜로 171-6,129.0819032,35.20931313
명륜고려삼계탕,한식 일반 음식점업,명륜동,부산광역시 동래구 명륜동 671-7,부산광역시 동래구 동래로79번길 24,129.0816527,35.20938954
고은날칼국수,한식 면 요리 전문점,명륜동,부산광역시 동래구 명륜동 672-13,부산광역시 동래구 명륜로177번길 6-1,129.0819687,35.20972654
만옥당,서양식 음식점업,명륜동,부산광역시 동래구 명륜동 672-18,부산광역시 동래구 명륜로177번길 13,129.0816312,35.20984048
화계숯불구이,한식 일반 음식점업,명륜동,부산광역시 동래구 명륜동 672-19,부산광역시 동래구 동래로79번길 32,129.0816394,35.2097322
비비큐부산명륜점,치킨 전문점,명륜동,부산광역시 동래구 명륜동 673-12,부산광역시 동래구 명륜로 175,129.0821834,35.2095336
용감한식당 동래점,서양식 음식점업,명륜동,부산광역시 동래구 명륜동 673-8,부산광역시 동래구 명륜로 179,129.0822456,35.2098209
블루샥명륜점,한식 일반 음식점업,명륜동,부산광역시 동래구 명륜동 673-8,부산광역시 동래구 명륜로 179,129.0822456,35.2098209
굽네치킨명륜점,치킨 전문점,명륜동,부산광역시 동래구 명륜동 676-101,부산광역시 동래구 명륜로 206,129.0830828,35.21207739
달달술잔,한식 일반 음식점업,명륜동,부산광역시 동래구 명륜동 676-15,부산광역시 동래구 명륜로 208-2,129.0831092,35.21224816
크루아타이,중식 음식점업,명륜동,부산광역시 동래구 명륜동 676-25,부산광역시 동래구 문화로 5-11,129.0831613,35.21085048
미스터피자 동래점,피자; 햄버거; 샌드위치 및 유사 음식점업,명륜동,부산광역시 동래구 명륜동 676-96,부산광역시 동래구 명륜로 200,129.0829819,35.21156547
노마진두마리치킨명륜점,치킨 전문점,명륜동,부산광역시 동래구 명륜동 67-8,부산광역시 동래구 명륜로 233,129.0831907,35.21458073
여섯개장,한식 면 요리 전문점,명륜동,부산광역시 동래구 명륜동 679-6,부산광역시 동래구 동래로 63,129.08067,35.20960469
제이알컴퍼니,한식 해산물 요리 전문점,명륜동,부산광역시 동래구 명륜동 680-16,부산광역시 동래구 동래로 65,129.0809976,35.20953597
왕뼈왕오리,한식 일반 음식점업,명륜동,부산광역시 동래구 명륜동 680-20,부산광역시 동래구 동래로79번길 27,129.0813943,35.20959223
푸짐한횟집,한식 해산물 요리 전문점,명륜동,부산광역시 동래구 명륜동 680-23,부산광역시 동래구 동래로79번길 25,129.0814025,35.20948395
화화돼지왕갈비명륜점,한식 육류 요리 전문점,명륜동,부산광역시 동래구 명륜동 680-3,부산광역시 동래구 동래로79번길 19,129.0813069,35.20917921
새청하루,중식 음식점업,명륜동,부산광역시 동래구 명륜동 680-8,부산광역시 동래구 동래로 69,129.081075,35.20912912
온천입구기장곰장어,한식 해산물 요리 전문점,명륜동,부산광역시 동래구 명륜동 6-9,부산광역시 동래구 시실로 20,129.0859953,35.21690245
가마치통닭명륜점,치킨 전문점,명륜동,부산광역시 동래구 명륜동 691-10,부산광역시 동래구 명륜로187번길 42,129.0804099,35.21103298
제이크,서양식 음식점업,명륜동,부산광역시 동래구 명륜동 691-6,부산광역시 동래구 명륜로187번길 40-11,129.0804191,35.21139328
본도시락동래 온천점,한식 일반 음식점업,명륜동,부산광역시 동래구 명륜동 696-118,부산광역시 동래구 명륜로 197,129.0826289,35.21149946
동래한바퀴,한식 일반 음식점업,명륜동,부산광역시 동래구 명륜동 696-121,부산광역시 동래구 동래로79번길 56-1,129.0818191,35.21074741
피자알볼로명륜점,피자; 햄버거; 샌드위치 및 유사 음식점업,명륜동,부산광역시 동래구 명륜동 696-17,부산광역시 동래구 명륜로 191,129.0824838,35.21097929
등촌샤브칼국수,한식 면 요리 전문점,명륜동,부산광역시 동래구 명륜동 696-30,부산광역시 동래구 명륜로 189-5,129.0822119,35.21065054
베이징798,중식 음식점업,명륜동,부산광역시 동래구 명륜동 696-58,부산광역시 동래구 명륜로 207,129.0827342,35.21218252
심우장,한식 육류 요리 전문점,명륜동,부산광역시 동래구 명륜동 696-65,부산광역시 동래구 동래로79번길 44-9,129.0817173,35.21019946
석이추어탕,한식 일반 음식점업,명륜동,부산광역시 동래구 명륜동 696-85,부산광역시 동래구 동래로79번길 94,129.0823887,35.21241375
수칼국수,한식 면 요리 전문점,명륜동,부산광역시 동래구 명륜동 696-91,부산광역시 동래구 명륜로 189-4,129.0823814,35.21083686
더담은,한식 일반 음식점업,명륜동,부산광역시 동래구 명륜동 700-130,부산광역시 동래구 동래로57번길 44,129.0815491,35.21264447
서호식당,한식 일반 음식점업,명륜동,부산광역시 동래구 명륜동 700-135,부산광역시 동래구 명륜로207번길 36-1,129.080854,35.21251224
삼색수제비,기관 구내식당업,명륜동,부산광역시 동래구 명륜동 700-201,부산광역시 동래구 명륜로207번길 30,129.0812706,35.21248705
내가닭도리탕이다온천명륜점,한식 일반 음식점업,명륜동,부산광역시 동래구 명륜동 721-19,부산광역시 동래구 온천천로 71,129.0805341,35.21288721
도야짬뽕동래 직영점,중식 음식점업,명륜동,부산광역시 동래구 명륜동 752,부산광역시 동래구 명륜로236번길 9,129.0849614,35.21426187
파파존스부산 동래점,피자; 햄버거; 샌드위치 및 유사 음식점업,명륜동,부산광역시 동래구 명륜동 757,부산광역시 동래구 명륜로 170,129.0829515,35.20994393
한솥명륜 아이파크점,한식 일반 음식점업,명륜동,부산광역시 동래구 명륜동 757,부산광역시 동래구 명륜로 170,129.0829515,35.20994393
풀바테샐러드 명륜점,한식 일반 음식점업,명륜동,부산광역시 동래구 명륜동 757,부산광역시 동래구 명륜로 170,129.0829515,35.20994393
피자스쿨명륜점,피자; 햄버거; 샌드위치 및 유사 음식점업,명륜동,부산광역시 동래구 명륜동 777,부산광역시 동래구 시실로 23,129.0866305,35.21683743
처갓집양념치킨명륜점,치킨 전문점,명륜동,부산광역시 동래구 명륜동 782,부산광역시 동래구 시실로 49,129.0872668,35.21638489
장수치킨맥주명륜점,치킨 전문점,명륜동,부산광역시 동래구 명륜동 7-9,부산광역시 동래구 시실로24번길 6,129.0861197,35.21661194
치킨신드롬명륜점,치킨 전문점,명륜동,부산광역시 동래구 명륜동 795,부산광역시 동래구 명륜로 222,129.0836692,35.21396872
빽보이피자부산명륜점,서양식 음식점업,명륜동,부산광역시 동래구 명륜동 795,부산광역시 동래구 명륜로 222,129.0836692,35.21396872
라포,서양식 음식점업,명륜동,부산광역시 동래구 명륜동 796,부산광역시 동래구 명륜로139번길 22,129.0812119,35.20674773
완미족발,한식 육류 요리 전문점,명륜동,부산광역시 동래구 명륜동 796,부산광역시 동래구 명륜로139번길 22,129.0812119,35.20674773
모구라,일식 음식점업,명륜동,부산광역시 동래구 명륜동 796,부산광역시 동래구 명륜로139번길 22,129.0812119,35.20674773
마장동김씨 동래점,한식 육류 요리 전문점,명륜동,부산광역시 동래구 명륜동 797,부산광역시 동래구 명륜로139번길 6,129.0816339,35.20650617
대원족발,한식 일반 음식점업,명륜동,부산광역시 동래구 명륜동 8-69,부산광역시 동래구 시실로 30,129.0867797,35.21623108
대헌돼지국밥부산밥차,한식 일반 음식점업,명륜동,부산광역시 동래구 명륜동 98-17,부산광역시 동래구 시실로 54,129.0885022,35.21488569
영도장,한식 육류 요리 전문점,온천2동,부산광역시 동래구 온천동 1116-18,부산광역시 동래구 금정마을로 66,129.0629772,35.21248487
금성가든,한식 육류 요리 전문점,온천2동,부산광역시 동래구 온천동 1116-3,부산광역시 동래구 금정마을로 64,129.0627495,35.21259689
백객도반점,중식 음식점업,온천2동,부산광역시 동래구 온천동 1117-20,부산광역시 동래구 금정마을로 70,129.0634677,35.21234133
태양가든,한식 일반 음식점업,온천2동,부산광역시 동래구 온천동 1119-28,부산광역시 동래구 금정마을로 73,129.0639074,35.21236087
만순가든,한식 일반 음식점업,온천2동,부산광역시 동래구 온천동 1119-71,부산광역시 동래구 금정마을로112번길 18,129.0648239,35.2116964
박가네,한식 육류 요리 전문점,온천2동,부산광역시 동래구 온천동 1123-1,부산광역시 동래구 금정마을로 105,129.0657376,35.2122215
디디씨치킨 온천점,치킨 전문점,온천2동,부산광역시 동래구 온천동 1161,부산광역시 동래구 쇠미로 223,129.0646084,35.21012306
삼정이노베이션,중식 음식점업,온천2동,부산광역시 동래구 온천동 1163,부산광역시 동래구 쇠미로 222-13,129.0653417,35.20959689
동래별장,한식 일반 음식점업,온천1동,부산광역시 동래구 온천동 122-1,부산광역시 동래구 금강로123번길 12,129.0792656,35.22083914
자연산가덕횟집,한식 해산물 요리 전문점,온천3동,부산광역시 동래구 온천동 1234-17,부산광역시 동래구 석사북로 103-3,129.0672092,35.20616766
통영식당,한식 일반 음식점업,온천3동,부산광역시 동래구 온천동 1234-2,부산광역시 동래구 아시아드대로247번길 17-4,129.0673112,35.20629208
모울,한식 일반 음식점업,온천3동,부산광역시 동래구 온천동 1234-4,부산광역시 동래구 석사북로 103,129.0671715,35.20597906
미남칼국수,한식 면 요리 전문점,온천3동,부산광역시 동래구 온천동 1234-6,부산광역시 동래구 석사북로 99,129.0668075,35.20591318
부경밀면,한식 면 요리 전문점,온천3동,부산광역시 동래구 온천동 1234-9,부산광역시 동래구 석사북로 101,129.0670169,35.20594565
복순아구찜,한식 일반 음식점업,온천3동,부산광역시 동래구 온천동 1235-2,부산광역시 동래구 석사북로95번길 20,129.0656334,35.20637479
돈까스&스시수,일식 음식점업,온천3동,부산광역시 동래구 온천동 1235-22,부산광역시 동래구 석사북로 95,129.0664984,35.20584637
화성루,중식 음식점업,온천3동,부산광역시 동래구 온천동 1235-24,부산광역시 동래구 석사북로97번길 3,129.0665555,35.20593551
왕창뼈다구해장국,한식 일반 음식점업,온천3동,부산광역시 동래구 온천동 1236-9,부산광역시 동래구 석사북로 89,129.06578,35.20566038
파닭에파무쳐,치킨 전문점,온천3동,부산광역시 동래구 온천동 1238-1,부산광역시 동래구 아시아드대로247번길 38,129.0667359,35.20698678
부산면옥,한식 육류 요리 전문점,온천3동,부산광역시 동래구 온천동 1244-1,부산광역시 동래구 아시아드대로231번길 47,129.0650102,35.20561043
능나도회냉면&매콤이순진이수제비,한식 면 요리 전문점,온천3동,부산광역시 동래구 온천동 1244-2,부산광역시 동래구 아시아드대로231번길 41,129.0652811,35.20547064
시시,한식 일반 음식점업,온천3동,부산광역시 동래구 온천동 1245-6,부산광역시 동래구 아시아드대로219번길 18,129.0660315,35.20432237
만원애닭발,한식 일반 음식점업,온천3동,부산광역시 동래구 온천동 1245-6,부산광역시 동래구 아시아드대로219번길 18,129.0660315,35.20432237
88광어,한식 일반 음식점업,온천3동,부산광역시 동래구 온천동 1245-6,부산광역시 동래구 아시아드대로219번길 18,129.0660315,35.20432237
온천해물파전,한식 일반 음식점업,온천3동,부산광역시 동래구 온천동 1245-6,부산광역시 동래구 아시아드대로219번길 18,129.0660315,35.20432237
쌍수인,일식 음식점업,온천3동,부산광역시 동래구 온천동 1246-16,부산광역시 동래구 사직북로28번길 183-2,129.0664362,35.20469395
목향구포국수 전문점,한식 면 요리 전문점,온천3동,부산광역시 동래구 온천동 1246-16,부산광역시 동래구 사직북로28번길 183-2,129.0664362,35.20469395
짜짜루,중식 음식점업,온천3동,부산광역시 동래구 온천동 1246-21,부산광역시 동래구 아시아드대로225번길 4,129.0663457,35.20458736
솔이네부엌,한식 일반 음식점업,온천3동,부산광역시 동래구 온천동 1246-35,부산광역시 동래구 사직북로28번길 187,129.0664497,35.20479285
굴림당미남점,한식 면 요리 전문점,온천3동,부산광역시 동래구 온천동 1247-12,부산광역시 동래구 석사북로 92-1,129.0661822,35.20550031
광동성,중식 음식점업,온천3동,부산광역시 동래구 온천동 1247-14,부산광역시 동래구 아시아드대로231번길 30,129.0660681,35.20533104
삼대돼지불고기,한식 육류 요리 전문점,온천3동,부산광역시 동래구 온천동 1247-24,부산광역시 동래구 사직북로28번길 197,129.0666164,35.20530366
남도한식,한식 일반 음식점업,온천3동,부산광역시 동래구 온천동 1247-29,부산광역시 동래구 사직북로28번길 201,129.0667931,35.2053457
대왕한방생오리숯불구이,한식 육류 요리 전문점,온천3동,부산광역시 동래구 온천동 1247-29,부산광역시 동래구 사직북로28번길 201,129.0667931,35.2053457
뒷고기랑껍데기,한식 육류 요리 전문점,온천3동,부산광역시 동래구 온천동 1247-29,부산광역시 동래구 사직북로28번길 201,129.0667931,35.2053457
전국구치킨,치킨 전문점,온천3동,부산광역시 동래구 온천동 1247-9,부산광역시 동래구 석사북로 102,129.0670764,35.20569231
소문난돼지국밥,한식 일반 음식점업,온천3동,부산광역시 동래구 온천동 1248-13,부산광역시 동래구 아시아드대로 233,129.0671642,35.2048257
미남숯불구이,한식 육류 요리 전문점,온천3동,부산광역시 동래구 온천동 1249-14,부산광역시 동래구 아시아드대로 227,129.066867,35.20436218
갈비앤삼겹,한식 일반 음식점업,온천3동,부산광역시 동래구 온천동 1249-15,부산광역시 동래구 사직북로28번길 172,129.0662227,35.20406679
횟집만선,한식 해산물 요리 전문점,온천3동,부산광역시 동래구 온천동 1250-12,부산광역시 동래구 사직북로28번길 152,129.065687,35.20329193
키친정,한식 일반 음식점업,온천3동,부산광역시 동래구 온천동 1253-25,부산광역시 동래구 아시아드대로219번길 17,129.0659017,35.20396413
먹자꼴고기집,한식 육류 요리 전문점,온천3동,부산광역시 동래구 온천동 1253-35,부산광역시 동래구 사직북로28번길 159,129.0656957,35.20363422
성원반점,중식 음식점업,온천3동,부산광역시 동래구 온천동 1253-6,부산광역시 동래구 사직북로28번길 161,129.0657638,35.20372317
대하찹쌀아구찜,한식 일반 음식점업,온천3동,부산광역시 동래구 온천동 1256-17,부산광역시 동래구 사직북로28번길 145,129.0653222,35.20319001
대하찹쌀아구찜,한식 일반 음식점업,온천3동,부산광역시 동래구 온천동 1256-17,부산광역시 동래구 사직북로28번길 145,129.0653222,35.20319001
도담아구가기가막혀,한식 일반 음식점업,온천3동,부산광역시 동래구 온천동 1256-21,부산광역시 동래구 아시아드대로207번길 30,129.0647368,35.20348837
훈함바,한식 일반 음식점업,온천3동,부산광역시 동래구 온천동 1259-30,부산광역시 동래구 아시아드대로195번길 58,129.0626862,35.20315386
행복고기식당,한식 육류 요리 전문점,온천3동,부산광역시 동래구 온천동 1259-30,부산광역시 동래구 아시아드대로195번길 58,129.0626862,35.20315386
포돈포돈대패삼겹,한식 일반 음식점업,온천3동,부산광역시 동래구 온천동 1259-30,부산광역시 동래구 아시아드대로195번길 58,129.0626862,35.20315386
비에이치씨부산미남점,치킨 전문점,온천3동,부산광역시 동래구 온천동 1260-39,부산광역시 동래구 석사북로 51,129.0635208,35.2027251
미진각,중식 음식점업,온천3동,부산광역시 동래구 온천동 1264-6,부산광역시 동래구 아시아드대로247번길 22,129.067284,35.20651783
송화루,중식 음식점업,온천3동,부산광역시 동래구 온천동 1266-1,부산광역시 동래구 아시아드대로207번길 9,129.0654671,35.2028451
비비큐부산미남점,치킨 전문점,온천3동,부산광역시 동래구 온천동 1266-12,부산광역시 동래구 아시아드대로 197-1,129.0654034,35.20206218
요거트의정석,한식 일반 음식점업,온천3동,부산광역시 동래구 온천동 1266-19,부산광역시 동래구 아시아드대로195번길 12,129.0648883,35.20209801
한양김치찜,한식 일반 음식점업,온천3동,부산광역시 동래구 온천동 1266-25,부산광역시 동래구 아시아드대로195번길 8,129.065095,35.20202239
도미노피자 동래점,피자; 햄버거; 샌드위치 및 유사 음식점업,온천3동,부산광역시 동래구 온천동 1266-30,부산광역시 동래구 아시아드대로 203,129.0656555,35.20248142
올리브식:)김밥;칼국수올리브식:,한식 일반 음식점업,온천3동,부산광역시 동래구 온천동 1277-1,부산광역시 동래구 아시아드대로 251,129.0682541,35.20623992
불막열삼,한식 육류 요리 전문점,온천3동,부산광역시 동래구 온천동 1277-2,부산광역시 동래구 아시아드대로247번길 8,129.0679783,35.20619056
플롭베이크,서양식 음식점업,온천3동,부산광역시 동래구 온천동 1277-2,부산광역시 동래구 아시아드대로247번길 8,129.0679783,35.20619056
돈기부여미남점,한식 일반 음식점업,온천3동,부산광역시 동래구 온천동 1332-1,부산광역시 동래구 아시아드대로 259,129.0687079,35.20681791
코끼리밀면,한식 면 요리 전문점,온천1동,부산광역시 동래구 온천동 134-5,부산광역시 동래구 금강로131번길 9,129.0800282,35.22060075
할매산곰장어,한식 해산물 요리 전문점,온천1동,부산광역시 동래구 온천동 135-16,부산광역시 동래구 금강로124번길 23-12,129.0814487,35.21989145
명성식당,한식 일반 음식점업,온천1동,부산광역시 동래구 온천동 135-21,부산광역시 동래구 금강로131번길 3,129.0802004,35.22046261
참대나무닭숯불치킨,치킨 전문점,온천3동,부산광역시 동래구 온천동 1369-17,부산광역시 동래구 여고북로 27,129.0669176,35.20116221
숯양두마리치킨 사직점,치킨 전문점,온천3동,부산광역시 동래구 온천동 1369-17,부산광역시 동래구 여고북로 27,129.0669176,35.20116221
청담피자,피자; 햄버거; 샌드위치 및 유사 음식점업,온천3동,부산광역시 동래구 온천동 1369-3,부산광역시 동래구 여고북로33번길 9,129.0673438,35.2015154
빙과를더하다,한식 일반 음식점업,온천3동,부산광역시 동래구 온천동 1369-7,부산광역시 동래구 여고북로23번길 24,129.0674016,35.20206412
롯데리아동래허심청점,피자; 햄버거; 샌드위치 및 유사 음식점업,온천1동,부산광역시 동래구 온천동 137,부산광역시 동래구 온천장로107번길 32,129.0826888,35.22114974
에이치앤제이푸드,중식 음식점업,온천1동,부산광역시 동래구 온천동 137,부산광역시 동래구 온천장로107번길 32,129.0826888,35.22114974
고집,한식 일반 음식점업,온천1동,부산광역시 동래구 온천동 137-11,부산광역시 동래구 온천장로107번길 20,129.0832121,35.22057301
금수복국 온천점,한식 일반 음식점업,온천1동,부산광역시 동래구 온천동 137-12,부산광역시 동래구 온천장로107번길 18,129.0833429,35.22053471
태능,한식 육류 요리 전문점,온천1동,부산광역시 동래구 온천동 137-15,부산광역시 동래구 온천장로107번길 16,129.0834628,35.2204966
일미집,한식 일반 음식점업,온천3동,부산광역시 동래구 온천동 1376-7,부산광역시 동래구 아시아드대로208번길 48,129.0685651,35.20162069
도미아구찜,한식 일반 음식점업,온천3동,부산광역시 동래구 온천동 1376-7,부산광역시 동래구 아시아드대로208번길 48,129.0685651,35.20162069
금강식육식당,한식 일반 음식점업,온천3동,부산광역시 동래구 온천동 1376-7,부산광역시 동래구 아시아드대로208번길 48,129.0685651,35.20162069
땡기네칼국수,김밥 및 기타 간이 음식점업,온천3동,부산광역시 동래구 온천동 1377-2,부산광역시 동래구 미남로 87-1,129.0692274,35.20176257
풍진,한식 일반 음식점업,온천3동,부산광역시 동래구 온천동 1377-21,부산광역시 동래구 여고북로73번길 14,129.069114,35.20118777
백송슈퍼,한식 일반 음식점업,온천3동,부산광역시 동래구 온천동 1377-27,부산광역시 동래구 여고북로73번길 24,129.0689275,35.20162351
그린그로우,피자; 햄버거; 샌드위치 및 유사 음식점업,온천3동,부산광역시 동래구 온천동 1379-17,부산광역시 동래구 아시아드대로208번길 37,129.068058,35.2019718
88한장어구이,한식 해산물 요리 전문점,온천3동,부산광역시 동래구 온천동 1380-2,부산광역시 동래구 아시아드대로220번길 30,129.0683008,35.20288683
동해제일식당,한식 일반 음식점업,온천3동,부산광역시 동래구 온천동 1380-2,부산광역시 동래구 아시아드대로220번길 30,129.0683008,35.20288683
서울깍두기 온천점,한식 일반 음식점업,온천1동,부산광역시 동래구 온천동 138-3,부산광역시 동래구 금강공원로20번길 56,129.0832205,35.22132983
부산자갈치왕곰장어,한식 해산물 요리 전문점,온천1동,부산광역시 동래구 온천동 138-41,부산광역시 동래구 온천장로107번길 44,129.0819661,35.22080172
남포해장국,한식 일반 음식점업,온천1동,부산광역시 동래구 온천동 140-21,부산광역시 동래구 온천장로107번길 56,129.0815275,35.22082729
업소명없음,한식 일반 음식점업,온천2동,부산광역시 동래구 온천동 1403-2,부산광역시 동래구 우장춘로4번길 9,129.070881,35.20807841
소문난곰장어,한식 해산물 요리 전문점,온천1동,부산광역시 동래구 온천동 140-52,부산광역시 동래구 금강공원로26번길 34,129.0814671,35.22061205
부산토박이산곰장어,한식 해산물 요리 전문점,온천1동,부산광역시 동래구 온천동 140-6,부산광역시 동래구 온천장로107번길 45,129.0817298,35.2205805
노란단무지,중식 음식점업,온천2동,부산광역시 동래구 온천동 1407-23,부산광역시 동래구 우장춘로4번길 37,129.0723928,35.2079444
대성횟집,한식 해산물 요리 전문점,온천2동,부산광역시 동래구 온천동 1407-29,부산광역시 동래구 우장춘로4번길 29,129.0719881,35.2080054
금성삼천포식당,한식 해산물 요리 전문점,온천2동,부산광역시 동래구 온천동 1407-35,부산광역시 동래구 충렬대로95번길 8-3,129.071884,35.20823246
대성횟집,한식 해산물 요리 전문점,온천2동,부산광역시 동래구 온천동 1407-39,부산광역시 동래구 우장춘로4번길 23-6,129.0719023,35.20808797
진미당대구뽈찜,한식 일반 음식점업,온천3동,부산광역시 동래구 온천동 1410-2,부산광역시 동래구 아시아드대로220번길 20-2,129.0677146,35.20314917
들낙국수,한식 일반 음식점업,온천3동,부산광역시 동래구 온천동 1410-2,부산광역시 동래구 아시아드대로220번길 20-2,129.0677146,35.20314917
대중식당,한식 일반 음식점업,온천3동,부산광역시 동래구 온천동 1411-1,부산광역시 동래구 아시아드대로220번길 4,129.0669875,35.203486
여수식당,한식 일반 음식점업,온천3동,부산광역시 동래구 온천동 1411-2,부산광역시 동래구 아시아드대로220번길 10,129.0672045,35.20338317
교촌치킨 온천점,치킨 전문점,온천3동,부산광역시 동래구 온천동 1411-47,부산광역시 동래구 아시아드대로 212-1,129.066656,35.20296899
제주마루,한식 육류 요리 전문점,온천3동,부산광역시 동래구 온천동 1411-5,부산광역시 동래구 아시아드대로 218,129.0668613,35.20327188
롯데리아부산미남역,피자; 햄버거; 샌드위치 및 유사 음식점업,온천3동,부산광역시 동래구 온천동 1412-1,부산광역시 동래구 아시아드대로 234,129.0690413,35.20394654
가마치통닭미남역점,치킨 전문점,온천3동,부산광역시 동래구 온천동 1412-1,부산광역시 동래구 아시아드대로 234,129.0690413,35.20394654
삼돼장,한식 일반 음식점업,온천3동,부산광역시 동래구 온천동 1412-6,부산광역시 동래구 아시아드대로208번가길 31,129.0674996,35.20376562
종종자주,한식 일반 음식점업,온천1동,부산광역시 동래구 온천동 141-3,부산광역시 동래구 온천장로119번가길 9,129.0820716,35.22149379
썬더치킨미남점,치킨 전문점,온천3동,부산광역시 동래구 온천동 1413-7,부산광역시 동래구 아시아드대로228번길 22,129.0681101,35.20359299
만복국수,한식 면 요리 전문점,온천3동,부산광역시 동래구 온천동 1413-7,부산광역시 동래구 아시아드대로228번길 22,129.0681101,35.20359299
막돌집,한식 육류 요리 전문점,온천3동,부산광역시 동래구 온천동 1413-9,부산광역시 동래구 아시아드대로208번가길 28,129.067557,35.20343122
막썰어초장집,한식 일반 음식점업,온천1동,부산광역시 동래구 온천동 141-4,부산광역시 동래구 온천장로119번가길 13,129.0820252,35.22139546
이태원판자집미남점,한식 육류 요리 전문점,온천3동,부산광역시 동래구 온천동 1414-13,부산광역시 동래구 아시아드대로228번길 26,129.0683813,35.20346219
꽃미남냉삼집,한식 일반 음식점업,온천3동,부산광역시 동래구 온천동 1414-13,부산광역시 동래구 아시아드대로228번길 26,129.0683813,35.20346219
부산축산왕소금구이,한식 육류 요리 전문점,온천3동,부산광역시 동래구 온천동 1414-18,부산광역시 동래구 아시아드대로228번길 28,129.0686883,35.20344793
돼지만왕소금구이,한식 일반 음식점업,온천3동,부산광역시 동래구 온천동 1414-18,부산광역시 동래구 아시아드대로228번길 28,129.0686883,35.20344793
돼지만왕소금구이,한식 일반 음식점업,온천3동,부산광역시 동래구 온천동 1414-18,부산광역시 동래구 아시아드대로228번길 28,129.0686883,35.20344793
황금어장,한식 일반 음식점업,온천3동,부산광역시 동래구 온천동 1414-6,부산광역시 동래구 여고북로23번길 58,129.0683342,35.20333683
포미정,기타 외국식 음식점업,온천1동,부산광역시 동래구 온천동 141-8,부산광역시 동래구 온천장로119번가길 21,129.081633,35.22108681
따봉직화구이,치킨 전문점,온천3동,부산광역시 동래구 온천동 1421-20,부산광역시 동래구 아시아드대로246번길 3,129.0684594,35.2056777
목촌갈비탕,한식 일반 음식점업,온천3동,부산광역시 동래구 온천동 1421-26,부산광역시 동래구 아시아드대로246번길 19,129.0692407,35.20574544
인정후라이드 동래점,치킨 전문점,온천3동,부산광역시 동래구 온천동 1421-26,부산광역시 동래구 아시아드대로246번길 19,129.0692407,35.20574544
미남생막창,한식 일반 음식점업,온천3동,부산광역시 동래구 온천동 1421-36,부산광역시 동래구 미남로 131,129.069352,35.20580662
굴마을굴국밥,한식 일반 음식점업,온천3동,부산광역시 동래구 온천동 1421-7,부산광역시 동래구 아시아드대로 256-10,129.0692711,35.20607835
미남삼계탕,한식 일반 음식점업,온천3동,부산광역시 동래구 온천동 1421-8,부산광역시 동래구 미남로 133,129.0694009,35.20600404
안주빨미남 직영점,한식 일반 음식점업,온천3동,부산광역시 동래구 온천동 1421-9,부산광역시 동래구 아시아드대로246번길 17,129.0691197,35.2057385
장수통닭미남점,치킨 전문점,온천3동,부산광역시 동래구 온천동 1422-16,부산광역시 동래구 아시아드대로 260-1,129.069144,35.20669331
차밭골,한식 육류 요리 전문점,온천3동,부산광역시 동래구 온천동 1422-25,부산광역시 동래구 미남로 137,129.0693861,35.20628365
별나라,한식 일반 음식점업,온천3동,부산광역시 동래구 온천동 1422-25,부산광역시 동래구 미남로 137,129.0693861,35.20628365
가장맛있는족발부산미남 로터리점,한식 일반 음식점업,온천3동,부산광역시 동래구 온천동 1424-12,부산광역시 동래구 미남로 134,129.0698379,35.20591546
동래왕순대국밥,한식 일반 음식점업,온천3동,부산광역시 동래구 온천동 1424-15,부산광역시 동래구 미남로 136,129.0698861,35.20608586
소문난돼지국밥,한식 일반 음식점업,온천3동,부산광역시 동래구 온천동 1424-7,부산광역시 동래구 미남로 140-1,129.0698301,35.20647431
사계,한식 해산물 요리 전문점,온천3동,부산광역시 동래구 온천동 1425-13,부산광역시 동래구 미남로132번길 17,129.0706004,35.20610969
오빠막창동래구점,한식 육류 요리 전문점,온천2동,부산광역시 동래구 온천동 1427-7,부산광역시 동래구 우장춘로4번길 10,129.0709212,35.20793354
푸짐한밥상,한식 일반 음식점업,온천2동,부산광역시 동래구 온천동 1427-8,부산광역시 동래구 우장춘로4번길 12,129.071097,35.20793954
대가,한식 일반 음식점업,온천2동,부산광역시 동래구 온천동 1428-1,부산광역시 동래구 우장춘로4번길 18,129.0713163,35.20792678
엄마오마카세,한식 일반 음식점업,온천2동,부산광역시 동래구 온천동 1428-13,부산광역시 동래구 우장춘로4번길 38,129.0724085,35.20770082
개성국밥,한식 일반 음식점업,온천2동,부산광역시 동래구 온천동 1428-14,부산광역시 동래구 충렬대로107번길 19,129.0726059,35.20768843
릴홈그레인,한식 일반 음식점업,온천2동,부산광역시 동래구 온천동 1428-14,부산광역시 동래구 충렬대로107번길 19,129.0726059,35.20768843
종주각,중식 음식점업,온천2동,부산광역시 동래구 온천동 1428-15,부산광역시 동래구 충렬대로107번길 17,129.0726027,35.20756232
치킨신드롬,치킨 전문점,온천2동,부산광역시 동래구 온천동 1428-4,부산광역시 동래구 우장춘로4번길 24,129.0716558,35.20789393
바름카츠,한식 일반 음식점업,온천2동,부산광역시 동래구 온천동 1428-53,부산광역시 동래구 우장춘로4번길 36,129.072267,35.2077483
지코바치킨,치킨 전문점,온천2동,부산광역시 동래구 온천동 1429-19,부산광역시 동래구 중앙대로1335번길 89,129.0731427,35.20764318
아빠와돈까스,서양식 음식점업,온천2동,부산광역시 동래구 온천동 1429-21,부산광역시 동래구 중앙대로1335번길 87,129.0732189,35.20761485
남다른감자탕동래럭키점,한식 일반 음식점업,온천2동,부산광역시 동래구 온천동 1429-28,부산광역시 동래구 중앙대로1335번길 81,129.0734258,35.20754822
연풀풀,피자; 햄버거; 샌드위치 및 유사 음식점업,온천2동,부산광역시 동래구 온천동 1429-3,부산광역시 동래구 충렬대로107번길 16,129.0727652,35.20747843
로아가든,한식 일반 음식점업,온천2동,부산광역시 동래구 온천동 1429-31,부산광역시 동래구 중앙대로1333번길 72,129.073699,35.20706593
미남돈,한식 육류 요리 전문점,온천2동,부산광역시 동래구 온천동 1430-3,부산광역시 동래구 충렬대로107번길 6,129.0726968,35.20694792
얼쑤한마당,한식 일반 음식점업,온천2동,부산광역시 동래구 온천동 1432-1,부산광역시 동래구 중앙대로1335번길 63,129.0739821,35.20740352
분식이더치킨 동래점,치킨 전문점,온천2동,부산광역시 동래구 온천동 1432-12,부산광역시 동래구 중앙대로1333번길 52,129.0746115,35.20668082
알토란집밥,한식 일반 음식점업,온천1동,부산광역시 동래구 온천동 143-22,부산광역시 동래구 온천장로119번길 55,129.081883,35.22184848
원산밀면,한식 일반 음식점업,온천1동,부산광역시 동래구 온천동 143-23,부산광역시 동래구 온천장로119번가길 8,129.0819779,35.22169366
제례정,한식 일반 음식점업,온천2동,부산광역시 동래구 온천동 1432-6,부산광역시 동래구 중앙대로1335번길 57,129.0747128,35.20721076
부산초장,한식 일반 음식점업,온천1동,부산광역시 동래구 온천동 143-3,부산광역시 동래구 온천장로119번가길 5,129.0821734,35.22160919
돈까스돈짱,서양식 음식점업,온천2동,부산광역시 동래구 온천동 1433-30,부산광역시 동래구 충렬대로137번길 21,129.0758457,35.20642536
정셰프하우스,서양식 음식점업,온천2동,부산광역시 동래구 온천동 1433-45,부산광역시 동래구 충렬대로137번길 25-1,129.0758178,35.20662409
문버거시즌2,피자; 햄버거; 샌드위치 및 유사 음식점업,온천2동,부산광역시 동래구 온천동 1433-5,부산광역시 동래구 중앙대로1335번길 49-1,129.0751586,35.20704091
대관원,중식 음식점업,온천2동,부산광역시 동래구 온천동 1435-1,부산광역시 동래구 충렬대로137번길 30,129.0761722,35.20674417
굽네치킨부산 온천점,치킨 전문점,온천2동,부산광역시 동래구 온천동 1435-17,부산광역시 동래구 중앙대로1335번길 21,129.0765647,35.20663831
옛맛칼국수,한식 면 요리 전문점,온천2동,부산광역시 동래구 온천동 1435-18,부산광역시 동래구 중앙대로1335번길 17-2,129.0766512,35.20658276
꼬랑숯불구이,한식 일반 음식점업,온천2동,부산광역시 동래구 온천동 1435-8,부산광역시 동래구 충렬대로137번길 26,129.0761669,35.206537
근이네식당,한식 면 요리 전문점,온천2동,부산광역시 동래구 온천동 1436-6,부산광역시 동래구 중앙대로 1327,129.0776505,35.20572754
동래국밥,한식 일반 음식점업,온천2동,부산광역시 동래구 온천동 1437-1,부산광역시 동래구 충렬대로137번길 12,129.0759336,35.20600031
죽이야기부산 동래점,한식 일반 음식점업,온천2동,부산광역시 동래구 온천동 1437-43,부산광역시 동래구 중앙대로1325번길 16,129.0768601,35.20573209
세연정,한식 육류 요리 전문점,온천2동,부산광역시 동래구 온천동 1438-5,부산광역시 동래구 충렬대로 149,129.0769448,35.20518093
세라젬웰카페부산 동래점,한식 일반 음식점업,온천2동,부산광역시 동래구 온천동 1439-3,부산광역시 동래구 중앙대로 1325,129.0775299,35.20530606
롯데리아,피자; 햄버거; 샌드위치 및 유사 음식점업,온천2동,부산광역시 동래구 온천동 1439-4,부산광역시 동래구 중앙대로 1319,129.077644,35.20504277
샤브연리지 동래점,한식 일반 음식점업,온천3동,부산광역시 동래구 온천동 1441-13,부산광역시 동래구 충렬대로 152,129.07659,35.20461028
본죽앤비빔밥부산내성교차로점,한식 일반 음식점업,온천3동,부산광역시 동래구 온천동 1441-13,부산광역시 동래구 충렬대로 152,129.07659,35.20461028
참바다,한식 해산물 요리 전문점,온천1동,부산광역시 동래구 온천동 144-12,부산광역시 동래구 온천장로119번길 61,129.0815878,35.22189862
오륙도횟집,한식 해산물 요리 전문점,온천1동,부산광역시 동래구 온천동 144-12,부산광역시 동래구 온천장로119번길 61,129.0815878,35.22189862
바다향기,한식 해산물 요리 전문점,온천1동,부산광역시 동래구 온천동 144-12,부산광역시 동래구 온천장로119번길 61,129.0815878,35.22189862
삼미추어탕,한식 일반 음식점업,온천3동,부산광역시 동래구 온천동 1441-40,부산광역시 동래구 충렬대로148번길 7,129.0763613,35.2046863
하림오리마을,한식 육류 요리 전문점,온천3동,부산광역시 동래구 온천동 1441-61,부산광역시 동래구 충렬대로148번길 16,129.076038,35.20449359
부잣집,한식 일반 음식점업,온천3동,부산광역시 동래구 온천동 1441-77,부산광역시 동래구 충렬대로 156-8,129.0771956,35.20424844
본죽앤비빔밥부산미남점,한식 일반 음식점업,온천3동,부산광역시 동래구 온천동 1442-11,부산광역시 동래구 미남로132번길 112,129.0754205,35.20525214
미자의온도,한식 일반 음식점업,온천3동,부산광역시 동래구 온천동 1442-2,부산광역시 동래구 충렬대로 130,129.0746068,35.20563556
가덕횟집,한식 해산물 요리 전문점,온천1동,부산광역시 동래구 온천동 144-28,부산광역시 동래구 온천장로119번길 60,129.0817255,35.22213055
금문샤브&북경오리,중식 음식점업,온천1동,부산광역시 동래구 온천동 144-30,부산광역시 동래구 온천장로119번길 57,129.0817849,35.22187721
금문,중식 음식점업,온천1동,부산광역시 동래구 온천동 144-30,부산광역시 동래구 온천장로119번길 57,129.0817849,35.22187721
동백숯불갈비,한식 일반 음식점업,온천3동,부산광역시 동래구 온천동 1443-1,부산광역시 동래구 충렬대로 110,129.072673,35.20644368
김찜,한식 일반 음식점업,온천3동,부산광역시 동래구 온천동 1443-19,부산광역시 동래구 미남로146번길 45-2,129.0728475,35.20596309
내일또내일,서양식 음식점업,온천3동,부산광역시 동래구 온천동 1443-9,부산광역시 동래구 충렬대로126번길 10,129.0741973,35.20550741
두번먹는명인김치찜,한식 일반 음식점업,온천3동,부산광역시 동래구 온천동 1444-10,부산광역시 동래구 충렬대로108번길 6,129.0723543,35.20643112
30년불멸의닭발 동래점,한식 일반 음식점업,온천3동,부산광역시 동래구 온천동 1444-10,부산광역시 동래구 충렬대로108번길 6,129.0723543,35.20643112
온다키친,한식 일반 음식점업,온천3동,부산광역시 동래구 온천동 1444-10,부산광역시 동래구 충렬대로108번길 6,129.0723543,35.20643112
소양강,한식 일반 음식점업,온천3동,부산광역시 동래구 온천동 1444-7,부산광역시 동래구 충렬대로108번길 10,129.0723504,35.20627799
장백왕새우,한식 해산물 요리 전문점,온천3동,부산광역시 동래구 온천동 1445-31,부산광역시 동래구 미남로146번길 28,129.0717994,35.20619731
이가황태찜,한식 일반 음식점업,온천3동,부산광역시 동래구 온천동 1445-53,부산광역시 동래구 미남로132번길 47,129.0721663,35.20594771
미남육개장,한식 일반 음식점업,온천3동,부산광역시 동래구 온천동 1445-72,부산광역시 동래구 미남로132번길 44-1,129.0719441,35.20584338
판수칼국수,기관 구내식당업,온천3동,부산광역시 동래구 온천동 1445-80,부산광역시 동래구 미남로132번길 41,129.0718945,35.20605149
춘풍리새우완탕,중식 음식점업,온천3동,부산광역시 동래구 온천동 1445-80,부산광역시 동래구 미남로132번길 41,129.0718945,35.20605149
굽네치킨온천3동점,치킨 전문점,온천3동,부산광역시 동래구 온천동 1446-6,부산광역시 동래구 충렬대로86번길 31,129.0703411,35.20541122
강남할매집,한식 일반 음식점업,온천3동,부산광역시 동래구 온천동 1446-81,부산광역시 동래구 미남로132번길 14,129.0705259,35.20576852
이비가짬뽕미남 사직점,중식 음식점업,온천3동,부산광역시 동래구 온천동 1447-1,부산광역시 동래구 미남로 130,129.0697638,35.20559232
거창맷돌,한식 일반 음식점업,온천3동,부산광역시 동래구 온천동 1447-12,부산광역시 동래구 미남로 124,129.0697924,35.20498805
온거짜리,한식 육류 요리 전문점,온천3동,부산광역시 동래구 온천동 1448-1,부산광역시 동래구 충렬대로86번길 62,129.0698873,35.20396813
화로숯불갈비,한식 육류 요리 전문점,온천3동,부산광역시 동래구 온천동 1448-8,부산광역시 동래구 미남로 106,129.0697293,35.20336706
투가이즈,치킨 전문점,온천3동,부산광역시 동래구 온천동 1450-103,부산광역시 동래구 미남로102번길 45,129.0719575,35.20377951
골목길보리밥집,한식 일반 음식점업,온천3동,부산광역시 동래구 온천동 1451-12,부산광역시 동래구 충렬대로108번길 40-4,129.0725687,35.20493153
모든치킨사직 온천점,치킨 전문점,온천3동,부산광역시 동래구 온천동 1451-15,부산광역시 동래구 충렬대로108번길 38,129.0727244,35.20500997
엄지척셰프,한식 일반 음식점업,온천3동,부산광역시 동래구 온천동 1451-17,부산광역시 동래구 충렬대로108번길 42,129.0727637,35.20482907
태양푸드,한식 일반 음식점업,온천3동,부산광역시 동래구 온천동 1451-17,부산광역시 동래구 충렬대로108번길 42,129.0727637,35.20482907
우리집식당,한식 일반 음식점업,온천3동,부산광역시 동래구 온천동 1451-17,부산광역시 동래구 충렬대로108번길 42,129.0727637,35.20482907
철마한우쇠고기국밥,한식 일반 음식점업,온천3동,부산광역시 동래구 온천동 1451-26,부산광역시 동래구 충렬대로108번길 44,129.0727935,35.2047024
난바우동 동래점,김밥 및 기타 간이 음식점업,온천3동,부산광역시 동래구 온천동 1451-39,부산광역시 동래구 미남로102번길 65,129.0729544,35.2041229
언니네부엌,피자; 햄버거; 샌드위치 및 유사 음식점업,온천3동,부산광역시 동래구 온천동 1451-41,부산광역시 동래구 충렬대로108번길 54,129.072916,35.20433984
연화리,한식 해산물 요리 전문점,온천1동,부산광역시 동래구 온천동 145-15,부산광역시 동래구 온천장로119번길 62,129.081627,35.22214126
디케이치킨,치킨 전문점,온천3동,부산광역시 동래구 온천동 1451-59,부산광역시 동래구 충렬대로108번길 46,129.0728245,35.20462977
프레원,한식 일반 음식점업,온천1동,부산광역시 동래구 온천동 145-18,부산광역시 동래구 온천장로119번길 58-19,129.0820609,35.22279163
완뚝순두부 온천점,한식 일반 음식점업,온천1동,부산광역시 동래구 온천동 145-22,부산광역시 동래구 온천장로119번길 58-7,129.0818399,35.22230881
피아노라떼,한식 일반 음식점업,온천3동,부산광역시 동래구 온천동 1452-34,부산광역시 동래구 충렬대로126번길 46,129.0734585,35.20408723
보이후드에프엔비,한식 일반 음식점업,온천3동,부산광역시 동래구 온천동 1452-34,부산광역시 동래구 충렬대로126번길 46,129.0734585,35.20408723
대동횟집,한식 해산물 요리 전문점,온천3동,부산광역시 동래구 온천동 1452-36,부산광역시 동래구 충렬대로108번길 59,129.0732829,35.20409024
금룡,중식 음식점업,온천3동,부산광역시 동래구 온천동 1452-37,부산광역시 동래구 충렬대로108번길 57,129.0732418,35.20419908
잡어,한식 해산물 요리 전문점,온천3동,부산광역시 동래구 온천동 1452-38,부산광역시 동래구 충렬대로108번길 53,129.0731899,35.20431712
두찜 부산온천점,한식 일반 음식점업,온천3동,부산광역시 동래구 온천동 1452-45,부산광역시 동래구 충렬대로126번길 38,129.0737505,35.20434356
꾸꾸삼겹,한식 육류 요리 전문점,온천3동,부산광역시 동래구 온천동 1453-1,부산광역시 동래구 미남로146번길 46,129.0726257,35.20587677
춘하추동아구찜,한식 일반 음식점업,온천1동,부산광역시 동래구 온천동 145-33,부산광역시 동래구 금강로 154,129.0813016,35.22230005
패밀리수제왕돈까스,김밥 및 기타 간이 음식점업,온천3동,부산광역시 동래구 온천동 1453-42,부산광역시 동래구 충렬대로108번길 27,129.0727571,35.20543295
영진돼지국밥,한식 일반 음식점업,온천3동,부산광역시 동래구 온천동 1453-74,부산광역시 동래구 미남로132번길 63,129.0728948,35.20566489
구이팔팔숯불치킨 사직점,치킨 전문점,온천3동,부산광역시 동래구 온천동 1453-82,부산광역시 동래구 미남로116번길 75,129.0735267,35.20504129
우리외양간정육식당,한식 육류 요리 전문점,온천3동,부산광역시 동래구 온천동 1454-11,부산광역시 동래구 충렬대로140번길 18,129.0754029,35.20455855
동해해물탕,한식 일반 음식점업,온천3동,부산광역시 동래구 온천동 1454-37,부산광역시 동래구 미남로116번길 109,129.0753567,35.20446923
고심가,한식 일반 음식점업,온천3동,부산광역시 동래구 온천동 1454-37,부산광역시 동래구 미남로116번길 109,129.0753567,35.20446923
세련된식탁,한식 일반 음식점업,온천3동,부산광역시 동래구 온천동 1454-5,부산광역시 동래구 미남로146번길 90,129.0747751,35.20491175
돈돈카츠,한식 일반 음식점업,온천3동,부산광역시 동래구 온천동 1457-26,부산광역시 동래구 중앙대로1301번길 38,129.0739823,35.20352855
동영식당,한식 일반 음식점업,온천3동,부산광역시 동래구 온천동 1458-9,부산광역시 동래구 충렬대로140번길 53,129.0755818,35.20296044
구만족발보쌈 동래점,한식 일반 음식점업,온천3동,부산광역시 동래구 온천동 1459-15,부산광역시 동래구 충렬대로108번길 93,129.0737957,35.20266664
중화반점,중식 음식점업,온천3동,부산광역시 동래구 온천동 1459-2,부산광역시 동래구 충렬대로108번길 81,129.0737996,35.20325233
진례추어탕,한식 일반 음식점업,온천3동,부산광역시 동래구 온천동 1459-3,부산광역시 동래구 충렬대로108번길 89,129.0737347,35.20285693
온천족발,한식 일반 음식점업,온천3동,부산광역시 동래구 온천동 1459-5,부산광역시 동래구 충렬대로140번길 56,129.075076,35.20293307
든든한찬,한식 일반 음식점업,온천3동,부산광역시 동래구 온천동 1460-11,부산광역시 동래구 충렬대로108번길 78-1,129.0733801,35.20316039
새한한방생오리,한식 육류 요리 전문점,온천3동,부산광역시 동래구 온천동 1460-18,부산광역시 동래구 여고북로123번나길 33-1,129.0730344,35.20295003
깻잎칩킨,치킨 전문점,온천3동,부산광역시 동래구 온천동 1461-30,부산광역시 동래구 충렬대로100번길 84-2,129.0721583,35.20346968
자연임실치즈피자 동래점,피자; 햄버거; 샌드위치 및 유사 음식점업,온천3동,부산광역시 동래구 온천동 1461-64,부산광역시 동래구 충렬대로100번길 96,129.0723423,35.20293485
바다초장,한식 일반 음식점업,온천1동,부산광역시 동래구 온천동 146-24,부산광역시 동래구 온천장로125번길 41-7,129.0832032,35.222799
옛날보리밥,한식 일반 음식점업,온천3동,부산광역시 동래구 온천동 1462-46,부산광역시 동래구 미남로102번길 20,129.0706381,35.20327041
진가야밀면,한식 면 요리 전문점,온천1동,부산광역시 동래구 온천동 146-3,부산광역시 동래구 온천장로125번길 55,129.0827279,35.22353712
삼천포해물,한식 해산물 요리 전문점,온천1동,부산광역시 동래구 온천동 146-32,부산광역시 동래구 온천장로125번길 41-8,129.0830097,35.22296454
시장순대족발,한식 일반 음식점업,온천1동,부산광역시 동래구 온천동 146-33,부산광역시 동래구 온천장로125번길 41-12,129.0829416,35.2228756
아방궁황궁쟁반짜장,중식 음식점업,온천3동,부산광역시 동래구 온천동 1464-1,부산광역시 동래구 미남로 102,129.0696755,35.20298048
케이지푸드,한식 일반 음식점업,온천3동,부산광역시 동래구 온천동 1464-14,부산광역시 동래구 미남로 90-1,129.0696312,35.2020981
이도명가 사직점,한식 일반 음식점업,온천3동,부산광역시 동래구 온천동 1464-21,부산광역시 동래구 미남로102번길 6,129.0698644,35.20306736
청수초장,한식 일반 음식점업,온천1동,부산광역시 동래구 온천동 146-45,부산광역시 동래구 온천장로125번길 41-16,129.082818,35.22276959
독도횟집,한식 일반 음식점업,온천1동,부산광역시 동래구 온천동 146-45,부산광역시 동래구 온천장로125번길 41-16,129.082818,35.22276959
독도수산,한식 해산물 요리 전문점,온천1동,부산광역시 동래구 온천동 146-45,부산광역시 동래구 온천장로125번길 41-16,129.082818,35.22276959
숙이포차,한식 일반 음식점업,온천3동,부산광역시 동래구 온천동 1465-10,부산광역시 동래구 미남로 80,129.0698715,35.20118383
청수초장,한식 일반 음식점업,온천1동,부산광역시 동래구 온천동 146-52,부산광역시 동래구 온천장로125번길 41-3,129.0833928,35.22291289
삼겹당 동래점,한식 일반 음식점업,온천3동,부산광역시 동래구 온천동 1465-26,부산광역시 동래구 여고북로 93,129.0702503,35.20097009
기영이숯불두마리치킨부산 사직점,치킨 전문점,온천3동,부산광역시 동래구 온천동 1465-31,부산광역시 동래구 미남로 76,129.0699737,35.2008847
치킨매니아,치킨 전문점,온천3동,부산광역시 동래구 온천동 1465-36,부산광역시 동래구 여고북로 93-1,129.070117,35.20090928
그때그자리,한식 일반 음식점업,온천3동,부산광역시 동래구 온천동 1465-36,부산광역시 동래구 여고북로 93-1,129.070117,35.20090928
순살만공격 온천점,커피 전문점,온천3동,부산광역시 동래구 온천동 1465-40,부산광역시 동래구 미남로 80-2,129.0699017,35.20107517
보광식육식당,한식 육류 요리 전문점,온천1동,부산광역시 동래구 온천동 146-56,부산광역시 동래구 온천장로125번길 51,129.0828358,35.22346317
고성횟집,한식 해산물 요리 전문점,온천1동,부산광역시 동래구 온천동 146-56,부산광역시 동래구 온천장로125번길 51,129.0828358,35.22346317
직화볶음찜닭볶찜부산 동래점,그 외 기타 달리 분류되지 않은 개인 서비스업,온천3동,부산광역시 동래구 온천동 1465-7,부산광역시 동래구 미남로 82,129.0698637,35.20131012
오리명가,한식 일반 음식점업,온천3동,부산광역시 동래구 온천동 1466-10,부산광역시 동래구 여고북로 107,129.070904,35.20120222
케이디더블유에프,한식 일반 음식점업,온천3동,부산광역시 동래구 온천동 1466-21,부산광역시 동래구 여고북로123번길 5,129.0716452,35.20142383
조방낙지,한식 일반 음식점업,온천3동,부산광역시 동래구 온천동 1466-22,부산광역시 동래구 여고북로123번길 3,129.0716753,35.20131518
한려횟집,한식 해산물 요리 전문점,온천3동,부산광역시 동래구 온천동 1466-23,부산광역시 동래구 여고북로 117-4,129.0715537,35.20128121
다가짬뽕,중식 음식점업,온천3동,부산광역시 동래구 온천동 1466-57,부산광역시 동래구 여고북로 109,129.0711003,35.2011538
처갓집양념치킨미남점,치킨 전문점,온천3동,부산광역시 동래구 온천동 1466-57,부산광역시 동래구 여고북로 109,129.0711003,35.2011538
설레임푸드,한식 면 요리 전문점,온천3동,부산광역시 동래구 온천동 1466-59,부산광역시 동래구 여고북로 101,129.0706362,35.20103558
예일푸드,한식 일반 음식점업,온천3동,부산광역시 동래구 온천동 1466-59,부산광역시 동래구 여고북로 101,129.0706362,35.20103558
삼겹장수소금구이,한식 육류 요리 전문점,온천3동,부산광역시 동래구 온천동 1467-54,부산광역시 동래구 여고북로 131,129.0721852,35.2015047
수야막창,한식 일반 음식점업,온천3동,부산광역시 동래구 온천동 1467-54,부산광역시 동래구 여고북로 131,129.0721852,35.2015047
사직동전집,한식 일반 음식점업,온천3동,부산광역시 동래구 온천동 1467-54,부산광역시 동래구 여고북로 131,129.0721852,35.2015047
비이에치씨치킨사직미남점,치킨 전문점,온천3동,부산광역시 동래구 온천동 1467-57,부산광역시 동래구 여고북로123번길 6,129.0718553,35.20148332
번개통닭,치킨 전문점,온천3동,부산광역시 동래구 온천동 1467-9,부산광역시 동래구 여고북로 145,129.0729058,35.20178073
서울마님죽,한식 일반 음식점업,온천3동,부산광역시 동래구 온천동 1468-12,부산광역시 동래구 충렬대로108번길 102,129.0737186,35.2022264
원산식당,한식 육류 요리 전문점,온천3동,부산광역시 동래구 온천동 1468-27,부산광역시 동래구 여고북로 157,129.0734596,35.2019695
옛날통닭집,치킨 전문점,온천1동,부산광역시 동래구 온천동 147-4,부산광역시 동래구 온천장로125번길 33,129.0836663,35.22287213
백마식당,한식 일반 음식점업,온천1동,부산광역시 동래구 온천동 147-53,부산광역시 동래구 금강공원로20번길 86,129.0835951,35.2226661
현대옥부산온천장점,한식 일반 음식점업,온천1동,부산광역시 동래구 온천동 147-56,부산광역시 동래구 금강공원로20번길 81,129.0833492,35.22249911
온천국수,한식 면 요리 전문점,온천1동,부산광역시 동래구 온천동 147-7,부산광역시 동래구 온천장로119번길 44-10,129.0830581,35.22227884
우리시대돼지국밥,한식 일반 음식점업,온천1동,부산광역시 동래구 온천동 148-20,부산광역시 동래구 온천장로119번길 42,129.0826635,35.22188011
원조대운아구찜,한식 일반 음식점업,온천1동,부산광역시 동래구 온천동 148-32,부산광역시 동래구 온천장로125번길 21-24,129.083448,35.22206486
소원집,한식 일반 음식점업,온천1동,부산광역시 동래구 온천동 148-32,부산광역시 동래구 금강공원로20번길 74,129.0834054,35.22211966
개미집 온천점,한식 일반 음식점업,온천1동,부산광역시 동래구 온천동 149-11,부산광역시 동래구 금강공원로20번길 70,129.0833908,35.22197573
온천식당,한식 일반 음식점업,온천1동,부산광역시 동래구 온천동 149-4,부산광역시 동래구 온천장로119번길 27,129.083237,35.22154582
경보관,중식 음식점업,온천1동,부산광역시 동래구 온천동 149-7,부산광역시 동래구 온천장로125번길 21-25,129.0834754,35.22184811
경보관 동래점,중식 음식점업,온천1동,부산광역시 동래구 온천동 149-7,부산광역시 동래구 온천장로125번길 21-25,129.0834754,35.22184811
조옥규한우곰탕 온천점,한식 일반 음식점업,온천1동,부산광역시 동래구 온천동 149-8,부산광역시 동래구 온천장로119번길 28,129.0833736,35.22173272
내가대한의고기다불고기온천점 전문점,한식 일반 음식점업,온천1동,부산광역시 동래구 온천동 149-8,부산광역시 동래구 온천장로119번길 28,129.0833736,35.22173272
산성숯불갈비별관,한식 일반 음식점업,온천1동,부산광역시 동래구 온천동 150-10,부산광역시 동래구 온천장로119번길 12-3,129.08413,35.22168364
숙영막창,한식 육류 요리 전문점,온천1동,부산광역시 동래구 온천동 150-13,부산광역시 동래구 온천장로119번길 22,129.0836791,35.22165536
봉식당,한식 일반 음식점업,온천1동,부산광역시 동래구 온천동 150-15,부산광역시 동래구 온천장로119번길 26,129.0835609,35.22175652
동일참치,일식 음식점업,온천1동,부산광역시 동래구 온천동 150-3,부산광역시 동래구 온천장로119번길 25,129.0833783,35.22148932
영덕대게직판장식당,한식 일반 음식점업,온천1동,부산광역시 동래구 온천동 150-3,부산광역시 동래구 온천장로119번길 25,129.0833783,35.22148932
영덕대게직판장,한식 해산물 요리 전문점,온천1동,부산광역시 동래구 온천동 150-3,부산광역시 동래구 온천장로119번길 25,129.0833783,35.22148932
새마을소고기국밥,한식 일반 음식점업,온천1동,부산광역시 동래구 온천동 150-4,부산광역시 동래구 온천장로119번길 20,129.0839999,35.22174896
양지식당,한식 일반 음식점업,온천1동,부산광역시 동래구 온천동 150-4,부산광역시 동래구 온천장로119번길 20,129.0839999,35.22174896
족발삶는총각,한식 일반 음식점업,온천1동,부산광역시 동래구 온천동 150-4,부산광역시 동래구 온천장로119번길 20,129.0839999,35.22174896
미르,한식 일반 음식점업,온천1동,부산광역시 동래구 온천동 151-14,부산광역시 동래구 온천장로125번길 11,129.0845061,35.22221785
김가네칼국수,한식 면 요리 전문점,온천1동,부산광역시 동래구 온천동 152-13,부산광역시 동래구 온천장로119번길 10,129.0842908,35.22152768
소문난칼국수,한식 면 요리 전문점,온천1동,부산광역시 동래구 온천동 152-16,부산광역시 동래구 온천장로119번길 14,129.0840831,35.2215673
족발삶는총각 온천점,치킨 전문점,온천1동,부산광역시 동래구 온천동 152-18,부산광역시 동래구 금강공원로20번길 46,129.0834997,35.22108172
장씨네보리밥,한식 일반 음식점업,온천1동,부산광역시 동래구 온천동 152-18,부산광역시 동래구 금강공원로20번길 46,129.0834997,35.22108172
삼대추어탕,한식 일반 음식점업,온천1동,부산광역시 동래구 온천동 152-18,부산광역시 동래구 금강공원로20번길 46,129.0834997,35.22108172
맘스터치 온천점,피자; 햄버거; 샌드위치 및 유사 음식점업,온천1동,부산광역시 동래구 온천동 153-12,부산광역시 동래구 온천장로119번길 7,129.0843285,35.22128372
원조소문난칼국수,한식 면 요리 전문점,온천1동,부산광역시 동래구 온천동 153-12,부산광역시 동래구 온천장로119번길 7,129.0843285,35.22128372
동운반점,한식 일반 음식점업,온천1동,부산광역시 동래구 온천동 153-12,부산광역시 동래구 온천장로119번길 7,129.0843285,35.22128372
항도반점,중식 음식점업,온천1동,부산광역시 동래구 온천동 153-3,부산광역시 동래구 온천장로 125,129.0847827,35.22187065
골목집,한식 일반 음식점업,온천1동,부산광역시 동래구 온천동 153-43,부산광역시 동래구 온천장로117번길 8-1,129.0843225,35.22104952
온천장전통칼국수,한식 면 요리 전문점,온천1동,부산광역시 동래구 온천동 153-50,부산광역시 동래구 온천장로117번길 14-1,129.0841105,35.220918
본죽온천장점,한식 일반 음식점업,온천1동,부산광역시 동래구 온천동 153-8,부산광역시 동래구 중앙대로 1523,129.0855805,35.22128918
다채원,한식 일반 음식점업,온천1동,부산광역시 동래구 온천동 153-8,부산광역시 동래구 중앙대로 1523,129.0855805,35.22128918
샤브연리지 온천점,한식 일반 음식점업,온천1동,부산광역시 동래구 온천동 153-8,부산광역시 동래구 중앙대로 1523,129.0855805,35.22128918
비비큐부산온천장SK 허브점,치킨 전문점,온천1동,부산광역시 동래구 온천동 153-8,부산광역시 동래구 중앙대로 1523,129.0855805,35.22128918
쿠우쿠우부산 동래점,일식 음식점업,온천1동,부산광역시 동래구 온천동 153-8,부산광역시 동래구 중앙대로 1523,129.0855805,35.22128918
램블 온천점,한식 일반 음식점업,온천1동,부산광역시 동래구 온천동 153-8,부산광역시 동래구 중앙대로 1523,129.0855805,35.22128918
죽도령,한식 일반 음식점업,온천1동,부산광역시 동래구 온천동 153-8,부산광역시 동래구 중앙대로 1523,129.0855805,35.22128918
진영푸드피자헛부산주 온천점,피자; 햄버거; 샌드위치 및 유사 음식점업,온천1동,부산광역시 동래구 온천동 154-12,부산광역시 동래구 온천장로 96,129.0835364,35.21951308
보배반점 온천점,중식 음식점업,온천1동,부산광역시 동래구 온천동 154-18,부산광역시 동래구 온천장로 115,129.0843716,35.22082339
송강정,한식 일반 음식점업,온천1동,부산광역시 동래구 온천동 154-23,부산광역시 동래구 온천장로107번길 12,129.0836043,35.22044911
목촌돼지국밥,한식 일반 음식점업,온천1동,부산광역시 동래구 온천동 154-29,부산광역시 동래구 온천장로 111,129.0843437,35.22058957
요코즈나,일식 음식점업,온천1동,부산광역시 동래구 온천동 154-46,부산광역시 동래구 온천장로107번길 13,129.0834565,35.2202534
깃발집미주구리물회,한식 해산물 요리 전문점,온천1동,부산광역시 동래구 온천동 154-68,부산광역시 동래구 온천장로107번길 10,129.0838453,35.22042694
원할머니보쌈.족발부산 온천점,한식 일반 음식점업,온천1동,부산광역시 동래구 온천동 155-12,부산광역시 동래구 온천장로 108-6,129.0846619,35.22015154
건양정홍삼삼계탕홍삼오리 온천점,한식 일반 음식점업,온천1동,부산광역시 동래구 온천동 155-5,부산광역시 동래구 온천장로 114-8,129.0849789,35.22052456
비비큐온천레미안점,치킨 전문점,온천3동,부산광역시 동래구 온천동 1600,부산광역시 동래구 쇠미로129번길 62-12,129.0600734,35.2053341
대박이바구,한식 일반 음식점업,온천3동,부산광역시 동래구 온천동 1613,부산광역시 동래구 쇠미로 125,129.0598442,35.20234616
찌개주막,한식 일반 음식점업,온천3동,부산광역시 동래구 온천동 1617-30,부산광역시 동래구 쇠미로 127-1,129.0600369,35.20258619
도울리,한식 일반 음식점업,온천3동,부산광역시 동래구 온천동 1632-5,부산광역시 동래구 쇠미로121번길 48-26,129.0572977,35.20411068
더맛있는코다리,한식 일반 음식점업,온천1동,부산광역시 동래구 온천동 164-13,부산광역시 동래구 금강공원로 6-1,129.0837124,35.21866297
행복수산착한대게 동래점,한식 일반 음식점업,온천1동,부산광역시 동래구 온천동 164-18,부산광역시 동래구 금강공원로 8,129.0836309,35.21848415
동래대게,한식 일반 음식점업,온천1동,부산광역시 동래구 온천동 164-18,부산광역시 동래구 금강공원로 8,129.0836309,35.21848415
아늑한식당,한식 일반 음식점업,온천1동,부산광역시 동래구 온천동 164-49,부산광역시 동래구 중앙대로1493번길 28,129.0834564,35.2193883
임랑,한식 일반 음식점업,온천1동,부산광역시 동래구 온천동 164-66,부산광역시 동래구 온천장로 102,129.0839586,35.21970407
오케이도매횟집,한식 일반 음식점업,온천1동,부산광역시 동래구 온천동 164-76,부산광역시 동래구 온천장로 100,129.0837821,35.21967106
왕대박삼겹살,한식 육류 요리 전문점,온천3동,부산광역시 동래구 온천동 1649,부산광역시 동래구 쇠미로129번길 66,129.0588374,35.20508478
가마치통닭,치킨 전문점,온천1동,부산광역시 동래구 온천동 165-2,부산광역시 동래구 금강공원로 10-1,129.08351,35.21890977
하버드,한식 일반 음식점업,온천1동,부산광역시 동래구 온천동 165-2,부산광역시 동래구 금강공원로 10-1,129.08351,35.21890977
그늘집,한식 일반 음식점업,온천3동,부산광역시 동래구 온천동 1657-3,부산광역시 동래구 쇠미로129번길 140,129.056936,35.20718076
달북멍포레,피자; 햄버거; 샌드위치 및 유사 음식점업,온천3동,부산광역시 동래구 온천동 1668,부산광역시 동래구 쇠미로129번길 98-21,129.058162,35.20703376
오늘의도쿄온천장점,일식 음식점업,온천1동,부산광역시 동래구 온천동 168-3,부산광역시 동래구 온천장로 106-1,129.0848443,35.21998619
테라스,한식 일반 음식점업,온천3동,부산광역시 동래구 온천동 1685-2,부산광역시 동래구 쇠미로129번길 94,129.0584168,35.20625443
엣지,한식 일반 음식점업,온천1동,부산광역시 동래구 온천동 169-10,부산광역시 동래구 온천장로 85,129.0825242,35.21900784
어가삼계탕;어가초밥,한식 일반 음식점업,온천1동,부산광역시 동래구 온천동 169-20,부산광역시 동래구 금강공원로20번길 22,129.0827709,35.2196344
어가초밥,일식 음식점업,온천1동,부산광역시 동래구 온천동 169-20,부산광역시 동래구 금강공원로20번길 22,129.0827709,35.2196344
해도,일식 음식점업,온천1동,부산광역시 동래구 온천동 169-23,부산광역시 동래구 온천장로 89,129.0826512,35.21924897
동주숯불왕갈비,한식 일반 음식점업,온천1동,부산광역시 동래구 온천동 169-40,부산광역시 동래구 온천장로 95-1,129.0833218,35.21970602
백년백세토종삼계탕,한식 일반 음식점업,온천1동,부산광역시 동래구 온천동 169-45,부산광역시 동래구 온천장로 95-9,129.0834167,35.21998374
고집센그집갈비탕온천장점,한식 일반 음식점업,온천1동,부산광역시 동래구 온천동 170-3,부산광역시 동래구 금강공원로 11,129.0831658,35.21832995
잔치집,한식 육류 요리 전문점,온천2동,부산광역시 동래구 온천동 1708-3,부산광역시 동래구 금정마을로 37,129.0609533,35.21278068
금솔장,한식 일반 음식점업,온천2동,부산광역시 동래구 온천동 1708-5,부산광역시 동래구 금정마을로 39,129.061161,35.2127411
최만순의약선요리,한식 육류 요리 전문점,온천2동,부산광역시 동래구 온천동 1711,부산광역시 동래구 금정마을로 24,129.0599217,35.21193314
만덕산장,한식 일반 음식점업,온천2동,부산광역시 동래구 온천동 1711-1,부산광역시 동래구 금정마을로 22,129.0594013,35.21176176
진양집,한식 육류 요리 전문점,온천2동,부산광역시 동래구 온천동 1714,부산광역시 동래구 금정마을로 16,129.0588423,35.21179831
강서가든,한식 육류 요리 전문점,온천2동,부산광역시 동래구 온천동 1714-1,부산광역시 동래구 금정마을로 14,129.0585894,35.21178459
동원장,한식 육류 요리 전문점,온천2동,부산광역시 동래구 온천동 1715-4,부산광역시 동래구 금정마을로 19,129.0591161,35.21220818
고성장,한식 육류 요리 전문점,온천2동,부산광역시 동래구 온천동 1716-6,부산광역시 동래구 금정마을로 13,129.0584194,35.21201277
금정산별장,한식 육류 요리 전문점,온천2동,부산광역시 동래구 온천동 1716-7,부산광역시 동래구 금정마을로 11,129.0582406,35.21188965
숲속의향기가든,한식 육류 요리 전문점,온천2동,부산광역시 동래구 온천동 1720,부산광역시 동래구 금정마을로 8,129.0576153,35.21147674
원조가야밀면,한식 면 요리 전문점,온천1동,부산광역시 동래구 온천동 172-23,부산광역시 동래구 금강공원로 7,129.0835364,35.21822444
롯데리아온천장역점,피자; 햄버거; 샌드위치 및 유사 음식점업,온천1동,부산광역시 동래구 온천동 172-27,부산광역시 동래구 금강공원로 5,129.0837212,35.21814917
기와집,한식 육류 요리 전문점,온천2동,부산광역시 동래구 온천동 1746,부산광역시 동래구 만덕고개길 236-43,129.0531405,35.21255302
한식당,한식 일반 음식점업,온천1동,부산광역시 동래구 온천동 178-7,부산광역시 동래구 중앙대로1473번길 13,129.0824199,35.21750471
평화식당,한식 일반 음식점업,온천1동,부산광역시 동래구 온천동 178-7,부산광역시 동래구 중앙대로1473번길 13,129.0824199,35.21750471
한솥도시락,한식 일반 음식점업,온천1동,부산광역시 동래구 온천동 180-14,부산광역시 동래구 중앙대로1473번길 24,129.0825662,35.21806992
프랭크버거부산 온천점,피자; 햄버거; 샌드위치 및 유사 음식점업,온천1동,부산광역시 동래구 온천동 180-14,부산광역시 동래구 중앙대로1473번길 24,129.0825662,35.21806992
샤브애작 온천장점,한식 일반 음식점업,온천1동,부산광역시 동래구 온천동 180-14,부산광역시 동래구 중앙대로1473번길 24,129.0825662,35.21806992
탕화쿵푸온천장점,중식 음식점업,온천1동,부산광역시 동래구 온천동 180-14,부산광역시 동래구 중앙대로1473번길 24,129.0825662,35.21806992
동조식당,일식 음식점업,온천1동,부산광역시 동래구 온천동 182-3,부산광역시 동래구 온천장로 81,129.0821839,35.21858114
동방축산온천장점,한식 육류 요리 전문점,온천1동,부산광역시 동래구 온천동 182-5,부산광역시 동래구 온천장로 79,129.0821155,35.21848319
냉삼집 온천점,일식 음식점업,온천1동,부산광역시 동래구 온천동 182-9,부산광역시 동래구 온천장로65번길 10,129.0818136,35.21783956
소꼬집,한식 육류 요리 전문점,온천1동,부산광역시 동래구 온천동 182-9,부산광역시 동래구 온천장로65번길 10,129.0818136,35.21783956
진해장뼈칼국수,한식 일반 음식점업,온천1동,부산광역시 동래구 온천동 182-9,부산광역시 동래구 온천장로65번길 10,129.0818136,35.21783956
일송식당,한식 해산물 요리 전문점,온천1동,부산광역시 동래구 온천동 183-19,부산광역시 동래구 온천장로 68-1,129.0819308,35.21726982
장생쪽갈비,한식 육류 요리 전문점,온천1동,부산광역시 동래구 온천동 183-19,부산광역시 동래구 온천장로 68-1,129.0819308,35.21726982
고델스버거바by버거앤프라이즈,피자; 햄버거; 샌드위치 및 유사 음식점업,온천3동,부산광역시 동래구 온천동 1833,부산광역시 동래구 쇠미로 153,129.060799,35.20406914
전주콩나물해장국,한식 일반 음식점업,온천1동,부산광역시 동래구 온천동 183-4,부산광역시 동래구 온천장로 68,129.0819999,35.21739479
아강춘,중식 음식점업,온천1동,부산광역시 동래구 온천동 184-5,부산광역시 동래구 온천장로 62,129.081646,35.2168692
조방낙지&삼겹,한식 일반 음식점업,온천1동,부산광역시 동래구 온천동 184-6,부산광역시 동래구 온천장로 56,129.0812081,35.21648924
유가솜씨 온천점,한식 육류 요리 전문점,온천1동,부산광역시 동래구 온천동 1850,부산광역시 동래구 온천장로65번길 9,129.0798113,35.21640511
조은짬뽕 본점,중식 음식점업,온천1동,부산광역시 동래구 온천동 1850,부산광역시 동래구 온천장로65번길 9,129.0798113,35.21640511
피자나라치킨공주부산 온천점,피자; 햄버거; 샌드위치 및 유사 음식점업,온천1동,부산광역시 동래구 온천동 1850,부산광역시 동래구 온천장로65번길 9,129.079823,35.21643195
김종구식맛치킨;전기바베큐옛날통닭온천장점,치킨 전문점,온천1동,부산광역시 동래구 온천동 1850,부산광역시 동래구 온천장로65번길 9,129.079823,35.21643195
츄맥,한식 일반 음식점업,온천1동,부산광역시 동래구 온천동 1850,부산광역시 동래구 온천장로65번길 9,129.0798113,35.21640511
파파존스온천 사직점,피자; 햄버거; 샌드위치 및 유사 음식점업,온천2동,부산광역시 동래구 온천동 1853,부산광역시 동래구 충렬대로107번길 65,129.0719285,35.21084505
동동국밥,한식 일반 음식점업,온천2동,부산광역시 동래구 온천동 1853,부산광역시 동래구 충렬대로107번길 65,129.067458,35.21208399
에스앰지,피자; 햄버거; 샌드위치 및 유사 음식점업,온천2동,부산광역시 동래구 온천동 1853,부산광역시 동래구 충렬대로107번길 65,129.067458,35.21208399
동신,일식 음식점업,온천1동,부산광역시 동래구 온천동 185-7,부산광역시 동래구 온천장로 69-1,129.0816766,35.21763465
민들레식당,한식 일반 음식점업,온천1동,부산광역시 동래구 온천동 186-10,부산광역시 동래구 차밭골로20번길 43,129.080999,35.21776346
멧챠 우마이,일식 음식점업,온천1동,부산광역시 동래구 온천동 186-10,부산광역시 동래구 차밭골로20번길 43,129.080999,35.21776346
민들레식당,한식 일반 음식점업,온천1동,부산광역시 동래구 온천동 186-10,부산광역시 동래구 차밭골로20번길 43,129.080999,35.21776346
온천슈퍼 온천점,한식 일반 음식점업,온천1동,부산광역시 동래구 온천동 186-129,부산광역시 동래구 차밭골로20번길 23,129.0801931,35.21716453
목화기사식당,한식 일반 음식점업,온천1동,부산광역시 동래구 온천동 186-3,부산광역시 동래구 차밭골로 19-1,129.0792378,35.21630683
업소명없음,한식 일반 음식점업,온천1동,부산광역시 동래구 온천동 188-26,부산광역시 동래구 차밭골로22번길 30,129.0801682,35.21748036
꽃분이네 식당,한식 일반 음식점업,온천1동,부산광역시 동래구 온천동 188-31,부산광역시 동래구 금강공원로33번길 24,129.0810482,35.21796987
도쿄쉐프,일식 음식점업,온천1동,부산광역시 동래구 온천동 189-134,부산광역시 동래구 금강공원로 37,129.0805889,35.21847341
우성,한식 육류 요리 전문점,온천1동,부산광역시 동래구 온천동 189-134,부산광역시 동래구 금강공원로 37,129.0805889,35.21847341
오리랑닭이랑,한식 일반 음식점업,온천1동,부산광역시 동래구 온천동 189-134,부산광역시 동래구 금강공원로 37,129.0805889,35.21847341
족발사관학교,한식 육류 요리 전문점,온천1동,부산광역시 동래구 온천동 189-20,부산광역시 동래구 금강공원로33번길 9,129.081162,35.21855367
기라성,중식 음식점업,온천1동,부산광역시 동래구 온천동 189-25,부산광역시 동래구 차밭골로20번길 68,129.0819536,35.21859412
또와또와,한식 일반 음식점업,온천1동,부산광역시 동래구 온천동 189-25,부산광역시 동래구 차밭골로20번길 68,129.0819536,35.21859412
한식 전문점,한식 일반 음식점업,온천1동,부산광역시 동래구 온천동 189-25,부산광역시 동래구 차밭골로20번길 68,129.0819536,35.21859412
황소숯불뒷고기,한식 육류 요리 전문점,온천1동,부산광역시 동래구 온천동 189-25,부산광역시 동래구 차밭골로20번길 68,129.0819536,35.21859412
포갈비김사장온천동 본점,한식 일반 음식점업,온천1동,부산광역시 동래구 온천동 189-3,부산광역시 동래구 금강공원로 37-1,129.0804199,35.21873764
온천천양곱창,한식 육류 요리 전문점,온천1동,부산광역시 동래구 온천동 189-32,부산광역시 동래구 금강공원로 23,129.0818832,35.21884765
고향밥상,한식 일반 음식점업,온천1동,부산광역시 동래구 온천동 189-32,부산광역시 동래구 금강공원로 23,129.0818832,35.21884765
참우돌양곱창,한식 육류 요리 전문점,온천1동,부산광역시 동래구 온천동 189-34,부산광역시 동래구 차밭골로20번길 69,129.0817929,35.21875008
온천갈비,한식 육류 요리 전문점,온천1동,부산광역시 동래구 온천동 189-35,부산광역시 동래구 차밭골로20번길 67,129.0817357,35.21866095
지니프레쉬 온천점,서양식 음식점업,온천1동,부산광역시 동래구 온천동 189-37,부산광역시 동래구 금강로106번길 37,129.081269,35.21844369
대도양곱창,한식 육류 요리 전문점,온천1동,부산광역시 동래구 온천동 189-40,부산광역시 동래구 차밭골로20번길 72,129.0820337,35.2187189
그옛날온천통닭,치킨 전문점,온천1동,부산광역시 동래구 온천동 189-40,부산광역시 동래구 차밭골로20번길 72,129.0820337,35.2187189
마산집,한식 일반 음식점업,온천1동,부산광역시 동래구 온천동 189-60,부산광역시 동래구 금강공원로33번길 21,129.0812595,35.21807438
웅남이조개포차,한식 일반 음식점업,온천1동,부산광역시 동래구 온천동 189-73,부산광역시 동래구 차밭골로20번길 63,129.0817112,35.21856224
피자홍스,피자; 햄버거; 샌드위치 및 유사 음식점업,온천1동,부산광역시 동래구 온천동 189-74,부산광역시 동래구 차밭골로20번길 61,129.0816552,35.21851815
온천장터,한식 일반 음식점업,온천1동,부산광역시 동래구 온천동 189-75,부산광역시 동래구 차밭골로20번길 52,129.0813555,35.21796459
노랑통닭온천래미안점,한식 일반 음식점업,온천1동,부산광역시 동래구 온천동 189-82,부산광역시 동래구 금강로106번길 35,129.081158,35.21840054
양대감식당,한식 일반 음식점업,온천1동,부산광역시 동래구 온천동 190-3,부산광역시 동래구 차밭골로 23,129.079008,35.21633781
합천삼가한우식육식당,한식 육류 요리 전문점,온천1동,부산광역시 동래구 온천동 190-35,부산광역시 동래구 차밭골로 23-5,129.078655,35.21627179
서울식당,한식 일반 음식점업,온천1동,부산광역시 동래구 온천동 190-40,부산광역시 동래구 차밭골로 23-4,129.0786708,35.21646076
감나무식당,한식 일반 음식점업,온천1동,부산광역시 동래구 온천동 190-7,부산광역시 동래구 차밭골로24번길 33,129.0797274,35.2178484
비비큐부산온천장점,치킨 전문점,온천1동,부산광역시 동래구 온천동 191-10,부산광역시 동래구 금강로 84-1,129.0783861,35.21649268
맛있는달,한식 일반 음식점업,온천1동,부산광역시 동래구 온천동 191-10,부산광역시 동래구 금강로 84-1,129.0783861,35.21649268
남썬치킨온천 2호점,치킨 전문점,온천1동,부산광역시 동래구 온천동 191-16,부산광역시 동래구 금강로 88,129.0786379,35.21689387
바다장어구이,한식 해산물 요리 전문점,온천1동,부산광역시 동래구 온천동 191-3,부산광역시 동래구 차밭골로 27,129.0784657,35.21659945
네네치킨 온천점,치킨 전문점,온천1동,부산광역시 동래구 온천동 191-3,부산광역시 동래구 차밭골로 27,129.0784657,35.21659945
처갓집양념치킨온천장점,치킨 전문점,온천1동,부산광역시 동래구 온천동 191-5,부산광역시 동래구 금강로 90,129.0787074,35.21703686
일단마포동래온천장점,한식 일반 음식점업,온천1동,부산광역시 동래구 온천동 191-9,부산광역시 동래구 차밭골로 25-1,129.0785971,35.21658818
더리자,한식 일반 음식점업,온천1동,부산광역시 동래구 온천동 192-20,부산광역시 동래구 금강로 94,129.0788529,35.2171425
기영이숯불두마리치킨부산 온천점,치킨 전문점,온천1동,부산광역시 동래구 온천동 192-20,부산광역시 동래구 금강로 94,129.0788529,35.2171425
수연,한식 일반 음식점업,온천1동,부산광역시 동래구 온천동 193-13,부산광역시 동래구 금강로 101,129.0790048,35.21793291
온천하다,한식 일반 음식점업,온천1동,부산광역시 동래구 온천동 193-13,부산광역시 동래구 금강로 101,129.0790048,35.21793291
삼겹파티 온천점,한식 육류 요리 전문점,온천1동,부산광역시 동래구 온천동 193-17,부산광역시 동래구 금강로 104,129.0793569,35.2179629
암돼지갈비,한식 육류 요리 전문점,온천1동,부산광역시 동래구 온천동 193-18,부산광역시 동래구 금강로 106,129.0793917,35.2180344
유선집,한식 일반 음식점업,온천1동,부산광역시 동래구 온천동 195-1,부산광역시 동래구 금강로 105,129.0792223,35.21828062
브뤼트에프앤비,피자; 햄버거; 샌드위치 및 유사 음식점업,온천1동,부산광역시 동래구 온천동 195-1,부산광역시 동래구 금강로 105,129.0792223,35.21828062
중식대가객잔,중식 음식점업,온천1동,부산광역시 동래구 온천동 197-1,부산광역시 동래구 금강로 83,129.0780904,35.21652479
하선옥,한식 일반 음식점업,온천1동,부산광역시 동래구 온천동 198-11,부산광역시 동래구 금강로 91,129.0783692,35.21712378
등불,한식 육류 요리 전문점,온천1동,부산광역시 동래구 온천동 198-32,부산광역시 동래구 차밭골로 31,129.0780637,35.21676856
막서러횟집,한식 해산물 요리 전문점,온천1동,부산광역시 동래구 온천동 198-33,부산광역시 동래구 금강로103번길 5,129.0789643,35.21806877
303화덕온천,일식 음식점업,온천1동,부산광역시 동래구 온천동 200-16,부산광역시 동래구 차밭골로 36-4,129.0777285,35.21697257
산성현장식당,한식 일반 음식점업,온천1동,부산광역시 동래구 온천동 204-11,부산광역시 동래구 차밭골로50번길 34,129.0781755,35.21856894
스트릿131,한식 일반 음식점업,온천1동,부산광역시 동래구 온천동 204-11,부산광역시 동래구 차밭골로50번길 34,129.0781537,35.21857833
차밭골풍경,한식 일반 음식점업,온천1동,부산광역시 동래구 온천동 204-32,부산광역시 동래구 차밭골로50번가길 5-3,129.0781949,35.21846948
소문난동래파전,한식 일반 음식점업,온천1동,부산광역시 동래구 온천동 208-8,부산광역시 동래구 금강공원로 55,129.0784165,35.21854678
유씨네본가누룽지삼계탕,한식 일반 음식점업,온천1동,부산광역시 동래구 온천동 208-8,부산광역시 동래구 금강공원로 55,129.0784165,35.21854678
유대감,한식 면 요리 전문점,온천1동,부산광역시 동래구 온천동 210-19,부산광역시 동래구 금강공원로33번길 5,129.0811,35.21870793
전통콩나물해장국온천장 직영점,한식 일반 음식점업,온천1동,부산광역시 동래구 온천동 210-24,부산광역시 동래구 금강공원로 39-1,129.080122,35.21867969
부자족발,한식 일반 음식점업,온천1동,부산광역시 동래구 온천동 210-3,부산광역시 동래구 금강공원로 25,129.081567,35.21893419
토박이양곱창,한식 육류 요리 전문점,온천1동,부산광역시 동래구 온천동 210-33,부산광역시 동래구 금강공원로33번길 6,129.0808594,35.21874811
새동래양곱창,한식 육류 요리 전문점,온천1동,부산광역시 동래구 온천동 210-35,부산광역시 동래구 금강공원로 35,129.080752,35.21884007
마당쇠껍데기와소금구이,한식 육류 요리 전문점,온천1동,부산광역시 동래구 온천동 210-35,부산광역시 동래구 금강공원로 35,129.080752,35.21884007
우리가,한식 일반 음식점업,온천1동,부산광역시 동래구 온천동 210-40,부산광역시 동래구 금강공원로 39,129.0802324,35.21870482
래원포차,한식 일반 음식점업,온천1동,부산광역시 동래구 온천동 210-40,부산광역시 동래구 금강공원로 39,129.0802324,35.21870482
온양갈비양꼬치 전문점,한식 육류 요리 전문점,온천1동,부산광역시 동래구 온천동 210-45,부산광역시 동래구 금강공원로 29-1,129.0813125,35.21885747
교촌치킨,치킨 전문점,온천1동,부산광역시 동래구 온천동 210-5,부산광역시 동래구 금강공원로 30-1,129.081254,35.21914684
만배생선구이,한식 일반 음식점업,온천1동,부산광역시 동래구 온천동 210-5,부산광역시 동래구 금강공원로 30-1,129.081254,35.21914684
온천낙지,한식 일반 음식점업,온천1동,부산광역시 동래구 온천동 210-52,부산광역시 동래구 금강공원로 34-13,129.0806709,35.21953535
비에이치씨온천장점,치킨 전문점,온천1동,부산광역시 동래구 온천동 210-53,부산광역시 동래구 금강공원로 34-9,129.0807123,35.21943551
다미초밥,일식 음식점업,온천1동,부산광역시 동래구 온천동 210-56,부산광역시 동래구 금강로 122,129.0802666,35.2196144
오부장,한식 일반 음식점업,온천1동,부산광역시 동래구 온천동 210-6,부산광역시 동래구 금강공원로 34-6,129.0809485,35.21922419
통나무하우스한정식,한식 일반 음식점업,온천1동,부산광역시 동래구 온천동 210-63,부산광역시 동래구 금강공원로 34,129.0807264,35.21912888
온천돈까스,김밥 및 기타 간이 음식점업,온천1동,부산광역시 동래구 온천동 210-66,부산광역시 동래구 금강로124번길 18,129.0810836,35.21935704
천일양곱창 온천점,한식 육류 요리 전문점,온천1동,부산광역시 동래구 온천동 210-79,부산광역시 동래구 금강공원로 41,129.0800229,35.21867238
스카이한우곰탕,한식 일반 음식점업,온천1동,부산광역시 동래구 온천동 210-84,부산광역시 동래구 금강공원로 40-1,129.0800856,35.21897769
쌈보보쌈,한식 일반 음식점업,온천1동,부산광역시 동래구 온천동 210-87,부산광역시 동래구 금강로 118,129.0799921,35.21918656
장호밀면,한식 면 요리 전문점,온천1동,부산광역시 동래구 온천동 210-90,부산광역시 동래구 금강공원로 36,129.0805302,35.21918632
고기장수,한식 육류 요리 전문점,온천1동,부산광역시 동래구 온천동 212-14,부산광역시 동래구 금강공원로20번길 3,129.0823059,35.21905666
진우동집,한식 면 요리 전문점,온천1동,부산광역시 동래구 온천동 212-5,부산광역시 동래구 금강공원로26번길 2,129.0818161,35.21922729
대도회초밥,한식 해산물 요리 전문점,온천1동,부산광역시 동래구 온천동 212-5,부산광역시 동래구 금강공원로26번길 2,129.0818161,35.21922729
제주대패랑옛날갈비,한식 일반 음식점업,온천1동,부산광역시 동래구 온천동 212-5,부산광역시 동래구 금강공원로26번길 2,129.0818161,35.21922729
차밭골돌솥감자탕,한식 일반 음식점업,온천1동,부산광역시 동래구 온천동 213,부산광역시 동래구 금강로124번길 25,129.0815161,35.21952082
빵빵,한식 일반 음식점업,온천1동,부산광역시 동래구 온천동 213,부산광역시 동래구 금강로124번길 25,129.0815161,35.21952082
싹다한우,한식 육류 요리 전문점,온천1동,부산광역시 동래구 온천동 215-1,부산광역시 동래구 금강로124번길 19,129.0811335,35.21959048
대성목욕탕여탕,피자; 햄버거; 샌드위치 및 유사 음식점업,온천1동,부산광역시 동래구 온천동 215-1,부산광역시 동래구 금강로124번길 19,129.0811335,35.21959048
팥고방6.16,한식 일반 음식점업,온천1동,부산광역시 동래구 온천동 216-7,부산광역시 동래구 금강공원로26번길 17,129.0814798,35.21981882
고봉숯불갈비,한식 육류 요리 전문점,온천1동,부산광역시 동래구 온천동 217,부산광역시 동래구 금강로124번길 11,129.0806433,35.21974309
한우산,한식 육류 요리 전문점,온천1동,부산광역시 동래구 온천동 220-1,부산광역시 동래구 금강로124번길 3,129.0804375,35.21985477
종하뷔페식당,한식 일반 음식점업,온천1동,부산광역시 동래구 온천동 221-14,부산광역시 동래구 금강로 119-6,129.0797738,35.21966792
양파,서양식 음식점업,온천1동,부산광역시 동래구 온천동 221-8,부산광역시 동래구 금강로 123,129.0799725,35.21970957
돼지구오,한식 일반 음식점업,온천1동,부산광역시 동래구 온천동 239-9,부산광역시 동래구 금강로 115,129.0796507,35.21914737
차밭골보리밥,한식 일반 음식점업,온천1동,부산광역시 동래구 온천동 281-1,부산광역시 동래구 우장춘로 157-58,129.0749148,35.22118417
오오토,한식 해산물 요리 전문점,온천1동,부산광역시 동래구 온천동 303-13,부산광역시 동래구 차밭골로37번길 6,129.0773985,35.2169512
303화덕온천,피자; 햄버거; 샌드위치 및 유사 음식점업,온천1동,부산광역시 동래구 온천동 303-4,부산광역시 동래구 차밭골로 37,129.0774463,35.21710358
해월,한식 육류 요리 전문점,온천1동,부산광역시 동래구 온천동 307-1,부산광역시 동래구 차밭골로 49,129.0765243,35.21755195
푸드카페삐뽀랑냠냠,한식 일반 음식점업,온천1동,부산광역시 동래구 온천동 330,부산광역시 동래구 우장춘로 117,129.0742493,35.21790637
육일횟집,한식 해산물 요리 전문점,온천1동,부산광역시 동래구 온천동 40-13,부산광역시 동래구 온천장로125번길 69,129.0821907,35.22400595
자담치킨,치킨 전문점,온천1동,부산광역시 동래구 온천동 40-13,부산광역시 동래구 온천장로125번길 69,129.0821907,35.22400595
아우성쌀통닭,치킨 전문점,온천1동,부산광역시 동래구 온천동 40-15,부산광역시 동래구 온천장로125번길 61-2,129.0824164,35.22381282
전남친순대온천장점,김밥 및 기타 간이 음식점업,온천1동,부산광역시 동래구 온천동 40-38,부산광역시 동래구 온천장로125번길 59,129.082568,35.22372911
가마치통닭온천삼익점,커피 전문점,온천2동,부산광역시 동래구 온천동 407-31,부산광역시 동래구 금강로 31,129.074421,35.21343372
타코비 동래점,서양식 음식점업,온천1동,부산광역시 동래구 온천동 425-8,부산광역시 동래구 금강로62번길 6,129.0772617,35.21460154
정글아마존,기타 외국식 음식점업,온천1동,부산광역시 동래구 온천동 435-1,부산광역시 동래구 금강로 69,129.0772513,35.21548485
왕밀면냉면,한식 면 요리 전문점,온천1동,부산광역시 동래구 온천동 435-1,부산광역시 동래구 금강로 69,129.0772513,35.21548485
카도야쯔케멘,일식 음식점업,온천1동,부산광역시 동래구 온천동 435-27,부산광역시 동래구 금강로 63,129.0769094,35.21499509
하나돈까스 온천점,일식 음식점업,온천1동,부산광역시 동래구 온천동 435-28,부산광역시 동래구 금강로 67,129.0770807,35.21525348
타이빈,기타 외국식 음식점업,온천1동,부산광역시 동래구 온천동 436-12,부산광역시 동래구 금강로73번길 12,129.077293,35.21625913
두미촌돼지국밥,한식 일반 음식점업,온천1동,부산광역시 동래구 온천동 440-15,부산광역시 동래구 금강로 82,129.0782143,35.21621627
고향집,한식 일반 음식점업,온천1동,부산광역시 동래구 온천동 442-1,부산광역시 동래구 금강로74번길 2,129.0777914,35.21556569
명,한식 일반 음식점업,온천1동,부산광역시 동래구 온천동 442-6,부산광역시 동래구 금강로 70-1,129.0777105,35.21540488
금강양곱창,한식 육류 요리 전문점,온천1동,부산광역시 동래구 온천동 442-9,부산광역시 동래구 금강로62번길 5,129.0774305,35.21476085
진심,한식 해산물 요리 전문점,온천1동,부산광역시 동래구 온천동 444-18,부산광역시 동래구 차밭골로21번길 42-16,129.0783356,35.21537612
호식이두마리치킨 온천점,한식 일반 음식점업,온천1동,부산광역시 동래구 온천동 444-18,부산광역시 동래구 차밭골로21번길 42-16,129.0783356,35.21537612
천일궁,중식 음식점업,온천1동,부산광역시 동래구 온천동 444-50,부산광역시 동래구 차밭골로21번길 27,129.0787154,35.21519838
청정바다,한식 해산물 요리 전문점,온천1동,부산광역시 동래구 온천동 444-62,부산광역시 동래구 금강로74번길 30,129.0791352,35.21486675
에이치디푸드샵,한식 일반 음식점업,온천1동,부산광역시 동래구 온천동 444-66,부산광역시 동래구 금강로74번길 13,129.0785257,35.21550803
차밭골반상,한식 일반 음식점업,온천1동,부산광역시 동래구 온천동 444-66,부산광역시 동래구 금강로74번길 13,129.0785257,35.21550803
만복이생선찌개,한식 일반 음식점업,온천1동,부산광역시 동래구 온천동 44-49,부산광역시 동래구 금강로 168,129.0817077,35.22358171
통영졸복,한식 일반 음식점업,온천1동,부산광역시 동래구 온천동 447-10,부산광역시 동래구 차밭골로21번길 8,129.0789275,35.21619501
상황버섯칼국수,한식 면 요리 전문점,온천1동,부산광역시 동래구 온천동 447-6,부산광역시 동래구 차밭골로21번길 10,129.0788246,35.21603457
노천민물장어,한식 일반 음식점업,온천1동,부산광역시 동래구 온천동 450-1,부산광역시 동래구 차밭골로 17,129.0794747,35.21612253
정원집,한식 일반 음식점업,온천1동,부산광역시 동래구 온천동 45-13,부산광역시 동래구 금강로 166-10,129.0817696,35.2229949
게장맛집,한식 일반 음식점업,온천1동,부산광역시 동래구 온천동 45-13,부산광역시 동래구 금강로 166-10,129.0817696,35.2229949
양산추어탕,한식 일반 음식점업,온천1동,부산광역시 동래구 온천동 453-12,부산광역시 동래구 온천장로 50,129.0807568,35.21601939
만석꾼,한식 일반 음식점업,온천1동,부산광역시 동래구 온천동 453-28,부산광역시 동래구 차밭골로 9,129.0801799,35.215786
원조꼬리곰집,한식 일반 음식점업,온천1동,부산광역시 동래구 온천동 453-3,부산광역시 동래구 온천장로 52,129.0809441,35.2160432
족발어때,한식 일반 음식점업,온천1동,부산광역시 동래구 온천동 453-39,부산광역시 동래구 차밭골로 8,129.0805775,35.21587829
꼰대우동,한식 일반 음식점업,온천1동,부산광역시 동래구 온천동 453-39,부산광역시 동래구 차밭골로 8,129.0805775,35.21587829
일미기사식당,한식 일반 음식점업,온천1동,부산광역시 동래구 온천동 456-21,부산광역시 동래구 온천장로30번길 2,129.0795621,35.21481436
왓더버거부산명륜점,피자; 햄버거; 샌드위치 및 유사 음식점업,온천1동,부산광역시 동래구 온천동 470-4,부산광역시 동래구 온천장로 14,129.0792418,35.21345011
동원밀면냉면,한식 면 요리 전문점,온천1동,부산광역시 동래구 온천동 47-1,부산광역시 동래구 금강로 161,129.081266,35.22305763
대청숯불갈비,한식 육류 요리 전문점,온천1동,부산광역시 동래구 온천동 47-2,부산광역시 동래구 금강로 159,129.0811836,35.22284277
부산식당,한식 육류 요리 전문점,온천1동,부산광역시 동래구 온천동 473-11,부산광역시 동래구 온천장로 3,129.0786833,35.21264867
동천홍,중식 음식점업,온천1동,부산광역시 동래구 온천동 473-13,부산광역시 동래구 온천장로 1,129.0786342,35.21244225
육식사관학교 온천점,한식 일반 음식점업,온천1동,부산광역시 동래구 온천동 473-27,부산광역시 동래구 동래로 27-11,129.0785249,35.2128947
작은영토,한식 일반 음식점업,온천1동,부산광역시 동래구 온천동 473-30,부산광역시 동래구 동래로 27-7,129.0784624,35.2125984
최가네칼국수,한식 면 요리 전문점,온천1동,부산광역시 동래구 온천동 473-5,부산광역시 동래구 온천장로 11,129.0788323,35.21332198
민들레식당,한식 일반 음식점업,온천1동,부산광역시 동래구 온천동 480-40,부산광역시 동래구 동래로19번길 5,129.0780164,35.2131918
롯데리아동래점 롯데마트,피자; 햄버거; 샌드위치 및 유사 음식점업,온천2동,부산광역시 동래구 온천동 502-3,부산광역시 동래구 중앙대로 1393,129.0774734,35.21170521
샤브보트롯데동래점 백화점,한식 일반 음식점업,온천2동,부산광역시 동래구 온천동 502-3,부산광역시 동래구 중앙대로 1393,129.0774734,35.21170521
제이제이푸드시스템부산면가,한식 면 요리 전문점,온천2동,부산광역시 동래구 온천동 502-3,부산광역시 동래구 중앙대로 1393,129.0774734,35.21170521
제주항갈치고등어쌈정식,한식 일반 음식점업,온천2동,부산광역시 동래구 온천동 502-3,부산광역시 동래구 중앙대로 1393,129.0774734,35.21170521
미스카츠,서양식 음식점업,온천2동,부산광역시 동래구 온천동 502-3,부산광역시 동래구 중앙대로 1393,129.0774734,35.21170521
더글로벌유림회관동래점 코리아,한식 일반 음식점업,온천2동,부산광역시 동래구 온천동 502-3,부산광역시 동래구 중앙대로 1393,129.0774734,35.21170521
스시혼텐동래,일식 음식점업,온천2동,부산광역시 동래구 온천동 502-3,부산광역시 동래구 중앙대로 1393,129.0774734,35.21170521
우리샤브,한식 일반 음식점업,온천2동,부산광역시 동래구 온천동 502-3,부산광역시 동래구 중앙대로 1393,129.0774734,35.21170521
호야짬뽕동래점 롯데마트,중식 음식점업,온천2동,부산광역시 동래구 온천동 502-3,부산광역시 동래구 중앙대로 1393,129.0774734,35.21170521
차이홍짬뽕,중식 음식점업,온천2동,부산광역시 동래구 온천동 502-3,부산광역시 동래구 중앙대로 1393,129.0774734,35.21170521
스시마이우블랙롯데동래점 백화점,일식 음식점업,온천2동,부산광역시 동래구 온천동 502-3,부산광역시 동래구 중앙대로 1393,129.0774734,35.21170521
대수정롯데 동래점,한식 일반 음식점업,온천2동,부산광역시 동래구 온천동 502-3,부산광역시 동래구 중앙대로 1393,129.0774734,35.21170521
로카보어테이블 동래점,서양식 음식점업,온천2동,부산광역시 동래구 온천동 502-3,부산광역시 동래구 중앙대로 1393,129.0774734,35.21170521
한끼닭칼국수롯데동래점 백화점,한식 면 요리 전문점,온천2동,부산광역시 동래구 온천동 502-3,부산광역시 동래구 중앙대로 1393,129.0774734,35.21170521
모시모시,일식 음식점업,온천2동,부산광역시 동래구 온천동 502-3,부산광역시 동래구 중앙대로 1393,129.0774734,35.21170521
안디아모,서양식 음식점업,온천2동,부산광역시 동래구 온천동 503-1,부산광역시 동래구 중앙대로1381번길 7,129.0773994,35.21052597
순스시,일식 음식점업,온천2동,부산광역시 동래구 온천동 503-1,부산광역시 동래구 중앙대로1381번길 7,129.0773994,35.21052597
미스터스시 동래점,일식 음식점업,온천2동,부산광역시 동래구 온천동 503-12,부산광역시 동래구 중앙대로1381번길 11,129.0772357,35.21056483
고메밀면 온천점,한식 면 요리 전문점,온천2동,부산광역시 동래구 온천동 503-12,부산광역시 동래구 중앙대로1381번길 11,129.0772357,35.21056483
현이국수,한식 면 요리 전문점,온천2동,부산광역시 동래구 온천동 503-17,부산광역시 동래구 중앙대로1367번길 28-22,129.0770459,35.21044193
귀빈가,한식 일반 음식점업,온천2동,부산광역시 동래구 온천동 503-19,부산광역시 동래구 중앙대로1367번길 28-26,129.0771386,35.21062958
문창식갈비탕,한식 일반 음식점업,온천2동,부산광역시 동래구 온천동 503-21,부산광역시 동래구 중앙대로1367번길 28-31,129.0769856,35.21065924
송담추어탕,한식 일반 음식점업,온천2동,부산광역시 동래구 온천동 503-38,부산광역시 동래구 중앙대로 1377,129.0776105,35.21018893
철마뒷고기 2호점,한식 육류 요리 전문점,온천1동,부산광역시 동래구 온천동 51-15,부산광역시 동래구 금강로 165,129.0813603,35.22330833
민푸드,한식 일반 음식점업,온천3동,부산광역시 동래구 온천동 616-1,부산광역시 동래구 충렬대로126번길 45,129.0736106,35.20402155
죽!맛집,한식 일반 음식점업,온천3동,부산광역시 동래구 온천동 616-7,부산광역시 동래구 충렬대로126번길 47,129.0735095,35.20393316
나폴리우럭,한식 해산물 요리 전문점,온천2동,부산광역시 동래구 온천동 707-1,부산광역시 동래구 중앙대로1367번길 25,129.0764854,35.2095594
기발한치킨,치킨 전문점,온천2동,부산광역시 동래구 온천동 707-1,부산광역시 동래구 중앙대로1367번길 25,129.0764854,35.2095594
국민대패,한식 육류 요리 전문점,온천2동,부산광역시 동래구 온천동 707-1,부산광역시 동래구 중앙대로1367번길 25,129.0764854,35.2095594
우미정,한식 육류 요리 전문점,온천2동,부산광역시 동래구 온천동 707-1,부산광역시 동래구 중앙대로1367번길 25,129.0764854,35.2095594
희래등,중식 음식점업,온천2동,부산광역시 동래구 온천동 707-1,부산광역시 동래구 중앙대로1367번길 25,129.0764854,35.2095594
삼산장고집,한식 육류 요리 전문점,온천2동,부산광역시 동래구 온천동 707-1,부산광역시 동래구 중앙대로1367번길 69,129.0752752,35.20989557
텐퍼센트동래래미안아이파크,한식 일반 음식점업,온천2동,부산광역시 동래구 온천동 707-1,부산광역시 동래구 중앙대로1367번길 69,129.0740657,35.21025874
호맥동래럭키점,한식 일반 음식점업,온천2동,부산광역시 동래구 온천동 707-1,부산광역시 동래구 중앙대로1367번길 69,129.0740657,35.21025874
새올순대국,한식 일반 음식점업,온천2동,부산광역시 동래구 온천동 707-5,부산광역시 동래구 중앙대로1367번길 53,129.0748284,35.21002939
장군시오야끼부산 1호점,한식 육류 요리 전문점,온천2동,부산광역시 동래구 온천동 707-5,부산광역시 동래구 중앙대로1367번길 53,129.0754284,35.20987492
동래한울타리,한식 일반 음식점업,온천2동,부산광역시 동래구 온천동 707-5,부산광역시 동래구 중앙대로1367번길 53,129.0748284,35.21002939
서고집안동갈비,한식 일반 음식점업,온천2동,부산광역시 동래구 온천동 707-5,부산광역시 동래구 중앙대로1367번길 53,129.0748284,35.21002939
참소한우야밥묵자,한식 일반 음식점업,온천2동,부산광역시 동래구 온천동 724,부산광역시 동래구 충렬대로107번길 27,129.0725709,35.20804047
묵도리밀요리 전문점,한식 일반 음식점업,온천2동,부산광역시 동래구 온천동 724-2,부산광역시 동래구 충렬대로107번길 29,129.0726742,35.20821894
홍가쌈밥,한식 일반 음식점업,온천2동,부산광역시 동래구 온천동 726-15,부산광역시 동래구 우장춘로18번길 32-11,129.0722378,35.20875809
국민낙곱새온천장점,한식 일반 음식점업,온천2동,부산광역시 동래구 온천동 726-15,부산광역시 동래구 우장춘로18번길 32-11,129.0722378,35.20875809
강원도드래요,한식 일반 음식점업,온천2동,부산광역시 동래구 온천동 728-29,부산광역시 동래구 충렬대로107번길 37,129.0727248,35.2084794
오케이도매횟집,한식 해산물 요리 전문점,온천2동,부산광역시 동래구 온천동 750-103,부산광역시 동래구 중앙대로1367번길 38,129.0759033,35.20998392
얼크니샤브손칼국수,한식 면 요리 전문점,온천2동,부산광역시 동래구 온천동 750-110,부산광역시 동래구 중앙대로1367번길 32-20,129.0767085,35.21055586
원숭이브런치,서양식 음식점업,온천2동,부산광역시 동래구 온천동 750-16,부산광역시 동래구 중앙대로1367번길 16-7,129.0771863,35.20991685
이인,한식 해산물 요리 전문점,온천2동,부산광역시 동래구 온천동 750-21,부산광역시 동래구 중앙대로1367번길 22-6,129.0769624,35.20974947
주택가,한식 일반 음식점업,온천2동,부산광역시 동래구 온천동 750-21,부산광역시 동래구 중앙대로1367번길 22-6,129.0769624,35.20974947
착착국수,한식 일반 음식점업,온천2동,부산광역시 동래구 온천동 750-33,부산광역시 동래구 중앙대로1367번길 22-7,129.0768568,35.20991349
여기국수,한식 면 요리 전문점,온천2동,부산광역시 동래구 온천동 750-35,부산광역시 동래구 중앙대로1367번길 24,129.076753,35.20971702
꽃다림,한식 일반 음식점업,온천2동,부산광역시 동래구 온천동 750-55,부산광역시 동래구 중앙대로1367번길 26,129.0766112,35.2097555
싱싱회,한식 해산물 요리 전문점,온천2동,부산광역시 동래구 온천동 750-56,부산광역시 동래구 중앙대로1367번길 32-18,129.0766394,35.21043088
함박마을함박스테이크앤파스타,서양식 음식점업,온천2동,부산광역시 동래구 온천동 750-57,부산광역시 동래구 중앙대로1367번길 32-16,129.0765923,35.21030553
동주오리탕,한식 일반 음식점업,온천2동,부산광역시 동래구 온천동 750-60,부산광역시 동래구 중앙대로1367번길 32-6,129.0763942,35.20985835
개성옥,한식 일반 음식점업,온천2동,부산광역시 동래구 온천동 750-61,부산광역시 동래구 중앙대로1367번길 32-3,129.0761866,35.20989796
만족오향족발부산 동래점,한식 일반 음식점업,온천2동,부산광역시 동래구 온천동 750-61,부산광역시 동래구 중앙대로1367번길 32-3,129.0761866,35.20989796
683온천장,한식 면 요리 전문점,온천2동,부산광역시 동래구 온천동 750-61,부산광역시 동래구 중앙대로1367번길 32-3,129.0761866,35.20989796
광림중국관,중식 음식점업,온천2동,부산광역시 동래구 온천동 750-62,부산광역시 동래구 중앙대로1367번길 32-7,129.0762676,35.21005878
양선비 온천점,한식 육류 요리 전문점,온천2동,부산광역시 동래구 온천동 750-62,부산광역시 동래구 중앙대로1367번길 32-7,129.0762676,35.21005878
홍콩반점동래 롯데점,중식 음식점업,온천2동,부산광역시 동래구 온천동 750-69,부산광역시 동래구 중앙대로1381번길 25,129.0765596,35.21074765
호함평면옥,한식 면 요리 전문점,온천2동,부산광역시 동래구 온천동 750-72,부산광역시 동래구 중앙대로1367번길 38-18,129.0763465,35.21057108
라온,일식 음식점업,온천2동,부산광역시 동래구 온천동 750-78,부산광역시 동래구 중앙대로1367번길 36,129.0760782,35.20995389
우품,한식 일반 음식점업,온천2동,부산광역시 동래구 온천동 750-85,부산광역시 동래구 중앙대로1367번길 38-19,129.0761517,35.21068256
몽뜰,한식 일반 음식점업,온천2동,부산광역시 동래구 온천동 750-87,부산광역시 동래구 중앙대로1381번길 33,129.0761341,35.21085408
비비큐새 온천점,치킨 전문점,온천2동,부산광역시 동래구 온천동 750-88,부산광역시 동래구 중앙대로1367번길 44-18,129.0760301,35.2106486
미송꼬리곰탕,한식 일반 음식점업,온천2동,부산광역시 동래구 온천동 750-89,부산광역시 동래구 중앙대로1367번길 44-16,129.0759944,35.21054107
소로록,한식 일반 음식점업,온천2동,부산광역시 동래구 온천동 750-90,부산광역시 동래구 중앙대로1367번길 44-14,129.0759587,35.21043355
조개대교 동래점,한식 일반 음식점업,온천2동,부산광역시 동래구 온천동 750-92,부산광역시 동래구 중앙대로1367번길 44-10,129.0758878,35.21023651
까사,피자; 햄버거; 샌드위치 및 유사 음식점업,온천2동,부산광역시 동래구 온천동 751-10,부산광역시 동래구 중앙대로1367번길 48-9,129.0754538,35.21044221
마루한,한식 일반 음식점업,온천2동,부산광역시 동래구 온천동 751-12,부산광역시 동래구 중앙대로1367번길 48-5,129.0753834,35.21026318
이가네백년국밥,한식 일반 음식점업,온천2동,부산광역시 동래구 온천동 751-13,부산광역시 동래구 중앙대로1367번길 52,129.0753248,35.21012
이비벨리랩,서양식 음식점업,온천2동,부산광역시 동래구 온천동 751-15,부산광역시 동래구 중앙대로1381번길 37,129.0758835,35.21093047
남해어촌마을,한식 일반 음식점업,온천2동,부산광역시 동래구 온천동 751-17,부산광역시 동래구 중앙대로1367번길 44-21,129.07587,35.21083158
오리랑메기랑,한식 일반 음식점업,온천2동,부산광역시 동래구 온천동 751-18,부산광역시 동래구 중앙대로1367번길 44-19,129.0758131,35.21075145
밤꿈,한식 육류 요리 전문점,온천2동,부산광역시 동래구 온천동 751-5,부산광역시 동래구 중앙대로1367번길 48-21,129.0756526,35.21091641
단지물회,한식 해산물 요리 전문점,온천2동,부산광역시 동래구 온천동 751-7,부산광역시 동래구 중앙대로1367번길 48-17,129.0755602,35.21073776
월남면반 동래점,한식 일반 음식점업,온천2동,부산광역시 동래구 온천동 751-7,부산광역시 동래구 중앙대로1367번길 48-17,129.0755602,35.21073776
주양간오찬,한식 일반 음식점업,온천2동,부산광역시 동래구 온천동 771-19,부산광역시 동래구 중앙대로1381번길 66-3,129.0744773,35.21176562
연승국밥,한식 일반 음식점업,온천2동,부산광역시 동래구 온천동 771-21,부산광역시 동래구 중앙대로1381번길 64,129.0745722,35.2116108
구디스타코,서양식 음식점업,온천2동,부산광역시 동래구 온천동 771-21,부산광역시 동래구 중앙대로1381번길 64,129.0745722,35.2116108
갈비둥지,한식 육류 요리 전문점,온천2동,부산광역시 동래구 온천동 772-10,부산광역시 동래구 중앙대로1381번길 60,129.0747245,35.21155412
1984나폴리,피자; 햄버거; 샌드위치 및 유사 음식점업,온천2동,부산광역시 동래구 온천동 772-3,부산광역시 동래구 중앙대로1381번길 56-3,129.0750759,35.2115571
헤아릴,서양식 음식점업,온천2동,부산광역시 동래구 온천동 776-2,부산광역시 동래구 중앙대로1367번길 56-10,129.075324,35.21051652
마츠리,한식 일반 음식점업,온천2동,부산광역시 동래구 온천동 776-6,부산광역시 동래구 중앙대로1367번길 56-4,129.0752309,35.21031086
동해,한식 일반 음식점업,온천2동,부산광역시 동래구 온천동 777-35,부산광역시 동래구 중앙대로1367번길 56-15,129.07519,35.21086126
내담,한식 육류 요리 전문점,온천2동,부산광역시 동래구 온천동 777-43,부산광역시 동래구 중앙대로1367번길 58,129.0749547,35.2102435
도야족발 동래점,한식 일반 음식점업,온천2동,부산광역시 동래구 온천동 777-48,부산광역시 동래구 중앙대로1367번길 56-7,129.0750718,35.21052986
꼬목살,한식 일반 음식점업,온천2동,부산광역시 동래구 온천동 777-48,부산광역시 동래구 중앙대로1367번길 56-7,129.0750718,35.21052986
아이디보푸드,한식 육류 요리 전문점,온천2동,부산광역시 동래구 온천동 777-49,부산광역시 동래구 중앙대로1381번길 43,129.0755238,35.21103577
유오크,서양식 음식점업,온천2동,부산광역시 동래구 온천동 777-8,부산광역시 동래구 중앙대로1367번길 56-17,129.0752254,35.21095978
미진축산동래 롯데점,한식 육류 요리 전문점,온천2동,부산광역시 동래구 온천동 777-8,부산광역시 동래구 중앙대로1367번길 56-17,129.0752254,35.21095978
해님달님,한식 일반 음식점업,온천2동,부산광역시 동래구 온천동 779,부산광역시 동래구 중앙대로1381번길 67-3,129.0744359,35.2114329
백양숯불갈비 온천점,한식 일반 음식점업,온천2동,부산광역시 동래구 온천동 779,부산광역시 동래구 중앙대로1381번길 67-3,129.0744359,35.2114329
비에이치씨치킨,치킨 전문점,온천2동,부산광역시 동래구 온천동 779-14,부산광역시 동래구 중앙대로1367번길 70-10,129.0745822,35.21070947
대성한우암소식육식당,한식 육류 요리 전문점,온천2동,부산광역시 동래구 온천동 779-17,부산광역시 동래구 중앙대로1367번길 70-6,129.0745351,35.21058412
동래막창,한식 육류 요리 전문점,온천2동,부산광역시 동래구 온천동 779-20,부산광역시 동래구 중앙대로1367번길 64,129.0746167,35.21033941
부막숯불닭갈비 동래점,한식 일반 음식점업,온천2동,부산광역시 동래구 온천동 779-20,부산광역시 동래구 중앙대로1367번길 64,129.0746167,35.21033941
대구반야월막창 온천점,한식 육류 요리 전문점,온천2동,부산광역시 동래구 온천동 779-29,부산광역시 동래구 중앙대로1367번길 72,129.0742139,35.21047248
석정갈비,한식 육류 요리 전문점,온천2동,부산광역시 동래구 온천동 779-29,부산광역시 동래구 중앙대로1367번길 72,129.0742139,35.21047248
꼬들미트,한식 일반 음식점업,온천2동,부산광역시 동래구 온천동 779-29,부산광역시 동래구 중앙대로1367번길 72,129.0742139,35.21047248
삼목리,한식 육류 요리 전문점,온천2동,부산광역시 동래구 온천동 779-35,부산광역시 동래구 중앙대로1367번길 62-6,129.0748952,35.21049684
청옥숯불장어구이,한식 해산물 요리 전문점,온천2동,부산광역시 동래구 온천동 779-37,부산광역시 동래구 중앙대로1367번길 62-2,129.0748024,35.21030018
토박이산곰장어,한식 해산물 요리 전문점,온천2동,부산광역시 동래구 온천동 779-37,부산광역시 동래구 중앙대로1367번길 62-2,129.0748024,35.21030018
사랑방,한식 일반 음식점업,온천2동,부산광역시 동래구 온천동 779-45,부산광역시 동래구 중앙대로1381번길 63,129.0745983,35.21134
원조조방낙지,한식 일반 음식점업,온천2동,부산광역시 동래구 온천동 779-45,부산광역시 동래구 중앙대로1381번길 63,129.0745983,35.21134
백마갈비,한식 육류 요리 전문점,온천2동,부산광역시 동래구 온천동 779-49,부산광역시 동래구 중앙대로1367번길 70-17,129.0745057,35.21115235
숙성의미학,일식 음식점업,온천2동,부산광역시 동래구 온천동 779-49,부산광역시 동래구 중앙대로1367번길 70-17,129.0745057,35.21115235
도미다리,한식 해산물 요리 전문점,온천2동,부산광역시 동래구 온천동 779-50,부산광역시 동래구 중앙대로1367번길 70-15,129.0744812,35.21105364
부산식객,서양식 음식점업,온천2동,부산광역시 동래구 온천동 779-54,부산광역시 동래구 중앙대로1367번길 70-11,129.0743998,35.21087481
부산식객,한식 일반 음식점업,온천2동,부산광역시 동래구 온천동 779-54,부산광역시 동래구 중앙대로1367번길 70-11,129.0743998,35.21087481
무적,한식 일반 음식점업,온천2동,부산광역시 동래구 온천동 779-54,부산광역시 동래구 중앙대로1367번길 70-11,129.0743998,35.21087481
아구마을,한식 일반 음식점업,온천2동,부산광역시 동래구 온천동 780-8,부산광역시 동래구 중앙대로1381번길 71,129.074109,35.21152862
쪽신치왕,한식 일반 음식점업,온천2동,부산광역시 동래구 온천동 780-9,부산광역시 동래구 중앙대로1381번길 69,129.0742507,35.21149015
마라도식당,한식 일반 음식점업,온천2동,부산광역시 동래구 온천동 782-23,부산광역시 동래구 충렬대로107번길 92-8,129.0738912,35.21073934
우리콩맷돌순두부,한식 일반 음식점업,온천2동,부산광역시 동래구 온천동 782-30,부산광역시 동래구 중앙대로1367번길 74,129.073996,35.21053929
한솥동래래미안 아이파크점,한식 일반 음식점업,온천2동,부산광역시 동래구 온천동 782-38,부산광역시 동래구 충렬대로107번길 98,129.0736162,35.21114957
일번가횟집,한식 해산물 요리 전문점,온천2동,부산광역시 동래구 온천동 782-4,부산광역시 동래구 중앙대로1367번길 76,129.0739436,35.21063931
동호네,한식 일반 음식점업,온천2동,부산광역시 동래구 온천동 782-415,부산광역시 동래구 중앙대로1367번길 78,129.0738428,35.21055994
해성관,중식 음식점업,온천2동,부산광역시 동래구 온천동 784-22,부산광역시 동래구 충렬대로107번길 117,129.0729993,35.21193513
푸라닭부산 온천점,치킨 전문점,온천2동,부산광역시 동래구 온천동 785-15,부산광역시 동래구 금강로 11,129.0724359,35.2126657
필링굿,한식 일반 음식점업,온천2동,부산광역시 동래구 온천동 850-33,부산광역시 동래구 금강로 4,129.0716443,35.21219263
저스트컴퍼니푸줏간고기도시락동래 직영점,한식 일반 음식점업,온천2동,부산광역시 동래구 온천동 850-33,부산광역시 동래구 금강로 4,129.0716443,35.21219263
육미제당부산 온천점,한식 일반 음식점업,온천2동,부산광역시 동래구 온천동 851,부산광역시 동래구 우장춘로 46,129.0713036,35.21174789
부바스,한식 일반 음식점업,온천2동,부산광역시 동래구 온천동 871-95,부산광역시 동래구 금정마을로 135-11,129.0679627,35.21293146
자연함바식당,한식 일반 음식점업,온천1동,부산광역시 동래구 온천동 93-44,부산광역시 동래구 금강로 139,129.0805156,35.22119614
최가네소머리국밥,한식 일반 음식점업,온천1동,부산광역시 동래구 온천동 93-44,부산광역시 동래구 금강로 139,129.0805156,35.22119614
기장전복죽,한식 일반 음식점업,온천1동,부산광역시 동래구 온천동 94-10,부산광역시 동래구 금강로 151,129.0809224,35.22207227
대길갈비,한식 육류 요리 전문점,온천1동,부산광역시 동래구 온천동 94-19,부산광역시 동래구 금강로 150,129.0811611,35.22196003
대길갈비,한식 일반 음식점업,온천1동,부산광역시 동래구 온천동 94-19,부산광역시 동래구 금강로 150,129.0811611,35.22196003
구수한아구찜,한식 일반 음식점업,온천1동,부산광역시 동래구 온천동 94-20,부산광역시 동래구 금강로 148,129.0810913,35.22180803
양은이네온천장점,한식 일반 음식점업,온천1동,부산광역시 동래구 온천동 95-12,부산광역시 동래구 금강공원로26번길 41,129.0810894,35.22087087
천일아구찜,한식 일반 음식점업,온천1동,부산광역시 동래구 온천동 95-19,부산광역시 동래구 금강로 144,129.0809042,35.22136068
우리산곰장어,한식 해산물 요리 전문점,온천1동,부산광역시 동래구 온천동 95-19,부산광역시 동래구 금강로 144,129.0809042,35.22136068
온천집 한우로스구이,한식 일반 음식점업,온천1동,부산광역시 동래구 온천동 96-4,부산광역시 동래구 금강공원로26번길 37,129.0810852,35.22070873
소담한우촌,한식 육류 요리 전문점,온천1동,부산광역시 동래구 온천동 96-5,부산광역시 동래구 금강공원로26번길 29,129.0812507,35.22030938
함흥냉면갈비탕,한식 면 요리 전문점,온천1동,부산광역시 동래구 온천동 96-5,부산광역시 동래구 금강공원로26번길 29,129.0812507,35.22030938
초원장,한식 육류 요리 전문점,온천2동,부산광역시 동래구 온천동 산 154-11,부산광역시 동래구 금정마을로 26,129.0598847,35.21220412
금강웰빙보리밥,한식 일반 음식점업,온천1동,부산광역시 동래구 온천동 산 20-17,부산광역시 동래구 우장춘로 155-26,129.0745222,35.21956882
모모스테이크,,장전2동,부산광역시 금정구 장전동 418-44,부산광역시 금정구 부산대학로 52-1,129.0855675,35.23150843
밥씸,,장전2동,부산광역시 금정구 장전동 418-50,부산광역시 금정구 금강로 268-1,129.0854037,35.23197084
에이스숯불치킨,,부곡동,부산광역시 금정구 부곡동 308-27,부산광역시 금정구 동부곡로10번길 28,129.092389495931,35.2245701349917
크래프트치킨 동래점,,명륜동,부산광역시 동래구 명륜동 485-9,부산광역시 동래구 명륜로 128,129.082453566193,35.2051741387733
징기스 하나비 동래점,,명륜동,부산광역시 동래구 명륜동 569-5,부산광역시 동래구 명륜로 133,129.082006049323,35.2057030639083
외식365 대게좋은날,,명륜동,부산광역시 동래구 명륜동 680-16,부산광역시 동래구 동래로 65,129.080994881806,35.2095286305015
카츠모리,,구서동,부산광역시 금정구 구서동 158-3,부산광역시 금정구 두실로 25,129.08845473776,35.2606227490513
도아,,구서동,부산광역시 금정구 구서동 87-32,부산 금정구 구서로 14-6 ,129.089463067761,35.247000492428
은화수식당 동래점,,명륜동,부산광역시 동래구 명륜동 450-4,부산광역시 동래구 명륜로103번길 20,129.082073753801,35.2030959483498