이름,지번주소,요일,여는시간,닫는시간,브레이크 시작,브레이크 끝,라스트오더,휴무여부,비고,,,,,,
바담코다리 본점,부산광역시 금정구 구서동 1005-1,0,11:00,21:00,,,,,,,,,,,
바담코다리 본점,부산광역시 금정구 구서동 1005-1,1,11:00,21:00,,,,,,,,,,,
바담코다리 본점,부산광역시 금정구 구서동 1005-1,2,11:00,21:00,,,,,,,,,,,
바담코다리 본점,부산광역시 금정구 구서동 1005-1,3,11:00,21:00,,,,,,,,,,,
바담코다리 본점,부산광역시 금정구 구서동 1005-1,4,11:00,21:00,,,,,,,,,,,
바담코다리 본점,부산광역시 금정구 구서동 1005-1,5,11:00,21:00,,,,,,,,,,,
바담코다리 본점,부산광역시 금정구 구서동 1005-1,6,11:00,21:00,,,,,,,,,,,
흑산도,부산광역시 금정구 구서동 1005-2,0,,,,,,TRUE,,,,,,,
흑산도,부산광역시 금정구 구서동 1005-2,1,11:30,22:30,14:30,15:00,,,,,,,,,
흑산도,부산광역시 금정구 구서동 1005-2,2,11:30,22:30,14:30,15:00,,,,,,,,,
흑산도,부산광역시 금정구 구서동 1005-2,3,11:30,22:30,14:30,15:00,,,,,,,,,
흑산도,부산광역시 금정구 구서동 1005-2,4,11:30,22:30,14:30,15:00,,,,,,,,,
흑산도,부산광역시 금정구 구서동 1005-2,5,11:30,22:30,14:30,15:00,,,,,,,,,
흑산도,부산광역시 금정구 구서동 1005-2,6,11:30,22:30,14:30,15:00,,,,,,,,,
경희궁,부산광역시 금정구 구서동 1005-8,0,,,,,,TRUE,,,,,,,
경희궁,부산광역시 금정구 구서동 1005-8,1,11:30,22:00,,,,,,,,,,,
경희궁,부산광역시 금정구 구서동 1005-8,2,11:30,22:00,,,,,,,,,,,
경희궁,부산광역시 금정구 구서동 1005-8,3,11:30,22:00,,,,,,,,,,,
경희궁,부산광역시 금정구 구서동 1005-8,4,11:30,22:00,,,,,,,,,,,
경희궁,부산광역시 금정구 구서동 1005-8,5,11:30,22:00,,,,,,,,,,,
경희궁,부산광역시 금정구 구서동 1005-8,6,,,,,,TRUE,,,,,,,
손수제비국수,부산광역시 금정구 구서동 1007-1,0,10:30,19:00,,,,,,,,,,,
손수제비국수,부산광역시 금정구 구서동 1007-1,1,,,,,,TRUE,,,,,,,
손수제비국수,부산광역시 금정구 구서동 1007-1,2,10:30,19:00,,,,,,,,,,,
손수제비국수,부산광역시 금정구 구서동 1007-1,3,10:30,19:00,,,,,,,,,,,
손수제비국수,부산광역시 금정구 구서동 1007-1,4,10:30,19:00,,,,,,,,,,,
손수제비국수,부산광역시 금정구 구서동 1007-1,5,10:30,19:00,,,,,,,,,,,
손수제비국수,부산광역시 금정구 구서동 1007-1,6,10:30,19:00,,,,,,,,,,,
백년백세삼계탕,부산광역시 금정구 구서동 1008-31,0,11:00,21:00,,,,,,,,,,,
백년백세삼계탕,부산광역시 금정구 구서동 1008-31,1,11:00,21:00,,,,,,,,,,,
백년백세삼계탕,부산광역시 금정구 구서동 1008-31,2,11:00,21:00,,,,,,,,,,,
백년백세삼계탕,부산광역시 금정구 구서동 1008-31,3,11:00,21:00,,,,,,,,,,,
백년백세삼계탕,부산광역시 금정구 구서동 1008-31,4,11:00,21:00,,,,,,,,,,,
백년백세삼계탕,부산광역시 금정구 구서동 1008-31,5,11:00,21:00,,,,,,,,,,,
백년백세삼계탕,부산광역시 금정구 구서동 1008-31,6,11:00,21:00,,,,,,,,,,,
진심돈까스김밥,부산광역시 금정구 구서동 1009-1,0,,,,,,,,,,,,,
진심돈까스김밥,부산광역시 금정구 구서동 1009-1,1,,,,,,,,,,,,,
진심돈까스김밥,부산광역시 금정구 구서동 1009-1,2,,,,,,,,,,,,,
진심돈까스김밥,부산광역시 금정구 구서동 1009-1,3,,,,,,,,,,,,,
진심돈까스김밥,부산광역시 금정구 구서동 1009-1,4,,,,,,,,,,,,,
진심돈까스김밥,부산광역시 금정구 구서동 1009-1,5,,,,,,,,,,,,,
진심돈까스김밥,부산광역시 금정구 구서동 1009-1,6,,,,,,,,,,,,,
금정시골추어탕,부산광역시 금정구 구서동 1012-2,0,,,,,,,,,,,,,
금정시골추어탕,부산광역시 금정구 구서동 1012-2,1,,,,,,,,,,,,,
금정시골추어탕,부산광역시 금정구 구서동 1012-2,2,,,,,,,,,,,,,
금정시골추어탕,부산광역시 금정구 구서동 1012-2,3,,,,,,,,,,,,,
금정시골추어탕,부산광역시 금정구 구서동 1012-2,4,,,,,,,,,,,,,
금정시골추어탕,부산광역시 금정구 구서동 1012-2,5,,,,,,,,,,,,,
금정시골추어탕,부산광역시 금정구 구서동 1012-2,6,,,,,,,,,,,,,
카판노Capanno,부산광역시 금정구 구서동 1012-3,0,10:00,17:00,,,,,,,,,,,
카판노Capanno,부산광역시 금정구 구서동 1012-3,1,,,,,,TRUE,,,,,,,
카판노Capanno,부산광역시 금정구 구서동 1012-3,2,10:00,16:00,,,,,,,,,,,
카판노Capanno,부산광역시 금정구 구서동 1012-3,3,10:00,16:00,,,,,,,,,,,
카판노Capanno,부산광역시 금정구 구서동 1012-3,4,10:00,16:00,,,,,,,,,,,
카판노Capanno,부산광역시 금정구 구서동 1012-3,5,10:00,16:00,,,,,,,,,,,
카판노Capanno,부산광역시 금정구 구서동 1012-3,6,10:00,17:00,,,,,,,,,,,
약수터해장국,부산광역시 금정구 구서동 1012-6,0,7:00,22:00,,,,,,,,,,,
약수터해장국,부산광역시 금정구 구서동 1012-6,1,12:00,0:00,,,,,,,,,,,
약수터해장국,부산광역시 금정구 구서동 1012-6,2,12:00,0:00,,,,,,,,,,,
약수터해장국,부산광역시 금정구 구서동 1012-6,3,12:00,0:00,,,,,,,,,,,
약수터해장국,부산광역시 금정구 구서동 1012-6,4,12:00,0:00,,,,,,,,,,,
약수터해장국,부산광역시 금정구 구서동 1012-6,5,12:00,0:00,,,,,,,,,,,
약수터해장국,부산광역시 금정구 구서동 1012-6,6,12:00,0:00,,,,,,,,,,,
국수옥수 전문점,부산광역시 금정구 구서동 1016-1,0,11:00,21:00,,,,,,,,,,,
국수옥수 전문점,부산광역시 금정구 구서동 1016-1,1,11:00,21:00,,,,,,,,,,,
국수옥수 전문점,부산광역시 금정구 구서동 1016-1,2,11:00,21:00,,,,,,,,,,,
국수옥수 전문점,부산광역시 금정구 구서동 1016-1,3,11:00,21:00,,,,,,,,,,,
국수옥수 전문점,부산광역시 금정구 구서동 1016-1,4,11:00,21:00,,,,,,,,,,,
국수옥수 전문점,부산광역시 금정구 구서동 1016-1,5,11:00,21:00,,,,,,,,,,,
국수옥수 전문점,부산광역시 금정구 구서동 1016-1,6,11:00,21:00,,,,,,,,,,,
서라벌,부산광역시 금정구 구서동 1018-15,0,,,,,,,,,,,,,
서라벌,부산광역시 금정구 구서동 1018-15,1,,,,,,,,,,,,,
서라벌,부산광역시 금정구 구서동 1018-15,2,,,,,,,,,,,,,
서라벌,부산광역시 금정구 구서동 1018-15,3,,,,,,,,,,,,,
서라벌,부산광역시 금정구 구서동 1018-15,4,,,,,,,,,,,,,
서라벌,부산광역시 금정구 구서동 1018-15,5,,,,,,,,,,,,,
서라벌,부산광역시 금정구 구서동 1018-15,6,,,,,,,,,,,,,
다계촌,부산광역시 금정구 구서동 1018-18,0,11:00,2:00,,,,,,,,,,,
다계촌,부산광역시 금정구 구서동 1018-18,1,11:00,2:00,,,,,,,,,,,
다계촌,부산광역시 금정구 구서동 1018-18,2,11:00,2:00,,,,,,,,,,,
다계촌,부산광역시 금정구 구서동 1018-18,3,11:00,2:00,,,,,,,,,,,
다계촌,부산광역시 금정구 구서동 1018-18,4,11:00,2:00,,,,,,,,,,,
다계촌,부산광역시 금정구 구서동 1018-18,5,11:00,2:00,,,,,,,,,,,
다계촌,부산광역시 금정구 구서동 1018-18,6,11:00,2:00,,,,,,,,,,,
진짜배기 구서점,부산광역시 금정구 구서동 1018-20,0,,,,,,,,,,,,,
진짜배기 구서점,부산광역시 금정구 구서동 1018-20,1,,,,,,,,,,,,,
진짜배기 구서점,부산광역시 금정구 구서동 1018-20,2,,,,,,,,,,,,,
진짜배기 구서점,부산광역시 금정구 구서동 1018-20,3,,,,,,,,,,,,,
진짜배기 구서점,부산광역시 금정구 구서동 1018-20,4,,,,,,,,,,,,,
진짜배기 구서점,부산광역시 금정구 구서동 1018-20,5,,,,,,,,,,,,,
진짜배기 구서점,부산광역시 금정구 구서동 1018-20,6,,,,,,,,,,,,,
리틀희,부산광역시 금정구 구서동 1022-10,0,11:30,21:00,,,20:00,,,,,,,,
리틀희,부산광역시 금정구 구서동 1022-10,1,11:30,21:00,,,20:00,,,,,,,,
리틀희,부산광역시 금정구 구서동 1022-10,2,,,,,,,,,,,,,
리틀희,부산광역시 금정구 구서동 1022-10,3,11:30,21:00,,,20:00,,,,,,,,
리틀희,부산광역시 금정구 구서동 1022-10,4,11:30,21:00,,,20:00,,,,,,,,
리틀희,부산광역시 금정구 구서동 1022-10,5,11:30,21:00,,,20:00,,,,,,,,
리틀희,부산광역시 금정구 구서동 1022-10,6,11:30,21:00,,,20:00,,,,,,,,
금샘마루,부산광역시 금정구 구서동 1022-14,0,,,,,,TRUE,,,,,,,
금샘마루,부산광역시 금정구 구서동 1022-14,1,11:00,21:00,,,,,,,,,,,
금샘마루,부산광역시 금정구 구서동 1022-14,2,11:00,21:00,,,,,,,,,,,
금샘마루,부산광역시 금정구 구서동 1022-14,3,11:00,21:00,,,,,,,,,,,
금샘마루,부산광역시 금정구 구서동 1022-14,4,11:00,21:00,,,,,,,,,,,
금샘마루,부산광역시 금정구 구서동 1022-14,5,11:00,21:00,,,,,,,,,,,
금샘마루,부산광역시 금정구 구서동 1022-14,6,11:00,21:00,,,,,,,,,,,
유미,부산광역시 금정구 구서동 1022-14,0,,,,,,,,,,,,,
유미,부산광역시 금정구 구서동 1022-14,1,,,,,,,,,,,,,
유미,부산광역시 금정구 구서동 1022-14,2,,,,,,,,,,,,,
유미,부산광역시 금정구 구서동 1022-14,3,,,,,,,,,,,,,
유미,부산광역시 금정구 구서동 1022-14,4,,,,,,,,,,,,,
유미,부산광역시 금정구 구서동 1022-14,5,,,,,,,,,,,,,
유미,부산광역시 금정구 구서동 1022-14,6,,,,,,,,,,,,,
도로시.C,부산광역시 금정구 구서동 1022-7,0,10:30,23:00,,,,,,,,,,,
도로시.C,부산광역시 금정구 구서동 1022-7,1,10:30,23:00,,,,,,,,,,,
도로시.C,부산광역시 금정구 구서동 1022-7,2,10:30,23:00,,,,,,,,,,,
도로시.C,부산광역시 금정구 구서동 1022-7,3,10:30,23:00,,,,,,,,,,,
도로시.C,부산광역시 금정구 구서동 1022-7,4,10:30,23:00,,,,,,,,,,,
도로시.C,부산광역시 금정구 구서동 1022-7,5,10:30,23:00,,,,,,,,,,,
도로시.C,부산광역시 금정구 구서동 1022-7,6,10:30,23:00,,,,,,,,,,,
장원각,부산광역시 금정구 구서동 1023-18,0,,,,,,,,,,,,,
장원각,부산광역시 금정구 구서동 1023-18,1,,,,,,,,,,,,,
장원각,부산광역시 금정구 구서동 1023-18,2,,,,,,,,,,,,,
장원각,부산광역시 금정구 구서동 1023-18,3,,,,,,,,,,,,,
장원각,부산광역시 금정구 구서동 1023-18,4,,,,,,,,,,,,,
장원각,부산광역시 금정구 구서동 1023-18,5,,,,,,,,,,,,,
장원각,부산광역시 금정구 구서동 1023-18,6,,,,,,,,,,,,,
열두달키친,부산광역시 금정구 구서동 1023-28,0,11:00,19:00,,,,,,,,,,,
열두달키친,부산광역시 금정구 구서동 1023-28,1,11:00,19:00,,,,,,,,,,,
열두달키친,부산광역시 금정구 구서동 1023-28,2,11:00,19:00,,,,,,,,,,,
열두달키친,부산광역시 금정구 구서동 1023-28,3,11:00,19:00,,,,,,,,,,,
열두달키친,부산광역시 금정구 구서동 1023-28,4,11:00,19:00,,,,,,,,,,,
열두달키친,부산광역시 금정구 구서동 1023-28,5,11:00,19:00,,,,,,,,,,,
열두달키친,부산광역시 금정구 구서동 1023-28,6,11:00,19:00,,,,,,,,,,,
이조면옥,부산광역시 금정구 구서동 1023-4,0,11:00,20:30,,,,,,,,,,,
이조면옥,부산광역시 금정구 구서동 1023-4,1,11:00,20:30,,,,,,,,,,,
이조면옥,부산광역시 금정구 구서동 1023-4,2,,,,,,TRUE,,,,,,,
이조면옥,부산광역시 금정구 구서동 1023-4,3,11:00,20:30,,,,,,,,,,,
이조면옥,부산광역시 금정구 구서동 1023-4,4,11:00,20:30,,,,,,,,,,,
이조면옥,부산광역시 금정구 구서동 1023-4,5,11:00,20:30,,,,,,,,,,,
이조면옥,부산광역시 금정구 구서동 1023-4,6,11:00,20:30,,,,,,,,,,,
나무랑닭이랑,부산광역시 금정구 구서동 1023-8,0,16:00,23:00,,,,,,,,,,,
나무랑닭이랑,부산광역시 금정구 구서동 1023-8,1,,,,,,TRUE,,,,,,,
나무랑닭이랑,부산광역시 금정구 구서동 1023-8,2,16:00,23:00,,,,,,,,,,,
나무랑닭이랑,부산광역시 금정구 구서동 1023-8,3,16:00,23:00,,,,,,,,,,,
나무랑닭이랑,부산광역시 금정구 구서동 1023-8,4,16:00,23:00,,,,,,,,,,,
나무랑닭이랑,부산광역시 금정구 구서동 1023-8,5,16:00,23:00,,,,,,,,,,,
나무랑닭이랑,부산광역시 금정구 구서동 1023-8,6,16:00,23:00,,,,,,,,,,,
도이,부산광역시 금정구 구서동 1023-9,0,11:15,21:00,15:30,17:30,,,,,,,,,
도이,부산광역시 금정구 구서동 1023-9,1,,,,,,TRUE,,,,,,,
도이,부산광역시 금정구 구서동 1023-9,2,11:15,21:00,15:30,17:30,,,,,,,,,
도이,부산광역시 금정구 구서동 1023-9,3,11:15,21:00,15:30,17:30,,,,,,,,,
도이,부산광역시 금정구 구서동 1023-9,4,11:15,21:00,15:30,17:30,,,,,,,,,
도이,부산광역시 금정구 구서동 1023-9,5,11:15,21:00,15:30,17:30,,,,,,,,,
도이,부산광역시 금정구 구서동 1023-9,6,11:15,21:00,15:30,17:30,,,,,,,,,
교촌치킨 구서1호점,부산광역시 금정구 구서동 1024-1,0,,,,,,,,,,,,,
교촌치킨 구서1호점,부산광역시 금정구 구서동 1024-1,1,,,,,,,,,,,,,
교촌치킨 구서1호점,부산광역시 금정구 구서동 1024-1,2,,,,,,,,,,,,,
교촌치킨 구서1호점,부산광역시 금정구 구서동 1024-1,3,,,,,,,,,,,,,
교촌치킨 구서1호점,부산광역시 금정구 구서동 1024-1,4,,,,,,,,,,,,,
교촌치킨 구서1호점,부산광역시 금정구 구서동 1024-1,5,,,,,,,,,,,,,
교촌치킨 구서1호점,부산광역시 금정구 구서동 1024-1,6,,,,,,,,,,,,,
이귀남찜닭,부산광역시 금정구 구서동 1024-1,0,11:00,22:00,,,,,,,,,,,
이귀남찜닭,부산광역시 금정구 구서동 1024-1,1,11:00,22:00,,,,,,,,,,,
이귀남찜닭,부산광역시 금정구 구서동 1024-1,2,11:00,22:00,,,,,,,,,,,
이귀남찜닭,부산광역시 금정구 구서동 1024-1,3,11:00,22:00,,,,,,,,,,,
이귀남찜닭,부산광역시 금정구 구서동 1024-1,4,11:00,22:00,,,,,,,,,,,
이귀남찜닭,부산광역시 금정구 구서동 1024-1,5,11:00,22:00,,,,,,,,,,,
이귀남찜닭,부산광역시 금정구 구서동 1024-1,6,11:00,22:00,,,,,,,,,,,
이비가짬뽕 구서점,부산광역시 금정구 구서동 1026-10,0,,,,,,,,,,,,,
이비가짬뽕 구서점,부산광역시 금정구 구서동 1026-10,1,,,,,,,,,,,,,
이비가짬뽕 구서점,부산광역시 금정구 구서동 1026-10,2,,,,,,,,,,,,,
이비가짬뽕 구서점,부산광역시 금정구 구서동 1026-10,3,,,,,,,,,,,,,
이비가짬뽕 구서점,부산광역시 금정구 구서동 1026-10,4,,,,,,,,,,,,,
이비가짬뽕 구서점,부산광역시 금정구 구서동 1026-10,5,,,,,,,,,,,,,
이비가짬뽕 구서점,부산광역시 금정구 구서동 1026-10,6,,,,,,,,,,,,,
어플러스,부산광역시 금정구 구서동 1026-13,0,11:30,22:00,15:00,17:00,20:30,,"첫째, 셋째 주 일요일 정기휴무",,,,,,
어플러스,부산광역시 금정구 구서동 1026-13,1,11:30,22:00,15:00,17:00,20:30,,,,,,,,
어플러스,부산광역시 금정구 구서동 1026-13,2,11:30,22:00,15:00,17:00,20:30,,,,,,,,
어플러스,부산광역시 금정구 구서동 1026-13,3,11:30,22:00,15:00,17:00,20:30,,,,,,,,
어플러스,부산광역시 금정구 구서동 1026-13,4,11:30,22:00,15:00,17:00,20:30,,,,,,,,
어플러스,부산광역시 금정구 구서동 1026-13,5,11:30,22:00,15:00,17:00,20:30,,,,,,,,
어플러스,부산광역시 금정구 구서동 1026-13,6,11:30,22:00,15:00,17:00,20:30,,,,,,,,
가화숯불돼지갈비,부산광역시 금정구 구서동 1026-15,0,11:30,21:30,,,,,,,,,,,
가화숯불돼지갈비,부산광역시 금정구 구서동 1026-15,1,,,,,,TRUE,,,,,,,
가화숯불돼지갈비,부산광역시 금정구 구서동 1026-15,2,11:30,21:30,,,,,,,,,,,
가화숯불돼지갈비,부산광역시 금정구 구서동 1026-15,3,11:30,21:30,,,,,,,,,,,
가화숯불돼지갈비,부산광역시 금정구 구서동 1026-15,4,11:30,21:30,,,,,,,,,,,
가화숯불돼지갈비,부산광역시 금정구 구서동 1026-15,5,11:30,21:30,,,,,,,,,,,
가화숯불돼지갈비,부산광역시 금정구 구서동 1026-15,6,11:30,21:30,,,,,,,,,,,
일디오보,부산광역시 금정구 구서동 1026-2,0,11:00,21:00,,,20:20,,,,,,,,
일디오보,부산광역시 금정구 구서동 1026-2,1,11:00,21:00,15:30,17:00,20:20,,,,,,,,
일디오보,부산광역시 금정구 구서동 1026-2,2,11:00,21:00,15:30,17:00,20:20,,,,,,,,
일디오보,부산광역시 금정구 구서동 1026-2,3,11:00,21:00,15:30,17:00,20:20,,,,,,,,
일디오보,부산광역시 금정구 구서동 1026-2,4,11:00,21:00,15:30,17:00,20:20,,,,,,,,
일디오보,부산광역시 금정구 구서동 1026-2,5,11:00,21:00,15:30,17:00,20:20,,,,,,,,
일디오보,부산광역시 금정구 구서동 1026-2,6,11:00,21:00,,,20:20,,,,,,,,
박달집,부산광역시 금정구 구서동 1026-8,0,11:00,21:00,,,,,,,,,,,
박달집,부산광역시 금정구 구서동 1026-8,1,,,,,,TRUE,,,,,,,
박달집,부산광역시 금정구 구서동 1026-8,2,11:00,21:00,,,,,,,,,,,
박달집,부산광역시 금정구 구서동 1026-8,3,11:00,21:00,,,,,,,,,,,
박달집,부산광역시 금정구 구서동 1026-8,4,11:00,21:00,,,,,,,,,,,
박달집,부산광역시 금정구 구서동 1026-8,5,11:00,21:00,,,,,,,,,,,
박달집,부산광역시 금정구 구서동 1026-8,6,11:00,21:00,,,,,,,,,,,
본중식,부산광역시 금정구 구서동 1032-4,0,11:30,21:30,14:30,17:00,,,,,,,,,
본중식,부산광역시 금정구 구서동 1032-4,1,,,,,,TRUE,,,,,,,
본중식,부산광역시 금정구 구서동 1032-4,2,11:30,21:30,14:30,17:00,,,,,,,,,
본중식,부산광역시 금정구 구서동 1032-4,3,11:30,21:30,14:30,17:00,,,,,,,,,
본중식,부산광역시 금정구 구서동 1032-4,4,11:30,21:30,14:30,17:00,,,,,,,,,
본중식,부산광역시 금정구 구서동 1032-4,5,11:30,21:30,14:30,17:00,,,,,,,,,
본중식,부산광역시 금정구 구서동 1032-4,6,11:30,21:30,14:30,17:00,,,,,,,,,
우정갈비,부산광역시 금정구 구서동 1032-8,0,11:30,22:00,15:30,17:00,,,,,,,,,
우정갈비,부산광역시 금정구 구서동 1032-8,1,11:30,22:00,15:00,17:00,,,,,,,,,
우정갈비,부산광역시 금정구 구서동 1032-8,2,11:30,22:00,15:00,17:00,,,,,,,,,
우정갈비,부산광역시 금정구 구서동 1032-8,3,11:30,22:00,15:00,17:00,,,,,,,,,
우정갈비,부산광역시 금정구 구서동 1032-8,4,11:30,22:00,15:00,17:00,,,,,,,,,
우정갈비,부산광역시 금정구 구서동 1032-8,5,11:30,22:00,15:00,17:00,,,,,,,,,
우정갈비,부산광역시 금정구 구서동 1032-8,6,11:30,22:00,15:30,17:00,,,,,,,,,
국제통닭 구서점,부산광역시 금정구 구서동 1033-1,0,12:00,0:00,,,,,,,,,,,
국제통닭 구서점,부산광역시 금정구 구서동 1033-1,1,12:00,0:00,,,,,,,,,,,
국제통닭 구서점,부산광역시 금정구 구서동 1033-1,2,12:00,0:00,,,,,,,,,,,
국제통닭 구서점,부산광역시 금정구 구서동 1033-1,3,12:00,0:00,,,,,,,,,,,
국제통닭 구서점,부산광역시 금정구 구서동 1033-1,4,12:00,0:00,,,,,,,,,,,
국제통닭 구서점,부산광역시 금정구 구서동 1033-1,5,12:00,0:00,,,,,,,,,,,
국제통닭 구서점,부산광역시 금정구 구서동 1033-1,6,12:00,0:00,,,,,,,,,,,
오드리휍번,부산광역시 금정구 구서동 1033-3,0,,,,,,,,,,,,,
오드리휍번,부산광역시 금정구 구서동 1033-3,1,,,,,,,,,,,,,
오드리휍번,부산광역시 금정구 구서동 1033-3,2,,,,,,,,,,,,,
오드리휍번,부산광역시 금정구 구서동 1033-3,3,,,,,,,,,,,,,
오드리휍번,부산광역시 금정구 구서동 1033-3,4,,,,,,,,,,,,,
오드리휍번,부산광역시 금정구 구서동 1033-3,5,,,,,,,,,,,,,
오드리휍번,부산광역시 금정구 구서동 1033-3,6,,,,,,,,,,,,,
한우고기집,부산광역시 금정구 구서동 1033-3,0,10:00,22:00,,,,,,,,,,,
한우고기집,부산광역시 금정구 구서동 1033-3,1,10:00,22:00,,,,,,,,,,,
한우고기집,부산광역시 금정구 구서동 1033-3,2,10:00,22:00,,,,,,,,,,,
한우고기집,부산광역시 금정구 구서동 1033-3,3,10:00,22:00,,,,,,,,,,,
한우고기집,부산광역시 금정구 구서동 1033-3,4,10:00,22:00,,,,,,,,,,,
한우고기집,부산광역시 금정구 구서동 1033-3,5,10:00,22:00,,,,,,,,,,,
한우고기집,부산광역시 금정구 구서동 1033-3,6,10:00,22:00,,,,,,,,,,,
1993다이닝,부산광역시 금정구 구서동 1033-6,0,11:30,21:00,,,,,,,,,,,
1993다이닝,부산광역시 금정구 구서동 1033-6,1,11:30,21:00,,,,,,,,,,,
1993다이닝,부산광역시 금정구 구서동 1033-6,2,11:30,21:00,,,,,,,,,,,
1993다이닝,부산광역시 금정구 구서동 1033-6,3,11:30,21:00,,,,,,,,,,,
1993다이닝,부산광역시 금정구 구서동 1033-6,4,11:30,21:00,,,,,,,,,,,
1993다이닝,부산광역시 금정구 구서동 1033-6,5,11:30,21:00,,,,,,,,,,,
1993다이닝,부산광역시 금정구 구서동 1033-6,6,11:30,21:00,,,,,,,,,,,
처갓집양념치킨 구서점,부산광역시 금정구 구서동 1059,0,,,,,,,,,,,,,
처갓집양념치킨 구서점,부산광역시 금정구 구서동 1059,1,,,,,,,,,,,,,
처갓집양념치킨 구서점,부산광역시 금정구 구서동 1059,2,,,,,,,,,,,,,
처갓집양념치킨 구서점,부산광역시 금정구 구서동 1059,3,,,,,,,,,,,,,
처갓집양념치킨 구서점,부산광역시 금정구 구서동 1059,4,,,,,,,,,,,,,
처갓집양념치킨 구서점,부산광역시 금정구 구서동 1059,5,,,,,,,,,,,,,
처갓집양념치킨 구서점,부산광역시 금정구 구서동 1059,6,,,,,,,,,,,,,
본죽앤비빔밥 부산부곡점,부산광역시 금정구 부곡동 223-8,0,,,,,,,,,,,,,
본죽앤비빔밥 부산부곡점,부산광역시 금정구 부곡동 223-8,1,,,,,,,,,,,,,
본죽앤비빔밥 부산부곡점,부산광역시 금정구 부곡동 223-8,2,,,,,,,,,,,,,
본죽앤비빔밥 부산부곡점,부산광역시 금정구 부곡동 223-8,3,,,,,,,,,,,,,
본죽앤비빔밥 부산부곡점,부산광역시 금정구 부곡동 223-8,4,,,,,,,,,,,,,
본죽앤비빔밥 부산부곡점,부산광역시 금정구 부곡동 223-8,5,,,,,,,,,,,,,
본죽앤비빔밥 부산부곡점,부산광역시 금정구 부곡동 223-8,6,,,,,,,,,,,,,
금화정,부산광역시 금정구 부곡동 223-82,0,,,,,,,5~8월은 21시 영업종료,,,,,,
금화정,부산광역시 금정구 부곡동 223-82,1,,,,,,,5~8월은 21시 영업종료,,,,,,
금화정,부산광역시 금정구 부곡동 223-82,2,,,,,,,5~8월은 21시 영업종료,,,,,,
금화정,부산광역시 금정구 부곡동 223-82,3,,,,,,,5~8월은 21시 영업종료,,,,,,
금화정,부산광역시 금정구 부곡동 223-82,4,,,,,,,5~8월은 21시 영업종료,,,,,,
금화정,부산광역시 금정구 부곡동 223-82,5,,,,,,,5~8월은 21시 영업종료,,,,,,
금화정,부산광역시 금정구 부곡동 223-82,6,,,,,,,5~8월은 21시 영업종료,,,,,,
오,부산광역시 금정구 부곡동 223-82,0,,,,,,,,,,,,,
오,부산광역시 금정구 부곡동 223-82,1,,,,,,,,,,,,,
오,부산광역시 금정구 부곡동 223-82,2,,,,,,,,,,,,,
오,부산광역시 금정구 부곡동 223-82,3,,,,,,,,,,,,,
오,부산광역시 금정구 부곡동 223-82,4,,,,,,,,,,,,,
오,부산광역시 금정구 부곡동 223-82,5,,,,,,,,,,,,,
오,부산광역시 금정구 부곡동 223-82,6,,,,,,,,,,,,,
장전밀면,부산광역시 금정구 부곡동 223-83,0,,,,,,,,,,,,,
장전밀면,부산광역시 금정구 부곡동 223-83,1,,,,,,,,,,,,,
장전밀면,부산광역시 금정구 부곡동 223-83,2,,,,,,,,,,,,,
장전밀면,부산광역시 금정구 부곡동 223-83,3,,,,,,,,,,,,,
장전밀면,부산광역시 금정구 부곡동 223-83,4,,,,,,,,,,,,,
장전밀면,부산광역시 금정구 부곡동 223-83,5,,,,,,,,,,,,,
장전밀면,부산광역시 금정구 부곡동 223-83,6,,,,,,,,,,,,,
한서식당,부산광역시 금정구 부곡동 223-83,0,,,,,,,,,,,,,
한서식당,부산광역시 금정구 부곡동 223-83,1,,,,,,,,,,,,,
한서식당,부산광역시 금정구 부곡동 223-83,2,,,,,,,,,,,,,
한서식당,부산광역시 금정구 부곡동 223-83,3,,,,,,,,,,,,,
한서식당,부산광역시 금정구 부곡동 223-83,4,,,,,,,,,,,,,
한서식당,부산광역시 금정구 부곡동 223-83,5,,,,,,,,,,,,,
한서식당,부산광역시 금정구 부곡동 223-83,6,,,,,,,,,,,,,
정,부산광역시 금정구 부곡동 224-1,0,,,,,,,,,,,,,
정,부산광역시 금정구 부곡동 224-1,1,,,,,,,,,,,,,
정,부산광역시 금정구 부곡동 224-1,2,,,,,,,,,,,,,
정,부산광역시 금정구 부곡동 224-1,3,,,,,,,,,,,,,
정,부산광역시 금정구 부곡동 224-1,4,,,,,,,,,,,,,
정,부산광역시 금정구 부곡동 224-1,5,,,,,,,,,,,,,
정,부산광역시 금정구 부곡동 224-1,6,,,,,,,,,,,,,
동해바다,부산광역시 금정구 부곡동 224-53,0,,,,,,,,,,,,,
동해바다,부산광역시 금정구 부곡동 224-53,1,,,,,,,,,,,,,
동해바다,부산광역시 금정구 부곡동 224-53,2,,,,,,,,,,,,,
동해바다,부산광역시 금정구 부곡동 224-53,3,,,,,,,,,,,,,
동해바다,부산광역시 금정구 부곡동 224-53,4,,,,,,,,,,,,,
동해바다,부산광역시 금정구 부곡동 224-53,5,,,,,,,,,,,,,
동해바다,부산광역시 금정구 부곡동 224-53,6,,,,,,,,,,,,,
가마치통닭 장전역점,부산광역시 금정구 부곡동 224-54,0,,,,,,,,,,,,,
가마치통닭 장전역점,부산광역시 금정구 부곡동 224-54,1,,,,,,,,,,,,,
가마치통닭 장전역점,부산광역시 금정구 부곡동 224-54,2,,,,,,,,,,,,,
가마치통닭 장전역점,부산광역시 금정구 부곡동 224-54,3,,,,,,,,,,,,,
가마치통닭 장전역점,부산광역시 금정구 부곡동 224-54,4,,,,,,,,,,,,,
가마치통닭 장전역점,부산광역시 금정구 부곡동 224-54,5,,,,,,,,,,,,,
가마치통닭 장전역점,부산광역시 금정구 부곡동 224-54,6,,,,,,,,,,,,,
남해청정횟집,부산광역시 금정구 부곡동 224-55,0,,,,,,,,,,,,,
남해청정횟집,부산광역시 금정구 부곡동 224-55,1,,,,,,,,,,,,,
남해청정횟집,부산광역시 금정구 부곡동 224-55,2,,,,,,,,,,,,,
남해청정횟집,부산광역시 금정구 부곡동 224-55,3,,,,,,,,,,,,,
남해청정횟집,부산광역시 금정구 부곡동 224-55,4,,,,,,,,,,,,,
남해청정횟집,부산광역시 금정구 부곡동 224-55,5,,,,,,,,,,,,,
남해청정횟집,부산광역시 금정구 부곡동 224-55,6,,,,,,,,,,,,,
하단닭도리,부산광역시 금정구 부곡동 224-55,0,,,,,,,,,,,,,
하단닭도리,부산광역시 금정구 부곡동 224-55,1,,,,,,,,,,,,,
하단닭도리,부산광역시 금정구 부곡동 224-55,2,,,,,,,,,,,,,
하단닭도리,부산광역시 금정구 부곡동 224-55,3,,,,,,,,,,,,,
하단닭도리,부산광역시 금정구 부곡동 224-55,4,,,,,,,,,,,,,
하단닭도리,부산광역시 금정구 부곡동 224-55,5,,,,,,,,,,,,,
하단닭도리,부산광역시 금정구 부곡동 224-55,6,,,,,,,,,,,,,
365후루룩촌국수,부산광역시 금정구 부곡동 224-59,0,,,,,,,,,,,,,
365후루룩촌국수,부산광역시 금정구 부곡동 224-59,1,,,,,,,,,,,,,
365후루룩촌국수,부산광역시 금정구 부곡동 224-59,2,,,,,,,,,,,,,
365후루룩촌국수,부산광역시 금정구 부곡동 224-59,3,,,,,,,,,,,,,
365후루룩촌국수,부산광역시 금정구 부곡동 224-59,4,,,,,,,,,,,,,
365후루룩촌국수,부산광역시 금정구 부곡동 224-59,5,,,,,,,,,,,,,
365후루룩촌국수,부산광역시 금정구 부곡동 224-59,6,,,,,,,,,,,,,
꾸바꾸바,부산광역시 금정구 부곡동 224-70,0,,,,,,,,,,,,,
꾸바꾸바,부산광역시 금정구 부곡동 224-70,1,,,,,,,,,,,,,
꾸바꾸바,부산광역시 금정구 부곡동 224-70,2,,,,,,,,,,,,,
꾸바꾸바,부산광역시 금정구 부곡동 224-70,3,,,,,,,,,,,,,
꾸바꾸바,부산광역시 금정구 부곡동 224-70,4,,,,,,,,,,,,,
꾸바꾸바,부산광역시 금정구 부곡동 224-70,5,,,,,,,,,,,,,
꾸바꾸바,부산광역시 금정구 부곡동 224-70,6,,,,,,,,,,,,,
뼈굿감자탕&뼈구이 본점,부산광역시 금정구 부곡동 224-70,0,,,,,,TRUE,,,,,,,
뼈굿감자탕&뼈구이 본점,부산광역시 금정구 부곡동 224-70,1,,,,,,,,,,,,,
뼈굿감자탕&뼈구이 본점,부산광역시 금정구 부곡동 224-70,2,,,,,,,,,,,,,
뼈굿감자탕&뼈구이 본점,부산광역시 금정구 부곡동 224-70,3,,,,,,,,,,,,,
뼈굿감자탕&뼈구이 본점,부산광역시 금정구 부곡동 224-70,4,,,,,,,,,,,,,
뼈굿감자탕&뼈구이 본점,부산광역시 금정구 부곡동 224-70,5,,,,,,,,,,,,,
뼈굿감자탕&뼈구이 본점,부산광역시 금정구 부곡동 224-70,6,,,,,,,,,,,,,
오븐에꾸운닭,부산광역시 금정구 부곡동 224-9,0,,,,,,,,,,,,,
오븐에꾸운닭,부산광역시 금정구 부곡동 224-9,1,,,,,,,,,,,,,
오븐에꾸운닭,부산광역시 금정구 부곡동 224-9,2,,,,,,,,,,,,,
오븐에꾸운닭,부산광역시 금정구 부곡동 224-9,3,,,,,,,,,,,,,
오븐에꾸운닭,부산광역시 금정구 부곡동 224-9,4,,,,,,,,,,,,,
오븐에꾸운닭,부산광역시 금정구 부곡동 224-9,5,,,,,,,,,,,,,
오븐에꾸운닭,부산광역시 금정구 부곡동 224-9,6,,,,,,,,,,,,,
다가치통닭,부산광역시 금정구 부곡동 225-1,0,,,,,,,,,,,,,
다가치통닭,부산광역시 금정구 부곡동 225-1,1,,,,,,,,,,,,,
다가치통닭,부산광역시 금정구 부곡동 225-1,2,,,,,,,,,,,,,
다가치통닭,부산광역시 금정구 부곡동 225-1,3,,,,,,,,,,,,,
다가치통닭,부산광역시 금정구 부곡동 225-1,4,,,,,,,,,,,,,
다가치통닭,부산광역시 금정구 부곡동 225-1,5,,,,,,,,,,,,,
다가치통닭,부산광역시 금정구 부곡동 225-1,6,,,,,,,,,,,,,
정태수베이커리,부산광역시 금정구 부곡동 225-1,0,,,,,,,,,,,,,
정태수베이커리,부산광역시 금정구 부곡동 225-1,1,,,,,,,,,,,,,
정태수베이커리,부산광역시 금정구 부곡동 225-1,2,,,,,,,,,,,,,
정태수베이커리,부산광역시 금정구 부곡동 225-1,3,,,,,,,,,,,,,
정태수베이커리,부산광역시 금정구 부곡동 225-1,4,,,,,,,,,,,,,
정태수베이커리,부산광역시 금정구 부곡동 225-1,5,,,,,,,,,,,,,
정태수베이커리,부산광역시 금정구 부곡동 225-1,6,,,,,,,,,,,,,
그래칡밀면,부산광역시 금정구 부곡동 225-17,0,,,,,,,,,,,,,
그래칡밀면,부산광역시 금정구 부곡동 225-17,1,,,,,,,,,,,,,
그래칡밀면,부산광역시 금정구 부곡동 225-17,2,,,,,,,,,,,,,
그래칡밀면,부산광역시 금정구 부곡동 225-17,3,,,,,,,,,,,,,
그래칡밀면,부산광역시 금정구 부곡동 225-17,4,,,,,,,,,,,,,
그래칡밀면,부산광역시 금정구 부곡동 225-17,5,,,,,,,,,,,,,
그래칡밀면,부산광역시 금정구 부곡동 225-17,6,,,,,,,,,,,,,
식당3선 금정점,부산광역시 금정구 부곡동 225-20,0,,,,,,,,,,,,,
식당3선 금정점,부산광역시 금정구 부곡동 225-20,1,,,,,,,,,,,,,
식당3선 금정점,부산광역시 금정구 부곡동 225-20,2,,,,,,,,,,,,,
식당3선 금정점,부산광역시 금정구 부곡동 225-20,3,,,,,,,,,,,,,
식당3선 금정점,부산광역시 금정구 부곡동 225-20,4,,,,,,,,,,,,,
식당3선 금정점,부산광역시 금정구 부곡동 225-20,5,,,,,,,,,,,,,
식당3선 금정점,부산광역시 금정구 부곡동 225-20,6,,,,,,,,,,,,,
도토리,부산광역시 금정구 부곡동 225-29,0,,,,,,,,,,,,,
도토리,부산광역시 금정구 부곡동 225-29,1,,,,,,,,,,,,,
도토리,부산광역시 금정구 부곡동 225-29,2,,,,,,,,,,,,,
도토리,부산광역시 금정구 부곡동 225-29,3,,,,,,,,,,,,,
도토리,부산광역시 금정구 부곡동 225-29,4,,,,,,,,,,,,,
도토리,부산광역시 금정구 부곡동 225-29,5,,,,,,,,,,,,,
도토리,부산광역시 금정구 부곡동 225-29,6,,,,,,,,,,,,,
동방축산 장전점,부산광역시 금정구 부곡동 225-36,0,,,,,,,,,,,,,
동방축산 장전점,부산광역시 금정구 부곡동 225-36,1,,,,,,,,,,,,,
동방축산 장전점,부산광역시 금정구 부곡동 225-36,2,,,,,,,,,,,,,
동방축산 장전점,부산광역시 금정구 부곡동 225-36,3,,,,,,,,,,,,,
동방축산 장전점,부산광역시 금정구 부곡동 225-36,4,,,,,,,,,,,,,
동방축산 장전점,부산광역시 금정구 부곡동 225-36,5,,,,,,,,,,,,,
동방축산 장전점,부산광역시 금정구 부곡동 225-36,6,,,,,,,,,,,,,
누들보쌈배달만족 금정점,부산광역시 금정구 부곡동 225-58,0,,,,,,,,,,,,,
누들보쌈배달만족 금정점,부산광역시 금정구 부곡동 225-58,1,,,,,,,,,,,,,
누들보쌈배달만족 금정점,부산광역시 금정구 부곡동 225-58,2,,,,,,,,,,,,,
누들보쌈배달만족 금정점,부산광역시 금정구 부곡동 225-58,3,,,,,,,,,,,,,
누들보쌈배달만족 금정점,부산광역시 금정구 부곡동 225-58,4,,,,,,,,,,,,,
누들보쌈배달만족 금정점,부산광역시 금정구 부곡동 225-58,5,,,,,,,,,,,,,
누들보쌈배달만족 금정점,부산광역시 금정구 부곡동 225-58,6,,,,,,,,,,,,,
강원식당,부산광역시 금정구 부곡동 225-6,0,,,,,,,,,,,,,
강원식당,부산광역시 금정구 부곡동 225-6,1,,,,,,,,,,,,,
강원식당,부산광역시 금정구 부곡동 225-6,2,,,,,,,,,,,,,
강원식당,부산광역시 금정구 부곡동 225-6,3,,,,,,,,,,,,,
강원식당,부산광역시 금정구 부곡동 225-6,4,,,,,,,,,,,,,
강원식당,부산광역시 금정구 부곡동 225-6,5,,,,,,,,,,,,,
강원식당,부산광역시 금정구 부곡동 225-6,6,,,,,,,,,,,,,
동근이숯불두마리치킨,부산광역시 금정구 부곡동 225-6,0,,,,,,,,,,,,,
동근이숯불두마리치킨,부산광역시 금정구 부곡동 225-6,1,,,,,,,,,,,,,
동근이숯불두마리치킨,부산광역시 금정구 부곡동 225-6,2,,,,,,,,,,,,,
동근이숯불두마리치킨,부산광역시 금정구 부곡동 225-6,3,,,,,,,,,,,,,
동근이숯불두마리치킨,부산광역시 금정구 부곡동 225-6,4,,,,,,,,,,,,,
동근이숯불두마리치킨,부산광역시 금정구 부곡동 225-6,5,,,,,,,,,,,,,
동근이숯불두마리치킨,부산광역시 금정구 부곡동 225-6,6,,,,,,,,,,,,,
아지트,부산광역시 금정구 부곡동 225-6,0,,,,,,,,,,,,,
아지트,부산광역시 금정구 부곡동 225-6,1,,,,,,,,,,,,,
아지트,부산광역시 금정구 부곡동 225-6,2,,,,,,,,,,,,,
아지트,부산광역시 금정구 부곡동 225-6,3,,,,,,,,,,,,,
아지트,부산광역시 금정구 부곡동 225-6,4,,,,,,,,,,,,,
아지트,부산광역시 금정구 부곡동 225-6,5,,,,,,,,,,,,,
아지트,부산광역시 금정구 부곡동 225-6,6,,,,,,,,,,,,,
오빠막창 부산대점,부산광역시 금정구 부곡동 225-6,0,,,,,,,,,,,,,
오빠막창 부산대점,부산광역시 금정구 부곡동 225-6,1,,,,,,,,,,,,,
오빠막창 부산대점,부산광역시 금정구 부곡동 225-6,2,,,,,,,,,,,,,
오빠막창 부산대점,부산광역시 금정구 부곡동 225-6,3,,,,,,,,,,,,,
오빠막창 부산대점,부산광역시 금정구 부곡동 225-6,4,,,,,,,,,,,,,
오빠막창 부산대점,부산광역시 금정구 부곡동 225-6,5,,,,,,,,,,,,,
오빠막창 부산대점,부산광역시 금정구 부곡동 225-6,6,,,,,,,,,,,,,
한신관중화요리,부산광역시 금정구 부곡동 225-6,0,,,,,,TRUE,,,,,,,
한신관중화요리,부산광역시 금정구 부곡동 225-6,1,,,,,,,,,,,,,
한신관중화요리,부산광역시 금정구 부곡동 225-6,2,,,,,,,,,,,,,
한신관중화요리,부산광역시 금정구 부곡동 225-6,3,,,,,,,,,,,,,
한신관중화요리,부산광역시 금정구 부곡동 225-6,4,,,,,,,,,,,,,
한신관중화요리,부산광역시 금정구 부곡동 225-6,5,,,,,,,,,,,,,
한신관중화요리,부산광역시 금정구 부곡동 225-6,6,,,,,,,,,,,,,
히로가츠,부산광역시 금정구 부곡동 225-6,0,,,,,,,,,,,,,
히로가츠,부산광역시 금정구 부곡동 225-6,1,,,,,,,,,,,,,
히로가츠,부산광역시 금정구 부곡동 225-6,2,,,,,,,,,,,,,
히로가츠,부산광역시 금정구 부곡동 225-6,3,,,,,,,,,,,,,
히로가츠,부산광역시 금정구 부곡동 225-6,4,,,,,,,,,,,,,
히로가츠,부산광역시 금정구 부곡동 225-6,5,,,,,,,,,,,,,
히로가츠,부산광역시 금정구 부곡동 225-6,6,,,,,,,,,,,,,
형제식육식당,부산광역시 금정구 부곡동 225-67,0,,,,,,,,,,,,,
형제식육식당,부산광역시 금정구 부곡동 225-67,1,,,,,,,,,,,,,
형제식육식당,부산광역시 금정구 부곡동 225-67,2,,,,,,,,,,,,,
형제식육식당,부산광역시 금정구 부곡동 225-67,3,,,,,,,,,,,,,
형제식육식당,부산광역시 금정구 부곡동 225-67,4,,,,,,,,,,,,,
형제식육식당,부산광역시 금정구 부곡동 225-67,5,,,,,,,,,,,,,
형제식육식당,부산광역시 금정구 부곡동 225-67,6,,,,,,,,,,,,,
비에이치씨 금정부곡점,부산광역시 금정구 부곡동 225-69,0,,,,,,,,,,,,,
비에이치씨 금정부곡점,부산광역시 금정구 부곡동 225-69,1,,,,,,,,,,,,,
비에이치씨 금정부곡점,부산광역시 금정구 부곡동 225-69,2,,,,,,,,,,,,,
비에이치씨 금정부곡점,부산광역시 금정구 부곡동 225-69,3,,,,,,,,,,,,,
비에이치씨 금정부곡점,부산광역시 금정구 부곡동 225-69,4,,,,,,,,,,,,,
비에이치씨 금정부곡점,부산광역시 금정구 부곡동 225-69,5,,,,,,,,,,,,,
비에이치씨 금정부곡점,부산광역시 금정구 부곡동 225-69,6,,,,,,,,,,,,,
통통녹차족발,부산광역시 금정구 부곡동 225-71,0,,,,,,,,,,,,,
통통녹차족발,부산광역시 금정구 부곡동 225-71,1,,,,,,,,,,,,,
통통녹차족발,부산광역시 금정구 부곡동 225-71,2,,,,,,,,,,,,,
통통녹차족발,부산광역시 금정구 부곡동 225-71,3,,,,,,,,,,,,,
통통녹차족발,부산광역시 금정구 부곡동 225-71,4,,,,,,,,,,,,,
통통녹차족발,부산광역시 금정구 부곡동 225-71,5,,,,,,,,,,,,,
통통녹차족발,부산광역시 금정구 부곡동 225-71,6,,,,,,,,,,,,,
들깨랑칼국수,부산광역시 금정구 부곡동 225-8,0,,,,,,,,,,,,,
들깨랑칼국수,부산광역시 금정구 부곡동 225-8,1,,,,,,,,,,,,,
들깨랑칼국수,부산광역시 금정구 부곡동 225-8,2,,,,,,,,,,,,,
들깨랑칼국수,부산광역시 금정구 부곡동 225-8,3,,,,,,,,,,,,,
들깨랑칼국수,부산광역시 금정구 부곡동 225-8,4,,,,,,,,,,,,,
들깨랑칼국수,부산광역시 금정구 부곡동 225-8,5,,,,,,,,,,,,,
들깨랑칼국수,부산광역시 금정구 부곡동 225-8,6,,,,,,,,,,,,,
초연뜰,부산광역시 금정구 부곡동 226-1,0,,,,,,,,,,,,,
초연뜰,부산광역시 금정구 부곡동 226-1,1,,,,,,,,,,,,,
초연뜰,부산광역시 금정구 부곡동 226-1,2,,,,,,,,,,,,,
초연뜰,부산광역시 금정구 부곡동 226-1,3,,,,,,,,,,,,,
초연뜰,부산광역시 금정구 부곡동 226-1,4,,,,,,,,,,,,,
초연뜰,부산광역시 금정구 부곡동 226-1,5,,,,,,,,,,,,,
초연뜰,부산광역시 금정구 부곡동 226-1,6,,,,,,,,,,,,,
다래,부산광역시 금정구 부곡동 227-1,0,,,,,,,,,,,,,
다래,부산광역시 금정구 부곡동 227-1,1,,,,,,,,,,,,,
다래,부산광역시 금정구 부곡동 227-1,2,,,,,,,,,,,,,
다래,부산광역시 금정구 부곡동 227-1,3,,,,,,,,,,,,,
다래,부산광역시 금정구 부곡동 227-1,4,,,,,,,,,,,,,
다래,부산광역시 금정구 부곡동 227-1,5,,,,,,,,,,,,,
다래,부산광역시 금정구 부곡동 227-1,6,,,,,,,,,,,,,
건강밥상,부산광역시 금정구 부곡동 227-5,0,,,,,,,,,,,,,
건강밥상,부산광역시 금정구 부곡동 227-5,1,,,,,,,,,,,,,
건강밥상,부산광역시 금정구 부곡동 227-5,2,,,,,,,,,,,,,
건강밥상,부산광역시 금정구 부곡동 227-5,3,,,,,,,,,,,,,
건강밥상,부산광역시 금정구 부곡동 227-5,4,,,,,,,,,,,,,
건강밥상,부산광역시 금정구 부곡동 227-5,5,,,,,,,,,,,,,
건강밥상,부산광역시 금정구 부곡동 227-5,6,,,,,,,,,,,,,
찐백반,부산광역시 금정구 부곡동 22-8,0,,,,,,TRUE,,,,,,,
찐백반,부산광역시 금정구 부곡동 22-8,1,,,,,,,,,,,,,
찐백반,부산광역시 금정구 부곡동 22-8,2,,,,,,,,,,,,,
찐백반,부산광역시 금정구 부곡동 22-8,3,,,,,,,,,,,,,
찐백반,부산광역시 금정구 부곡동 22-8,4,,,,,,,,,,,,,
찐백반,부산광역시 금정구 부곡동 22-8,5,,,,,,,,,,,,,
찐백반,부산광역시 금정구 부곡동 22-8,6,,,,,,,,,,,,,
범일국밥,부산광역시 금정구 부곡동 23-12,0,,,,,,,,,,,,,
범일국밥,부산광역시 금정구 부곡동 23-12,1,,,,,,,,,,,,,
범일국밥,부산광역시 금정구 부곡동 23-12,2,,,,,,,,,,,,,
범일국밥,부산광역시 금정구 부곡동 23-12,3,,,,,,,,,,,,,
범일국밥,부산광역시 금정구 부곡동 23-12,4,,,,,,,,,,,,,
범일국밥,부산광역시 금정구 부곡동 23-12,5,,,,,,,,,,,,,
범일국밥,부산광역시 금정구 부곡동 23-12,6,,,,,,,,,,,,,
아서원,부산광역시 금정구 부곡동 23-14,0,,,,,,,,,,,,,
아서원,부산광역시 금정구 부곡동 23-14,1,,,,,,,,,,,,,
아서원,부산광역시 금정구 부곡동 23-14,2,,,,,,,,,,,,,
아서원,부산광역시 금정구 부곡동 23-14,3,,,,,,,,,,,,,
아서원,부산광역시 금정구 부곡동 23-14,4,,,,,,,,,,,,,
아서원,부산광역시 금정구 부곡동 23-14,5,,,,,,,,,,,,,
아서원,부산광역시 금정구 부곡동 23-14,6,,,,,,,,,,,,,
교촌치킨부곡 1호점,부산광역시 금정구 부곡동 23-15,0,,,,,,,,,,,,,
교촌치킨부곡 1호점,부산광역시 금정구 부곡동 23-15,1,,,,,,,,,,,,,
교촌치킨부곡 1호점,부산광역시 금정구 부곡동 23-15,2,,,,,,,,,,,,,
교촌치킨부곡 1호점,부산광역시 금정구 부곡동 23-15,3,,,,,,,,,,,,,
교촌치킨부곡 1호점,부산광역시 금정구 부곡동 23-15,4,,,,,,,,,,,,,
교촌치킨부곡 1호점,부산광역시 금정구 부곡동 23-15,5,,,,,,,,,,,,,
교촌치킨부곡 1호점,부산광역시 금정구 부곡동 23-15,6,,,,,,,,,,,,,
정성순대 금정점,부산광역시 금정구 부곡동 23-17,0,,,,,,,,,,,,,
정성순대 금정점,부산광역시 금정구 부곡동 23-17,1,,,,,,,,,,,,,
정성순대 금정점,부산광역시 금정구 부곡동 23-17,2,,,,,,,,,,,,,
정성순대 금정점,부산광역시 금정구 부곡동 23-17,3,,,,,,TRUE,,,,,,,
정성순대 금정점,부산광역시 금정구 부곡동 23-17,4,,,,,,,,,,,,,
정성순대 금정점,부산광역시 금정구 부곡동 23-17,5,,,,,,,,,,,,,
정성순대 금정점,부산광역시 금정구 부곡동 23-17,6,,,,,,,,,,,,,
콜갈비,부산광역시 금정구 부곡동 23-4,0,,,,,,,,,,,,,
콜갈비,부산광역시 금정구 부곡동 23-4,1,,,,,,,,,,,,,
콜갈비,부산광역시 금정구 부곡동 23-4,2,,,,,,,,,,,,,
콜갈비,부산광역시 금정구 부곡동 23-4,3,,,,,,,,,,,,,
콜갈비,부산광역시 금정구 부곡동 23-4,4,,,,,,,,,,,,,
콜갈비,부산광역시 금정구 부곡동 23-4,5,,,,,,,,,,,,,
콜갈비,부산광역시 금정구 부곡동 23-4,6,,,,,,,,,,,,,
다원이네국수와비빔밥,부산광역시 금정구 부곡동 235-13,0,,,,,,TRUE,,,,,,,
다원이네국수와비빔밥,부산광역시 금정구 부곡동 235-13,1,,,,,,,,,,,,,
다원이네국수와비빔밥,부산광역시 금정구 부곡동 235-13,2,,,,,,,,,,,,,
다원이네국수와비빔밥,부산광역시 금정구 부곡동 235-13,3,,,,,,,,,,,,,
다원이네국수와비빔밥,부산광역시 금정구 부곡동 235-13,4,,,,,,,,,,,,,
다원이네국수와비빔밥,부산광역시 금정구 부곡동 235-13,5,,,,,,,,,,,,,
다원이네국수와비빔밥,부산광역시 금정구 부곡동 235-13,6,,,,,,,,,,,,,
델피하우스,부산광역시 금정구 부곡동 235-20,0,,,,,,,,,,,,,
델피하우스,부산광역시 금정구 부곡동 235-20,1,,,,,,,,,,,,,
델피하우스,부산광역시 금정구 부곡동 235-20,2,,,,,,,,,,,,,
델피하우스,부산광역시 금정구 부곡동 235-20,3,,,,,,,,,,,,,
델피하우스,부산광역시 금정구 부곡동 235-20,4,,,,,,,,,,,,,
델피하우스,부산광역시 금정구 부곡동 235-20,5,,,,,,,,,,,,,
델피하우스,부산광역시 금정구 부곡동 235-20,6,,,,,,,,,,,,,
정원돼지국밥,부산광역시 금정구 부곡동 235-20,0,,,,,,,,,,,,,
정원돼지국밥,부산광역시 금정구 부곡동 235-20,1,,,,,,,,,,,,,
정원돼지국밥,부산광역시 금정구 부곡동 235-20,2,,,,,,,,,,,,,
정원돼지국밥,부산광역시 금정구 부곡동 235-20,3,,,,,,,,,,,,,
정원돼지국밥,부산광역시 금정구 부곡동 235-20,4,,,,,,,,,,,,,
정원돼지국밥,부산광역시 금정구 부곡동 235-20,5,,,,,,,,,,,,,
정원돼지국밥,부산광역시 금정구 부곡동 235-20,6,,,,,,,,,,,,,
밀양무안국밥,부산광역시 금정구 부곡동 23-9,0,,,,,,,,,,,,,
밀양무안국밥,부산광역시 금정구 부곡동 23-9,1,,,,,,,,,,,,,
밀양무안국밥,부산광역시 금정구 부곡동 23-9,2,,,,,,,,,,,,,
밀양무안국밥,부산광역시 금정구 부곡동 23-9,3,,,,,,,,,,,,,
밀양무안국밥,부산광역시 금정구 부곡동 23-9,4,,,,,,,,,,,,,
밀양무안국밥,부산광역시 금정구 부곡동 23-9,5,,,,,,,,,,,,,
밀양무안국밥,부산광역시 금정구 부곡동 23-9,6,,,,,,TRUE,,,,,,,
럭키,부산광역시 금정구 부곡동 239-3,0,,,,,,,,,,,,,
럭키,부산광역시 금정구 부곡동 239-3,1,,,,,,,,,,,,,
럭키,부산광역시 금정구 부곡동 239-3,2,,,,,,,,,,,,,
럭키,부산광역시 금정구 부곡동 239-3,3,,,,,,,,,,,,,
럭키,부산광역시 금정구 부곡동 239-3,4,,,,,,,,,,,,,
럭키,부산광역시 금정구 부곡동 239-3,5,,,,,,,,,,,,,
럭키,부산광역시 금정구 부곡동 239-3,6,,,,,,,,,,,,,
고성대흥횟집,부산광역시 금정구 부곡동 24-15,0,,,,,,,,,,,,,
고성대흥횟집,부산광역시 금정구 부곡동 24-15,1,,,,,,,,,,,,,
고성대흥횟집,부산광역시 금정구 부곡동 24-15,2,,,,,,,,,,,,,
고성대흥횟집,부산광역시 금정구 부곡동 24-15,3,,,,,,,,,,,,,
고성대흥횟집,부산광역시 금정구 부곡동 24-15,4,,,,,,,,,,,,,
고성대흥횟집,부산광역시 금정구 부곡동 24-15,5,,,,,,,,,,,,,
고성대흥횟집,부산광역시 금정구 부곡동 24-15,6,,,,,,,,,,,,,
와이제이푸드 금정점,부산광역시 금정구 부곡동 242-22,0,,,,,,,,,,,,,
와이제이푸드 금정점,부산광역시 금정구 부곡동 242-22,1,,,,,,,,,,,,,
와이제이푸드 금정점,부산광역시 금정구 부곡동 242-22,2,,,,,,,,,,,,,
와이제이푸드 금정점,부산광역시 금정구 부곡동 242-22,3,,,,,,,,,,,,,
와이제이푸드 금정점,부산광역시 금정구 부곡동 242-22,4,,,,,,,,,,,,,
와이제이푸드 금정점,부산광역시 금정구 부곡동 242-22,5,,,,,,,,,,,,,
와이제이푸드 금정점,부산광역시 금정구 부곡동 242-22,6,,,,,,,,,,,,,
버거킹 부산금정오일뱅크점,부산광역시 금정구 부곡동 243-8,0,,,,,,,,,,,,,
버거킹 부산금정오일뱅크점,부산광역시 금정구 부곡동 243-8,1,,,,,,,,,,,,,
버거킹 부산금정오일뱅크점,부산광역시 금정구 부곡동 243-8,2,,,,,,,,,,,,,
버거킹 부산금정오일뱅크점,부산광역시 금정구 부곡동 243-8,3,,,,,,,,,,,,,
버거킹 부산금정오일뱅크점,부산광역시 금정구 부곡동 243-8,4,,,,,,,,,,,,,
버거킹 부산금정오일뱅크점,부산광역시 금정구 부곡동 243-8,5,,,,,,,,,,,,,
버거킹 부산금정오일뱅크점,부산광역시 금정구 부곡동 243-8,6,,,,,,,,,,,,,
네모푸드,부산광역시 금정구 부곡동 244-7,0,,,,,,,,,,,,,
네모푸드,부산광역시 금정구 부곡동 244-7,1,,,,,,,,,,,,,
네모푸드,부산광역시 금정구 부곡동 244-7,2,,,,,,,,,,,,,
네모푸드,부산광역시 금정구 부곡동 244-7,3,,,,,,,,,,,,,
네모푸드,부산광역시 금정구 부곡동 244-7,4,,,,,,,,,,,,,
네모푸드,부산광역시 금정구 부곡동 244-7,5,,,,,,,,,,,,,
네모푸드,부산광역시 금정구 부곡동 244-7,6,,,,,,,,,,,,,
미진축산 부곡점,부산광역시 금정구 부곡동 248-4,0,,,,,,,,,,,,,
미진축산 부곡점,부산광역시 금정구 부곡동 248-4,1,,,,,,,,,,,,,
미진축산 부곡점,부산광역시 금정구 부곡동 248-4,2,,,,,,,,,,,,,
미진축산 부곡점,부산광역시 금정구 부곡동 248-4,3,,,,,,,,,,,,,
미진축산 부곡점,부산광역시 금정구 부곡동 248-4,4,,,,,,,,,,,,,
미진축산 부곡점,부산광역시 금정구 부곡동 248-4,5,,,,,,,,,,,,,
미진축산 부곡점,부산광역시 금정구 부곡동 248-4,6,,,,,,,,,,,,,
60계부산 부곡장전점,부산광역시 금정구 부곡동 25-4,0,,,,,,,,,,,,,
60계부산 부곡장전점,부산광역시 금정구 부곡동 25-4,1,,,,,,,,,,,,,
60계부산 부곡장전점,부산광역시 금정구 부곡동 25-4,2,,,,,,,,,,,,,
60계부산 부곡장전점,부산광역시 금정구 부곡동 25-4,3,,,,,,,,,,,,,
60계부산 부곡장전점,부산광역시 금정구 부곡동 25-4,4,,,,,,,,,,,,,
60계부산 부곡장전점,부산광역시 금정구 부곡동 25-4,5,,,,,,,,,,,,,
60계부산 부곡장전점,부산광역시 금정구 부곡동 25-4,6,,,,,,,,,,,,,
부영궁중국관,부산광역시 금정구 부곡동 255-1,0,,,,,,,,,,,,,
부영궁중국관,부산광역시 금정구 부곡동 255-1,1,,,,,,,,,,,,,
부영궁중국관,부산광역시 금정구 부곡동 255-1,2,,,,,,,,,,,,,
부영궁중국관,부산광역시 금정구 부곡동 255-1,3,,,,,,,,,,,,,
부영궁중국관,부산광역시 금정구 부곡동 255-1,4,,,,,,,,,,,,,
부영궁중국관,부산광역시 금정구 부곡동 255-1,5,,,,,,,,,,,,,
부영궁중국관,부산광역시 금정구 부곡동 255-1,6,,,,,,,,,,,,,
청년피자부산대역점,부산광역시 금정구 부곡동 255-3,0,,,,,,,,,,,,,
청년피자부산대역점,부산광역시 금정구 부곡동 255-3,1,,,,,,,,,,,,,
청년피자부산대역점,부산광역시 금정구 부곡동 255-3,2,,,,,,,,,,,,,
청년피자부산대역점,부산광역시 금정구 부곡동 255-3,3,,,,,,,,,,,,,
청년피자부산대역점,부산광역시 금정구 부곡동 255-3,4,,,,,,,,,,,,,
청년피자부산대역점,부산광역시 금정구 부곡동 255-3,5,,,,,,,,,,,,,
청년피자부산대역점,부산광역시 금정구 부곡동 255-3,6,,,,,,,,,,,,,
미진네식당,부산광역시 금정구 부곡동 257-14,0,,,,,,TRUE,,,,,,,
미진네식당,부산광역시 금정구 부곡동 257-14,1,,,,,,,,,,,,,
미진네식당,부산광역시 금정구 부곡동 257-14,2,,,,,,,,,,,,,
미진네식당,부산광역시 금정구 부곡동 257-14,3,,,,,,,,,,,,,
미진네식당,부산광역시 금정구 부곡동 257-14,4,,,,,,,,,,,,,
미진네식당,부산광역시 금정구 부곡동 257-14,5,,,,,,,,,,,,,
미진네식당,부산광역시 금정구 부곡동 257-14,6,,,,,,,,,,,,,
경아두마리치킨,부산광역시 금정구 부곡동 257-2,0,,,,,,,,,,,,,
경아두마리치킨,부산광역시 금정구 부곡동 257-2,1,,,,,,,,,,,,,
경아두마리치킨,부산광역시 금정구 부곡동 257-2,2,,,,,,,,,,,,,
경아두마리치킨,부산광역시 금정구 부곡동 257-2,3,,,,,,,,,,,,,
경아두마리치킨,부산광역시 금정구 부곡동 257-2,4,,,,,,,,,,,,,
경아두마리치킨,부산광역시 금정구 부곡동 257-2,5,,,,,,,,,,,,,
경아두마리치킨,부산광역시 금정구 부곡동 257-2,6,,,,,,,,,,,,,
달리는려석들 부산대점,부산광역시 금정구 부곡동 257-23,0,,,,,,,,,,,,,
달리는려석들 부산대점,부산광역시 금정구 부곡동 257-23,1,,,,,,,,,,,,,
달리는려석들 부산대점,부산광역시 금정구 부곡동 257-23,2,,,,,,,,,,,,,
달리는려석들 부산대점,부산광역시 금정구 부곡동 257-23,3,,,,,,,,,,,,,
달리는려석들 부산대점,부산광역시 금정구 부곡동 257-23,4,,,,,,,,,,,,,
달리는려석들 부산대점,부산광역시 금정구 부곡동 257-23,5,,,,,,,,,,,,,
달리는려석들 부산대점,부산광역시 금정구 부곡동 257-23,6,,,,,,,,,,,,,
비비큐부곡 중앙점,부산광역시 금정구 부곡동 257-23,0,,,,,,,,,,,,,
비비큐부곡 중앙점,부산광역시 금정구 부곡동 257-23,1,,,,,,,,,,,,,
비비큐부곡 중앙점,부산광역시 금정구 부곡동 257-23,2,,,,,,,,,,,,,
비비큐부곡 중앙점,부산광역시 금정구 부곡동 257-23,3,,,,,,,,,,,,,
비비큐부곡 중앙점,부산광역시 금정구 부곡동 257-23,4,,,,,,,,,,,,,
비비큐부곡 중앙점,부산광역시 금정구 부곡동 257-23,5,,,,,,,,,,,,,
비비큐부곡 중앙점,부산광역시 금정구 부곡동 257-23,6,,,,,,,,,,,,,
네네치킨 부곡점,부산광역시 금정구 부곡동 25-9,0,,,,,,,,,,,,,
네네치킨 부곡점,부산광역시 금정구 부곡동 25-9,1,,,,,,,,,,,,,
네네치킨 부곡점,부산광역시 금정구 부곡동 25-9,2,,,,,,,,,,,,,
네네치킨 부곡점,부산광역시 금정구 부곡동 25-9,3,,,,,,,,,,,,,
네네치킨 부곡점,부산광역시 금정구 부곡동 25-9,4,,,,,,,,,,,,,
네네치킨 부곡점,부산광역시 금정구 부곡동 25-9,5,,,,,,,,,,,,,
네네치킨 부곡점,부산광역시 금정구 부곡동 25-9,6,,,,,,,,,,,,,
올데이파스타&잇라이트샐러드포케,부산광역시 금정구 부곡동 261-32,0,,,,,,,,,,,,,
올데이파스타&잇라이트샐러드포케,부산광역시 금정구 부곡동 261-32,1,,,,,,,,,,,,,
올데이파스타&잇라이트샐러드포케,부산광역시 금정구 부곡동 261-32,2,,,,,,,,,,,,,
올데이파스타&잇라이트샐러드포케,부산광역시 금정구 부곡동 261-32,3,,,,,,,,,,,,,
올데이파스타&잇라이트샐러드포케,부산광역시 금정구 부곡동 261-32,4,,,,,,,,,,,,,
올데이파스타&잇라이트샐러드포케,부산광역시 금정구 부곡동 261-32,5,,,,,,,,,,,,,
올데이파스타&잇라이트샐러드포케,부산광역시 금정구 부곡동 261-32,6,,,,,,,,,,,,,
장수통닭 부곡점,부산광역시 금정구 부곡동 26-27,0,,,,,,,,,,,,,
장수통닭 부곡점,부산광역시 금정구 부곡동 26-27,1,,,,,,,,,,,,,
장수통닭 부곡점,부산광역시 금정구 부곡동 26-27,2,,,,,,,,,,,,,
장수통닭 부곡점,부산광역시 금정구 부곡동 26-27,3,,,,,,,,,,,,,
장수통닭 부곡점,부산광역시 금정구 부곡동 26-27,4,,,,,,,,,,,,,
장수통닭 부곡점,부산광역시 금정구 부곡동 26-27,5,,,,,,,,,,,,,
장수통닭 부곡점,부산광역시 금정구 부곡동 26-27,6,,,,,,,,,,,,,
기장방우횟집,부산광역시 금정구 부곡동 26-28,0,,,,,,,,,,,,,
기장방우횟집,부산광역시 금정구 부곡동 26-28,1,,,,,,TRUE,,,,,,,
기장방우횟집,부산광역시 금정구 부곡동 26-28,2,,,,,,,,,,,,,
기장방우횟집,부산광역시 금정구 부곡동 26-28,3,,,,,,,,,,,,,
기장방우횟집,부산광역시 금정구 부곡동 26-28,4,,,,,,,,,,,,,
기장방우횟집,부산광역시 금정구 부곡동 26-28,5,,,,,,,,,,,,,
기장방우횟집,부산광역시 금정구 부곡동 26-28,6,,,,,,,,,,,,,
섬진강재첩국,부산광역시 금정구 부곡동 265-22,0,,,,,,TRUE,,,,,,,
섬진강재첩국,부산광역시 금정구 부곡동 265-22,1,,,,,,,,,,,,,
섬진강재첩국,부산광역시 금정구 부곡동 265-22,2,,,,,,,,,,,,,
섬진강재첩국,부산광역시 금정구 부곡동 265-22,3,,,,,,,,,,,,,
섬진강재첩국,부산광역시 금정구 부곡동 265-22,4,,,,,,,,,,,,,
섬진강재첩국,부산광역시 금정구 부곡동 265-22,5,,,,,,,,,,,,,
섬진강재첩국,부산광역시 금정구 부곡동 265-22,6,,,,,,,,,,,,,
기와집편백돼지국밥,부산광역시 금정구 부곡동 265-3,0,,,,,,,,,,,,,
기와집편백돼지국밥,부산광역시 금정구 부곡동 265-3,1,,,,,,,,,,,,,
기와집편백돼지국밥,부산광역시 금정구 부곡동 265-3,2,,,,,,,,,,,,,
기와집편백돼지국밥,부산광역시 금정구 부곡동 265-3,3,,,,,,,,,,,,,
기와집편백돼지국밥,부산광역시 금정구 부곡동 265-3,4,,,,,,,,,,,,,
기와집편백돼지국밥,부산광역시 금정구 부곡동 265-3,5,,,,,,,,,,,,,
기와집편백돼지국밥,부산광역시 금정구 부곡동 265-3,6,,,,,,,,,,,,,
거창맷돌 부곡점,부산광역시 금정구 부곡동 265-9,0,,,,,,TRUE,,,,,,,
거창맷돌 부곡점,부산광역시 금정구 부곡동 265-9,1,,,,,,,,,,,,,
거창맷돌 부곡점,부산광역시 금정구 부곡동 265-9,2,,,,,,,,,,,,,
거창맷돌 부곡점,부산광역시 금정구 부곡동 265-9,3,,,,,,,,,,,,,
거창맷돌 부곡점,부산광역시 금정구 부곡동 265-9,4,,,,,,,,,,,,,
거창맷돌 부곡점,부산광역시 금정구 부곡동 265-9,5,,,,,,,,,,,,,
거창맷돌 부곡점,부산광역시 금정구 부곡동 265-9,6,,,,,,,,,,,,,
만석꾼민물장어,부산광역시 금정구 부곡동 266-6,0,,,,,,,,,,,,,
만석꾼민물장어,부산광역시 금정구 부곡동 266-6,1,,,,,,,,,,,,,
만석꾼민물장어,부산광역시 금정구 부곡동 266-6,2,,,,,,,,,,,,,
만석꾼민물장어,부산광역시 금정구 부곡동 266-6,3,,,,,,,,,,,,,
만석꾼민물장어,부산광역시 금정구 부곡동 266-6,4,,,,,,,,,,,,,
만석꾼민물장어,부산광역시 금정구 부곡동 266-6,5,,,,,,,,,,,,,
만석꾼민물장어,부산광역시 금정구 부곡동 266-6,6,,,,,,,,,,,,,
국수나무 부산대역점,부산광역시 금정구 부곡동 268-2,0,,,,,,TRUE,,,,,,,
국수나무 부산대역점,부산광역시 금정구 부곡동 268-2,1,,,,,,,,,,,,,
국수나무 부산대역점,부산광역시 금정구 부곡동 268-2,2,,,,,,,,,,,,,
국수나무 부산대역점,부산광역시 금정구 부곡동 268-2,3,,,,,,,,,,,,,
국수나무 부산대역점,부산광역시 금정구 부곡동 268-2,4,,,,,,,,,,,,,
국수나무 부산대역점,부산광역시 금정구 부곡동 268-2,5,,,,,,,,,,,,,
국수나무 부산대역점,부산광역시 금정구 부곡동 268-2,6,,,,,,,,,,,,,
한솥도시락 부산대역앞점,부산광역시 금정구 부곡동 268-2,0,,,,,,,,,,,,,
한솥도시락 부산대역앞점,부산광역시 금정구 부곡동 268-2,1,,,,,,,,,,,,,
한솥도시락 부산대역앞점,부산광역시 금정구 부곡동 268-2,2,,,,,,,,,,,,,
한솥도시락 부산대역앞점,부산광역시 금정구 부곡동 268-2,3,,,,,,,,,,,,,
한솥도시락 부산대역앞점,부산광역시 금정구 부곡동 268-2,4,,,,,,,,,,,,,
한솥도시락 부산대역앞점,부산광역시 금정구 부곡동 268-2,5,,,,,,,,,,,,,
한솥도시락 부산대역앞점,부산광역시 금정구 부곡동 268-2,6,,,,,,,,,,,,,
대박정,부산광역시 금정구 부곡동 273-24,0,,,,,,,,,,,,,
대박정,부산광역시 금정구 부곡동 273-24,1,,,,,,,,,,,,,
대박정,부산광역시 금정구 부곡동 273-24,2,,,,,,,,,,,,,
대박정,부산광역시 금정구 부곡동 273-24,3,,,,,,,,,,,,,
대박정,부산광역시 금정구 부곡동 273-24,4,,,,,,,,,,,,,
대박정,부산광역시 금정구 부곡동 273-24,5,,,,,,,,,,,,,
대박정,부산광역시 금정구 부곡동 273-24,6,,,,,,,,,,,,,
일송면옥,부산광역시 금정구 부곡동 273-25,0,,,,,,,,,,,,,
일송면옥,부산광역시 금정구 부곡동 273-25,1,,,,,,,매월 첫째 주 월요일은 휴무,,,,,,
일송면옥,부산광역시 금정구 부곡동 273-25,2,,,,,,,,,,,,,
일송면옥,부산광역시 금정구 부곡동 273-25,3,,,,,,,,,,,,,
일송면옥,부산광역시 금정구 부곡동 273-25,4,,,,,,,,,,,,,
일송면옥,부산광역시 금정구 부곡동 273-25,5,,,,,,,,,,,,,
일송면옥,부산광역시 금정구 부곡동 273-25,6,,,,,,,,,,,,,
박기모조방낙지,부산광역시 금정구 부곡동 273-26,0,,,,,,,,,,,,,
박기모조방낙지,부산광역시 금정구 부곡동 273-26,1,,,,,,,,,,,,,
박기모조방낙지,부산광역시 금정구 부곡동 273-26,2,,,,,,,,,,,,,
박기모조방낙지,부산광역시 금정구 부곡동 273-26,3,,,,,,,,,,,,,
박기모조방낙지,부산광역시 금정구 부곡동 273-26,4,,,,,,,,,,,,,
박기모조방낙지,부산광역시 금정구 부곡동 273-26,5,,,,,,,,,,,,,
박기모조방낙지,부산광역시 금정구 부곡동 273-26,6,,,,,,,,,,,,,
다정국수,부산광역시 금정구 부곡동 274-1,0,,,,,,,,,,,,,
다정국수,부산광역시 금정구 부곡동 274-1,1,,,,,,,,,,,,,
다정국수,부산광역시 금정구 부곡동 274-1,2,,,,,,,,,,,,,
다정국수,부산광역시 금정구 부곡동 274-1,3,,,,,,,,,,,,,
다정국수,부산광역시 금정구 부곡동 274-1,4,,,,,,,,,,,,,
다정국수,부산광역시 금정구 부곡동 274-1,5,,,,,,,,,,,,,
다정국수,부산광역시 금정구 부곡동 274-1,6,,,,,,,,,,,,,
나두식당,부산광역시 금정구 부곡동 274-12,0,,,,,,TRUE,,,,,,,
나두식당,부산광역시 금정구 부곡동 274-12,1,,,,,,,,,,,,,
나두식당,부산광역시 금정구 부곡동 274-12,2,,,,,,,,,,,,,
나두식당,부산광역시 금정구 부곡동 274-12,3,,,,,,,,,,,,,
나두식당,부산광역시 금정구 부곡동 274-12,4,,,,,,,,,,,,,
나두식당,부산광역시 금정구 부곡동 274-12,5,,,,,,,,,,,,,
나두식당,부산광역시 금정구 부곡동 274-12,6,,,,,,,,,,,,,
이태리삼촌,부산광역시 금정구 부곡동 274-14,0,,,,,,TRUE,,,,,,,
이태리삼촌,부산광역시 금정구 부곡동 274-14,1,,,,,,,,,,,,,
이태리삼촌,부산광역시 금정구 부곡동 274-14,2,,,,,,,,,,,,,
이태리삼촌,부산광역시 금정구 부곡동 274-14,3,,,,,,,,,,,,,
이태리삼촌,부산광역시 금정구 부곡동 274-14,4,,,,,,,,,,,,,
이태리삼촌,부산광역시 금정구 부곡동 274-14,5,,,,,,,,,,,,,
이태리삼촌,부산광역시 금정구 부곡동 274-14,6,,,,,,,,,,,,,
국제칼국수밀면,부산광역시 금정구 부곡동 274-42,0,,,,,,,,,,,,,
국제칼국수밀면,부산광역시 금정구 부곡동 274-42,1,,,,,,,,,,,,,
국제칼국수밀면,부산광역시 금정구 부곡동 274-42,2,,,,,,,,,,,,,
국제칼국수밀면,부산광역시 금정구 부곡동 274-42,3,,,,,,,,,,,,,
국제칼국수밀면,부산광역시 금정구 부곡동 274-42,4,,,,,,,,,,,,,
국제칼국수밀면,부산광역시 금정구 부곡동 274-42,5,,,,,,,,,,,,,
국제칼국수밀면,부산광역시 금정구 부곡동 274-42,6,,,,,,,,,,,,,
청화백돼지국밥,부산광역시 금정구 부곡동 274-9,0,,,,,,TRUE,,,,,,,
청화백돼지국밥,부산광역시 금정구 부곡동 274-9,1,,,,,,,,,,,,,
청화백돼지국밥,부산광역시 금정구 부곡동 274-9,2,,,,,,,,,,,,,
청화백돼지국밥,부산광역시 금정구 부곡동 274-9,3,,,,,,,,,,,,,
청화백돼지국밥,부산광역시 금정구 부곡동 274-9,4,,,,,,,,,,,,,
청화백돼지국밥,부산광역시 금정구 부곡동 274-9,5,,,,,,,,,,,,,
청화백돼지국밥,부산광역시 금정구 부곡동 274-9,6,,,,,,,,,,,,,
한양족발,부산광역시 금정구 부곡동 275-4,0,,,,,,,,,,,,,
한양족발,부산광역시 금정구 부곡동 275-4,1,,,,,,,,,,,,,
한양족발,부산광역시 금정구 부곡동 275-4,2,,,,,,,,,,,,,
한양족발,부산광역시 금정구 부곡동 275-4,3,,,,,,,,,,,,,
한양족발,부산광역시 금정구 부곡동 275-4,4,,,,,,,,,,,,,
한양족발,부산광역시 금정구 부곡동 275-4,5,,,,,,,,,,,,,
한양족발,부산광역시 금정구 부곡동 275-4,6,,,,,,,,,,,,,
악마파스타,부산광역시 금정구 부곡동 276-4,0,,,,,,,,,,,,,
악마파스타,부산광역시 금정구 부곡동 276-4,1,,,,,,,,,,,,,
악마파스타,부산광역시 금정구 부곡동 276-4,2,,,,,,,,,,,,,
악마파스타,부산광역시 금정구 부곡동 276-4,3,,,,,,,,,,,,,
악마파스타,부산광역시 금정구 부곡동 276-4,4,,,,,,,,,,,,,
악마파스타,부산광역시 금정구 부곡동 276-4,5,,,,,,,,,,,,,
악마파스타,부산광역시 금정구 부곡동 276-4,6,,,,,,,,,,,,,
카오산태국쌀국수 부곡점,부산광역시 금정구 부곡동 276-4,0,,,,,,,,,,,,,
카오산태국쌀국수 부곡점,부산광역시 금정구 부곡동 276-4,1,,,,,,,,,,,,,
카오산태국쌀국수 부곡점,부산광역시 금정구 부곡동 276-4,2,,,,,,"매달 둘째 주, 넷째 주 화요일 정기 휴무",,,,,,,
카오산태국쌀국수 부곡점,부산광역시 금정구 부곡동 276-4,3,,,,,,,,,,,,,
카오산태국쌀국수 부곡점,부산광역시 금정구 부곡동 276-4,4,,,,,,,,,,,,,
카오산태국쌀국수 부곡점,부산광역시 금정구 부곡동 276-4,5,,,,,,,,,,,,,
카오산태국쌀국수 부곡점,부산광역시 금정구 부곡동 276-4,6,,,,,,,,,,,,,
금강루,부산광역시 금정구 부곡동 278-5,0,,,,,,,,,,,,,
금강루,부산광역시 금정구 부곡동 278-5,1,,,,,,,,,,,,,
금강루,부산광역시 금정구 부곡동 278-5,2,,,,,,,,,,,,,
금강루,부산광역시 금정구 부곡동 278-5,3,,,,,,,,,,,,,
금강루,부산광역시 금정구 부곡동 278-5,4,,,,,,,,,,,,,
금강루,부산광역시 금정구 부곡동 278-5,5,,,,,,,,,,,,,
금강루,부산광역시 금정구 부곡동 278-5,6,,,,,,,,,,,,,
미원반점,부산광역시 금정구 부곡동 286-12,0,,,,,,,,,,,,,
미원반점,부산광역시 금정구 부곡동 286-12,1,,,,,,,,,,,,,
미원반점,부산광역시 금정구 부곡동 286-12,2,,,,,,TRUE,,,,,,,
미원반점,부산광역시 금정구 부곡동 286-12,3,,,,,,,,,,,,,
미원반점,부산광역시 금정구 부곡동 286-12,4,,,,,,,,,,,,,
미원반점,부산광역시 금정구 부곡동 286-12,5,,,,,,,,,,,,,
미원반점,부산광역시 금정구 부곡동 286-12,6,,,,,,,,,,,,,
불로피아숯불바베큐치킨,부산광역시 금정구 부곡동 286-36,0,,,,,,,,,,,,,
불로피아숯불바베큐치킨,부산광역시 금정구 부곡동 286-36,1,,,,,,,,,,,,,
불로피아숯불바베큐치킨,부산광역시 금정구 부곡동 286-36,2,,,,,,,,,,,,,
불로피아숯불바베큐치킨,부산광역시 금정구 부곡동 286-36,3,,,,,,,,,,,,,
불로피아숯불바베큐치킨,부산광역시 금정구 부곡동 286-36,4,,,,,,,,,,,,,
불로피아숯불바베큐치킨,부산광역시 금정구 부곡동 286-36,5,,,,,,,,,,,,,
불로피아숯불바베큐치킨,부산광역시 금정구 부곡동 286-36,6,,,,,,,,,,,,,
꾸미푸드,부산광역시 금정구 부곡동 287-10,0,,,,,,,,,,,,,
꾸미푸드,부산광역시 금정구 부곡동 287-10,1,,,,,,,,,,,,,
꾸미푸드,부산광역시 금정구 부곡동 287-10,2,,,,,,,,,,,,,
꾸미푸드,부산광역시 금정구 부곡동 287-10,3,,,,,,,,,,,,,
꾸미푸드,부산광역시 금정구 부곡동 287-10,4,,,,,,,,,,,,,
꾸미푸드,부산광역시 금정구 부곡동 287-10,5,,,,,,,,,,,,,
꾸미푸드,부산광역시 금정구 부곡동 287-10,6,,,,,,,,,,,,,
거인찜닭,부산광역시 금정구 부곡동 287-17,0,,,,,,,,,,,,,
거인찜닭,부산광역시 금정구 부곡동 287-17,1,,,,,,,,,,,,,
거인찜닭,부산광역시 금정구 부곡동 287-17,2,,,,,,,,,,,,,
거인찜닭,부산광역시 금정구 부곡동 287-17,3,,,,,,,,,,,,,
거인찜닭,부산광역시 금정구 부곡동 287-17,4,,,,,,,,,,,,,
거인찜닭,부산광역시 금정구 부곡동 287-17,5,,,,,,,,,,,,,
거인찜닭,부산광역시 금정구 부곡동 287-17,6,,,,,,,,,,,,,
달인밀면,부산광역시 금정구 부곡동 292-31,0,,,,,,,,,,,,,
달인밀면,부산광역시 금정구 부곡동 292-31,1,,,,,,,,,,,,,
달인밀면,부산광역시 금정구 부곡동 292-31,2,,,,,,,,,,,,,
달인밀면,부산광역시 금정구 부곡동 292-31,3,,,,,,,,,,,,,
달인밀면,부산광역시 금정구 부곡동 292-31,4,,,,,,,,,,,,,
달인밀면,부산광역시 금정구 부곡동 292-31,5,,,,,,,,,,,,,
달인밀면,부산광역시 금정구 부곡동 292-31,6,,,,,,,,,,,,,
냉면과덮밥사이,부산광역시 금정구 부곡동 292-32,0,,,,,,,,,,,,,
냉면과덮밥사이,부산광역시 금정구 부곡동 292-32,1,,,,,,,,,,,,,
냉면과덮밥사이,부산광역시 금정구 부곡동 292-32,2,,,,,,,,,,,,,
냉면과덮밥사이,부산광역시 금정구 부곡동 292-32,3,,,,,,,,,,,,,
냉면과덮밥사이,부산광역시 금정구 부곡동 292-32,4,,,,,,,,,,,,,
냉면과덮밥사이,부산광역시 금정구 부곡동 292-32,5,,,,,,,,,,,,,
냉면과덮밥사이,부산광역시 금정구 부곡동 292-32,6,,,,,,,,,,,,,
지유왕족발,부산광역시 금정구 부곡동 292-36,0,,,,,,,,,,,,,
지유왕족발,부산광역시 금정구 부곡동 292-36,1,,,,,,,,,,,,,
지유왕족발,부산광역시 금정구 부곡동 292-36,2,,,,,,,,,,,,,
지유왕족발,부산광역시 금정구 부곡동 292-36,3,,,,,,,,,,,,,
지유왕족발,부산광역시 금정구 부곡동 292-36,4,,,,,,,,,,,,,
지유왕족발,부산광역시 금정구 부곡동 292-36,5,,,,,,,,,,,,,
지유왕족발,부산광역시 금정구 부곡동 292-36,6,,,,,,,,,,,,,
삼천포식당,부산광역시 금정구 부곡동 292-6,0,,,,,,,,,,,,,
삼천포식당,부산광역시 금정구 부곡동 292-6,1,,,,,,,,,,,,,
삼천포식당,부산광역시 금정구 부곡동 292-6,2,,,,,,,,,,,,,
삼천포식당,부산광역시 금정구 부곡동 292-6,3,,,,,,,,,,,,,
삼천포식당,부산광역시 금정구 부곡동 292-6,4,,,,,,,,,,,,,
삼천포식당,부산광역시 금정구 부곡동 292-6,5,,,,,,,,,,,,,
삼천포식당,부산광역시 금정구 부곡동 292-6,6,,,,,,,,,,,,,
대림각,부산광역시 금정구 부곡동 294-8,0,,,,,,,,,,,,,
대림각,부산광역시 금정구 부곡동 294-8,1,,,,,,,,,,,,,
대림각,부산광역시 금정구 부곡동 294-8,2,,,,,,,,,,,,,
대림각,부산광역시 금정구 부곡동 294-8,3,,,,,,,,,,,,,
대림각,부산광역시 금정구 부곡동 294-8,4,,,,,,,,,,,,,
대림각,부산광역시 금정구 부곡동 294-8,5,,,,,,,,,,,,,
대림각,부산광역시 금정구 부곡동 294-8,6,,,,,,,,,,,,,
마루,부산광역시 금정구 부곡동 295-25,0,,,,,,TRUE,,,,,,,
마루,부산광역시 금정구 부곡동 295-25,1,,,,,,,,,,,,,
마루,부산광역시 금정구 부곡동 295-25,2,,,,,,,,,,,,,
마루,부산광역시 금정구 부곡동 295-25,3,,,,,,,,,,,,,
마루,부산광역시 금정구 부곡동 295-25,4,,,,,,,,,,,,,
마루,부산광역시 금정구 부곡동 295-25,5,,,,,,,,,,,,,
마루,부산광역시 금정구 부곡동 295-25,6,,,,,,,,,,,,,
지코바 금정점,부산광역시 금정구 부곡동 295-5,0,,,,,,,,,,,,,
지코바 금정점,부산광역시 금정구 부곡동 295-5,1,,,,,,,,,,,,,
지코바 금정점,부산광역시 금정구 부곡동 295-5,2,,,,,,,,,,,,,
지코바 금정점,부산광역시 금정구 부곡동 295-5,3,,,,,,,,,,,,,
지코바 금정점,부산광역시 금정구 부곡동 295-5,4,,,,,,,,,,,,,
지코바 금정점,부산광역시 금정구 부곡동 295-5,5,,,,,,,,,,,,,
지코바 금정점,부산광역시 금정구 부곡동 295-5,6,,,,,,,,,,,,,
가고파대구뽈찜,부산광역시 금정구 부곡동 296-1,0,,,,,,,,,,,,,
가고파대구뽈찜,부산광역시 금정구 부곡동 296-1,1,,,,,,,,,,,,,
가고파대구뽈찜,부산광역시 금정구 부곡동 296-1,2,,,,,,,,,,,,,
가고파대구뽈찜,부산광역시 금정구 부곡동 296-1,3,,,,,,,,,,,,,
가고파대구뽈찜,부산광역시 금정구 부곡동 296-1,4,,,,,,,,,,,,,
가고파대구뽈찜,부산광역시 금정구 부곡동 296-1,5,,,,,,,,,,,,,
가고파대구뽈찜,부산광역시 금정구 부곡동 296-1,6,,,,,,,,,,,,,
상주삼계탕,부산광역시 금정구 부곡동 296-1,0,,,,,,,,,,,,,
상주삼계탕,부산광역시 금정구 부곡동 296-1,1,,,,,,,,,,,,,
상주삼계탕,부산광역시 금정구 부곡동 296-1,2,,,,,,,,,,,,,
상주삼계탕,부산광역시 금정구 부곡동 296-1,3,,,,,,,,,,,,,
상주삼계탕,부산광역시 금정구 부곡동 296-1,4,,,,,,,,,,,,,
상주삼계탕,부산광역시 금정구 부곡동 296-1,5,,,,,,,,,,,,,
상주삼계탕,부산광역시 금정구 부곡동 296-1,6,,,,,,,,,,,,,
본죽&비빔밥 부곡시장점,부산광역시 금정구 부곡동 296-101,0,,,,,,,,,,,,,
본죽&비빔밥 부곡시장점,부산광역시 금정구 부곡동 296-101,1,,,,,,,,,,,,,
본죽&비빔밥 부곡시장점,부산광역시 금정구 부곡동 296-101,2,,,,,,,,,,,,,
본죽&비빔밥 부곡시장점,부산광역시 금정구 부곡동 296-101,3,,,,,,,,,,,,,
본죽&비빔밥 부곡시장점,부산광역시 금정구 부곡동 296-101,4,,,,,,,,,,,,,
본죽&비빔밥 부곡시장점,부산광역시 금정구 부곡동 296-101,5,,,,,,,,,,,,,
본죽&비빔밥 부곡시장점,부산광역시 금정구 부곡동 296-101,6,,,,,,,,,,,,,
한희궁,부산광역시 금정구 부곡동 296-115,0,,,,,,,,,,,,,
한희궁,부산광역시 금정구 부곡동 296-115,1,,,,,,,,,,,,,
한희궁,부산광역시 금정구 부곡동 296-115,2,,,,,,,,,,,,,
한희궁,부산광역시 금정구 부곡동 296-115,3,,,,,,,,,,,,,
한희궁,부산광역시 금정구 부곡동 296-115,4,,,,,,,,,,,,,
한희궁,부산광역시 금정구 부곡동 296-115,5,,,,,,,,,,,,,
한희궁,부산광역시 금정구 부곡동 296-115,6,,,,,,,,,,,,,
탐스치킨,부산광역시 금정구 부곡동 296-116,0,,,,,,,,,,,,,
탐스치킨,부산광역시 금정구 부곡동 296-116,1,,,,,,,,,,,,,
탐스치킨,부산광역시 금정구 부곡동 296-116,2,,,,,,,,,,,,,
탐스치킨,부산광역시 금정구 부곡동 296-116,3,,,,,,,,,,,,,
탐스치킨,부산광역시 금정구 부곡동 296-116,4,,,,,,,,,,,,,
탐스치킨,부산광역시 금정구 부곡동 296-116,5,,,,,,,,,,,,,
탐스치킨,부산광역시 금정구 부곡동 296-116,6,,,,,,,,,,,,,
김덕분족발,부산광역시 금정구 부곡동 296-15,0,,,,,,,,,,,,,
김덕분족발,부산광역시 금정구 부곡동 296-15,1,,,,,,TRUE,,,,,,,
김덕분족발,부산광역시 금정구 부곡동 296-15,2,,,,,,,,,,,,,
김덕분족발,부산광역시 금정구 부곡동 296-15,3,,,,,,,,,,,,,
김덕분족발,부산광역시 금정구 부곡동 296-15,4,,,,,,,,,,,,,
김덕분족발,부산광역시 금정구 부곡동 296-15,5,,,,,,,,,,,,,
김덕분족발,부산광역시 금정구 부곡동 296-15,6,,,,,,,,,,,,,
만어식당,부산광역시 금정구 부곡동 296-15,0,,,,,,,,,,,,,
만어식당,부산광역시 금정구 부곡동 296-15,1,,,,,,,,,,,,,
만어식당,부산광역시 금정구 부곡동 296-15,2,,,,,,,,,,,,,
만어식당,부산광역시 금정구 부곡동 296-15,3,,,,,,,,,,,,,
만어식당,부산광역시 금정구 부곡동 296-15,4,,,,,,,,,,,,,
만어식당,부산광역시 금정구 부곡동 296-15,5,,,,,,,,,,,,,
만어식당,부산광역시 금정구 부곡동 296-15,6,,,,,,,,,,,,,
거창한방추어탕,부산광역시 금정구 부곡동 296-3,0,,,,,,,,,,,,,
거창한방추어탕,부산광역시 금정구 부곡동 296-3,1,,,,,,,,,,,,,
거창한방추어탕,부산광역시 금정구 부곡동 296-3,2,,,,,,,,,,,,,
거창한방추어탕,부산광역시 금정구 부곡동 296-3,3,,,,,,"둘째 주, 넷째 주 수요일은 휴무",,,,,,,
거창한방추어탕,부산광역시 금정구 부곡동 296-3,4,,,,,,,,,,,,,
거창한방추어탕,부산광역시 금정구 부곡동 296-3,5,,,,,,,,,,,,,
거창한방추어탕,부산광역시 금정구 부곡동 296-3,6,,,,,,,,,,,,,
임실치즈피자,부산광역시 금정구 부곡동 296-38,0,,,,,,,,,,,,,
임실치즈피자,부산광역시 금정구 부곡동 296-38,1,,,,,,,,,,,,,
임실치즈피자,부산광역시 금정구 부곡동 296-38,2,,,,,,,,,,,,,
임실치즈피자,부산광역시 금정구 부곡동 296-38,3,,,,,,,,,,,,,
임실치즈피자,부산광역시 금정구 부곡동 296-38,4,,,,,,,,,,,,,
임실치즈피자,부산광역시 금정구 부곡동 296-38,5,,,,,,,,,,,,,
임실치즈피자,부산광역시 금정구 부곡동 296-38,6,,,,,,,,,,,,,
찜나라,부산광역시 금정구 부곡동 296-4,0,,,,,,,,,,,,,
찜나라,부산광역시 금정구 부곡동 296-4,1,,,,,,,,,,,,,
찜나라,부산광역시 금정구 부곡동 296-4,2,,,,,,,,,,,,,
찜나라,부산광역시 금정구 부곡동 296-4,3,,,,,,"둘째 주, 넷째 주 수요일은 휴무",,,,,,,
찜나라,부산광역시 금정구 부곡동 296-4,4,,,,,,,,,,,,,
찜나라,부산광역시 금정구 부곡동 296-4,5,,,,,,,,,,,,,
찜나라,부산광역시 금정구 부곡동 296-4,6,,,,,,,,,,,,,
진미식당,부산광역시 금정구 부곡동 296-40,0,,,,,,,,,,,,,
진미식당,부산광역시 금정구 부곡동 296-40,1,,,,,,,,,,,,,
진미식당,부산광역시 금정구 부곡동 296-40,2,,,,,,,,,,,,,
진미식당,부산광역시 금정구 부곡동 296-40,3,,,,,,,,,,,,,
진미식당,부산광역시 금정구 부곡동 296-40,4,,,,,,,,,,,,,
진미식당,부산광역시 금정구 부곡동 296-40,5,,,,,,,,,,,,,
진미식당,부산광역시 금정구 부곡동 296-40,6,,,,,,,,,,,,,
영자장우동,부산광역시 금정구 부곡동 296-45,0,,,,,,,,,,,,,
영자장우동,부산광역시 금정구 부곡동 296-45,1,,,,,,,,,,,,,
영자장우동,부산광역시 금정구 부곡동 296-45,2,,,,,,,,,,,,,
영자장우동,부산광역시 금정구 부곡동 296-45,3,,,,,,,,,,,,,
영자장우동,부산광역시 금정구 부곡동 296-45,4,,,,,,,,,,,,,
영자장우동,부산광역시 금정구 부곡동 296-45,5,,,,,,,,,,,,,
영자장우동,부산광역시 금정구 부곡동 296-45,6,,,,,,,,,,,,,
박가부대 부산부곡점,부산광역시 금정구 부곡동 296-47,0,,,,,,,,,,,,,
박가부대 부산부곡점,부산광역시 금정구 부곡동 296-47,1,,,,,,,,,,,,,
박가부대 부산부곡점,부산광역시 금정구 부곡동 296-47,2,,,,,,,,,,,,,
박가부대 부산부곡점,부산광역시 금정구 부곡동 296-47,3,,,,,,,,,,,,,
박가부대 부산부곡점,부산광역시 금정구 부곡동 296-47,4,,,,,,,,,,,,,
박가부대 부산부곡점,부산광역시 금정구 부곡동 296-47,5,,,,,,,,,,,,,
박가부대 부산부곡점,부산광역시 금정구 부곡동 296-47,6,,,,,,,,,,,,,
코지하우스 부곡대동점,부산광역시 금정구 부곡동 296-49,0,,,,,,,,,,,,,
코지하우스 부곡대동점,부산광역시 금정구 부곡동 296-49,1,,,,,,,,,,,,,
코지하우스 부곡대동점,부산광역시 금정구 부곡동 296-49,2,,,,,,,,,,,,,
코지하우스 부곡대동점,부산광역시 금정구 부곡동 296-49,3,,,,,,,,,,,,,
코지하우스 부곡대동점,부산광역시 금정구 부곡동 296-49,4,,,,,,,,,,,,,
코지하우스 부곡대동점,부산광역시 금정구 부곡동 296-49,5,,,,,,,,,,,,,
코지하우스 부곡대동점,부산광역시 금정구 부곡동 296-49,6,,,,,,,,,,,,,
비비큐카페 부곡점,부산광역시 금정구 부곡동 296-6,0,,,,,,,,,,,,,
비비큐카페 부곡점,부산광역시 금정구 부곡동 296-6,1,,,,,,,,,,,,,
비비큐카페 부곡점,부산광역시 금정구 부곡동 296-6,2,,,,,,,,,,,,,
비비큐카페 부곡점,부산광역시 금정구 부곡동 296-6,3,,,,,,,,,,,,,
비비큐카페 부곡점,부산광역시 금정구 부곡동 296-6,4,,,,,,,,,,,,,
비비큐카페 부곡점,부산광역시 금정구 부곡동 296-6,5,,,,,,,,,,,,,
비비큐카페 부곡점,부산광역시 금정구 부곡동 296-6,6,,,,,,,,,,,,,
돌쇠먹쇠숯불갈비,부산광역시 금정구 부곡동 296-72,0,,,,,,,,,,,,,
돌쇠먹쇠숯불갈비,부산광역시 금정구 부곡동 296-72,1,,,,,,,,,,,,,
돌쇠먹쇠숯불갈비,부산광역시 금정구 부곡동 296-72,2,,,,,,,,,,,,,
돌쇠먹쇠숯불갈비,부산광역시 금정구 부곡동 296-72,3,,,,,,,,,,,,,
돌쇠먹쇠숯불갈비,부산광역시 금정구 부곡동 296-72,4,,,,,,,,,,,,,
돌쇠먹쇠숯불갈비,부산광역시 금정구 부곡동 296-72,5,,,,,,,,,,,,,
돌쇠먹쇠숯불갈비,부산광역시 금정구 부곡동 296-72,6,,,,,,,,,,,,,
만원애닭발,부산광역시 금정구 부곡동 296-72,0,,,,,,,,,,,,,
만원애닭발,부산광역시 금정구 부곡동 296-72,1,,,,,,,,,,,,,
만원애닭발,부산광역시 금정구 부곡동 296-72,2,,,,,,,,,,,,,
만원애닭발,부산광역시 금정구 부곡동 296-72,3,,,,,,,,,,,,,
만원애닭발,부산광역시 금정구 부곡동 296-72,4,,,,,,,,,,,,,
만원애닭발,부산광역시 금정구 부곡동 296-72,5,,,,,,,,,,,,,
만원애닭발,부산광역시 금정구 부곡동 296-72,6,,,,,,,,,,,,,
개미식당,부산광역시 금정구 부곡동 296-73,0,,,,,,,,,,,,,
개미식당,부산광역시 금정구 부곡동 296-73,1,,,,,,,,,,,,,
개미식당,부산광역시 금정구 부곡동 296-73,2,,,,,,,,,,,,,
개미식당,부산광역시 금정구 부곡동 296-73,3,,,,,,,,,,,,,
개미식당,부산광역시 금정구 부곡동 296-73,4,,,,,,,,,,,,,
개미식당,부산광역시 금정구 부곡동 296-73,5,,,,,,,,,,,,,
개미식당,부산광역시 금정구 부곡동 296-73,6,,,,,,,,,,,,,
금성식당,부산광역시 금정구 부곡동 296-86,0,,,,,,TRUE,,,,,,,
금성식당,부산광역시 금정구 부곡동 296-86,1,,,,,,,,,,,,,
금성식당,부산광역시 금정구 부곡동 296-86,2,,,,,,,,,,,,,
금성식당,부산광역시 금정구 부곡동 296-86,3,,,,,,,,,,,,,
금성식당,부산광역시 금정구 부곡동 296-86,4,,,,,,,,,,,,,
금성식당,부산광역시 금정구 부곡동 296-86,5,,,,,,,,,,,,,
금성식당,부산광역시 금정구 부곡동 296-86,6,,,,,,,,,,,,,
미숙이네칼국수,부산광역시 금정구 부곡동 296-89,0,,,,,,,,,,,,,
미숙이네칼국수,부산광역시 금정구 부곡동 296-89,1,,,,,,,,,,,,,
미숙이네칼국수,부산광역시 금정구 부곡동 296-89,2,,,,,,,,,,,,,
미숙이네칼국수,부산광역시 금정구 부곡동 296-89,3,,,,,,,,,,,,,
미숙이네칼국수,부산광역시 금정구 부곡동 296-89,4,,,,,,,,,,,,,
미숙이네칼국수,부산광역시 금정구 부곡동 296-89,5,,,,,,,,,,,,,
미숙이네칼국수,부산광역시 금정구 부곡동 296-89,6,,,,,,,,,,,,,
벽제령,부산광역시 금정구 부곡동 296-99,0,,,,,,,,,,,,,
벽제령,부산광역시 금정구 부곡동 296-99,1,,,,,,,,,,,,,
벽제령,부산광역시 금정구 부곡동 296-99,2,,,,,,,,,,,,,
벽제령,부산광역시 금정구 부곡동 296-99,3,,,,,,,,,,,,,
벽제령,부산광역시 금정구 부곡동 296-99,4,,,,,,,,,,,,,
벽제령,부산광역시 금정구 부곡동 296-99,5,,,,,,,,,,,,,
벽제령,부산광역시 금정구 부곡동 296-99,6,,,,,,,,,,,,,
청해루,부산광역시 금정구 부곡동 297-3,0,,,,,,,,,,,,,
청해루,부산광역시 금정구 부곡동 297-3,1,,,,,,,,,,,,,
청해루,부산광역시 금정구 부곡동 297-3,2,,,,,,TRUE,,,,,,,
청해루,부산광역시 금정구 부곡동 297-3,3,,,,,,,,,,,,,
청해루,부산광역시 금정구 부곡동 297-3,4,,,,,,,,,,,,,
청해루,부산광역시 금정구 부곡동 297-3,5,,,,,,,,,,,,,
청해루,부산광역시 금정구 부곡동 297-3,6,,,,,,,,,,,,,
오투정거장,부산광역시 금정구 부곡동 298-17,0,,,,,,,,,,,,,
오투정거장,부산광역시 금정구 부곡동 298-17,1,,,,,,,,,,,,,
오투정거장,부산광역시 금정구 부곡동 298-17,2,,,,,,,,,,,,,
오투정거장,부산광역시 금정구 부곡동 298-17,3,,,,,,,,,,,,,
오투정거장,부산광역시 금정구 부곡동 298-17,4,,,,,,,,,,,,,
오투정거장,부산광역시 금정구 부곡동 298-17,5,,,,,,,,,,,,,
오투정거장,부산광역시 금정구 부곡동 298-17,6,,,,,,,,,,,,,
백마돼지갈비,부산광역시 금정구 부곡동 298-25,0,,,,,,,,,,,,,
백마돼지갈비,부산광역시 금정구 부곡동 298-25,1,,,,,,,,,,,,,
백마돼지갈비,부산광역시 금정구 부곡동 298-25,2,,,,,,,,,,,,,
백마돼지갈비,부산광역시 금정구 부곡동 298-25,3,,,,,,,,,,,,,
백마돼지갈비,부산광역시 금정구 부곡동 298-25,4,,,,,,,,,,,,,
백마돼지갈비,부산광역시 금정구 부곡동 298-25,5,,,,,,,,,,,,,
백마돼지갈비,부산광역시 금정구 부곡동 298-25,6,,,,,,,,,,,,,
우리집어탕,부산광역시 금정구 부곡동 300-4,0,,,,,,TRUE,,,,,,,
우리집어탕,부산광역시 금정구 부곡동 300-4,1,,,,,,,,,,,,,
우리집어탕,부산광역시 금정구 부곡동 300-4,2,,,,,,,,,,,,,
우리집어탕,부산광역시 금정구 부곡동 300-4,3,,,,,,,,,,,,,
우리집어탕,부산광역시 금정구 부곡동 300-4,4,,,,,,,,,,,,,
우리집어탕,부산광역시 금정구 부곡동 300-4,5,,,,,,,,,,,,,
우리집어탕,부산광역시 금정구 부곡동 300-4,6,,,,,,,,,,,,,
삼세랑,부산광역시 금정구 부곡동 301-2,0,,,,,,TRUE,,,,,,,
삼세랑,부산광역시 금정구 부곡동 301-2,1,,,,,,,,,,,,,
삼세랑,부산광역시 금정구 부곡동 301-2,2,,,,,,,,,,,,,
삼세랑,부산광역시 금정구 부곡동 301-2,3,,,,,,,,,,,,,
삼세랑,부산광역시 금정구 부곡동 301-2,4,,,,,,,,,,,,,
삼세랑,부산광역시 금정구 부곡동 301-2,5,,,,,,,,,,,,,
삼세랑,부산광역시 금정구 부곡동 301-2,6,,,,,,,,,,,,,
맛조은짜장,부산광역시 금정구 부곡동 302-18,0,,,,,,,,,,,,,
맛조은짜장,부산광역시 금정구 부곡동 302-18,1,,,,,,,,,,,,,
맛조은짜장,부산광역시 금정구 부곡동 302-18,2,,,,,,,,,,,,,
맛조은짜장,부산광역시 금정구 부곡동 302-18,3,,,,,,,,,,,,,
맛조은짜장,부산광역시 금정구 부곡동 302-18,4,,,,,,,,,,,,,
맛조은짜장,부산광역시 금정구 부곡동 302-18,5,,,,,,,,,,,,,
맛조은짜장,부산광역시 금정구 부곡동 302-18,6,,,,,,,,,,,,,
미광돼지국밥,부산광역시 금정구 부곡동 302-18,0,,,,,,,,,,,,,
미광돼지국밥,부산광역시 금정구 부곡동 302-18,1,,,,,,,,,,,,,
미광돼지국밥,부산광역시 금정구 부곡동 302-18,2,,,,,,,,,,,,,
미광돼지국밥,부산광역시 금정구 부곡동 302-18,3,,,,,,,,,,,,,
미광돼지국밥,부산광역시 금정구 부곡동 302-18,4,,,,,,,,,,,,,
미광돼지국밥,부산광역시 금정구 부곡동 302-18,5,,,,,,,,,,,,,
미광돼지국밥,부산광역시 금정구 부곡동 302-18,6,,,,,,,,,,,,,
밀면전문,부산광역시 금정구 부곡동 303-15,0,,,,,,,,,,,,,
밀면전문,부산광역시 금정구 부곡동 303-15,1,,,,,,,,,,,,,
밀면전문,부산광역시 금정구 부곡동 303-15,2,,,,,,,,,,,,,
밀면전문,부산광역시 금정구 부곡동 303-15,3,,,,,,,,,,,,,
밀면전문,부산광역시 금정구 부곡동 303-15,4,,,,,,,,,,,,,
밀면전문,부산광역시 금정구 부곡동 303-15,5,,,,,,,,,,,,,
밀면전문,부산광역시 금정구 부곡동 303-15,6,,,,,,,,,,,,,
가마실보리밥,부산광역시 금정구 부곡동 303-28,0,,,,,,,,,,,,,
가마실보리밥,부산광역시 금정구 부곡동 303-28,1,,,,,,,,,,,,,
가마실보리밥,부산광역시 금정구 부곡동 303-28,2,,,,,,,,,,,,,
가마실보리밥,부산광역시 금정구 부곡동 303-28,3,,,,,,,,,,,,,
가마실보리밥,부산광역시 금정구 부곡동 303-28,4,,,,,,,,,,,,,
가마실보리밥,부산광역시 금정구 부곡동 303-28,5,,,,,,,,,,,,,
가마실보리밥,부산광역시 금정구 부곡동 303-28,6,,,,,,,,,,,,,
생생아구촌,부산광역시 금정구 부곡동 304-1,0,,,,,,,,,,,,,
생생아구촌,부산광역시 금정구 부곡동 304-1,1,,,,,,,,,,,,,
생생아구촌,부산광역시 금정구 부곡동 304-1,2,,,,,,,,,,,,,
생생아구촌,부산광역시 금정구 부곡동 304-1,3,,,,,,,,,,,,,
생생아구촌,부산광역시 금정구 부곡동 304-1,4,,,,,,,,,,,,,
생생아구촌,부산광역시 금정구 부곡동 304-1,5,,,,,,,,,,,,,
생생아구촌,부산광역시 금정구 부곡동 304-1,6,,,,,,,,,,,,,
영심이반찬가게,부산광역시 금정구 부곡동 304-1,0,,,,,,,,,,,,,
영심이반찬가게,부산광역시 금정구 부곡동 304-1,1,,,,,,,,,,,,,
영심이반찬가게,부산광역시 금정구 부곡동 304-1,2,,,,,,,,,,,,,
영심이반찬가게,부산광역시 금정구 부곡동 304-1,3,,,,,,,,,,,,,
영심이반찬가게,부산광역시 금정구 부곡동 304-1,4,,,,,,,,,,,,,
영심이반찬가게,부산광역시 금정구 부곡동 304-1,5,,,,,,,,,,,,,
영심이반찬가게,부산광역시 금정구 부곡동 304-1,6,,,,,,,,,,,,,
옹기종기땅콩빵 부곡점,부산광역시 금정구 부곡동 304-1,0,,,,,,,,,,,,,
옹기종기땅콩빵 부곡점,부산광역시 금정구 부곡동 304-1,1,,,,,,,,,,,,,
옹기종기땅콩빵 부곡점,부산광역시 금정구 부곡동 304-1,2,,,,,,,,,,,,,
옹기종기땅콩빵 부곡점,부산광역시 금정구 부곡동 304-1,3,,,,,,,,,,,,,
옹기종기땅콩빵 부곡점,부산광역시 금정구 부곡동 304-1,4,,,,,,,,,,,,,
옹기종기땅콩빵 부곡점,부산광역시 금정구 부곡동 304-1,5,,,,,,,,,,,,,
옹기종기땅콩빵 부곡점,부산광역시 금정구 부곡동 304-1,6,,,,,,,,,,,,,
정가네국밥,부산광역시 금정구 부곡동 304-1,0,,,,,,,,,,,,,
정가네국밥,부산광역시 금정구 부곡동 304-1,1,,,,,,,,,,,,,
정가네국밥,부산광역시 금정구 부곡동 304-1,2,,,,,,,,,,,,,
정가네국밥,부산광역시 금정구 부곡동 304-1,3,,,,,,,,,,,,,
정가네국밥,부산광역시 금정구 부곡동 304-1,4,,,,,,,,,,,,,
정가네국밥,부산광역시 금정구 부곡동 304-1,5,,,,,,,,,,,,,
정가네국밥,부산광역시 금정구 부곡동 304-1,6,,,,,,,,,,,,,
시골생돼지,부산광역시 금정구 부곡동 304-10,0,,,,,,,,,,,,,
시골생돼지,부산광역시 금정구 부곡동 304-10,1,,,,,,,,,,,,,
시골생돼지,부산광역시 금정구 부곡동 304-10,2,,,,,,,,,,,,,
시골생돼지,부산광역시 금정구 부곡동 304-10,3,,,,,,,,,,,,,
시골생돼지,부산광역시 금정구 부곡동 304-10,4,,,,,,,,,,,,,
시골생돼지,부산광역시 금정구 부곡동 304-10,5,,,,,,,,,,,,,
시골생돼지,부산광역시 금정구 부곡동 304-10,6,,,,,,,,,,,,,
해봄생멸치국수,부산광역시 금정구 부곡동 304-10,0,,,,,,,,,,,,,
해봄생멸치국수,부산광역시 금정구 부곡동 304-10,1,,,,,,,,,,,,,
해봄생멸치국수,부산광역시 금정구 부곡동 304-10,2,,,,,,,,,,,,,
해봄생멸치국수,부산광역시 금정구 부곡동 304-10,3,,,,,,,,,,,,,
해봄생멸치국수,부산광역시 금정구 부곡동 304-10,4,,,,,,,,,,,,,
해봄생멸치국수,부산광역시 금정구 부곡동 304-10,5,,,,,,,,,,,,,
해봄생멸치국수,부산광역시 금정구 부곡동 304-10,6,,,,,,,,,,,,,
국수가맛있는집,부산광역시 금정구 부곡동 304-4,0,,,,,,,,,,,,,
국수가맛있는집,부산광역시 금정구 부곡동 304-4,1,,,,,,,,,,,,,
국수가맛있는집,부산광역시 금정구 부곡동 304-4,2,,,,,,,,,,,,,
국수가맛있는집,부산광역시 금정구 부곡동 304-4,3,,,,,,,,,,,,,
국수가맛있는집,부산광역시 금정구 부곡동 304-4,4,,,,,,,,,,,,,
국수가맛있는집,부산광역시 금정구 부곡동 304-4,5,,,,,,,,,,,,,
국수가맛있는집,부산광역시 금정구 부곡동 304-4,6,,,,,,,,,,,,,
썬더치킨,부산광역시 금정구 부곡동 305-14,0,,,,,,,,,,,,,
썬더치킨,부산광역시 금정구 부곡동 305-14,1,,,,,,,,,,,,,
썬더치킨,부산광역시 금정구 부곡동 305-14,2,,,,,,,,,,,,,
썬더치킨,부산광역시 금정구 부곡동 305-14,3,,,,,,,,,,,,,
썬더치킨,부산광역시 금정구 부곡동 305-14,4,,,,,,,,,,,,,
썬더치킨,부산광역시 금정구 부곡동 305-14,5,,,,,,,,,,,,,
썬더치킨,부산광역시 금정구 부곡동 305-14,6,,,,,,,,,,,,,
신흥상회,부산광역시 금정구 부곡동 305-18,0,,,,,,,,,,,,,
신흥상회,부산광역시 금정구 부곡동 305-18,1,,,,,,,,,,,,,
신흥상회,부산광역시 금정구 부곡동 305-18,2,,,,,,,,,,,,,
신흥상회,부산광역시 금정구 부곡동 305-18,3,,,,,,,,,,,,,
신흥상회,부산광역시 금정구 부곡동 305-18,4,,,,,,,,,,,,,
신흥상회,부산광역시 금정구 부곡동 305-18,5,,,,,,,,,,,,,
신흥상회,부산광역시 금정구 부곡동 305-18,6,,,,,,,,,,,,,
낙지로101,부산광역시 금정구 부곡동 305-3,0,,,,,,,,,,,,,
낙지로101,부산광역시 금정구 부곡동 305-3,1,,,,,,,,,,,,,
낙지로101,부산광역시 금정구 부곡동 305-3,2,,,,,,,,,,,,,
낙지로101,부산광역시 금정구 부곡동 305-3,3,,,,,,,,,,,,,
낙지로101,부산광역시 금정구 부곡동 305-3,4,,,,,,,,,,,,,
낙지로101,부산광역시 금정구 부곡동 305-3,5,,,,,,,,,,,,,
낙지로101,부산광역시 금정구 부곡동 305-3,6,,,,,,,,,,,,,
돈까스로,부산광역시 금정구 부곡동 305-6,0,,,,,,,매월 2일은 휴무,,,,,,
돈까스로,부산광역시 금정구 부곡동 305-6,1,,,,,,,매월 2일은 휴무,,,,,,
돈까스로,부산광역시 금정구 부곡동 305-6,2,,,,,,,매월 2일은 휴무,,,,,,
돈까스로,부산광역시 금정구 부곡동 305-6,3,,,,,,,매월 2일은 휴무,,,,,,
돈까스로,부산광역시 금정구 부곡동 305-6,4,,,,,,,매월 2일은 휴무,,,,,,
돈까스로,부산광역시 금정구 부곡동 305-6,5,,,,,,,매월 2일은 휴무,,,,,,
돈까스로,부산광역시 금정구 부곡동 305-6,6,,,,,,,매월 2일은 휴무,,,,,,
오숙이식당,부산광역시 금정구 부곡동 308-15,0,,,,,,,,,,,,,
오숙이식당,부산광역시 금정구 부곡동 308-15,1,,,,,,,,,,,,,
오숙이식당,부산광역시 금정구 부곡동 308-15,2,,,,,,,,,,,,,
오숙이식당,부산광역시 금정구 부곡동 308-15,3,,,,,,,,,,,,,
오숙이식당,부산광역시 금정구 부곡동 308-15,4,,,,,,,,,,,,,
오숙이식당,부산광역시 금정구 부곡동 308-15,5,,,,,,,,,,,,,
오숙이식당,부산광역시 금정구 부곡동 308-15,6,,,,,,,,,,,,,
파슷타애요 부산대점,부산광역시 금정구 부곡동 308-17,0,,,,,,,,,,,,,
파슷타애요 부산대점,부산광역시 금정구 부곡동 308-17,1,,,,,,,,,,,,,
파슷타애요 부산대점,부산광역시 금정구 부곡동 308-17,2,,,,,,,,,,,,,
파슷타애요 부산대점,부산광역시 금정구 부곡동 308-17,3,,,,,,,,,,,,,
파슷타애요 부산대점,부산광역시 금정구 부곡동 308-17,4,,,,,,,,,,,,,
파슷타애요 부산대점,부산광역시 금정구 부곡동 308-17,5,,,,,,,,,,,,,
파슷타애요 부산대점,부산광역시 금정구 부곡동 308-17,6,,,,,,,,,,,,,
혼토스시,부산광역시 금정구 부곡동 308-2,0,,,,,,TRUE,,,,,,,
혼토스시,부산광역시 금정구 부곡동 308-2,1,,,,,,,,,,,,,
혼토스시,부산광역시 금정구 부곡동 308-2,2,,,,,,,,,,,,,
혼토스시,부산광역시 금정구 부곡동 308-2,3,,,,,,,,,,,,,
혼토스시,부산광역시 금정구 부곡동 308-2,4,,,,,,,,,,,,,
혼토스시,부산광역시 금정구 부곡동 308-2,5,,,,,,,,,,,,,
혼토스시,부산광역시 금정구 부곡동 308-2,6,,,,,,,,,,,,,
에이스숯불치킨,부산광역시 금정구 부곡동 308-27,0,,,,,,,,,,,,,
에이스숯불치킨,부산광역시 금정구 부곡동 308-27,1,,,,,,,,,,,,,
에이스숯불치킨,부산광역시 금정구 부곡동 308-27,2,,,,,,,,,,,,,
에이스숯불치킨,부산광역시 금정구 부곡동 308-27,3,,,,,,,,,,,,,
에이스숯불치킨,부산광역시 금정구 부곡동 308-27,4,,,,,,,,,,,,,
에이스숯불치킨,부산광역시 금정구 부곡동 308-27,5,,,,,,,,,,,,,
에이스숯불치킨,부산광역시 금정구 부곡동 308-27,6,,,,,,,,,,,,,
오구요,부산광역시 금정구 부곡동 313-11,0,,,,,,,,,,,,,
오구요,부산광역시 금정구 부곡동 313-11,1,,,,,,,,,,,,,
오구요,부산광역시 금정구 부곡동 313-11,2,,,,,,,,,,,,,
오구요,부산광역시 금정구 부곡동 313-11,3,,,,,,,,,,,,,
오구요,부산광역시 금정구 부곡동 313-11,4,,,,,,,,,,,,,
오구요,부산광역시 금정구 부곡동 313-11,5,,,,,,,,,,,,,
오구요,부산광역시 금정구 부곡동 313-11,6,,,,,,,,,,,,,
정가네추어탕,부산광역시 금정구 부곡동 313-41,0,,,,,,,,,,,,,
정가네추어탕,부산광역시 금정구 부곡동 313-41,1,,,,,,,,,,,,,
정가네추어탕,부산광역시 금정구 부곡동 313-41,2,,,,,,,,,,,,,
정가네추어탕,부산광역시 금정구 부곡동 313-41,3,,,,,,,,,,,,,
정가네추어탕,부산광역시 금정구 부곡동 313-41,4,,,,,,,,,,,,,
정가네추어탕,부산광역시 금정구 부곡동 313-41,5,,,,,,,,,,,,,
정가네추어탕,부산광역시 금정구 부곡동 313-41,6,,,,,,,,,,,,,
두실더조은치킨 2호점,부산광역시 금정구 부곡동 313-5,0,,,,,,,,,,,,,
두실더조은치킨 2호점,부산광역시 금정구 부곡동 313-5,1,,,,,,,,,,,,,
두실더조은치킨 2호점,부산광역시 금정구 부곡동 313-5,2,,,,,,,,,,,,,
두실더조은치킨 2호점,부산광역시 금정구 부곡동 313-5,3,,,,,,,,,,,,,
두실더조은치킨 2호점,부산광역시 금정구 부곡동 313-5,4,,,,,,,,,,,,,
두실더조은치킨 2호점,부산광역시 금정구 부곡동 313-5,5,,,,,,,,,,,,,
두실더조은치킨 2호점,부산광역시 금정구 부곡동 313-5,6,,,,,,,,,,,,,
브라보마이라이프,부산광역시 금정구 부곡동 313-5,0,,,,,,,,,,,,,
브라보마이라이프,부산광역시 금정구 부곡동 313-5,1,,,,,,,,,,,,,
브라보마이라이프,부산광역시 금정구 부곡동 313-5,2,,,,,,,,,,,,,
브라보마이라이프,부산광역시 금정구 부곡동 313-5,3,,,,,,,,,,,,,
브라보마이라이프,부산광역시 금정구 부곡동 313-5,4,,,,,,,,,,,,,
브라보마이라이프,부산광역시 금정구 부곡동 313-5,5,,,,,,,,,,,,,
브라보마이라이프,부산광역시 금정구 부곡동 313-5,6,,,,,,,,,,,,,
러브앤피자,부산광역시 금정구 부곡동 315-3,0,,,,,,,,,,,,,
러브앤피자,부산광역시 금정구 부곡동 315-3,1,,,,,,,,,,,,,
러브앤피자,부산광역시 금정구 부곡동 315-3,2,,,,,,,,,,,,,
러브앤피자,부산광역시 금정구 부곡동 315-3,3,,,,,,,,,,,,,
러브앤피자,부산광역시 금정구 부곡동 315-3,4,,,,,,,,,,,,,
러브앤피자,부산광역시 금정구 부곡동 315-3,5,,,,,,,,,,,,,
러브앤피자,부산광역시 금정구 부곡동 315-3,6,,,,,,,,,,,,,
도시락이가,부산광역시 금정구 부곡동 316-7,0,,,,,,,,,,,,,
도시락이가,부산광역시 금정구 부곡동 316-7,1,,,,,,,,,,,,,
도시락이가,부산광역시 금정구 부곡동 316-7,2,,,,,,,,,,,,,
도시락이가,부산광역시 금정구 부곡동 316-7,3,,,,,,,,,,,,,
도시락이가,부산광역시 금정구 부곡동 316-7,4,,,,,,,,,,,,,
도시락이가,부산광역시 금정구 부곡동 316-7,5,,,,,,,,,,,,,
도시락이가,부산광역시 금정구 부곡동 316-7,6,,,,,,,,,,,,,
희락,부산광역시 금정구 부곡동 324-1,0,,,,,,,,,,,,,
희락,부산광역시 금정구 부곡동 324-1,1,,,,,,,,,,,,,
희락,부산광역시 금정구 부곡동 324-1,2,,,,,,,,,,,,,
희락,부산광역시 금정구 부곡동 324-1,3,,,,,,,,,,,,,
희락,부산광역시 금정구 부곡동 324-1,4,,,,,,,,,,,,,
희락,부산광역시 금정구 부곡동 324-1,5,,,,,,,,,,,,,
희락,부산광역시 금정구 부곡동 324-1,6,,,,,,,,,,,,,
함지박,부산광역시 금정구 부곡동 324-15,0,,,,,,,,,,,,,
함지박,부산광역시 금정구 부곡동 324-15,1,,,,,,,,,,,,,
함지박,부산광역시 금정구 부곡동 324-15,2,,,,,,,,,,,,,
함지박,부산광역시 금정구 부곡동 324-15,3,,,,,,,,,,,,,
함지박,부산광역시 금정구 부곡동 324-15,4,,,,,,,,,,,,,
함지박,부산광역시 금정구 부곡동 324-15,5,,,,,,,,,,,,,
함지박,부산광역시 금정구 부곡동 324-15,6,,,,,,,,,,,,,
땅땅치킨 부곡점,부산광역시 금정구 부곡동 324-2,0,,,,,,,,,,,,,
땅땅치킨 부곡점,부산광역시 금정구 부곡동 324-2,1,,,,,,,,,,,,,
땅땅치킨 부곡점,부산광역시 금정구 부곡동 324-2,2,,,,,,,,,,,,,
땅땅치킨 부곡점,부산광역시 금정구 부곡동 324-2,3,,,,,,,,,,,,,
땅땅치킨 부곡점,부산광역시 금정구 부곡동 324-2,4,,,,,,,,,,,,,
땅땅치킨 부곡점,부산광역시 금정구 부곡동 324-2,5,,,,,,,,,,,,,
땅땅치킨 부곡점,부산광역시 금정구 부곡동 324-2,6,,,,,,,,,,,,,
청횟집,부산광역시 금정구 부곡동 324-2,0,,,,,,,,,,,,,
청횟집,부산광역시 금정구 부곡동 324-2,1,,,,,,,,,,,,,
청횟집,부산광역시 금정구 부곡동 324-2,2,,,,,,,,,,,,,
청횟집,부산광역시 금정구 부곡동 324-2,3,,,,,,,,,,,,,
청횟집,부산광역시 금정구 부곡동 324-2,4,,,,,,,,,,,,,
청횟집,부산광역시 금정구 부곡동 324-2,5,,,,,,,,,,,,,
청횟집,부산광역시 금정구 부곡동 324-2,6,,,,,,,,,,,,,
교촌치킨부곡 2호점,부산광역시 금정구 부곡동 324-20,0,,,,,,,,,,,,,
교촌치킨부곡 2호점,부산광역시 금정구 부곡동 324-20,1,,,,,,,,,,,,,
교촌치킨부곡 2호점,부산광역시 금정구 부곡동 324-20,2,,,,,,,,,,,,,
교촌치킨부곡 2호점,부산광역시 금정구 부곡동 324-20,3,,,,,,,,,,,,,
교촌치킨부곡 2호점,부산광역시 금정구 부곡동 324-20,4,,,,,,,,,,,,,
교촌치킨부곡 2호점,부산광역시 금정구 부곡동 324-20,5,,,,,,,,,,,,,
교촌치킨부곡 2호점,부산광역시 금정구 부곡동 324-20,6,,,,,,,,,,,,,
딜리시어스프라이 부산대점,부산광역시 금정구 부곡동 324-20,0,,,,,,,,,,,,,
딜리시어스프라이 부산대점,부산광역시 금정구 부곡동 324-20,1,,,,,,,,,,,,,
딜리시어스프라이 부산대점,부산광역시 금정구 부곡동 324-20,2,,,,,,,,,,,,,
딜리시어스프라이 부산대점,부산광역시 금정구 부곡동 324-20,3,,,,,,,,,,,,,
딜리시어스프라이 부산대점,부산광역시 금정구 부곡동 324-20,4,,,,,,,,,,,,,
딜리시어스프라이 부산대점,부산광역시 금정구 부곡동 324-20,5,,,,,,,,,,,,,
딜리시어스프라이 부산대점,부산광역시 금정구 부곡동 324-20,6,,,,,,,,,,,,,
맛가네미가,부산광역시 금정구 부곡동 324-20,0,,,,,,,,,,,,,
맛가네미가,부산광역시 금정구 부곡동 324-20,1,,,,,,,,,,,,,
맛가네미가,부산광역시 금정구 부곡동 324-20,2,,,,,,,,,,,,,
맛가네미가,부산광역시 금정구 부곡동 324-20,3,,,,,,,,,,,,,
맛가네미가,부산광역시 금정구 부곡동 324-20,4,,,,,,,,,,,,,
맛가네미가,부산광역시 금정구 부곡동 324-20,5,,,,,,,,,,,,,
맛가네미가,부산광역시 금정구 부곡동 324-20,6,,,,,,,,,,,,,
금화참치&해물탕,부산광역시 금정구 부곡동 324-27,0,,,,,,,,,,,,,
금화참치&해물탕,부산광역시 금정구 부곡동 324-27,1,,,,,,,,,,,,,
금화참치&해물탕,부산광역시 금정구 부곡동 324-27,2,,,,,,,,,,,,,
금화참치&해물탕,부산광역시 금정구 부곡동 324-27,3,,,,,,,,,,,,,
금화참치&해물탕,부산광역시 금정구 부곡동 324-27,4,,,,,,,,,,,,,
금화참치&해물탕,부산광역시 금정구 부곡동 324-27,5,,,,,,,,,,,,,
금화참치&해물탕,부산광역시 금정구 부곡동 324-27,6,,,,,,,,,,,,,
장우관,부산광역시 금정구 부곡동 324-35,0,,,,,,,,,,,,,
장우관,부산광역시 금정구 부곡동 324-35,1,,,,,,,,,,,,,
장우관,부산광역시 금정구 부곡동 324-35,2,,,,,,,,,,,,,
장우관,부산광역시 금정구 부곡동 324-35,3,,,,,,,,,,,,,
장우관,부산광역시 금정구 부곡동 324-35,4,,,,,,,,,,,,,
장우관,부산광역시 금정구 부곡동 324-35,5,,,,,,,,,,,,,
장우관,부산광역시 금정구 부곡동 324-35,6,,,,,,,,,,,,,
병천순대국밥,부산광역시 금정구 부곡동 324-6,0,,,,,,,,,,,,,
병천순대국밥,부산광역시 금정구 부곡동 324-6,1,,,,,,,,,,,,,
병천순대국밥,부산광역시 금정구 부곡동 324-6,2,,,,,,,,,,,,,
병천순대국밥,부산광역시 금정구 부곡동 324-6,3,,,,,,,,,,,,,
병천순대국밥,부산광역시 금정구 부곡동 324-6,4,,,,,,,,,,,,,
병천순대국밥,부산광역시 금정구 부곡동 324-6,5,,,,,,,,,,,,,
병천순대국밥,부산광역시 금정구 부곡동 324-6,6,,,,,,,,,,,,,
불숯불숯두마리치킨,부산광역시 금정구 부곡동 324-9,0,,,,,,,,,,,,,
불숯불숯두마리치킨,부산광역시 금정구 부곡동 324-9,1,,,,,,,,,,,,,
불숯불숯두마리치킨,부산광역시 금정구 부곡동 324-9,2,,,,,,,,,,,,,
불숯불숯두마리치킨,부산광역시 금정구 부곡동 324-9,3,,,,,,,,,,,,,
불숯불숯두마리치킨,부산광역시 금정구 부곡동 324-9,4,,,,,,,,,,,,,
불숯불숯두마리치킨,부산광역시 금정구 부곡동 324-9,5,,,,,,,,,,,,,
불숯불숯두마리치킨,부산광역시 금정구 부곡동 324-9,6,,,,,,,,,,,,,
5리3계촌,부산광역시 금정구 부곡동 325-30,0,,,,,,,,,,,,,
5리3계촌,부산광역시 금정구 부곡동 325-30,1,,,,,,TRUE,,,,,,,
5리3계촌,부산광역시 금정구 부곡동 325-30,2,,,,,,,,,,,,,
5리3계촌,부산광역시 금정구 부곡동 325-30,3,,,,,,,,,,,,,
5리3계촌,부산광역시 금정구 부곡동 325-30,4,,,,,,,,,,,,,
5리3계촌,부산광역시 금정구 부곡동 325-30,5,,,,,,,,,,,,,
5리3계촌,부산광역시 금정구 부곡동 325-30,6,,,,,,,,,,,,,
고려왕족발,부산광역시 금정구 부곡동 325-31,0,,,,,,TRUE,,,,,,,
고려왕족발,부산광역시 금정구 부곡동 325-31,1,,,,,,,,,,,,,
고려왕족발,부산광역시 금정구 부곡동 325-31,2,,,,,,,,,,,,,
고려왕족발,부산광역시 금정구 부곡동 325-31,3,,,,,,,,,,,,,
고려왕족발,부산광역시 금정구 부곡동 325-31,4,,,,,,,,,,,,,
고려왕족발,부산광역시 금정구 부곡동 325-31,5,,,,,,,,,,,,,
고려왕족발,부산광역시 금정구 부곡동 325-31,6,,,,,,,,,,,,,
날마다대박나는집,부산광역시 금정구 부곡동 325-6,0,,,,,,,,,,,,,
날마다대박나는집,부산광역시 금정구 부곡동 325-6,1,,,,,,,,,,,,,
날마다대박나는집,부산광역시 금정구 부곡동 325-6,2,,,,,,,,,,,,,
날마다대박나는집,부산광역시 금정구 부곡동 325-6,3,,,,,,,,,,,,,
날마다대박나는집,부산광역시 금정구 부곡동 325-6,4,,,,,,,,,,,,,
날마다대박나는집,부산광역시 금정구 부곡동 325-6,5,,,,,,,,,,,,,
날마다대박나는집,부산광역시 금정구 부곡동 325-6,6,,,,,,,,,,,,,
조마루뼈다귀 부곡점,부산광역시 금정구 부곡동 325-6,0,,,,,,,,,,,,,
조마루뼈다귀 부곡점,부산광역시 금정구 부곡동 325-6,1,,,,,,,,,,,,,
조마루뼈다귀 부곡점,부산광역시 금정구 부곡동 325-6,2,,,,,,,,,,,,,
조마루뼈다귀 부곡점,부산광역시 금정구 부곡동 325-6,3,,,,,,,,,,,,,
조마루뼈다귀 부곡점,부산광역시 금정구 부곡동 325-6,4,,,,,,,,,,,,,
조마루뼈다귀 부곡점,부산광역시 금정구 부곡동 325-6,5,,,,,,,,,,,,,
조마루뼈다귀 부곡점,부산광역시 금정구 부곡동 325-6,6,,,,,,,,,,,,,
고성,부산광역시 금정구 부곡동 326-1,0,,,,,,TRUE,,,,,,,
고성,부산광역시 금정구 부곡동 326-1,1,,,,,,,,,,,,,
고성,부산광역시 금정구 부곡동 326-1,2,,,,,,,,,,,,,
고성,부산광역시 금정구 부곡동 326-1,3,,,,,,,,,,,,,
고성,부산광역시 금정구 부곡동 326-1,4,,,,,,,,,,,,,
고성,부산광역시 금정구 부곡동 326-1,5,,,,,,,,,,,,,
고성,부산광역시 금정구 부곡동 326-1,6,,,,,,,,,,,,,
대성각,부산광역시 금정구 부곡동 326-14,0,,,,,,,,,,,,,
대성각,부산광역시 금정구 부곡동 326-14,1,,,,,,,,,,,,,
대성각,부산광역시 금정구 부곡동 326-14,2,,,,,,,,,,,,,
대성각,부산광역시 금정구 부곡동 326-14,3,,,,,,,,,,,,,
대성각,부산광역시 금정구 부곡동 326-14,4,,,,,,,,,,,,,
대성각,부산광역시 금정구 부곡동 326-14,5,,,,,,,,,,,,,
대성각,부산광역시 금정구 부곡동 326-14,6,,,,,,,,,,,,,
박정자할매매운갈비찜,부산광역시 금정구 부곡동 326-2,0,,,,,,,,,,,,,
박정자할매매운갈비찜,부산광역시 금정구 부곡동 326-2,1,,,,,,,,,,,,,
박정자할매매운갈비찜,부산광역시 금정구 부곡동 326-2,2,,,,,,,,,,,,,
박정자할매매운갈비찜,부산광역시 금정구 부곡동 326-2,3,,,,,,,,,,,,,
박정자할매매운갈비찜,부산광역시 금정구 부곡동 326-2,4,,,,,,,,,,,,,
박정자할매매운갈비찜,부산광역시 금정구 부곡동 326-2,5,,,,,,,,,,,,,
박정자할매매운갈비찜,부산광역시 금정구 부곡동 326-2,6,,,,,,,,,,,,,
호호아구찜,부산광역시 금정구 부곡동 326-23,0,,,,,,TRUE,,,,,,,
호호아구찜,부산광역시 금정구 부곡동 326-23,1,,,,,,,,,,,,,
호호아구찜,부산광역시 금정구 부곡동 326-23,2,,,,,,,,,,,,,
호호아구찜,부산광역시 금정구 부곡동 326-23,3,,,,,,,,,,,,,
호호아구찜,부산광역시 금정구 부곡동 326-23,4,,,,,,,,,,,,,
호호아구찜,부산광역시 금정구 부곡동 326-23,5,,,,,,,,,,,,,
호호아구찜,부산광역시 금정구 부곡동 326-23,6,,,,,,,,,,,,,
갈비명가창원집,부산광역시 금정구 부곡동 327-20,0,,,,,,,,,,,,,
갈비명가창원집,부산광역시 금정구 부곡동 327-20,1,,,,,,,,,,,,,
갈비명가창원집,부산광역시 금정구 부곡동 327-20,2,,,,,,,,,,,,,
갈비명가창원집,부산광역시 금정구 부곡동 327-20,3,,,,,,,,,,,,,
갈비명가창원집,부산광역시 금정구 부곡동 327-20,4,,,,,,,,,,,,,
갈비명가창원집,부산광역시 금정구 부곡동 327-20,5,,,,,,,,,,,,,
갈비명가창원집,부산광역시 금정구 부곡동 327-20,6,,,,,,,,,,,,,
길목숯불갈비,부산광역시 금정구 부곡동 330-46,0,,,,,,,,,,,,,
길목숯불갈비,부산광역시 금정구 부곡동 330-46,1,,,,,,,,,,,,,
길목숯불갈비,부산광역시 금정구 부곡동 330-46,2,,,,,,,,,,,,,
길목숯불갈비,부산광역시 금정구 부곡동 330-46,3,,,,,,,,,,,,,
길목숯불갈비,부산광역시 금정구 부곡동 330-46,4,,,,,,,,,,,,,
길목숯불갈비,부산광역시 금정구 부곡동 330-46,5,,,,,,,,,,,,,
길목숯불갈비,부산광역시 금정구 부곡동 330-46,6,,,,,,,,,,,,,
부곡식당,부산광역시 금정구 부곡동 332-14,0,,,,,,,,,,,,,
부곡식당,부산광역시 금정구 부곡동 332-14,1,,,,,,,,,,,,,
부곡식당,부산광역시 금정구 부곡동 332-14,2,,,,,,,,,,,,,
부곡식당,부산광역시 금정구 부곡동 332-14,3,,,,,,,,,,,,,
부곡식당,부산광역시 금정구 부곡동 332-14,4,,,,,,,,,,,,,
부곡식당,부산광역시 금정구 부곡동 332-14,5,,,,,,,,,,,,,
부곡식당,부산광역시 금정구 부곡동 332-14,6,,,,,,,,,,,,,
한양천리,부산광역시 금정구 부곡동 333-11,0,,,,,,,,,,,,,
한양천리,부산광역시 금정구 부곡동 333-11,1,,,,,,,,,,,,,
한양천리,부산광역시 금정구 부곡동 333-11,2,,,,,,,,,,,,,
한양천리,부산광역시 금정구 부곡동 333-11,3,,,,,,,,,,,,,
한양천리,부산광역시 금정구 부곡동 333-11,4,,,,,,,,,,,,,
한양천리,부산광역시 금정구 부곡동 333-11,5,,,,,,,,,,,,,
한양천리,부산광역시 금정구 부곡동 333-11,6,,,,,,,,,,,,,
동현횟집,부산광역시 금정구 부곡동 334-1,0,,,,,,,,,,,,,
동현횟집,부산광역시 금정구 부곡동 334-1,1,,,,,,,,,,,,,
동현횟집,부산광역시 금정구 부곡동 334-1,2,,,,,,,,,,,,,
동현횟집,부산광역시 금정구 부곡동 334-1,3,,,,,,,,,,,,,
동현횟집,부산광역시 금정구 부곡동 334-1,4,,,,,,,,,,,,,
동현횟집,부산광역시 금정구 부곡동 334-1,5,,,,,,,,,,,,,
동현횟집,부산광역시 금정구 부곡동 334-1,6,,,,,,,,,,,,,
원조할매국밥,부산광역시 금정구 부곡동 334-14,0,,,,,,,,,,,,,
원조할매국밥,부산광역시 금정구 부곡동 334-14,1,,,,,,,,,,,,,
원조할매국밥,부산광역시 금정구 부곡동 334-14,2,,,,,,,,,,,,,
원조할매국밥,부산광역시 금정구 부곡동 334-14,3,,,,,,,,,,,,,
원조할매국밥,부산광역시 금정구 부곡동 334-14,4,,,,,,,,,,,,,
원조할매국밥,부산광역시 금정구 부곡동 334-14,5,,,,,,,,,,,,,
원조할매국밥,부산광역시 금정구 부곡동 334-14,6,,,,,,,,,,,,,
연어집동래 금정점,부산광역시 금정구 부곡동 386-1,0,,,,,,,,,,,,,
연어집동래 금정점,부산광역시 금정구 부곡동 386-1,1,,,,,,,,,,,,,
연어집동래 금정점,부산광역시 금정구 부곡동 386-1,2,,,,,,,,,,,,,
연어집동래 금정점,부산광역시 금정구 부곡동 386-1,3,,,,,,,,,,,,,
연어집동래 금정점,부산광역시 금정구 부곡동 386-1,4,,,,,,,,,,,,,
연어집동래 금정점,부산광역시 금정구 부곡동 386-1,5,,,,,,,,,,,,,
연어집동래 금정점,부산광역시 금정구 부곡동 386-1,6,,,,,,,,,,,,,
삼환축산,부산광역시 금정구 부곡동 386-12,0,,,,,,,,,,,,,
삼환축산,부산광역시 금정구 부곡동 386-12,1,,,,,,,,,,,,,
삼환축산,부산광역시 금정구 부곡동 386-12,2,,,,,,,,,,,,,
삼환축산,부산광역시 금정구 부곡동 386-12,3,,,,,,,,,,,,,
삼환축산,부산광역시 금정구 부곡동 386-12,4,,,,,,,,,,,,,
삼환축산,부산광역시 금정구 부곡동 386-12,5,,,,,,,,,,,,,
삼환축산,부산광역시 금정구 부곡동 386-12,6,,,,,,,,,,,,,
부곡회센타,부산광역시 금정구 부곡동 387-3,0,,,,,,,,,,,,,
부곡회센타,부산광역시 금정구 부곡동 387-3,1,,,,,,,,,,,,,
부곡회센타,부산광역시 금정구 부곡동 387-3,2,,,,,,,,,,,,,
부곡회센타,부산광역시 금정구 부곡동 387-3,3,,,,,,,,,,,,,
부곡회센타,부산광역시 금정구 부곡동 387-3,4,,,,,,,,,,,,,
부곡회센타,부산광역시 금정구 부곡동 387-3,5,,,,,,,,,,,,,
부곡회센타,부산광역시 금정구 부곡동 387-3,6,,,,,,,,,,,,,
금강메기탕,부산광역시 금정구 부곡동 387-6,0,,,,,,,,,,,,,
금강메기탕,부산광역시 금정구 부곡동 387-6,1,,,,,,,,,,,,,
금강메기탕,부산광역시 금정구 부곡동 387-6,2,,,,,,,,,,,,,
금강메기탕,부산광역시 금정구 부곡동 387-6,3,,,,,,,,,,,,,
금강메기탕,부산광역시 금정구 부곡동 387-6,4,,,,,,TRUE,,,,,,,
금강메기탕,부산광역시 금정구 부곡동 387-6,5,,,,,,,,,,,,,
금강메기탕,부산광역시 금정구 부곡동 387-6,6,,,,,,,,,,,,,
개화,부산광역시 금정구 부곡동 387-7,0,,,,,,,,,,,,,
개화,부산광역시 금정구 부곡동 387-7,1,,,,,,TRUE,,,,,,,
개화,부산광역시 금정구 부곡동 387-7,2,,,,,,,,,,,,,
개화,부산광역시 금정구 부곡동 387-7,3,,,,,,,,,,,,,
개화,부산광역시 금정구 부곡동 387-7,4,,,,,,,,,,,,,
개화,부산광역시 금정구 부곡동 387-7,5,,,,,,,,,,,,,
개화,부산광역시 금정구 부곡동 387-7,6,,,,,,,,,,,,,
대구막창구이,부산광역시 금정구 부곡동 388-25,0,,,,,,,,,,,,,
대구막창구이,부산광역시 금정구 부곡동 388-25,1,,,,,,,,,,,,,
대구막창구이,부산광역시 금정구 부곡동 388-25,2,,,,,,,,,,,,,
대구막창구이,부산광역시 금정구 부곡동 388-25,3,,,,,,,,,,,,,
대구막창구이,부산광역시 금정구 부곡동 388-25,4,,,,,,,,,,,,,
대구막창구이,부산광역시 금정구 부곡동 388-25,5,,,,,,,,,,,,,
대구막창구이,부산광역시 금정구 부곡동 388-25,6,,,,,,,,,,,,,
피자에땅투핑거스 부산대점,부산광역시 금정구 부곡동 388-33,0,,,,,,,,,,,,,
피자에땅투핑거스 부산대점,부산광역시 금정구 부곡동 388-33,1,,,,,,,,,,,,,
피자에땅투핑거스 부산대점,부산광역시 금정구 부곡동 388-33,2,,,,,,,,,,,,,
피자에땅투핑거스 부산대점,부산광역시 금정구 부곡동 388-33,3,,,,,,,,,,,,,
피자에땅투핑거스 부산대점,부산광역시 금정구 부곡동 388-33,4,,,,,,,,,,,,,
피자에땅투핑거스 부산대점,부산광역시 금정구 부곡동 388-33,5,,,,,,,,,,,,,
피자에땅투핑거스 부산대점,부산광역시 금정구 부곡동 388-33,6,,,,,,,,,,,,,
온고 온천장고깃집,부산광역시 금정구 부곡동 391-1,0,,,,,,TRUE,,,,,,,
온고 온천장고깃집,부산광역시 금정구 부곡동 391-1,1,,,,,,,,,,,,,
온고 온천장고깃집,부산광역시 금정구 부곡동 391-1,2,,,,,,,,,,,,,
온고 온천장고깃집,부산광역시 금정구 부곡동 391-1,3,,,,,,,,,,,,,
온고 온천장고깃집,부산광역시 금정구 부곡동 391-1,4,,,,,,,,,,,,,
온고 온천장고깃집,부산광역시 금정구 부곡동 391-1,5,,,,,,,,,,,,,
온고 온천장고깃집,부산광역시 금정구 부곡동 391-1,6,,,,,,,,,,,,,
화성양대창구이,부산광역시 금정구 부곡동 391-1,0,,,,,,,,,,,,,
화성양대창구이,부산광역시 금정구 부곡동 391-1,1,,,,,,,,,,,,,
화성양대창구이,부산광역시 금정구 부곡동 391-1,2,,,,,,,,,,,,,
화성양대창구이,부산광역시 금정구 부곡동 391-1,3,,,,,,,,,,,,,
화성양대창구이,부산광역시 금정구 부곡동 391-1,4,,,,,,,,,,,,,
화성양대창구이,부산광역시 금정구 부곡동 391-1,5,,,,,,,,,,,,,
화성양대창구이,부산광역시 금정구 부곡동 391-1,6,,,,,,,,,,,,,
낭만포차,부산광역시 금정구 부곡동 391-14,0,,,,,,,,,,,,,
낭만포차,부산광역시 금정구 부곡동 391-14,1,,,,,,,,,,,,,
낭만포차,부산광역시 금정구 부곡동 391-14,2,,,,,,,,,,,,,
낭만포차,부산광역시 금정구 부곡동 391-14,3,,,,,,,,,,,,,
낭만포차,부산광역시 금정구 부곡동 391-14,4,,,,,,,,,,,,,
낭만포차,부산광역시 금정구 부곡동 391-14,5,,,,,,,,,,,,,
낭만포차,부산광역시 금정구 부곡동 391-14,6,,,,,,,,,,,,,
행복한한상,부산광역시 금정구 부곡동 391-2,0,,,,,,,,,,,,,
행복한한상,부산광역시 금정구 부곡동 391-2,1,,,,,,,,,,,,,
행복한한상,부산광역시 금정구 부곡동 391-2,2,,,,,,,,,,,,,
행복한한상,부산광역시 금정구 부곡동 391-2,3,,,,,,,,,,,,,
행복한한상,부산광역시 금정구 부곡동 391-2,4,,,,,,,,,,,,,
행복한한상,부산광역시 금정구 부곡동 391-2,5,,,,,,,,,,,,,
행복한한상,부산광역시 금정구 부곡동 391-2,6,,,,,,,,,,,,,
바람난여우,부산광역시 금정구 부곡동 391-25,0,,,,,,,,,,,,,
바람난여우,부산광역시 금정구 부곡동 391-25,1,,,,,,,,,,,,,
바람난여우,부산광역시 금정구 부곡동 391-25,2,,,,,,,,,,,,,
바람난여우,부산광역시 금정구 부곡동 391-25,3,,,,,,,,,,,,,
바람난여우,부산광역시 금정구 부곡동 391-25,4,,,,,,,,,,,,,
바람난여우,부산광역시 금정구 부곡동 391-25,5,,,,,,,,,,,,,
바람난여우,부산광역시 금정구 부곡동 391-25,6,,,,,,,,,,,,,
히게,부산광역시 금정구 부곡동 391-26,0,,,,,,,,,,,,,
히게,부산광역시 금정구 부곡동 391-26,1,,,,,,,,,,,,,
히게,부산광역시 금정구 부곡동 391-26,2,,,,,,,,,,,,,
히게,부산광역시 금정구 부곡동 391-26,3,,,,,,,,,,,,,
히게,부산광역시 금정구 부곡동 391-26,4,,,,,,,,,,,,,
히게,부산광역시 금정구 부곡동 391-26,5,,,,,,,,,,,,,
히게,부산광역시 금정구 부곡동 391-26,6,,,,,,,,,,,,,
온천역칼국수,부산광역시 금정구 부곡동 391-27,0,,,,,,,매월 홀수 번째 주 일요일은 휴무,,,,,,
온천역칼국수,부산광역시 금정구 부곡동 391-27,1,,,,,,,,,,,,,
온천역칼국수,부산광역시 금정구 부곡동 391-27,2,,,,,,,,,,,,,
온천역칼국수,부산광역시 금정구 부곡동 391-27,3,,,,,,,,,,,,,
온천역칼국수,부산광역시 금정구 부곡동 391-27,4,,,,,,,,,,,,,
온천역칼국수,부산광역시 금정구 부곡동 391-27,5,,,,,,,,,,,,,
온천역칼국수,부산광역시 금정구 부곡동 391-27,6,,,,,,,,,,,,,
먹거리장터,부산광역시 금정구 부곡동 391-31,0,,,,,,,,,,,,,
먹거리장터,부산광역시 금정구 부곡동 391-31,1,,,,,,,,,,,,,
먹거리장터,부산광역시 금정구 부곡동 391-31,2,,,,,,,,,,,,,
먹거리장터,부산광역시 금정구 부곡동 391-31,3,,,,,,,,,,,,,
먹거리장터,부산광역시 금정구 부곡동 391-31,4,,,,,,,,,,,,,
먹거리장터,부산광역시 금정구 부곡동 391-31,5,,,,,,,,,,,,,
먹거리장터,부산광역시 금정구 부곡동 391-31,6,,,,,,,,,,,,,
홍미식당,부산광역시 금정구 부곡동 391-6,0,,,,,,,,,,,,,
홍미식당,부산광역시 금정구 부곡동 391-6,1,,,,,,,,,,,,,
홍미식당,부산광역시 금정구 부곡동 391-6,2,,,,,,,,,,,,,
홍미식당,부산광역시 금정구 부곡동 391-6,3,,,,,,,,,,,,,
홍미식당,부산광역시 금정구 부곡동 391-6,4,,,,,,,,,,,,,
홍미식당,부산광역시 금정구 부곡동 391-6,5,,,,,,,,,,,,,
홍미식당,부산광역시 금정구 부곡동 391-6,6,,,,,,,,,,,,,
해랑회물회,부산광역시 금정구 부곡동 391-7,0,,,,,,,,,,,,,
해랑회물회,부산광역시 금정구 부곡동 391-7,1,,,,,,TRUE,,,,,,,
해랑회물회,부산광역시 금정구 부곡동 391-7,2,,,,,,,,,,,,,
해랑회물회,부산광역시 금정구 부곡동 391-7,3,,,,,,,,,,,,,
해랑회물회,부산광역시 금정구 부곡동 391-7,4,,,,,,,,,,,,,
해랑회물회,부산광역시 금정구 부곡동 391-7,5,,,,,,,,,,,,,
해랑회물회,부산광역시 금정구 부곡동 391-7,6,,,,,,,,,,,,,
소문난초량할매쭈꾸미,부산광역시 금정구 부곡동 391-8,0,,,,,,,,,,,,,
소문난초량할매쭈꾸미,부산광역시 금정구 부곡동 391-8,1,,,,,,,,,,,,,
소문난초량할매쭈꾸미,부산광역시 금정구 부곡동 391-8,2,,,,,,,,,,,,,
소문난초량할매쭈꾸미,부산광역시 금정구 부곡동 391-8,3,,,,,,,,,,,,,
소문난초량할매쭈꾸미,부산광역시 금정구 부곡동 391-8,4,,,,,,,,,,,,,
소문난초량할매쭈꾸미,부산광역시 금정구 부곡동 391-8,5,,,,,,,,,,,,,
소문난초량할매쭈꾸미,부산광역시 금정구 부곡동 391-8,6,,,,,,,,,,,,,
수백당 온천장점,부산광역시 금정구 부곡동 391-9,0,,,,,,,,,,,,,
수백당 온천장점,부산광역시 금정구 부곡동 391-9,1,,,,,,,,,,,,,
수백당 온천장점,부산광역시 금정구 부곡동 391-9,2,,,,,,,,,,,,,
수백당 온천장점,부산광역시 금정구 부곡동 391-9,3,,,,,,,,,,,,,
수백당 온천장점,부산광역시 금정구 부곡동 391-9,4,,,,,,,,,,,,,
수백당 온천장점,부산광역시 금정구 부곡동 391-9,5,,,,,,,,,,,,,
수백당 온천장점,부산광역시 금정구 부곡동 391-9,6,,,,,,,,,,,,,
벌떼,부산광역시 금정구 부곡동 392-16,0,,,,,,,,,,,,,
벌떼,부산광역시 금정구 부곡동 392-16,1,,,,,,,,,,,,,
벌떼,부산광역시 금정구 부곡동 392-16,2,,,,,,,,,,,,,
벌떼,부산광역시 금정구 부곡동 392-16,3,,,,,,,,,,,,,
벌떼,부산광역시 금정구 부곡동 392-16,4,,,,,,,,,,,,,
벌떼,부산광역시 금정구 부곡동 392-16,5,,,,,,,,,,,,,
벌떼,부산광역시 금정구 부곡동 392-16,6,,,,,,,,,,,,,
박가네,부산광역시 금정구 부곡동 392-2,0,,,,,,,,,,,,,
박가네,부산광역시 금정구 부곡동 392-2,1,,,,,,,,,,,,,
박가네,부산광역시 금정구 부곡동 392-2,2,,,,,,,,,,,,,
박가네,부산광역시 금정구 부곡동 392-2,3,,,,,,,,,,,,,
박가네,부산광역시 금정구 부곡동 392-2,4,,,,,,,,,,,,,
박가네,부산광역시 금정구 부곡동 392-2,5,,,,,,,,,,,,,
박가네,부산광역시 금정구 부곡동 392-2,6,,,,,,,,,,,,,
대봉찜닭,부산광역시 금정구 부곡동 392-20,0,,,,,,,,,,,,,
대봉찜닭,부산광역시 금정구 부곡동 392-20,1,,,,,,,,,,,,,
대봉찜닭,부산광역시 금정구 부곡동 392-20,2,,,,,,TRUE,,,,,,,
대봉찜닭,부산광역시 금정구 부곡동 392-20,3,,,,,,,,,,,,,
대봉찜닭,부산광역시 금정구 부곡동 392-20,4,,,,,,,,,,,,,
대봉찜닭,부산광역시 금정구 부곡동 392-20,5,,,,,,,,,,,,,
대봉찜닭,부산광역시 금정구 부곡동 392-20,6,,,,,,,,,,,,,
바로바로물횟집,부산광역시 금정구 부곡동 392-30,0,,,,,,,,,,,,,
바로바로물횟집,부산광역시 금정구 부곡동 392-30,1,,,,,,,,,,,,,
바로바로물횟집,부산광역시 금정구 부곡동 392-30,2,,,,,,,,,,,,,
바로바로물횟집,부산광역시 금정구 부곡동 392-30,3,,,,,,,,,,,,,
바로바로물횟집,부산광역시 금정구 부곡동 392-30,4,,,,,,,,,,,,,
바로바로물횟집,부산광역시 금정구 부곡동 392-30,5,,,,,,,,,,,,,
바로바로물횟집,부산광역시 금정구 부곡동 392-30,6,,,,,,,,,,,,,
현대보쌈돼지국밥,부산광역시 금정구 부곡동 392-31,0,,,,,,"매월 첫째 주, 셋째 주 일요일은 휴무",,,,,,,
현대보쌈돼지국밥,부산광역시 금정구 부곡동 392-31,1,,,,,,,,,,,,,
현대보쌈돼지국밥,부산광역시 금정구 부곡동 392-31,2,,,,,,,,,,,,,
현대보쌈돼지국밥,부산광역시 금정구 부곡동 392-31,3,,,,,,,,,,,,,
현대보쌈돼지국밥,부산광역시 금정구 부곡동 392-31,4,,,,,,,,,,,,,
현대보쌈돼지국밥,부산광역시 금정구 부곡동 392-31,5,,,,,,,,,,,,,
현대보쌈돼지국밥,부산광역시 금정구 부곡동 392-31,6,,,,,,,,,,,,,
서울마님죽,부산광역시 금정구 부곡동 392-4,0,,,,,,,"매월 둘째 주, 넷째 주 일요일은 휴무",,,,,,
서울마님죽,부산광역시 금정구 부곡동 392-4,1,,,,,,,,,,,,,
서울마님죽,부산광역시 금정구 부곡동 392-4,2,,,,,,,,,,,,,
서울마님죽,부산광역시 금정구 부곡동 392-4,3,,,,,,,,,,,,,
서울마님죽,부산광역시 금정구 부곡동 392-4,4,,,,,,,,,,,,,
서울마님죽,부산광역시 금정구 부곡동 392-4,5,,,,,,,,,,,,,
서울마님죽,부산광역시 금정구 부곡동 392-4,6,,,,,,,,,,,,,
치킨신드롬,부산광역시 금정구 부곡동 392-5,0,,,,,,,,,,,,,
치킨신드롬,부산광역시 금정구 부곡동 392-5,1,,,,,,,,,,,,,
치킨신드롬,부산광역시 금정구 부곡동 392-5,2,,,,,,,,,,,,,
치킨신드롬,부산광역시 금정구 부곡동 392-5,3,,,,,,,,,,,,,
치킨신드롬,부산광역시 금정구 부곡동 392-5,4,,,,,,,,,,,,,
치킨신드롬,부산광역시 금정구 부곡동 392-5,5,,,,,,,,,,,,,
치킨신드롬,부산광역시 금정구 부곡동 392-5,6,,,,,,,,,,,,,
백년가마솥옛날통닭,부산광역시 금정구 부곡동 393-2,0,,,,,,TRUE,,,,,,,
백년가마솥옛날통닭,부산광역시 금정구 부곡동 393-2,1,,,,,,,,,,,,,
백년가마솥옛날통닭,부산광역시 금정구 부곡동 393-2,2,,,,,,,,,,,,,
백년가마솥옛날통닭,부산광역시 금정구 부곡동 393-2,3,,,,,,,,,,,,,
백년가마솥옛날통닭,부산광역시 금정구 부곡동 393-2,4,,,,,,,,,,,,,
백년가마솥옛날통닭,부산광역시 금정구 부곡동 393-2,5,,,,,,,,,,,,,
백년가마솥옛날통닭,부산광역시 금정구 부곡동 393-2,6,,,,,,,,,,,,,
진미집,부산광역시 금정구 부곡동 393-7,0,,,,,,,,,,,,,
진미집,부산광역시 금정구 부곡동 393-7,1,,,,,,,,,,,,,
진미집,부산광역시 금정구 부곡동 393-7,2,,,,,,,,,,,,,
진미집,부산광역시 금정구 부곡동 393-7,3,,,,,,,,,,,,,
진미집,부산광역시 금정구 부곡동 393-7,4,,,,,,,,,,,,,
진미집,부산광역시 금정구 부곡동 393-7,5,,,,,,,,,,,,,
진미집,부산광역시 금정구 부곡동 393-7,6,,,,,,,,,,,,,
회마트,부산광역시 금정구 부곡동 393-7,0,,,,,,,,,,,,,
회마트,부산광역시 금정구 부곡동 393-7,1,,,,,,,,,,,,,
회마트,부산광역시 금정구 부곡동 393-7,2,,,,,,,,,,,,,
회마트,부산광역시 금정구 부곡동 393-7,3,,,,,,,,,,,,,
회마트,부산광역시 금정구 부곡동 393-7,4,,,,,,,,,,,,,
회마트,부산광역시 금정구 부곡동 393-7,5,,,,,,,,,,,,,
회마트,부산광역시 금정구 부곡동 393-7,6,,,,,,,,,,,,,
유식당,부산광역시 금정구 부곡동 394-13,0,,,,,,,,,,,,,
유식당,부산광역시 금정구 부곡동 394-13,1,,,,,,,,,,,,,
유식당,부산광역시 금정구 부곡동 394-13,2,,,,,,,,,,,,,
유식당,부산광역시 금정구 부곡동 394-13,3,,,,,,,,,,,,,
유식당,부산광역시 금정구 부곡동 394-13,4,,,,,,,,,,,,,
유식당,부산광역시 금정구 부곡동 394-13,5,,,,,,,,,,,,,
유식당,부산광역시 금정구 부곡동 394-13,6,,,,,,,,,,,,,
바다한상,부산광역시 금정구 부곡동 394-15,0,,,,,,,,,,,,,
바다한상,부산광역시 금정구 부곡동 394-15,1,,,,,,,,,,,,,
바다한상,부산광역시 금정구 부곡동 394-15,2,,,,,,,,,,,,,
바다한상,부산광역시 금정구 부곡동 394-15,3,,,,,,,,,,,,,
바다한상,부산광역시 금정구 부곡동 394-15,4,,,,,,,,,,,,,
바다한상,부산광역시 금정구 부곡동 394-15,5,,,,,,,,,,,,,
바다한상,부산광역시 금정구 부곡동 394-15,6,,,,,,,,,,,,,
언양식육식당,부산광역시 금정구 부곡동 394-16,0,,,,,,,,,,,,,
언양식육식당,부산광역시 금정구 부곡동 394-16,1,,,,,,,,,,,,,
언양식육식당,부산광역시 금정구 부곡동 394-16,2,,,,,,,,,,,,,
언양식육식당,부산광역시 금정구 부곡동 394-16,3,,,,,,,,,,,,,
언양식육식당,부산광역시 금정구 부곡동 394-16,4,,,,,,,,,,,,,
언양식육식당,부산광역시 금정구 부곡동 394-16,5,,,,,,,,,,,,,
언양식육식당,부산광역시 금정구 부곡동 394-16,6,,,,,,,,,,,,,
더하다 온천점,부산광역시 금정구 부곡동 394-19,0,,,,,,,,,,,,,
더하다 온천점,부산광역시 금정구 부곡동 394-19,1,,,,,,,,,,,,,
더하다 온천점,부산광역시 금정구 부곡동 394-19,2,,,,,,,,,,,,,
더하다 온천점,부산광역시 금정구 부곡동 394-19,3,,,,,,,,,,,,,
더하다 온천점,부산광역시 금정구 부곡동 394-19,4,,,,,,,,,,,,,
더하다 온천점,부산광역시 금정구 부곡동 394-19,5,,,,,,,,,,,,,
더하다 온천점,부산광역시 금정구 부곡동 394-19,6,,,,,,,,,,,,,
해강아구전문점,부산광역시 금정구 부곡동 394-2,0,,,,,,TRUE,,,,,,,
해강아구전문점,부산광역시 금정구 부곡동 394-2,1,,,,,,,,,,,,,
해강아구전문점,부산광역시 금정구 부곡동 394-2,2,,,,,,,,,,,,,
해강아구전문점,부산광역시 금정구 부곡동 394-2,3,,,,,,,,,,,,,
해강아구전문점,부산광역시 금정구 부곡동 394-2,4,,,,,,,,,,,,,
해강아구전문점,부산광역시 금정구 부곡동 394-2,5,,,,,,,,,,,,,
해강아구전문점,부산광역시 금정구 부곡동 394-2,6,,,,,,,,,,,,,
풍차,부산광역시 금정구 부곡동 394-3,0,,,,,,,,,,,,,
풍차,부산광역시 금정구 부곡동 394-3,1,,,,,,,,,,,,,
풍차,부산광역시 금정구 부곡동 394-3,2,,,,,,,,,,,,,
풍차,부산광역시 금정구 부곡동 394-3,3,,,,,,,,,,,,,
풍차,부산광역시 금정구 부곡동 394-3,4,,,,,,,,,,,,,
풍차,부산광역시 금정구 부곡동 394-3,5,,,,,,,,,,,,,
풍차,부산광역시 금정구 부곡동 394-3,6,,,,,,,,,,,,,
곱돌이,부산광역시 금정구 부곡동 394-4,0,,,,,,,,,,,,,
곱돌이,부산광역시 금정구 부곡동 394-4,1,,,,,,,,,,,,,
곱돌이,부산광역시 금정구 부곡동 394-4,2,,,,,,,,,,,,,
곱돌이,부산광역시 금정구 부곡동 394-4,3,,,,,,,,,,,,,
곱돌이,부산광역시 금정구 부곡동 394-4,4,,,,,,,,,,,,,
곱돌이,부산광역시 금정구 부곡동 394-4,5,,,,,,,,,,,,,
곱돌이,부산광역시 금정구 부곡동 394-4,6,,,,,,,,,,,,,
또봉이통닭 부곡점,부산광역시 금정구 부곡동 395-1,0,,,,,,,,,,,,,
또봉이통닭 부곡점,부산광역시 금정구 부곡동 395-1,1,,,,,,,,,,,,,
또봉이통닭 부곡점,부산광역시 금정구 부곡동 395-1,2,,,,,,,,,,,,,
또봉이통닭 부곡점,부산광역시 금정구 부곡동 395-1,3,,,,,,,,,,,,,
또봉이통닭 부곡점,부산광역시 금정구 부곡동 395-1,4,,,,,,,,,,,,,
또봉이통닭 부곡점,부산광역시 금정구 부곡동 395-1,5,,,,,,,,,,,,,
또봉이통닭 부곡점,부산광역시 금정구 부곡동 395-1,6,,,,,,,,,,,,,
보드람치킨 부곡온천점,부산광역시 금정구 부곡동 396-1,0,,,,,,,,,,,,,
보드람치킨 부곡온천점,부산광역시 금정구 부곡동 396-1,1,,,,,,,,,,,,,
보드람치킨 부곡온천점,부산광역시 금정구 부곡동 396-1,2,,,,,,,,,,,,,
보드람치킨 부곡온천점,부산광역시 금정구 부곡동 396-1,3,,,,,,,,,,,,,
보드람치킨 부곡온천점,부산광역시 금정구 부곡동 396-1,4,,,,,,,,,,,,,
보드람치킨 부곡온천점,부산광역시 금정구 부곡동 396-1,5,,,,,,,,,,,,,
보드람치킨 부곡온천점,부산광역시 금정구 부곡동 396-1,6,,,,,,,,,,,,,
미스터짬뽕,부산광역시 금정구 부곡동 396-2,0,,,,,,,,,,,,,
미스터짬뽕,부산광역시 금정구 부곡동 396-2,1,,,,,,,,,,,,,
미스터짬뽕,부산광역시 금정구 부곡동 396-2,2,,,,,,,,,,,,,
미스터짬뽕,부산광역시 금정구 부곡동 396-2,3,,,,,,,,,,,,,
미스터짬뽕,부산광역시 금정구 부곡동 396-2,4,,,,,,,,,,,,,
미스터짬뽕,부산광역시 금정구 부곡동 396-2,5,,,,,,,,,,,,,
미스터짬뽕,부산광역시 금정구 부곡동 396-2,6,,,,,,,,,,,,,
죽이야기 부곡점,부산광역시 금정구 부곡동 396-2,0,,,,,,,,,,,,,
죽이야기 부곡점,부산광역시 금정구 부곡동 396-2,1,,,,,,,,,,,,,
죽이야기 부곡점,부산광역시 금정구 부곡동 396-2,2,,,,,,,,,,,,,
죽이야기 부곡점,부산광역시 금정구 부곡동 396-2,3,,,,,,,,,,,,,
죽이야기 부곡점,부산광역시 금정구 부곡동 396-2,4,,,,,,,,,,,,,
죽이야기 부곡점,부산광역시 금정구 부곡동 396-2,5,,,,,,,,,,,,,
죽이야기 부곡점,부산광역시 금정구 부곡동 396-2,6,,,,,,,,,,,,,
두리돈까스,부산광역시 금정구 부곡동 397-1,0,,,,,,TRUE,,,,,,,
두리돈까스,부산광역시 금정구 부곡동 397-1,1,,,,,,,,,,,,,
두리돈까스,부산광역시 금정구 부곡동 397-1,2,,,,,,,,,,,,,
두리돈까스,부산광역시 금정구 부곡동 397-1,3,,,,,,,,,,,,,
두리돈까스,부산광역시 금정구 부곡동 397-1,4,,,,,,,,,,,,,
두리돈까스,부산광역시 금정구 부곡동 397-1,5,,,,,,,,,,,,,
두리돈까스,부산광역시 금정구 부곡동 397-1,6,,,,,,,,,,,,,
비에이치씨치킨 명륜점,부산광역시 금정구 부곡동 397-15,0,,,,,,,,,,,,,
비에이치씨치킨 명륜점,부산광역시 금정구 부곡동 397-15,1,,,,,,,,,,,,,
비에이치씨치킨 명륜점,부산광역시 금정구 부곡동 397-15,2,,,,,,,,,,,,,
비에이치씨치킨 명륜점,부산광역시 금정구 부곡동 397-15,3,,,,,,,,,,,,,
비에이치씨치킨 명륜점,부산광역시 금정구 부곡동 397-15,4,,,,,,,,,,,,,
비에이치씨치킨 명륜점,부산광역시 금정구 부곡동 397-15,5,,,,,,,,,,,,,
비에이치씨치킨 명륜점,부산광역시 금정구 부곡동 397-15,6,,,,,,,,,,,,,
월도참숯갈비,부산광역시 금정구 부곡동 397-15,0,,,,,,,,,,,,,
월도참숯갈비,부산광역시 금정구 부곡동 397-15,1,,,,,,,,,,,,,
월도참숯갈비,부산광역시 금정구 부곡동 397-15,2,,,,,,,,,,,,,
월도참숯갈비,부산광역시 금정구 부곡동 397-15,3,,,,,,,,,,,,,
월도참숯갈비,부산광역시 금정구 부곡동 397-15,4,,,,,,,,,,,,,
월도참숯갈비,부산광역시 금정구 부곡동 397-15,5,,,,,,,,,,,,,
월도참숯갈비,부산광역시 금정구 부곡동 397-15,6,,,,,,,,,,,,,
헤이위치,부산광역시 금정구 부곡동 397-4,0,,,,,,,,,,,,,
헤이위치,부산광역시 금정구 부곡동 397-4,1,,,,,,TRUE,,,,,,,
헤이위치,부산광역시 금정구 부곡동 397-4,2,,,,,,,,,,,,,
헤이위치,부산광역시 금정구 부곡동 397-4,3,,,,,,,,,,,,,
헤이위치,부산광역시 금정구 부곡동 397-4,4,,,,,,,,,,,,,
헤이위치,부산광역시 금정구 부곡동 397-4,5,,,,,,,,,,,,,
헤이위치,부산광역시 금정구 부곡동 397-4,6,,,,,,,,,,,,,
카페소반,부산광역시 금정구 부곡동 508-1,0,,,,,,,,,,,,,
카페소반,부산광역시 금정구 부곡동 508-1,1,,,,,,,,,,,,,
카페소반,부산광역시 금정구 부곡동 508-1,2,,,,,,,,,,,,,
카페소반,부산광역시 금정구 부곡동 508-1,3,,,,,,,,,,,,,
카페소반,부산광역시 금정구 부곡동 508-1,4,,,,,,,,,,,,,
카페소반,부산광역시 금정구 부곡동 508-1,5,,,,,,,,,,,,,
카페소반,부산광역시 금정구 부곡동 508-1,6,,,,,,,,,,,,,
하바드치킨점,부산광역시 금정구 부곡동 508-1,0,,,,,,,,,,,,,
하바드치킨점,부산광역시 금정구 부곡동 508-1,1,,,,,,,,,,,,,
하바드치킨점,부산광역시 금정구 부곡동 508-1,2,,,,,,,,,,,,,
하바드치킨점,부산광역시 금정구 부곡동 508-1,3,,,,,,,,,,,,,
하바드치킨점,부산광역시 금정구 부곡동 508-1,4,,,,,,,,,,,,,
하바드치킨점,부산광역시 금정구 부곡동 508-1,5,,,,,,,,,,,,,
하바드치킨점,부산광역시 금정구 부곡동 508-1,6,,,,,,,,,,,,,
전원장,부산광역시 금정구 부곡동 5-28,0,,,,,,,,,,,,,
전원장,부산광역시 금정구 부곡동 5-28,1,,,,,,,,,,,,,
전원장,부산광역시 금정구 부곡동 5-28,2,,,,,,,,,,,,,
전원장,부산광역시 금정구 부곡동 5-28,3,,,,,,,,,,,,,
전원장,부산광역시 금정구 부곡동 5-28,4,,,,,,,,,,,,,
전원장,부산광역시 금정구 부곡동 5-28,5,,,,,,,,,,,,,
전원장,부산광역시 금정구 부곡동 5-28,6,,,,,,,,,,,,,
알밥명가,부산광역시 금정구 부곡동 57-6,0,,,,,,TRUE,,,,,,,
알밥명가,부산광역시 금정구 부곡동 57-6,1,,,,,,,,,,,,,
알밥명가,부산광역시 금정구 부곡동 57-6,2,,,,,,,,,,,,,
알밥명가,부산광역시 금정구 부곡동 57-6,3,,,,,,,,,,,,,
알밥명가,부산광역시 금정구 부곡동 57-6,4,,,,,,,,,,,,,
알밥명가,부산광역시 금정구 부곡동 57-6,5,,,,,,,,,,,,,
알밥명가,부산광역시 금정구 부곡동 57-6,6,,,,,,,,,,,,,
천복반점,부산광역시 금정구 부곡동 59-14,0,,,,,,,,,,,,,
천복반점,부산광역시 금정구 부곡동 59-14,1,,,,,,,,,,,,,
천복반점,부산광역시 금정구 부곡동 59-14,2,,,,,,TRUE,,,,,,,
천복반점,부산광역시 금정구 부곡동 59-14,3,,,,,,,,,,,,,
천복반점,부산광역시 금정구 부곡동 59-14,4,,,,,,,,,,,,,
천복반점,부산광역시 금정구 부곡동 59-14,5,,,,,,,,,,,,,
천복반점,부산광역시 금정구 부곡동 59-14,6,,,,,,,,,,,,,
베스트필,부산광역시 금정구 부곡동 59-7,0,,,,,,,,,,,,,
베스트필,부산광역시 금정구 부곡동 59-7,1,,,,,,,,,,,,,
베스트필,부산광역시 금정구 부곡동 59-7,2,,,,,,,,,,,,,
베스트필,부산광역시 금정구 부곡동 59-7,3,,,,,,,,,,,,,
베스트필,부산광역시 금정구 부곡동 59-7,4,,,,,,,,,,,,,
베스트필,부산광역시 금정구 부곡동 59-7,5,,,,,,,,,,,,,
베스트필,부산광역시 금정구 부곡동 59-7,6,,,,,,,,,,,,,
밀그린치킨,부산광역시 금정구 부곡동 59-8,0,,,,,,,,,,,,,
밀그린치킨,부산광역시 금정구 부곡동 59-8,1,,,,,,,,,,,,,
밀그린치킨,부산광역시 금정구 부곡동 59-8,2,,,,,,,,,,,,,
밀그린치킨,부산광역시 금정구 부곡동 59-8,3,,,,,,,,,,,,,
밀그린치킨,부산광역시 금정구 부곡동 59-8,4,,,,,,,,,,,,,
밀그린치킨,부산광역시 금정구 부곡동 59-8,5,,,,,,,,,,,,,
밀그린치킨,부산광역시 금정구 부곡동 59-8,6,,,,,,,,,,,,,
올샌드,부산광역시 금정구 부곡동 60-4,0,,,,,,,,,,,,,
올샌드,부산광역시 금정구 부곡동 60-4,1,,,,,,,,,,,,,
올샌드,부산광역시 금정구 부곡동 60-4,2,,,,,,,,,,,,,
올샌드,부산광역시 금정구 부곡동 60-4,3,,,,,,,,,,,,,
올샌드,부산광역시 금정구 부곡동 60-4,4,,,,,,,,,,,,,
올샌드,부산광역시 금정구 부곡동 60-4,5,,,,,,,,,,,,,
올샌드,부산광역시 금정구 부곡동 60-4,6,,,,,,,,,,,,,
산장,부산광역시 금정구 부곡동 6-1,0,,,,,,,,,,,,,
산장,부산광역시 금정구 부곡동 6-1,1,,,,,,,,,,,,,
산장,부산광역시 금정구 부곡동 6-1,2,,,,,,,,,,,,,
산장,부산광역시 금정구 부곡동 6-1,3,,,,,,,,,,,,,
산장,부산광역시 금정구 부곡동 6-1,4,,,,,,,,,,,,,
산장,부산광역시 금정구 부곡동 6-1,5,,,,,,,,,,,,,
산장,부산광역시 금정구 부곡동 6-1,6,,,,,,,,,,,,,
강명장요리가,부산광역시 금정구 부곡동 63-1,0,,,,,,,,,,,,,
강명장요리가,부산광역시 금정구 부곡동 63-1,1,,,,,,,,,,,,,
강명장요리가,부산광역시 금정구 부곡동 63-1,2,,,,,,,,,,,,,
강명장요리가,부산광역시 금정구 부곡동 63-1,3,,,,,,,,,,,,,
강명장요리가,부산광역시 금정구 부곡동 63-1,4,,,,,,,,,,,,,
강명장요리가,부산광역시 금정구 부곡동 63-1,5,,,,,,,,,,,,,
강명장요리가,부산광역시 금정구 부곡동 63-1,6,,,,,,,,,,,,,
금정칼국수,부산광역시 금정구 부곡동 63-1,0,,,,,,TRUE,,,,,,,
금정칼국수,부산광역시 금정구 부곡동 63-1,1,,,,,,,,,,,,,
금정칼국수,부산광역시 금정구 부곡동 63-1,2,,,,,,,,,,,,,
금정칼국수,부산광역시 금정구 부곡동 63-1,3,,,,,,,,,,,,,
금정칼국수,부산광역시 금정구 부곡동 63-1,4,,,,,,,,,,,,,
금정칼국수,부산광역시 금정구 부곡동 63-1,5,,,,,,,,,,,,,
금정칼국수,부산광역시 금정구 부곡동 63-1,6,,,,,,,,,,,,,
조개사무소,부산광역시 금정구 부곡동 63-1,0,,,,,,,,,,,,,
조개사무소,부산광역시 금정구 부곡동 63-1,1,,,,,,,,,,,,,
조개사무소,부산광역시 금정구 부곡동 63-1,2,,,,,,,,,,,,,
조개사무소,부산광역시 금정구 부곡동 63-1,3,,,,,,,,,,,,,
조개사무소,부산광역시 금정구 부곡동 63-1,4,,,,,,,,,,,,,
조개사무소,부산광역시 금정구 부곡동 63-1,5,,,,,,,,,,,,,
조개사무소,부산광역시 금정구 부곡동 63-1,6,,,,,,,,,,,,,
녹우원,부산광역시 금정구 부곡동 63-15,0,,,,,,TRUE,,,,,,,
녹우원,부산광역시 금정구 부곡동 63-15,1,,,,,,,,,,,,,
녹우원,부산광역시 금정구 부곡동 63-15,2,,,,,,,,,,,,,
녹우원,부산광역시 금정구 부곡동 63-15,3,,,,,,,,,,,,,
녹우원,부산광역시 금정구 부곡동 63-15,4,,,,,,,,,,,,,
녹우원,부산광역시 금정구 부곡동 63-15,5,,,,,,,,,,,,,
녹우원,부산광역시 금정구 부곡동 63-15,6,,,,,,,,,,,,,
진송추어탕 금정구청점,부산광역시 금정구 부곡동 63-5,0,,,,,,,,,,,,,
진송추어탕 금정구청점,부산광역시 금정구 부곡동 63-5,1,,,,,,,,,,,,,
진송추어탕 금정구청점,부산광역시 금정구 부곡동 63-5,2,,,,,,,,,,,,,
진송추어탕 금정구청점,부산광역시 금정구 부곡동 63-5,3,,,,,,,,,,,,,
진송추어탕 금정구청점,부산광역시 금정구 부곡동 63-5,4,,,,,,,,,,,,,
진송추어탕 금정구청점,부산광역시 금정구 부곡동 63-5,5,,,,,,,,,,,,,
진송추어탕 금정구청점,부산광역시 금정구 부곡동 63-5,6,,,,,,,,,,,,,
대구뽈찜 청담동,부산광역시 금정구 부곡동 63-9,0,,,,,,,,,,,,,
대구뽈찜 청담동,부산광역시 금정구 부곡동 63-9,1,,,,,,TRUE,,,,,,,
대구뽈찜 청담동,부산광역시 금정구 부곡동 63-9,2,,,,,,,,,,,,,
대구뽈찜 청담동,부산광역시 금정구 부곡동 63-9,3,,,,,,,,,,,,,
대구뽈찜 청담동,부산광역시 금정구 부곡동 63-9,4,,,,,,,,,,,,,
대구뽈찜 청담동,부산광역시 금정구 부곡동 63-9,5,,,,,,,,,,,,,
대구뽈찜 청담동,부산광역시 금정구 부곡동 63-9,6,,,,,,,,,,,,,
자담치킨 부곡점,부산광역시 금정구 부곡동 64-23,0,,,,,,,,,,,,,
자담치킨 부곡점,부산광역시 금정구 부곡동 64-23,1,,,,,,,,,,,,,
자담치킨 부곡점,부산광역시 금정구 부곡동 64-23,2,,,,,,,,,,,,,
자담치킨 부곡점,부산광역시 금정구 부곡동 64-23,3,,,,,,,,,,,,,
자담치킨 부곡점,부산광역시 금정구 부곡동 64-23,4,,,,,,,,,,,,,
자담치킨 부곡점,부산광역시 금정구 부곡동 64-23,5,,,,,,,,,,,,,
자담치킨 부곡점,부산광역시 금정구 부곡동 64-23,6,,,,,,,,,,,,,
따신밥,부산광역시 금정구 부곡동 64-35,0,,,,,,,,,,,,,
따신밥,부산광역시 금정구 부곡동 64-35,1,,,,,,,,,,,,,
따신밥,부산광역시 금정구 부곡동 64-35,2,,,,,,,,,,,,,
따신밥,부산광역시 금정구 부곡동 64-35,3,,,,,,,,,,,,,
따신밥,부산광역시 금정구 부곡동 64-35,4,,,,,,,,,,,,,
따신밥,부산광역시 금정구 부곡동 64-35,5,,,,,,,,,,,,,
따신밥,부산광역시 금정구 부곡동 64-35,6,,,,,,,매월 홀수 번째 토요일 휴무,,,,,,
소정아구찜,부산광역시 금정구 부곡동 64-40,0,,,,,,,,,,,,,
소정아구찜,부산광역시 금정구 부곡동 64-40,1,,,,,,,,,,,,,
소정아구찜,부산광역시 금정구 부곡동 64-40,2,,,,,,,,,,,,,
소정아구찜,부산광역시 금정구 부곡동 64-40,3,,,,,,TRUE,,,,,,,
소정아구찜,부산광역시 금정구 부곡동 64-40,4,,,,,,,,,,,,,
소정아구찜,부산광역시 금정구 부곡동 64-40,5,,,,,,,,,,,,,
소정아구찜,부산광역시 금정구 부곡동 64-40,6,,,,,,,,,,,,,
두부천하,부산광역시 금정구 부곡동 65-10,0,,,,,,,,,,,,,
두부천하,부산광역시 금정구 부곡동 65-10,1,,,,,,,,,,,,,
두부천하,부산광역시 금정구 부곡동 65-10,2,,,,,,,,,,,,,
두부천하,부산광역시 금정구 부곡동 65-10,3,,,,,,,,,,,,,
두부천하,부산광역시 금정구 부곡동 65-10,4,,,,,,,,,,,,,
두부천하,부산광역시 금정구 부곡동 65-10,5,,,,,,,,,,,,,
두부천하,부산광역시 금정구 부곡동 65-10,6,,,,,,,,,,,,,
주촌축산물도매식당,부산광역시 금정구 부곡동 65-100,0,,,,,,,,,,,,,
주촌축산물도매식당,부산광역시 금정구 부곡동 65-100,1,,,,,,,,,,,,,
주촌축산물도매식당,부산광역시 금정구 부곡동 65-100,2,,,,,,,,,,,,,
주촌축산물도매식당,부산광역시 금정구 부곡동 65-100,3,,,,,,,,,,,,,
주촌축산물도매식당,부산광역시 금정구 부곡동 65-100,4,,,,,,,,,,,,,
주촌축산물도매식당,부산광역시 금정구 부곡동 65-100,5,,,,,,,,,,,,,
주촌축산물도매식당,부산광역시 금정구 부곡동 65-100,6,,,,,,,,,,,,,
국수가,부산광역시 금정구 부곡동 65-103,0,,,,,,TRUE,,,,,,,
국수가,부산광역시 금정구 부곡동 65-103,1,,,,,,,,,,,,,
국수가,부산광역시 금정구 부곡동 65-103,2,,,,,,,,,,,,,
국수가,부산광역시 금정구 부곡동 65-103,3,,,,,,,,,,,,,
국수가,부산광역시 금정구 부곡동 65-103,4,,,,,,,,,,,,,
국수가,부산광역시 금정구 부곡동 65-103,5,,,,,,,,,,,,,
국수가,부산광역시 금정구 부곡동 65-103,6,,,,,,,,,,,,,
여,부산광역시 금정구 부곡동 65-105,0,,,,,,,,,,,,,
여,부산광역시 금정구 부곡동 65-105,1,,,,,,,,,,,,,
여,부산광역시 금정구 부곡동 65-105,2,,,,,,,,,,,,,
여,부산광역시 금정구 부곡동 65-105,3,,,,,,,,,,,,,
여,부산광역시 금정구 부곡동 65-105,4,,,,,,,,,,,,,
여,부산광역시 금정구 부곡동 65-105,5,,,,,,,,,,,,,
여,부산광역시 금정구 부곡동 65-105,6,,,,,,,,,,,,,
토종생오리농원,부산광역시 금정구 부곡동 65-105,0,,,,,,,,,,,,,
토종생오리농원,부산광역시 금정구 부곡동 65-105,1,,,,,,,,,,,,,
토종생오리농원,부산광역시 금정구 부곡동 65-105,2,,,,,,,,,,,,,
토종생오리농원,부산광역시 금정구 부곡동 65-105,3,,,,,,,,,,,,,
토종생오리농원,부산광역시 금정구 부곡동 65-105,4,,,,,,,,,,,,,
토종생오리농원,부산광역시 금정구 부곡동 65-105,5,,,,,,,,,,,,,
토종생오리농원,부산광역시 금정구 부곡동 65-105,6,,,,,,,,,,,,,
대박손칼국수,부산광역시 금정구 부곡동 65-108,0,,,,,,,,,,,,,
대박손칼국수,부산광역시 금정구 부곡동 65-108,1,,,,,,,,,,,,,
대박손칼국수,부산광역시 금정구 부곡동 65-108,2,,,,,,,,,,,,,
대박손칼국수,부산광역시 금정구 부곡동 65-108,3,,,,,,,,,,,,,
대박손칼국수,부산광역시 금정구 부곡동 65-108,4,,,,,,,,,,,,,
대박손칼국수,부산광역시 금정구 부곡동 65-108,5,,,,,,,,,,,,,
대박손칼국수,부산광역시 금정구 부곡동 65-108,6,,,,,,TRUE,,,,,,,
하나돈까스 부곡점,부산광역시 금정구 부곡동 65-112,0,,,,,,,,,,,,,
하나돈까스 부곡점,부산광역시 금정구 부곡동 65-112,1,,,,,,,,,,,,,
하나돈까스 부곡점,부산광역시 금정구 부곡동 65-112,2,,,,,,,,,,,,,
하나돈까스 부곡점,부산광역시 금정구 부곡동 65-112,3,,,,,,,,,,,,,
하나돈까스 부곡점,부산광역시 금정구 부곡동 65-112,4,,,,,,,,,,,,,
하나돈까스 부곡점,부산광역시 금정구 부곡동 65-112,5,,,,,,,,,,,,,
하나돈까스 부곡점,부산광역시 금정구 부곡동 65-112,6,,,,,,,,,,,,,
차이제이,부산광역시 금정구 부곡동 65-12,0,,,,,,,,,,,,,
차이제이,부산광역시 금정구 부곡동 65-12,1,,,,,,TRUE,,,,,,,
차이제이,부산광역시 금정구 부곡동 65-12,2,,,,,,,,,,,,,
차이제이,부산광역시 금정구 부곡동 65-12,3,,,,,,,,,,,,,
차이제이,부산광역시 금정구 부곡동 65-12,4,,,,,,,,,,,,,
차이제이,부산광역시 금정구 부곡동 65-12,5,,,,,,,,,,,,,
차이제이,부산광역시 금정구 부곡동 65-12,6,,,,,,,,,,,,,
명품학장고향소갈비찜 부곡직영점,부산광역시 금정구 부곡동 65-121,0,,,,,,,,,,,,,
명품학장고향소갈비찜 부곡직영점,부산광역시 금정구 부곡동 65-121,1,,,,,,,,,,,,,
명품학장고향소갈비찜 부곡직영점,부산광역시 금정구 부곡동 65-121,2,,,,,,,,,,,,,
명품학장고향소갈비찜 부곡직영점,부산광역시 금정구 부곡동 65-121,3,,,,,,,,,,,,,
명품학장고향소갈비찜 부곡직영점,부산광역시 금정구 부곡동 65-121,4,,,,,,,,,,,,,
명품학장고향소갈비찜 부곡직영점,부산광역시 금정구 부곡동 65-121,5,,,,,,,,,,,,,
명품학장고향소갈비찜 부곡직영점,부산광역시 금정구 부곡동 65-121,6,,,,,,,,,,,,,
가족도매횟집,부산광역시 금정구 부곡동 65-15,0,,,,,,,,,,,,,
가족도매횟집,부산광역시 금정구 부곡동 65-15,1,,,,,,,,,,,,,
가족도매횟집,부산광역시 금정구 부곡동 65-15,2,,,,,,,,,,,,,
가족도매횟집,부산광역시 금정구 부곡동 65-15,3,,,,,,,,,,,,,
가족도매횟집,부산광역시 금정구 부곡동 65-15,4,,,,,,,,,,,,,
가족도매횟집,부산광역시 금정구 부곡동 65-15,5,,,,,,,,,,,,,
가족도매횟집,부산광역시 금정구 부곡동 65-15,6,,,,,,,,,,,,,
지게꾼돼지갈비,부산광역시 금정구 부곡동 65-15,0,,,,,,,,,,,,,
지게꾼돼지갈비,부산광역시 금정구 부곡동 65-15,1,,,,,,,,,,,,,
지게꾼돼지갈비,부산광역시 금정구 부곡동 65-15,2,,,,,,,,,,,,,
지게꾼돼지갈비,부산광역시 금정구 부곡동 65-15,3,,,,,,,,,,,,,
지게꾼돼지갈비,부산광역시 금정구 부곡동 65-15,4,,,,,,,,,,,,,
지게꾼돼지갈비,부산광역시 금정구 부곡동 65-15,5,,,,,,,,,,,,,
지게꾼돼지갈비,부산광역시 금정구 부곡동 65-15,6,,,,,,,,,,,,,
진육회말투아웃,부산광역시 금정구 부곡동 65-15,0,,,,,,,,,,,,,
진육회말투아웃,부산광역시 금정구 부곡동 65-15,1,,,,,,,,,,,,,
진육회말투아웃,부산광역시 금정구 부곡동 65-15,2,,,,,,,,,,,,,
진육회말투아웃,부산광역시 금정구 부곡동 65-15,3,,,,,,,,,,,,,
진육회말투아웃,부산광역시 금정구 부곡동 65-15,4,,,,,,,,,,,,,
진육회말투아웃,부산광역시 금정구 부곡동 65-15,5,,,,,,,,,,,,,
진육회말투아웃,부산광역시 금정구 부곡동 65-15,6,,,,,,,,,,,,,
김엄마생선구이,부산광역시 금정구 부곡동 65-3,0,,,,,,TRUE,,,,,,,
김엄마생선구이,부산광역시 금정구 부곡동 65-3,1,,,,,,,,,,,,,
김엄마생선구이,부산광역시 금정구 부곡동 65-3,2,,,,,,,,,,,,,
김엄마생선구이,부산광역시 금정구 부곡동 65-3,3,,,,,,,,,,,,,
김엄마생선구이,부산광역시 금정구 부곡동 65-3,4,,,,,,,,,,,,,
김엄마생선구이,부산광역시 금정구 부곡동 65-3,5,,,,,,,,,,,,,
김엄마생선구이,부산광역시 금정구 부곡동 65-3,6,,,,,,,,,,,,,
점촌네,부산광역시 금정구 부곡동 65-4,0,,,,,,,,,,,,,
점촌네,부산광역시 금정구 부곡동 65-4,1,,,,,,,,,,,,,
점촌네,부산광역시 금정구 부곡동 65-4,2,,,,,,,,,,,,,
점촌네,부산광역시 금정구 부곡동 65-4,3,,,,,,,,,,,,,
점촌네,부산광역시 금정구 부곡동 65-4,4,,,,,,,,,,,,,
점촌네,부산광역시 금정구 부곡동 65-4,5,,,,,,,,,,,,,
점촌네,부산광역시 금정구 부곡동 65-4,6,,,,,,,,,,,,,
오륙도낙지,부산광역시 금정구 부곡동 65-6,0,,,,,,,,,,,,,
오륙도낙지,부산광역시 금정구 부곡동 65-6,1,,,,,,,,,,,,,
오륙도낙지,부산광역시 금정구 부곡동 65-6,2,,,,,,,,,,,,,
오륙도낙지,부산광역시 금정구 부곡동 65-6,3,,,,,,,,,,,,,
오륙도낙지,부산광역시 금정구 부곡동 65-6,4,,,,,,,,,,,,,
오륙도낙지,부산광역시 금정구 부곡동 65-6,5,,,,,,,,,,,,,
오륙도낙지,부산광역시 금정구 부곡동 65-6,6,,,,,,,,,,,,,
풍성한회나라,부산광역시 금정구 부곡동 65-99,0,,,,,,,,,,,,,
풍성한회나라,부산광역시 금정구 부곡동 65-99,1,,,,,,,,,,,,,
풍성한회나라,부산광역시 금정구 부곡동 65-99,2,,,,,,,,,,,,,
풍성한회나라,부산광역시 금정구 부곡동 65-99,3,,,,,,,,,,,,,
풍성한회나라,부산광역시 금정구 부곡동 65-99,4,,,,,,,,,,,,,
풍성한회나라,부산광역시 금정구 부곡동 65-99,5,,,,,,,,,,,,,
풍성한회나라,부산광역시 금정구 부곡동 65-99,6,,,,,,,,,,,,,
산동짜장마을,부산광역시 금정구 부곡동 733-17,0,,,,,,,,,,,,,
산동짜장마을,부산광역시 금정구 부곡동 733-17,1,,,,,,,,,,,,,
산동짜장마을,부산광역시 금정구 부곡동 733-17,2,,,,,,,,,,,,,
산동짜장마을,부산광역시 금정구 부곡동 733-17,3,,,,,,,,,,,,,
산동짜장마을,부산광역시 금정구 부곡동 733-17,4,,,,,,,,,,,,,
산동짜장마을,부산광역시 금정구 부곡동 733-17,5,,,,,,,,,,,,,
산동짜장마을,부산광역시 금정구 부곡동 733-17,6,,,,,,,,,,,,,
산청식당,부산광역시 금정구 부곡동 734-21,0,,,,,,,,,,,,,
산청식당,부산광역시 금정구 부곡동 734-21,1,,,,,,,,,,,,,
산청식당,부산광역시 금정구 부곡동 734-21,2,,,,,,,,,,,,,
산청식당,부산광역시 금정구 부곡동 734-21,3,,,,,,,,,,,,,
산청식당,부산광역시 금정구 부곡동 734-21,4,,,,,,,,,,,,,
산청식당,부산광역시 금정구 부곡동 734-21,5,,,,,,,,,,,,,
산청식당,부산광역시 금정구 부곡동 734-21,6,,,,,,,,,,,,,
통통반점,부산광역시 금정구 부곡동 736-32,0,,,,,,,,,,,,,
통통반점,부산광역시 금정구 부곡동 736-32,1,,,,,,,,,,,,,
통통반점,부산광역시 금정구 부곡동 736-32,2,,,,,,,,,,,,,
통통반점,부산광역시 금정구 부곡동 736-32,3,,,,,,,,,,,,,
통통반점,부산광역시 금정구 부곡동 736-32,4,,,,,,,,,,,,,
통통반점,부산광역시 금정구 부곡동 736-32,5,,,,,,,,,,,,,
통통반점,부산광역시 금정구 부곡동 736-32,6,,,,,,,,,,,,,
한아름식당,부산광역시 금정구 부곡동 736-36,0,,,,,,,,,,,,,
한아름식당,부산광역시 금정구 부곡동 736-36,1,,,,,,,,,,,,,
한아름식당,부산광역시 금정구 부곡동 736-36,2,,,,,,,,,,,,,
한아름식당,부산광역시 금정구 부곡동 736-36,3,,,,,,,,,,,,,
한아름식당,부산광역시 금정구 부곡동 736-36,4,,,,,,,,,,,,,
한아름식당,부산광역시 금정구 부곡동 736-36,5,,,,,,,,,,,,,
한아름식당,부산광역시 금정구 부곡동 736-36,6,,,,,,,,,,,,,
민수네아구찜,부산광역시 금정구 부곡동 736-46,0,,,,,,,,,,,,,
민수네아구찜,부산광역시 금정구 부곡동 736-46,1,,,,,,,,,,,,,
민수네아구찜,부산광역시 금정구 부곡동 736-46,2,,,,,,,,,,,,,
민수네아구찜,부산광역시 금정구 부곡동 736-46,3,,,,,,,,,,,,,
민수네아구찜,부산광역시 금정구 부곡동 736-46,4,,,,,,,,,,,,,
민수네아구찜,부산광역시 금정구 부곡동 736-46,5,,,,,,,,,,,,,
민수네아구찜,부산광역시 금정구 부곡동 736-46,6,,,,,,,,,,,,,
소리골오리마을,부산광역시 금정구 부곡동 736-8,0,,,,,,,,,,,,,
소리골오리마을,부산광역시 금정구 부곡동 736-8,1,,,,,,,,,,,,,
소리골오리마을,부산광역시 금정구 부곡동 736-8,2,,,,,,,,,,,,,
소리골오리마을,부산광역시 금정구 부곡동 736-8,3,,,,,,,,,,,,,
소리골오리마을,부산광역시 금정구 부곡동 736-8,4,,,,,,,,,,,,,
소리골오리마을,부산광역시 금정구 부곡동 736-8,5,,,,,,,,,,,,,
소리골오리마을,부산광역시 금정구 부곡동 736-8,6,,,,,,,,,,,,,
노다지물회,부산광역시 금정구 부곡동 775-21,0,,,,,,,,,,,,,
노다지물회,부산광역시 금정구 부곡동 775-21,1,,,,,,,,,,,,,
노다지물회,부산광역시 금정구 부곡동 775-21,2,,,,,,,,,,,,,
노다지물회,부산광역시 금정구 부곡동 775-21,3,,,,,,,,,,,,,
노다지물회,부산광역시 금정구 부곡동 775-21,4,,,,,,,,,,,,,
노다지물회,부산광역시 금정구 부곡동 775-21,5,,,,,,,,,,,,,
노다지물회,부산광역시 금정구 부곡동 775-21,6,,,,,,,,,,,,,
청룡각,부산광역시 금정구 부곡동 785-1,0,,,,,,,,,,,,,
청룡각,부산광역시 금정구 부곡동 785-1,1,,,,,,,,,,,,,
청룡각,부산광역시 금정구 부곡동 785-1,2,,,,,,TRUE,,,,,,,
청룡각,부산광역시 금정구 부곡동 785-1,3,,,,,,,,,,,,,
청룡각,부산광역시 금정구 부곡동 785-1,4,,,,,,,,,,,,,
청룡각,부산광역시 금정구 부곡동 785-1,5,,,,,,,,,,,,,
청룡각,부산광역시 금정구 부곡동 785-1,6,,,,,,,,,,,,,
대룡,부산광역시 금정구 부곡동 785-5,0,,,,,,,,,,,,,
대룡,부산광역시 금정구 부곡동 785-5,1,,,,,,,,,,,,,
대룡,부산광역시 금정구 부곡동 785-5,2,,,,,,,,,,,,,
대룡,부산광역시 금정구 부곡동 785-5,3,,,,,,,,,,,,,
대룡,부산광역시 금정구 부곡동 785-5,4,,,,,,,,,,,,,
대룡,부산광역시 금정구 부곡동 785-5,5,,,,,,,,,,,,,
대룡,부산광역시 금정구 부곡동 785-5,6,,,,,,,,,,,,,
만복푸드,부산광역시 금정구 부곡동 792-68,0,,,,,,,,,,,,,
만복푸드,부산광역시 금정구 부곡동 792-68,1,,,,,,,,,,,,,
만복푸드,부산광역시 금정구 부곡동 792-68,2,,,,,,,,,,,,,
만복푸드,부산광역시 금정구 부곡동 792-68,3,,,,,,,,,,,,,
만복푸드,부산광역시 금정구 부곡동 792-68,4,,,,,,,,,,,,,
만복푸드,부산광역시 금정구 부곡동 792-68,5,,,,,,,,,,,,,
만복푸드,부산광역시 금정구 부곡동 792-68,6,,,,,,,,,,,,,
브랜뉴피자앤베이크,부산광역시 금정구 부곡동 792-68,0,,,,,,,,,,,,,
브랜뉴피자앤베이크,부산광역시 금정구 부곡동 792-68,1,,,,,,,,,,,,,
브랜뉴피자앤베이크,부산광역시 금정구 부곡동 792-68,2,,,,,,,,,,,,,
브랜뉴피자앤베이크,부산광역시 금정구 부곡동 792-68,3,,,,,,,,,,,,,
브랜뉴피자앤베이크,부산광역시 금정구 부곡동 792-68,4,,,,,,,,,,,,,
브랜뉴피자앤베이크,부산광역시 금정구 부곡동 792-68,5,,,,,,,,,,,,,
브랜뉴피자앤베이크,부산광역시 금정구 부곡동 792-68,6,,,,,,,,,,,,,
모란봉,부산광역시 금정구 부곡동 866-37,0,,,,,,,매월 첫째 주 일요일은 휴무,,,,,,
모란봉,부산광역시 금정구 부곡동 866-37,1,,,,,,,,,,,,,
모란봉,부산광역시 금정구 부곡동 866-37,2,,,,,,,,,,,,,
모란봉,부산광역시 금정구 부곡동 866-37,3,,,,,,,,,,,,,
모란봉,부산광역시 금정구 부곡동 866-37,4,,,,,,TRUE,,,,,,,
모란봉,부산광역시 금정구 부곡동 866-37,5,,,,,,,,,,,,,
모란봉,부산광역시 금정구 부곡동 866-37,6,,,,,,,,,,,,,
풀향기,부산광역시 금정구 부곡동 866-43,0,,,,,,,,,,,,,
풀향기,부산광역시 금정구 부곡동 866-43,1,,,,,,,,,,,,,
풀향기,부산광역시 금정구 부곡동 866-43,2,,,,,,,,,,,,,
풀향기,부산광역시 금정구 부곡동 866-43,3,,,,,,,,,,,,,
풀향기,부산광역시 금정구 부곡동 866-43,4,,,,,,,,,,,,,
풀향기,부산광역시 금정구 부곡동 866-43,5,,,,,,,,,,,,,
풀향기,부산광역시 금정구 부곡동 866-43,6,,,,,,,,,,,,,
콩심부산 온천장역점,부산광역시 금정구 부곡동 866-44,0,,,,,,,,,,,,,
콩심부산 온천장역점,부산광역시 금정구 부곡동 866-44,1,,,,,,,,,,,,,
콩심부산 온천장역점,부산광역시 금정구 부곡동 866-44,2,,,,,,,,,,,,,
콩심부산 온천장역점,부산광역시 금정구 부곡동 866-44,3,,,,,,,,,,,,,
콩심부산 온천장역점,부산광역시 금정구 부곡동 866-44,4,,,,,,,,,,,,,
콩심부산 온천장역점,부산광역시 금정구 부곡동 866-44,5,,,,,,,,,,,,,
콩심부산 온천장역점,부산광역시 금정구 부곡동 866-44,6,,,,,,,,,,,,,
장수영양탕,부산광역시 금정구 부곡동 870-19,0,,,,,,,,,,,,,
장수영양탕,부산광역시 금정구 부곡동 870-19,1,,,,,,,,,,,,,
장수영양탕,부산광역시 금정구 부곡동 870-19,2,,,,,,,,,,,,,
장수영양탕,부산광역시 금정구 부곡동 870-19,3,,,,,,,,,,,,,
장수영양탕,부산광역시 금정구 부곡동 870-19,4,,,,,,,,,,,,,
장수영양탕,부산광역시 금정구 부곡동 870-19,5,,,,,,,,,,,,,
장수영양탕,부산광역시 금정구 부곡동 870-19,6,,,,,,,,,,,,,
이층포차,부산광역시 금정구 부곡동 871-17,0,,,,,,,매일 홀수 번째 주 일요일은 휴무,,,,,,
이층포차,부산광역시 금정구 부곡동 871-17,1,,,,,,,,,,,,,
이층포차,부산광역시 금정구 부곡동 871-17,2,,,,,,,,,,,,,
이층포차,부산광역시 금정구 부곡동 871-17,3,,,,,,,,,,,,,
이층포차,부산광역시 금정구 부곡동 871-17,4,,,,,,,,,,,,,
이층포차,부산광역시 금정구 부곡동 871-17,5,,,,,,,,,,,,,
이층포차,부산광역시 금정구 부곡동 871-17,6,,,,,,,,,,,,,
김서방네,부산광역시 금정구 부곡동 872-3,0,,,,,,,,,,,,,
김서방네,부산광역시 금정구 부곡동 872-3,1,,,,,,,,,,,,,
김서방네,부산광역시 금정구 부곡동 872-3,2,,,,,,,,,,,,,
김서방네,부산광역시 금정구 부곡동 872-3,3,,,,,,,,,,,,,
김서방네,부산광역시 금정구 부곡동 872-3,4,,,,,,,,,,,,,
김서방네,부산광역시 금정구 부곡동 872-3,5,,,,,,,,,,,,,
김서방네,부산광역시 금정구 부곡동 872-3,6,,,,,,,,,,,,,
굴과함께,부산광역시 금정구 부곡동 872-4,0,,,,,,,,,,,,,
굴과함께,부산광역시 금정구 부곡동 872-4,1,,,,,,,,,,,,,
굴과함께,부산광역시 금정구 부곡동 872-4,2,,,,,,,,,,,,,
굴과함께,부산광역시 금정구 부곡동 872-4,3,,,,,,,,,,,,,
굴과함께,부산광역시 금정구 부곡동 872-4,4,,,,,,,,,,,,,
굴과함께,부산광역시 금정구 부곡동 872-4,5,,,,,,,,,,,,,
굴과함께,부산광역시 금정구 부곡동 872-4,6,,,,,,,,,,,,,
인생역전,부산광역시 금정구 부곡동 873-13,0,,,,,,,,,,,,,
인생역전,부산광역시 금정구 부곡동 873-13,1,,,,,,,"매월 둘째 주, 넷째 주 월요일",,,,,,
인생역전,부산광역시 금정구 부곡동 873-13,2,,,,,,,,,,,,,
인생역전,부산광역시 금정구 부곡동 873-13,3,,,,,,,,,,,,,
인생역전,부산광역시 금정구 부곡동 873-13,4,,,,,,,,,,,,,
인생역전,부산광역시 금정구 부곡동 873-13,5,,,,,,,,,,,,,
인생역전,부산광역시 금정구 부곡동 873-13,6,,,,,,,,,,,,,
한울타리,부산광역시 금정구 부곡동 873-15,0,,,,,,,,,,,,,
한울타리,부산광역시 금정구 부곡동 873-15,1,,,,,,,"매월 둘째 주, 넷째 주 월요일 휴무",,,,,,
한울타리,부산광역시 금정구 부곡동 873-15,2,,,,,,,,,,,,,
한울타리,부산광역시 금정구 부곡동 873-15,3,,,,,,,,,,,,,
한울타리,부산광역시 금정구 부곡동 873-15,4,,,,,,,,,,,,,
한울타리,부산광역시 금정구 부곡동 873-15,5,,,,,,,,,,,,,
한울타리,부산광역시 금정구 부곡동 873-15,6,,,,,,,,,,,,,
온천장돼지국밥,부산광역시 금정구 부곡동 873-42,0,,,,,,,,,,,,,
온천장돼지국밥,부산광역시 금정구 부곡동 873-42,1,,,,,,,,,,,,,
온천장돼지국밥,부산광역시 금정구 부곡동 873-42,2,,,,,,,,,,,,,
온천장돼지국밥,부산광역시 금정구 부곡동 873-42,3,,,,,,,,,,,,,
온천장돼지국밥,부산광역시 금정구 부곡동 873-42,4,,,,,,,,,,,,,
온천장돼지국밥,부산광역시 금정구 부곡동 873-42,5,,,,,,,,,,,,,
온천장돼지국밥,부산광역시 금정구 부곡동 873-42,6,,,,,,,,,,,,,
본가국밥,부산광역시 금정구 부곡동 873-43,0,,,,,,,,,,,,,
본가국밥,부산광역시 금정구 부곡동 873-43,1,,,,,,,,,,,,,
본가국밥,부산광역시 금정구 부곡동 873-43,2,,,,,,,,,,,,,
본가국밥,부산광역시 금정구 부곡동 873-43,3,,,,,,,,,,,,,
본가국밥,부산광역시 금정구 부곡동 873-43,4,,,,,,,,,,,,,
본가국밥,부산광역시 금정구 부곡동 873-43,5,,,,,,,,,,,,,
본가국밥,부산광역시 금정구 부곡동 873-43,6,,,,,,,,,,,,,
숙이네 돼지국밥,부산광역시 금정구 부곡동 873-45,0,,,,,,,,,,,,,
숙이네 돼지국밥,부산광역시 금정구 부곡동 873-45,1,,,,,,,,,,,,,
숙이네 돼지국밥,부산광역시 금정구 부곡동 873-45,2,,,,,,,,,,,,,
숙이네 돼지국밥,부산광역시 금정구 부곡동 873-45,3,,,,,,,,,,,,,
숙이네 돼지국밥,부산광역시 금정구 부곡동 873-45,4,,,,,,,,,,,,,
숙이네 돼지국밥,부산광역시 금정구 부곡동 873-45,5,,,,,,,,,,,,,
숙이네 돼지국밥,부산광역시 금정구 부곡동 873-45,6,,,,,,,,,,,,,
바다와향어,부산광역시 금정구 부곡동 873-46,0,,,,,,,,,,,,,
바다와향어,부산광역시 금정구 부곡동 873-46,1,,,,,,,,,,,,,
바다와향어,부산광역시 금정구 부곡동 873-46,2,,,,,,,,,,,,,
바다와향어,부산광역시 금정구 부곡동 873-46,3,,,,,,,,,,,,,
바다와향어,부산광역시 금정구 부곡동 873-46,4,,,,,,,,,,,,,
바다와향어,부산광역시 금정구 부곡동 873-46,5,,,,,,,,,,,,,
바다와향어,부산광역시 금정구 부곡동 873-46,6,,,,,,,,,,,,,
원조 소문난온천장곰장어,부산광역시 금정구 부곡동 873-47,0,,,,,,,,,,,,,
원조 소문난온천장곰장어,부산광역시 금정구 부곡동 873-47,1,,,,,,,,,,,,,
원조 소문난온천장곰장어,부산광역시 금정구 부곡동 873-47,2,,,,,,,,,,,,,
원조 소문난온천장곰장어,부산광역시 금정구 부곡동 873-47,3,,,,,,,,,,,,,
원조 소문난온천장곰장어,부산광역시 금정구 부곡동 873-47,4,,,,,,,,,,,,,
원조 소문난온천장곰장어,부산광역시 금정구 부곡동 873-47,5,,,,,,,,,,,,,
원조 소문난온천장곰장어,부산광역시 금정구 부곡동 873-47,6,,,,,,,,,,,,,
해왕과그들,부산광역시 금정구 부곡동 873-49,0,,,,,,,,,,,,,
해왕과그들,부산광역시 금정구 부곡동 873-49,1,,,,,,,,,,,,,
해왕과그들,부산광역시 금정구 부곡동 873-49,2,,,,,,,,,,,,,
해왕과그들,부산광역시 금정구 부곡동 873-49,3,,,,,,,,,,,,,
해왕과그들,부산광역시 금정구 부곡동 873-49,4,,,,,,,,,,,,,
해왕과그들,부산광역시 금정구 부곡동 873-49,5,,,,,,,,,,,,,
해왕과그들,부산광역시 금정구 부곡동 873-49,6,,,,,,,,,,,,,
자갈치곰장어,부산광역시 금정구 부곡동 873-50,0,,,,,,,,,,,,,
자갈치곰장어,부산광역시 금정구 부곡동 873-50,1,,,,,,,,,,,,,
자갈치곰장어,부산광역시 금정구 부곡동 873-50,2,,,,,,,,,,,,,
자갈치곰장어,부산광역시 금정구 부곡동 873-50,3,,,,,,,,,,,,,
자갈치곰장어,부산광역시 금정구 부곡동 873-50,4,,,,,,,,,,,,,
자갈치곰장어,부산광역시 금정구 부곡동 873-50,5,,,,,,,,,,,,,
자갈치곰장어,부산광역시 금정구 부곡동 873-50,6,,,,,,,,,,,,,
꼬꼬치킨,부산광역시 금정구 부곡동 873-8,0,,,,,,,,,,,,,
꼬꼬치킨,부산광역시 금정구 부곡동 873-8,1,,,,,,,,,,,,,
꼬꼬치킨,부산광역시 금정구 부곡동 873-8,2,,,,,,,,,,,,,
꼬꼬치킨,부산광역시 금정구 부곡동 873-8,3,,,,,,,,,,,,,
꼬꼬치킨,부산광역시 금정구 부곡동 873-8,4,,,,,,,,,,,,,
꼬꼬치킨,부산광역시 금정구 부곡동 873-8,5,,,,,,,,,,,,,
꼬꼬치킨,부산광역시 금정구 부곡동 873-8,6,,,,,,,,,,,,,
복스키친,부산광역시 금정구 부곡동 881-7,0,,,,,,TRUE,,,,,,,
복스키친,부산광역시 금정구 부곡동 881-7,1,,,,,,,,,,,,,
복스키친,부산광역시 금정구 부곡동 881-7,2,,,,,,,,,,,,,
복스키친,부산광역시 금정구 부곡동 881-7,3,,,,,,,,,,,,,
복스키친,부산광역시 금정구 부곡동 881-7,4,,,,,,,,,,,,,
복스키친,부산광역시 금정구 부곡동 881-7,5,,,,,,,,,,,,,
복스키친,부산광역시 금정구 부곡동 881-7,6,,,,,,,,,,,,,
수내닭꼬치,부산광역시 금정구 부곡동 886-9,0,,,,,,,,,,,,,
수내닭꼬치,부산광역시 금정구 부곡동 886-9,1,,,,,,,,,,,,,
수내닭꼬치,부산광역시 금정구 부곡동 886-9,2,,,,,,,,,,,,,
수내닭꼬치,부산광역시 금정구 부곡동 886-9,3,,,,,,,,,,,,,
수내닭꼬치,부산광역시 금정구 부곡동 886-9,4,,,,,,,,,,,,,
수내닭꼬치,부산광역시 금정구 부곡동 886-9,5,,,,,,,,,,,,,
수내닭꼬치,부산광역시 금정구 부곡동 886-9,6,,,,,,,,,,,,,
한우정,부산광역시 금정구 부곡동 888-6,0,,,,,,,,,,,,,
한우정,부산광역시 금정구 부곡동 888-6,1,,,,,,,,,,,,,
한우정,부산광역시 금정구 부곡동 888-6,2,,,,,,,,,,,,,
한우정,부산광역시 금정구 부곡동 888-6,3,,,,,,,,,,,,,
한우정,부산광역시 금정구 부곡동 888-6,4,,,,,,,,,,,,,
한우정,부산광역시 금정구 부곡동 888-6,5,,,,,,,,,,,,,
한우정,부산광역시 금정구 부곡동 888-6,6,,,,,,,,,,,,,
아구통,부산광역시 금정구 부곡동 888-7,0,,,,,,,,,,,,,
아구통,부산광역시 금정구 부곡동 888-7,1,,,,,,TRUE,,,,,,,
아구통,부산광역시 금정구 부곡동 888-7,2,,,,,,,,,,,,,
아구통,부산광역시 금정구 부곡동 888-7,3,,,,,,,,,,,,,
아구통,부산광역시 금정구 부곡동 888-7,4,,,,,,,,,,,,,
아구통,부산광역시 금정구 부곡동 888-7,5,,,,,,,,,,,,,
아구통,부산광역시 금정구 부곡동 888-7,6,,,,,,,,,,,,,
지성이해물찜,부산광역시 금정구 부곡동 888-7,0,,,,,,,,,,,,,
지성이해물찜,부산광역시 금정구 부곡동 888-7,1,,,,,,,,,,,,,
지성이해물찜,부산광역시 금정구 부곡동 888-7,2,,,,,,,,,,,,,
지성이해물찜,부산광역시 금정구 부곡동 888-7,3,,,,,,,,,,,,,
지성이해물찜,부산광역시 금정구 부곡동 888-7,4,,,,,,,,,,,,,
지성이해물찜,부산광역시 금정구 부곡동 888-7,5,,,,,,,,,,,,,
지성이해물찜,부산광역시 금정구 부곡동 888-7,6,,,,,,,,,,,,,
비비큐부산 부곡스마트점,부산광역시 금정구 부곡동 889-33,0,,,,,,,,,,,,,
비비큐부산 부곡스마트점,부산광역시 금정구 부곡동 889-33,1,,,,,,,,,,,,,
비비큐부산 부곡스마트점,부산광역시 금정구 부곡동 889-33,2,,,,,,,,,,,,,
비비큐부산 부곡스마트점,부산광역시 금정구 부곡동 889-33,3,,,,,,,,,,,,,
비비큐부산 부곡스마트점,부산광역시 금정구 부곡동 889-33,4,,,,,,,,,,,,,
비비큐부산 부곡스마트점,부산광역시 금정구 부곡동 889-33,5,,,,,,,,,,,,,
비비큐부산 부곡스마트점,부산광역시 금정구 부곡동 889-33,6,,,,,,,,,,,,,
굽네치킨 부곡2호점,부산광역시 금정구 부곡동 889-49,0,,,,,,,,,,,,,
굽네치킨 부곡2호점,부산광역시 금정구 부곡동 889-49,1,,,,,,,,,,,,,
굽네치킨 부곡2호점,부산광역시 금정구 부곡동 889-49,2,,,,,,,,,,,,,
굽네치킨 부곡2호점,부산광역시 금정구 부곡동 889-49,3,,,,,,,,,,,,,
굽네치킨 부곡2호점,부산광역시 금정구 부곡동 889-49,4,,,,,,,,,,,,,
굽네치킨 부곡2호점,부산광역시 금정구 부곡동 889-49,5,,,,,,,,,,,,,
굽네치킨 부곡2호점,부산광역시 금정구 부곡동 889-49,6,,,,,,,,,,,,,
다마다,부산광역시 금정구 부곡동 897-8,0,,,,,,,,,,,,,
다마다,부산광역시 금정구 부곡동 897-8,1,,,,,,,,,,,,,
다마다,부산광역시 금정구 부곡동 897-8,2,,,,,,,,,,,,,
다마다,부산광역시 금정구 부곡동 897-8,3,,,,,,,,,,,,,
다마다,부산광역시 금정구 부곡동 897-8,4,,,,,,,,,,,,,
다마다,부산광역시 금정구 부곡동 897-8,5,,,,,,,,,,,,,
다마다,부산광역시 금정구 부곡동 897-8,6,,,,,,,,,,,,,
한솥도시락부산가톨릭대점,부산광역시 금정구 부곡동 9-13,0,,,,,,,,,,,,,
한솥도시락부산가톨릭대점,부산광역시 금정구 부곡동 9-13,1,,,,,,,,,,,,,
한솥도시락부산가톨릭대점,부산광역시 금정구 부곡동 9-13,2,,,,,,,,,,,,,
한솥도시락부산가톨릭대점,부산광역시 금정구 부곡동 9-13,3,,,,,,,,,,,,,
한솥도시락부산가톨릭대점,부산광역시 금정구 부곡동 9-13,4,,,,,,,,,,,,,
한솥도시락부산가톨릭대점,부산광역시 금정구 부곡동 9-13,5,,,,,,,,,,,,,
한솥도시락부산가톨릭대점,부산광역시 금정구 부곡동 9-13,6,,,,,,,,,,,,,
청기와,부산광역시 금정구 부곡동 964-1,0,,,,,,,,,,,,,
청기와,부산광역시 금정구 부곡동 964-1,1,,,,,,,,,,,,,
청기와,부산광역시 금정구 부곡동 964-1,2,,,,,,,,,,,,,
청기와,부산광역시 금정구 부곡동 964-1,3,,,,,,,,,,,,,
청기와,부산광역시 금정구 부곡동 964-1,4,,,,,,,,,,,,,
청기와,부산광역시 금정구 부곡동 964-1,5,,,,,,,,,,,,,
청기와,부산광역시 금정구 부곡동 964-1,6,,,,,,,,,,,,,
젓가락질잘해야만 밥을먹나요,부산광역시 금정구 부곡동 977,0,,,,,,,,,,,,,
젓가락질잘해야만 밥을먹나요,부산광역시 금정구 부곡동 977,1,,,,,,,,,,,,,
젓가락질잘해야만 밥을먹나요,부산광역시 금정구 부곡동 977,2,,,,,,,,,,,,,
젓가락질잘해야만 밥을먹나요,부산광역시 금정구 부곡동 977,3,,,,,,,,,,,,,
젓가락질잘해야만 밥을먹나요,부산광역시 금정구 부곡동 977,4,,,,,,,,,,,,,
젓가락질잘해야만 밥을먹나요,부산광역시 금정구 부곡동 977,5,,,,,,,,,,,,,
젓가락질잘해야만 밥을먹나요,부산광역시 금정구 부곡동 977,6,,,,,,,,,,,,,
몽이두마리치킨,부산광역시 금정구 장전동 107-17,0,13:00,3:00,,,,,,,,,,,
몽이두마리치킨,부산광역시 금정구 장전동 107-17,1,13:00,3:00,,,,,,,,,,,
몽이두마리치킨,부산광역시 금정구 장전동 107-17,2,13:00,3:00,,,,,,,,,,,
몽이두마리치킨,부산광역시 금정구 장전동 107-17,3,13:00,3:00,,,,,,,,,,,
몽이두마리치킨,부산광역시 금정구 장전동 107-17,4,13:00,3:00,,,,,,,,,,,
몽이두마리치킨,부산광역시 금정구 장전동 107-17,5,13:00,3:00,,,,,,,,,,,
몽이두마리치킨,부산광역시 금정구 장전동 107-17,6,13:00,3:00,,,,,,,,,,,
대끼리육회,부산광역시 금정구 장전동 107-19,0,,,,,,,,,,,,,
대끼리육회,부산광역시 금정구 장전동 107-19,1,,,,,,,,,,,,,
대끼리육회,부산광역시 금정구 장전동 107-19,2,,,,,,,,,,,,,
대끼리육회,부산광역시 금정구 장전동 107-19,3,,,,,,,,,,,,,
대끼리육회,부산광역시 금정구 장전동 107-19,4,,,,,,,,,,,,,
대끼리육회,부산광역시 금정구 장전동 107-19,5,,,,,,,,,,,,,
대끼리육회,부산광역시 금정구 장전동 107-19,6,,,,,,,,,,,,,
연지네밥상,부산광역시 금정구 장전동 107-19,0,,,,,,,,,,,,,
연지네밥상,부산광역시 금정구 장전동 107-19,1,,,,,,,,,,,,,
연지네밥상,부산광역시 금정구 장전동 107-19,2,,,,,,,,,,,,,
연지네밥상,부산광역시 금정구 장전동 107-19,3,,,,,,,,,,,,,
연지네밥상,부산광역시 금정구 장전동 107-19,4,,,,,,,,,,,,,
연지네밥상,부산광역시 금정구 장전동 107-19,5,,,,,,,,,,,,,
연지네밥상,부산광역시 금정구 장전동 107-19,6,,,,,,,,,,,,,
희야네불고기,부산광역시 금정구 장전동 107-4,0,11:30,22:00,15:00,17:00,,,,,,,,,
희야네불고기,부산광역시 금정구 장전동 107-4,1,11:30,22:00,15:00,17:00,,,,,,,,,
희야네불고기,부산광역시 금정구 장전동 107-4,2,11:30,22:00,15:00,17:00,,,,,,,,,
희야네불고기,부산광역시 금정구 장전동 107-4,3,11:30,22:00,15:00,17:00,,,,,,,,,
희야네불고기,부산광역시 금정구 장전동 107-4,4,11:30,22:00,15:00,17:00,,,,,,,,,
희야네불고기,부산광역시 금정구 장전동 107-4,5,11:30,22:00,15:00,17:00,,,,,,,,,
희야네불고기,부산광역시 금정구 장전동 107-4,6,11:30,22:00,15:00,17:00,,,,,,,,,
평양메밀냉면,부산광역시 금정구 장전동 109-1,0,11:30,20:00,,,,,,,,,,,
평양메밀냉면,부산광역시 금정구 장전동 109-1,1,11:30,20:00,,,,,,,,,,,
평양메밀냉면,부산광역시 금정구 장전동 109-1,2,11:30,20:00,,,,,,,,,,,
평양메밀냉면,부산광역시 금정구 장전동 109-1,3,11:30,20:00,,,,,,,,,,,
평양메밀냉면,부산광역시 금정구 장전동 109-1,4,11:30,20:00,,,,,,,,,,,
평양메밀냉면,부산광역시 금정구 장전동 109-1,5,11:30,20:00,,,,,,,,,,,
평양메밀냉면,부산광역시 금정구 장전동 109-1,6,11:30,20:00,,,,,,,,,,,
꾸브라꼬숯불두마리치킨 장전직영점,부산광역시 금정구 장전동 115-2,0,16:00,1:00,,,,,,,,,,,
꾸브라꼬숯불두마리치킨 장전직영점,부산광역시 금정구 장전동 115-2,1,16:00,1:00,,,,,,,,,,,
꾸브라꼬숯불두마리치킨 장전직영점,부산광역시 금정구 장전동 115-2,2,16:00,1:00,,,,,,,,,,,
꾸브라꼬숯불두마리치킨 장전직영점,부산광역시 금정구 장전동 115-2,3,16:00,1:00,,,,,,,,,,,
꾸브라꼬숯불두마리치킨 장전직영점,부산광역시 금정구 장전동 115-2,4,16:00,1:00,,,,,,,,,,,
꾸브라꼬숯불두마리치킨 장전직영점,부산광역시 금정구 장전동 115-2,5,16:00,1:00,,,,,,,,,,,
꾸브라꼬숯불두마리치킨 장전직영점,부산광역시 금정구 장전동 115-2,6,16:00,1:00,,,,,,,,,,,
반올림피자샵,부산광역시 금정구 장전동 115-2,0,,,,,,,,,,,,,
반올림피자샵,부산광역시 금정구 장전동 115-2,1,,,,,,,,,,,,,
반올림피자샵,부산광역시 금정구 장전동 115-2,2,,,,,,,,,,,,,
반올림피자샵,부산광역시 금정구 장전동 115-2,3,,,,,,,,,,,,,
반올림피자샵,부산광역시 금정구 장전동 115-2,4,,,,,,,,,,,,,
반올림피자샵,부산광역시 금정구 장전동 115-2,5,,,,,,,,,,,,,
반올림피자샵,부산광역시 금정구 장전동 115-2,6,,,,,,,,,,,,,
올바른한상,부산광역시 금정구 장전동 115-8,0,,,,,,,,,,,,,
올바른한상,부산광역시 금정구 장전동 115-8,1,,,,,,,,,,,,,
올바른한상,부산광역시 금정구 장전동 115-8,2,,,,,,,,,,,,,
올바른한상,부산광역시 금정구 장전동 115-8,3,,,,,,,,,,,,,
올바른한상,부산광역시 금정구 장전동 115-8,4,,,,,,,,,,,,,
올바른한상,부산광역시 금정구 장전동 115-8,5,,,,,,,,,,,,,
올바른한상,부산광역시 금정구 장전동 115-8,6,,,,,,,,,,,,,
온정,부산광역시 금정구 장전동 116-12,0,,,,,,,,,,,,,
온정,부산광역시 금정구 장전동 116-12,1,,,,,,,,,,,,,
온정,부산광역시 금정구 장전동 116-12,2,,,,,,,,,,,,,
온정,부산광역시 금정구 장전동 116-12,3,,,,,,,,,,,,,
온정,부산광역시 금정구 장전동 116-12,4,,,,,,,,,,,,,
온정,부산광역시 금정구 장전동 116-12,5,,,,,,,,,,,,,
온정,부산광역시 금정구 장전동 116-12,6,,,,,,,,,,,,,
네옴,부산광역시 금정구 장전동 116-21,0,,,,,,,,,,,,,
네옴,부산광역시 금정구 장전동 116-21,1,,,,,,,,,,,,,
네옴,부산광역시 금정구 장전동 116-21,2,,,,,,,,,,,,,
네옴,부산광역시 금정구 장전동 116-21,3,,,,,,,,,,,,,
네옴,부산광역시 금정구 장전동 116-21,4,,,,,,,,,,,,,
네옴,부산광역시 금정구 장전동 116-21,5,,,,,,,,,,,,,
네옴,부산광역시 금정구 장전동 116-21,6,,,,,,,,,,,,,
하노이포포,부산광역시 금정구 장전동 117-1,0,10:00,20:00,15:00,17:00,,,,,,,,,
하노이포포,부산광역시 금정구 장전동 117-1,1,10:00,20:00,15:00,17:00,,,,,,,,,
하노이포포,부산광역시 금정구 장전동 117-1,2,10:00,20:00,15:00,17:00,,,,,,,,,
하노이포포,부산광역시 금정구 장전동 117-1,3,10:00,20:00,15:00,17:00,,,,,,,,,
하노이포포,부산광역시 금정구 장전동 117-1,4,10:00,20:00,15:00,17:00,,,,,,,,,
하노이포포,부산광역시 금정구 장전동 117-1,5,10:00,20:00,15:00,17:00,,,,,,,,,
하노이포포,부산광역시 금정구 장전동 117-1,6,10:00,20:00,15:00,17:00,,,,,,,,,
빵위에치즈 부산금정점,부산광역시 금정구 장전동 117-2,0,,,,,,,,,,,,,
빵위에치즈 부산금정점,부산광역시 금정구 장전동 117-2,1,,,,,,,,,,,,,
빵위에치즈 부산금정점,부산광역시 금정구 장전동 117-2,2,,,,,,,,,,,,,
빵위에치즈 부산금정점,부산광역시 금정구 장전동 117-2,3,,,,,,,,,,,,,
빵위에치즈 부산금정점,부산광역시 금정구 장전동 117-2,4,,,,,,,,,,,,,
빵위에치즈 부산금정점,부산광역시 금정구 장전동 117-2,5,,,,,,,,,,,,,
빵위에치즈 부산금정점,부산광역시 금정구 장전동 117-2,6,,,,,,,,,,,,,
고촌식당,부산광역시 금정구 장전동 126-27,0,,,,,,,,,,,,,
고촌식당,부산광역시 금정구 장전동 126-27,1,,,,,,,,,,,,,
고촌식당,부산광역시 금정구 장전동 126-27,2,,,,,,,,,,,,,
고촌식당,부산광역시 금정구 장전동 126-27,3,,,,,,,,,,,,,
고촌식당,부산광역시 금정구 장전동 126-27,4,,,,,,,,,,,,,
고촌식당,부산광역시 금정구 장전동 126-27,5,,,,,,,,,,,,,
고촌식당,부산광역시 금정구 장전동 126-27,6,,,,,,,,,,,,,
바로온쉐프,부산광역시 금정구 장전동 128-32,0,,,,,,,,,,,,,
바로온쉐프,부산광역시 금정구 장전동 128-32,1,,,,,,,,,,,,,
바로온쉐프,부산광역시 금정구 장전동 128-32,2,,,,,,,,,,,,,
바로온쉐프,부산광역시 금정구 장전동 128-32,3,,,,,,,,,,,,,
바로온쉐프,부산광역시 금정구 장전동 128-32,4,,,,,,,,,,,,,
바로온쉐프,부산광역시 금정구 장전동 128-32,5,,,,,,,,,,,,,
바로온쉐프,부산광역시 금정구 장전동 128-32,6,,,,,,,,,,,,,
정희네,부산광역시 금정구 장전동 128-32,0,11:00,21:30,14:30,17:00,,,,,,,,,
정희네,부산광역시 금정구 장전동 128-32,1,11:00,21:30,14:30,17:00,,,,,,,,,
정희네,부산광역시 금정구 장전동 128-32,2,11:00,21:30,14:30,17:00,,,,,,,,,
정희네,부산광역시 금정구 장전동 128-32,3,11:00,21:30,14:30,17:00,,,,,,,,,
정희네,부산광역시 금정구 장전동 128-32,4,11:00,21:30,14:30,17:00,,,,,,,,,
정희네,부산광역시 금정구 장전동 128-32,5,11:00,21:30,14:30,17:00,,,,,,,,,
정희네,부산광역시 금정구 장전동 128-32,6,11:00,21:30,14:30,17:00,,,,,,,,,
수림로족발,부산광역시 금정구 장전동 129-20,0,17:00,22:00,,,,,,,,,,,
수림로족발,부산광역시 금정구 장전동 129-20,1,17:00,22:00,,,,,,,,,,,
수림로족발,부산광역시 금정구 장전동 129-20,2,17:00,22:00,,,,,,,,,,,
수림로족발,부산광역시 금정구 장전동 129-20,3,17:00,22:00,,,,,,,,,,,
수림로족발,부산광역시 금정구 장전동 129-20,4,17:00,22:00,,,,,,,,,,,
수림로족발,부산광역시 금정구 장전동 129-20,5,17:00,22:00,,,,,,,,,,,
수림로족발,부산광역시 금정구 장전동 129-20,6,17:00,22:00,,,,,,,,,,,
피자뿌,부산광역시 금정구 장전동 130-19,0,,,,,,,,,,,,,
피자뿌,부산광역시 금정구 장전동 130-19,1,,,,,,,,,,,,,
피자뿌,부산광역시 금정구 장전동 130-19,2,,,,,,,,,,,,,
피자뿌,부산광역시 금정구 장전동 130-19,3,,,,,,,,,,,,,
피자뿌,부산광역시 금정구 장전동 130-19,4,,,,,,,,,,,,,
피자뿌,부산광역시 금정구 장전동 130-19,5,,,,,,,,,,,,,
피자뿌,부산광역시 금정구 장전동 130-19,6,,,,,,,,,,,,,
국수보리밥집,부산광역시 금정구 장전동 130-25,0,8:00,21:00,,,,,,,,,,,
국수보리밥집,부산광역시 금정구 장전동 130-25,1,8:00,21:00,,,,,,,,,,,
국수보리밥집,부산광역시 금정구 장전동 130-25,2,8:00,21:00,,,,,,,,,,,
국수보리밥집,부산광역시 금정구 장전동 130-25,3,8:00,21:00,,,,,,,,,,,
국수보리밥집,부산광역시 금정구 장전동 130-25,4,8:00,21:00,,,,,,,,,,,
국수보리밥집,부산광역시 금정구 장전동 130-25,5,8:00,21:00,,,,,,,,,,,
국수보리밥집,부산광역시 금정구 장전동 130-25,6,8:00,21:00,,,,,,,,,,,
의성국밥,부산광역시 금정구 장전동 134-12,0,8:00,22:00,,,,,,,,,,,
의성국밥,부산광역시 금정구 장전동 134-12,1,8:00,22:00,,,,,,,,,,,
의성국밥,부산광역시 금정구 장전동 134-12,2,8:00,22:00,,,,,,,,,,,
의성국밥,부산광역시 금정구 장전동 134-12,3,8:00,22:00,,,,,,,,,,,
의성국밥,부산광역시 금정구 장전동 134-12,4,8:00,22:00,,,,,,,,,,,
의성국밥,부산광역시 금정구 장전동 134-12,5,8:00,22:00,,,,,,,,,,,
의성국밥,부산광역시 금정구 장전동 134-12,6,8:00,22:00,,,,,,,,,,,
교촌치킨 장전1호점,부산광역시 금정구 장전동 134-19,0,,,,,,,,,,,,,
교촌치킨 장전1호점,부산광역시 금정구 장전동 134-19,1,,,,,,,,,,,,,
교촌치킨 장전1호점,부산광역시 금정구 장전동 134-19,2,,,,,,,,,,,,,
교촌치킨 장전1호점,부산광역시 금정구 장전동 134-19,3,,,,,,,,,,,,,
교촌치킨 장전1호점,부산광역시 금정구 장전동 134-19,4,,,,,,,,,,,,,
교촌치킨 장전1호점,부산광역시 금정구 장전동 134-19,5,,,,,,,,,,,,,
교촌치킨 장전1호점,부산광역시 금정구 장전동 134-19,6,,,,,,,,,,,,,
청년치킨,부산광역시 금정구 장전동 135-25,0,,,,,,,,,,,,,
청년치킨,부산광역시 금정구 장전동 135-25,1,,,,,,,,,,,,,
청년치킨,부산광역시 금정구 장전동 135-25,2,,,,,,,,,,,,,
청년치킨,부산광역시 금정구 장전동 135-25,3,,,,,,,,,,,,,
청년치킨,부산광역시 금정구 장전동 135-25,4,,,,,,,,,,,,,
청년치킨,부산광역시 금정구 장전동 135-25,5,,,,,,,,,,,,,
청년치킨,부산광역시 금정구 장전동 135-25,6,,,,,,,,,,,,,
우승,부산광역시 금정구 장전동 135-27,0,,,,,,,,,,,,,
우승,부산광역시 금정구 장전동 135-27,1,,,,,,,,,,,,,
우승,부산광역시 금정구 장전동 135-27,2,,,,,,,,,,,,,
우승,부산광역시 금정구 장전동 135-27,3,,,,,,,,,,,,,
우승,부산광역시 금정구 장전동 135-27,4,,,,,,,,,,,,,
우승,부산광역시 금정구 장전동 135-27,5,,,,,,,,,,,,,
우승,부산광역시 금정구 장전동 135-27,6,,,,,,,,,,,,,
오닭꼬치,부산광역시 금정구 장전동 135-6,0,,,,,,,,,,,,,
오닭꼬치,부산광역시 금정구 장전동 135-6,1,,,,,,,,,,,,,
오닭꼬치,부산광역시 금정구 장전동 135-6,2,,,,,,,,,,,,,
오닭꼬치,부산광역시 금정구 장전동 135-6,3,,,,,,,,,,,,,
오닭꼬치,부산광역시 금정구 장전동 135-6,4,,,,,,,,,,,,,
오닭꼬치,부산광역시 금정구 장전동 135-6,5,,,,,,,,,,,,,
오닭꼬치,부산광역시 금정구 장전동 135-6,6,,,,,,,,,,,,,
호호닭집,부산광역시 금정구 장전동 136-9,0,16:00,0:00,,,,,,,,,,,
호호닭집,부산광역시 금정구 장전동 136-9,1,16:00,0:00,,,,,,,,,,,
호호닭집,부산광역시 금정구 장전동 136-9,2,16:00,0:00,,,,,,,,,,,
호호닭집,부산광역시 금정구 장전동 136-9,3,16:00,0:00,,,,,,,,,,,
호호닭집,부산광역시 금정구 장전동 136-9,4,16:00,0:00,,,,,,,,,,,
호호닭집,부산광역시 금정구 장전동 136-9,5,16:00,0:00,,,,,,,,,,,
호호닭집,부산광역시 금정구 장전동 136-9,6,16:00,0:00,,,,,,,,,,,
부광식당,부산광역시 금정구 장전동 145-14,0,8:00,20:00,,,,,,,,,,,
부광식당,부산광역시 금정구 장전동 145-14,1,8:00,20:00,,,,,,,,,,,
부광식당,부산광역시 금정구 장전동 145-14,2,8:00,20:00,,,,,,,,,,,
부광식당,부산광역시 금정구 장전동 145-14,3,8:00,20:00,,,,,,,,,,,
부광식당,부산광역시 금정구 장전동 145-14,4,8:00,20:00,,,,,,,,,,,
부광식당,부산광역시 금정구 장전동 145-14,5,8:00,20:00,,,,,,,,,,,
부광식당,부산광역시 금정구 장전동 145-14,6,8:00,20:00,,,,,,,,,,,
에그랩,부산광역시 금정구 장전동 145-14,0,9:00,19:00,15:30,16:30,18:30,,,,,,,,
에그랩,부산광역시 금정구 장전동 145-14,1,9:00,19:00,15:30,16:30,18:30,,,,,,,,
에그랩,부산광역시 금정구 장전동 145-14,2,9:00,19:00,15:30,16:30,18:30,,,,,,,,
에그랩,부산광역시 금정구 장전동 145-14,3,9:00,19:00,15:30,16:30,18:30,,,,,,,,
에그랩,부산광역시 금정구 장전동 145-14,4,9:00,19:00,15:30,16:30,18:30,,,,,,,,
에그랩,부산광역시 금정구 장전동 145-14,5,9:00,19:00,15:30,16:30,18:30,,,,,,,,
에그랩,부산광역시 금정구 장전동 145-14,6,9:00,19:00,15:30,16:30,18:30,,,,,,,,
북맛골두부마을,부산광역시 금정구 장전동 145-15,0,10:00,22:00,,,,,,,,,,,
북맛골두부마을,부산광역시 금정구 장전동 145-15,1,10:00,22:00,,,,,,,,,,,
북맛골두부마을,부산광역시 금정구 장전동 145-15,2,10:00,22:00,,,,,,,,,,,
북맛골두부마을,부산광역시 금정구 장전동 145-15,3,10:00,22:00,,,,,,,,,,,
북맛골두부마을,부산광역시 금정구 장전동 145-15,4,10:00,22:00,,,,,,,,,,,
북맛골두부마을,부산광역시 금정구 장전동 145-15,5,10:00,22:00,,,,,,,,,,,
북맛골두부마을,부산광역시 금정구 장전동 145-15,6,10:00,22:00,,,,,,,,,,,
My Place,부산광역시 금정구 장전동 145-16,0,,,,,,,,,,,,,
My Place,부산광역시 금정구 장전동 145-16,1,,,,,,,,,,,,,
My Place,부산광역시 금정구 장전동 145-16,2,,,,,,,,,,,,,
My Place,부산광역시 금정구 장전동 145-16,3,,,,,,,,,,,,,
My Place,부산광역시 금정구 장전동 145-16,4,,,,,,,,,,,,,
My Place,부산광역시 금정구 장전동 145-16,5,,,,,,,,,,,,,
My Place,부산광역시 금정구 장전동 145-16,6,,,,,,,,,,,,,
드랍더미트,부산광역시 금정구 장전동 145-17,0,11:00,23:00,,,,,,,,,,,
드랍더미트,부산광역시 금정구 장전동 145-17,1,11:00,23:00,,,,,,,,,,,
드랍더미트,부산광역시 금정구 장전동 145-17,2,11:00,23:00,,,,,,,,,,,
드랍더미트,부산광역시 금정구 장전동 145-17,3,11:00,23:00,,,,,,,,,,,
드랍더미트,부산광역시 금정구 장전동 145-17,4,11:00,23:00,,,,,,,,,,,
드랍더미트,부산광역시 금정구 장전동 145-17,5,11:00,23:00,,,,,,,,,,,
드랍더미트,부산광역시 금정구 장전동 145-17,6,11:00,23:00,,,,,,,,,,,
상하이이모,부산광역시 금정구 장전동 145-19,0,11:00,21:00,,,,,,,,,,,
상하이이모,부산광역시 금정구 장전동 145-19,1,11:00,21:00,,,,,,,,,,,
상하이이모,부산광역시 금정구 장전동 145-19,2,11:00,21:00,,,,,,,,,,,
상하이이모,부산광역시 금정구 장전동 145-19,3,11:00,21:00,,,,,,,,,,,
상하이이모,부산광역시 금정구 장전동 145-19,4,11:00,21:00,,,,,,,,,,,
상하이이모,부산광역시 금정구 장전동 145-19,5,11:00,21:00,,,,,,,,,,,
상하이이모,부산광역시 금정구 장전동 145-19,6,11:00,21:00,,,,,,,,,,,
하마하마 베이크하우스,부산광역시 금정구 장전동 145-2,0,10:30,18:00,,,,,,,,,,,
하마하마 베이크하우스,부산광역시 금정구 장전동 145-2,1,10:30,18:00,,,,,,,,,,,
하마하마 베이크하우스,부산광역시 금정구 장전동 145-2,2,10:30,18:00,,,,,,,,,,,
하마하마 베이크하우스,부산광역시 금정구 장전동 145-2,3,10:30,18:00,,,,,,,,,,,
하마하마 베이크하우스,부산광역시 금정구 장전동 145-2,4,10:30,18:00,,,,,,,,,,,
하마하마 베이크하우스,부산광역시 금정구 장전동 145-2,5,10:30,18:00,,,,,,,,,,,
하마하마 베이크하우스,부산광역시 금정구 장전동 145-2,6,10:30,18:00,,,,,,,,,,,
오니라식탁,부산광역시 금정구 장전동 145-24,0,10:00,20:00,,,,,,,,,,,
오니라식탁,부산광역시 금정구 장전동 145-24,1,10:00,20:00,,,,,,,,,,,
오니라식탁,부산광역시 금정구 장전동 145-24,2,10:00,20:00,,,,,,,,,,,
오니라식탁,부산광역시 금정구 장전동 145-24,3,10:00,20:00,,,,,,,,,,,
오니라식탁,부산광역시 금정구 장전동 145-24,4,10:00,20:00,,,,,,,,,,,
오니라식탁,부산광역시 금정구 장전동 145-24,5,10:00,20:00,,,,,,,,,,,
오니라식탁,부산광역시 금정구 장전동 145-24,6,10:00,20:00,,,,,,,,,,,
토마토도시락 부산대점,부산광역시 금정구 장전동 145-24,0,,,,,,,,,,,,,
토마토도시락 부산대점,부산광역시 금정구 장전동 145-24,1,,,,,,,,,,,,,
토마토도시락 부산대점,부산광역시 금정구 장전동 145-24,2,,,,,,,,,,,,,
토마토도시락 부산대점,부산광역시 금정구 장전동 145-24,3,,,,,,,,,,,,,
토마토도시락 부산대점,부산광역시 금정구 장전동 145-24,4,,,,,,,,,,,,,
토마토도시락 부산대점,부산광역시 금정구 장전동 145-24,5,,,,,,,,,,,,,
토마토도시락 부산대점,부산광역시 금정구 장전동 145-24,6,,,,,,,,,,,,,
뉴숯불바베큐,부산광역시 금정구 장전동 146-2,0,16:00,0:00,,,,,,,,,,,
뉴숯불바베큐,부산광역시 금정구 장전동 146-2,1,16:00,0:00,,,,,,,,,,,
뉴숯불바베큐,부산광역시 금정구 장전동 146-2,2,16:00,0:00,,,,,,,,,,,
뉴숯불바베큐,부산광역시 금정구 장전동 146-2,3,16:00,0:00,,,,,,,,,,,
뉴숯불바베큐,부산광역시 금정구 장전동 146-2,4,16:00,0:00,,,,,,,,,,,
뉴숯불바베큐,부산광역시 금정구 장전동 146-2,5,16:00,0:00,,,,,,,,,,,
뉴숯불바베큐,부산광역시 금정구 장전동 146-2,6,16:00,0:00,,,,,,,,,,,
초원식당,부산광역시 금정구 장전동 146-2 ,0,7:00,19:30,,,,,,,,,,,
초원식당,부산광역시 금정구 장전동 146-2 ,1,7:00,19:30,,,,,,,,,,,
초원식당,부산광역시 금정구 장전동 146-2 ,2,7:00,19:30,,,,,,,,,,,
초원식당,부산광역시 금정구 장전동 146-2 ,3,7:00,19:30,,,,,,,,,,,
초원식당,부산광역시 금정구 장전동 146-2 ,4,7:00,19:30,,,,,,,,,,,
초원식당,부산광역시 금정구 장전동 146-2 ,5,7:00,19:30,,,,,,,,,,,
초원식당,부산광역시 금정구 장전동 146-2 ,6,7:00,19:30,,,,,,,,,,,
우리집-중국 전통 가정요리,부산광역시 금정구 장전동 146-20,0,10:00,23:00,15:00,16:30,22:00,,,,,,,,
우리집-중국 전통 가정요리,부산광역시 금정구 장전동 146-20,1,10:00,23:00,15:00,16:30,22:00,,,,,,,,
우리집-중국 전통 가정요리,부산광역시 금정구 장전동 146-20,2,10:00,23:00,15:00,16:30,22:00,,,,,,,,
우리집-중국 전통 가정요리,부산광역시 금정구 장전동 146-20,3,10:00,23:00,15:00,16:30,22:00,,,,,,,,
우리집-중국 전통 가정요리,부산광역시 금정구 장전동 146-20,4,10:00,23:00,15:00,16:30,22:00,,,,,,,,
우리집-중국 전통 가정요리,부산광역시 금정구 장전동 146-20,5,10:00,23:00,15:00,16:30,22:00,,,,,,,,
우리집-중국 전통 가정요리,부산광역시 금정구 장전동 146-20,6,10:00,23:00,15:00,16:30,22:00,,,,,,,,
허기식당,부산광역시 금정구 장전동 147-16 ,0,9:00,19:00,,,,,,,,,,,
허기식당,부산광역시 금정구 장전동 147-16 ,1,9:00,19:00,,,,,,,,,,,
허기식당,부산광역시 금정구 장전동 147-16 ,2,9:00,19:00,,,,,,,,,,,
허기식당,부산광역시 금정구 장전동 147-16 ,3,9:00,19:00,,,,,,,,,,,
허기식당,부산광역시 금정구 장전동 147-16 ,4,9:00,19:00,,,,,,,,,,,
허기식당,부산광역시 금정구 장전동 147-16 ,5,9:00,19:00,,,,,,,,,,,
허기식당,부산광역시 금정구 장전동 147-16 ,6,9:00,19:00,,,,,,,,,,,
춘리마라탕,부산광역시 금정구 장전동 147-17,0,,,,,,,,,,,,,
춘리마라탕,부산광역시 금정구 장전동 147-17,1,,,,,,,,,,,,,
춘리마라탕,부산광역시 금정구 장전동 147-17,2,,,,,,,,,,,,,
춘리마라탕,부산광역시 금정구 장전동 147-17,3,,,,,,,,,,,,,
춘리마라탕,부산광역시 금정구 장전동 147-17,4,,,,,,,,,,,,,
춘리마라탕,부산광역시 금정구 장전동 147-17,5,,,,,,,,,,,,,
춘리마라탕,부산광역시 금정구 장전동 147-17,6,,,,,,,,,,,,,
졸또,부산광역시 금정구 장전동 147-2,0,,,,,,,,,,,,,
졸또,부산광역시 금정구 장전동 147-2,1,,,,,,,,,,,,,
졸또,부산광역시 금정구 장전동 147-2,2,,,,,,,,,,,,,
졸또,부산광역시 금정구 장전동 147-2,3,,,,,,,,,,,,,
졸또,부산광역시 금정구 장전동 147-2,4,,,,,,,,,,,,,
졸또,부산광역시 금정구 장전동 147-2,5,,,,,,,,,,,,,
졸또,부산광역시 금정구 장전동 147-2,6,,,,,,,,,,,,,
대일반점,부산광역시 금정구 장전동 147-22,0,9:00,19:30,,,,,,,,,,,
대일반점,부산광역시 금정구 장전동 147-22,1,9:00,19:30,,,,,,,,,,,
대일반점,부산광역시 금정구 장전동 147-22,2,9:00,19:30,,,,,,,,,,,
대일반점,부산광역시 금정구 장전동 147-22,3,9:00,19:30,,,,,,,,,,,
대일반점,부산광역시 금정구 장전동 147-22,4,9:00,19:30,,,,,,,,,,,
대일반점,부산광역시 금정구 장전동 147-22,5,9:00,19:30,,,,,,,,,,,
대일반점,부산광역시 금정구 장전동 147-22,6,9:00,19:30,,,,,,,,,,,
고기의참맛,부산광역시 금정구 장전동 152-1,0,11:00,23:00,,,,,,,,,,,
고기의참맛,부산광역시 금정구 장전동 152-1,1,11:00,23:00,,,,,,,,,,,
고기의참맛,부산광역시 금정구 장전동 152-1,2,11:00,23:00,,,,,,,,,,,
고기의참맛,부산광역시 금정구 장전동 152-1,3,11:00,23:00,,,,,,,,,,,
고기의참맛,부산광역시 금정구 장전동 152-1,4,11:00,23:00,,,,,,,,,,,
고기의참맛,부산광역시 금정구 장전동 152-1,5,11:00,23:00,,,,,,,,,,,
고기의참맛,부산광역시 금정구 장전동 152-1,6,11:00,23:00,,,,,,,,,,,
비비큐 부산대북문점,부산광역시 금정구 장전동 152-10,0,,,,,,,,,,,,,
비비큐 부산대북문점,부산광역시 금정구 장전동 152-10,1,,,,,,,,,,,,,
비비큐 부산대북문점,부산광역시 금정구 장전동 152-10,2,,,,,,,,,,,,,
비비큐 부산대북문점,부산광역시 금정구 장전동 152-10,3,,,,,,,,,,,,,
비비큐 부산대북문점,부산광역시 금정구 장전동 152-10,4,,,,,,,,,,,,,
비비큐 부산대북문점,부산광역시 금정구 장전동 152-10,5,,,,,,,,,,,,,
비비큐 부산대북문점,부산광역시 금정구 장전동 152-10,6,,,,,,,,,,,,,
하마식당,부산광역시 금정구 장전동 152-7,0,10:00,21:00,,,20:30,,,,,,,,
하마식당,부산광역시 금정구 장전동 152-7,1,10:00,21:00,,,20:30,,,,,,,,
하마식당,부산광역시 금정구 장전동 152-7,2,10:00,21:00,,,20:30,,,,,,,,
하마식당,부산광역시 금정구 장전동 152-7,3,10:00,21:00,,,20:30,,,,,,,,
하마식당,부산광역시 금정구 장전동 152-7,4,10:00,21:00,,,20:30,,,,,,,,
하마식당,부산광역시 금정구 장전동 152-7,5,10:00,21:00,,,20:30,,,,,,,,
하마식당,부산광역시 금정구 장전동 152-7,6,10:00,21:00,,,20:30,,,,,,,,
피자스쿨 장전1동점,부산광역시 금정구 장전동 153-3,0,,,,,,,,,,,,,
피자스쿨 장전1동점,부산광역시 금정구 장전동 153-3,1,,,,,,,,,,,,,
피자스쿨 장전1동점,부산광역시 금정구 장전동 153-3,2,,,,,,,,,,,,,
피자스쿨 장전1동점,부산광역시 금정구 장전동 153-3,3,,,,,,,,,,,,,
피자스쿨 장전1동점,부산광역시 금정구 장전동 153-3,4,,,,,,,,,,,,,
피자스쿨 장전1동점,부산광역시 금정구 장전동 153-3,5,,,,,,,,,,,,,
피자스쿨 장전1동점,부산광역시 금정구 장전동 153-3,6,,,,,,,,,,,,,
1986옛날돈가스,부산광역시 금정구 장전동 153-4,0,11:00,20:30,,,,,,,,,,,
1986옛날돈가스,부산광역시 금정구 장전동 153-4,1,11:00,21:00,,,,,,,,,,,
1986옛날돈가스,부산광역시 금정구 장전동 153-4,2,11:00,21:00,,,,,,,,,,,
1986옛날돈가스,부산광역시 금정구 장전동 153-4,3,11:00,21:00,,,,,,,,,,,
1986옛날돈가스,부산광역시 금정구 장전동 153-4,4,11:00,21:00,,,,,,,,,,,
1986옛날돈가스,부산광역시 금정구 장전동 153-4,5,11:00,21:00,,,,,,,,,,,
1986옛날돈가스,부산광역시 금정구 장전동 153-4,6,11:00,20:30,,,,,,,,,,,
1986옛날돈까스 장전점,부산광역시 금정구 장전동 153-4,0,11:30,20:30,,,,,,,,,,,
1986옛날돈까스 장전점,부산광역시 금정구 장전동 153-4,1,11:00,21:00,,,,,,,,,,,
1986옛날돈까스 장전점,부산광역시 금정구 장전동 153-4,2,11:00,21:00,,,,,,,,,,,
1986옛날돈까스 장전점,부산광역시 금정구 장전동 153-4,3,11:00,21:00,,,,,,,,,,,
1986옛날돈까스 장전점,부산광역시 금정구 장전동 153-4,4,11:00,21:00,,,,,,,,,,,
1986옛날돈까스 장전점,부산광역시 금정구 장전동 153-4,5,11:00,21:00,,,,,,,,,,,
1986옛날돈까스 장전점,부산광역시 금정구 장전동 153-4,6,11:30,20:30,,,,,,,,,,,
와가야 금정점,부산광역시 금정구 장전동 154-16,0,10:30,21:00,,,,,,,,,,,
와가야 금정점,부산광역시 금정구 장전동 154-16,1,10:30,21:00,,,,,,,,,,,
와가야 금정점,부산광역시 금정구 장전동 154-16,2,10:30,21:00,,,,,,,,,,,
와가야 금정점,부산광역시 금정구 장전동 154-16,3,10:30,21:00,,,,,,,,,,,
와가야 금정점,부산광역시 금정구 장전동 154-16,4,10:30,21:00,,,,,,,,,,,
와가야 금정점,부산광역시 금정구 장전동 154-16,5,10:30,21:00,,,,,,,,,,,
와가야 금정점,부산광역시 금정구 장전동 154-16,6,10:30,21:00,,,,,,,,,,,
홍매사천요리,부산광역시 금정구 장전동 154-20 진흥빌라 ,0,11:00,22:00,,,,,,,,,,,
홍매사천요리,부산광역시 금정구 장전동 154-20 진흥빌라 ,1,11:00,22:00,,,,,,,,,,,
홍매사천요리,부산광역시 금정구 장전동 154-20 진흥빌라 ,2,11:00,22:00,,,,,,,,,,,
홍매사천요리,부산광역시 금정구 장전동 154-20 진흥빌라 ,3,11:00,22:00,,,,,,,,,,,
홍매사천요리,부산광역시 금정구 장전동 154-20 진흥빌라 ,4,11:00,22:00,,,,,,,,,,,
홍매사천요리,부산광역시 금정구 장전동 154-20 진흥빌라 ,5,11:00,22:00,,,,,,,,,,,
홍매사천요리,부산광역시 금정구 장전동 154-20 진흥빌라 ,6,11:00,22:00,,,,,,,,,,,
시장족발,부산광역시 금정구 장전동 154-3,0,,,,,,,,,,,,,
시장족발,부산광역시 금정구 장전동 154-3,1,,,,,,,,,,,,,
시장족발,부산광역시 금정구 장전동 154-3,2,,,,,,,,,,,,,
시장족발,부산광역시 금정구 장전동 154-3,3,,,,,,,,,,,,,
시장족발,부산광역시 금정구 장전동 154-3,4,,,,,,,,,,,,,
시장족발,부산광역시 금정구 장전동 154-3,5,,,,,,,,,,,,,
시장족발,부산광역시 금정구 장전동 154-3,6,,,,,,,,,,,,,
옐로우그램,부산광역시 금정구 장전동 154-3,0,9:00,14:00,,,,,,,,,,,
옐로우그램,부산광역시 금정구 장전동 154-3,1,9:00,14:00,,,,,,,,,,,
옐로우그램,부산광역시 금정구 장전동 154-3,2,9:00,20:00,,,,,,,,,,,
옐로우그램,부산광역시 금정구 장전동 154-3,3,9:00,20:00,,,,,,,,,,,
옐로우그램,부산광역시 금정구 장전동 154-3,4,9:00,20:00,,,,,,,,,,,
옐로우그램,부산광역시 금정구 장전동 154-3,5,9:00,20:00,,,,,,,,,,,
옐로우그램,부산광역시 금정구 장전동 154-3,6,9:00,20:00,,,,,,,,,,,
4242,부산광역시 금정구 장전동 154-32,0,9:00,16:00,,,,,,,,,,,
4242,부산광역시 금정구 장전동 154-32,1,9:00,16:00,,,,,,,,,,,
4242,부산광역시 금정구 장전동 154-32,2,9:00,16:00,,,,,,,,,,,
4242,부산광역시 금정구 장전동 154-32,3,9:00,16:00,,,,,,,,,,,
4242,부산광역시 금정구 장전동 154-32,4,9:00,16:00,,,,,,,,,,,
4242,부산광역시 금정구 장전동 154-32,5,9:00,16:00,,,,,,,,,,,
4242,부산광역시 금정구 장전동 154-32,6,9:00,16:00,,,,,,,,,,,
만냥통닭 장전점,부산광역시 금정구 장전동 155-1,0,14:00,1:00,,,,,,,,,,,
만냥통닭 장전점,부산광역시 금정구 장전동 155-1,1,14:00,1:00,,,,,,,,,,,
만냥통닭 장전점,부산광역시 금정구 장전동 155-1,2,14:00,1:00,,,,,,,,,,,
만냥통닭 장전점,부산광역시 금정구 장전동 155-1,3,14:00,1:00,,,,,,,,,,,
만냥통닭 장전점,부산광역시 금정구 장전동 155-1,4,14:00,1:00,,,,,,,,,,,
만냥통닭 장전점,부산광역시 금정구 장전동 155-1,5,14:00,1:00,,,,,,,,,,,
만냥통닭 장전점,부산광역시 금정구 장전동 155-1,6,14:00,1:00,,,,,,,,,,,
타코비장전점,부산광역시 금정구 장전동 155-1,0,,,,,,,,,,,,,
타코비장전점,부산광역시 금정구 장전동 155-1,1,,,,,,,,,,,,,
타코비장전점,부산광역시 금정구 장전동 155-1,2,,,,,,,,,,,,,
타코비장전점,부산광역시 금정구 장전동 155-1,3,,,,,,,,,,,,,
타코비장전점,부산광역시 금정구 장전동 155-1,4,,,,,,,,,,,,,
타코비장전점,부산광역시 금정구 장전동 155-1,5,,,,,,,,,,,,,
타코비장전점,부산광역시 금정구 장전동 155-1,6,,,,,,,,,,,,,
인생아구찜 금정점,부산광역시 금정구 장전동 155-13,0,11:00,2:00,,,,,,,,,,,
인생아구찜 금정점,부산광역시 금정구 장전동 155-13,1,11:00,2:00,,,,,,,,,,,
인생아구찜 금정점,부산광역시 금정구 장전동 155-13,2,11:00,2:00,,,,,,,,,,,
인생아구찜 금정점,부산광역시 금정구 장전동 155-13,3,11:00,2:00,,,,,,,,,,,
인생아구찜 금정점,부산광역시 금정구 장전동 155-13,4,11:00,2:00,,,,,,,,,,,
인생아구찜 금정점,부산광역시 금정구 장전동 155-13,5,11:00,2:00,,,,,,,,,,,
인생아구찜 금정점,부산광역시 금정구 장전동 155-13,6,11:00,2:00,,,,,,,,,,,
금옥이네김치찜&매운갈비찜,부산광역시 금정구 장전동 155-17,0,,,,,,,,,,,,,
금옥이네김치찜&매운갈비찜,부산광역시 금정구 장전동 155-17,1,,,,,,,,,,,,,
금옥이네김치찜&매운갈비찜,부산광역시 금정구 장전동 155-17,2,,,,,,,,,,,,,
금옥이네김치찜&매운갈비찜,부산광역시 금정구 장전동 155-17,3,,,,,,,,,,,,,
금옥이네김치찜&매운갈비찜,부산광역시 금정구 장전동 155-17,4,,,,,,,,,,,,,
금옥이네김치찜&매운갈비찜,부산광역시 금정구 장전동 155-17,5,,,,,,,,,,,,,
금옥이네김치찜&매운갈비찜,부산광역시 금정구 장전동 155-17,6,,,,,,,,,,,,,
나유타,부산광역시 금정구 장전동 155-17,0,12:00,20:00,15:00,17:00,19:30,,,,,,,,
나유타,부산광역시 금정구 장전동 155-17,1,12:00,20:00,15:00,17:00,19:30,,,,,,,,
나유타,부산광역시 금정구 장전동 155-17,2,12:00,20:00,15:00,17:00,19:30,,,,,,,,
나유타,부산광역시 금정구 장전동 155-17,3,12:00,20:00,15:00,17:00,19:30,,,,,,,,
나유타,부산광역시 금정구 장전동 155-17,4,12:00,20:00,15:00,17:00,19:30,,,,,,,,
나유타,부산광역시 금정구 장전동 155-17,5,12:00,20:00,15:00,17:00,19:30,,,,,,,,
나유타,부산광역시 금정구 장전동 155-17,6,12:00,20:00,15:00,17:00,19:30,,,,,,,,
볶음밥도사,부산광역시 금정구 장전동 155-17,0,,,,,,,,,,,,,
볶음밥도사,부산광역시 금정구 장전동 155-17,1,,,,,,,,,,,,,
볶음밥도사,부산광역시 금정구 장전동 155-17,2,,,,,,,,,,,,,
볶음밥도사,부산광역시 금정구 장전동 155-17,3,,,,,,,,,,,,,
볶음밥도사,부산광역시 금정구 장전동 155-17,4,,,,,,,,,,,,,
볶음밥도사,부산광역시 금정구 장전동 155-17,5,,,,,,,,,,,,,
볶음밥도사,부산광역시 금정구 장전동 155-17,6,,,,,,,,,,,,,
파스타데이지,부산광역시 금정구 장전동 155-17,0,,,,,,,,,,,,,
파스타데이지,부산광역시 금정구 장전동 155-17,1,,,,,,,,,,,,,
파스타데이지,부산광역시 금정구 장전동 155-17,2,,,,,,,,,,,,,
파스타데이지,부산광역시 금정구 장전동 155-17,3,,,,,,,,,,,,,
파스타데이지,부산광역시 금정구 장전동 155-17,4,,,,,,,,,,,,,
파스타데이지,부산광역시 금정구 장전동 155-17,5,,,,,,,,,,,,,
파스타데이지,부산광역시 금정구 장전동 155-17,6,,,,,,,,,,,,,
포레스트21,부산광역시 금정구 장전동 155-17,0,,,,,,,,,,,,,
포레스트21,부산광역시 금정구 장전동 155-17,1,,,,,,,,,,,,,
포레스트21,부산광역시 금정구 장전동 155-17,2,,,,,,,,,,,,,
포레스트21,부산광역시 금정구 장전동 155-17,3,,,,,,,,,,,,,
포레스트21,부산광역시 금정구 장전동 155-17,4,,,,,,,,,,,,,
포레스트21,부산광역시 금정구 장전동 155-17,5,,,,,,,,,,,,,
포레스트21,부산광역시 금정구 장전동 155-17,6,,,,,,,,,,,,,
제주대패랑옛날갈비,부산광역시 금정구 장전동 155-2,0,15:00,3:00,,,,,,,,,,,
제주대패랑옛날갈비,부산광역시 금정구 장전동 155-2,1,15:00,3:00,,,,,,,,,,,
제주대패랑옛날갈비,부산광역시 금정구 장전동 155-2,2,15:00,3:00,,,,,,,,,,,
제주대패랑옛날갈비,부산광역시 금정구 장전동 155-2,3,15:00,3:00,,,,,,,,,,,
제주대패랑옛날갈비,부산광역시 금정구 장전동 155-2,4,15:00,3:00,,,,,,,,,,,
제주대패랑옛날갈비,부산광역시 금정구 장전동 155-2,5,15:00,3:00,,,,,,,,,,,
제주대패랑옛날갈비,부산광역시 금정구 장전동 155-2,6,15:00,3:00,,,,,,,,,,,
장전동 회 수산센터,부산광역시 금정구 장전동 155-4,0,10:30,22:00,,,,,,,,,,,
장전동 회 수산센터,부산광역시 금정구 장전동 155-4,1,10:30,22:00,,,,,,,,,,,
장전동 회 수산센터,부산광역시 금정구 장전동 155-4,2,10:30,22:00,,,,,,,,,,,
장전동 회 수산센터,부산광역시 금정구 장전동 155-4,3,10:30,22:00,,,,,,,,,,,
장전동 회 수산센터,부산광역시 금정구 장전동 155-4,4,10:30,22:00,,,,,,,,,,,
장전동 회 수산센터,부산광역시 금정구 장전동 155-4,5,10:30,22:00,,,,,,,,,,,
장전동 회 수산센터,부산광역시 금정구 장전동 155-4,6,10:30,22:00,,,,,,,,,,,
푸름푸드,부산광역시 금정구 장전동 157-1,0,,,,,,,,,,,,,
푸름푸드,부산광역시 금정구 장전동 157-1,1,,,,,,,,,,,,,
푸름푸드,부산광역시 금정구 장전동 157-1,2,,,,,,,,,,,,,
푸름푸드,부산광역시 금정구 장전동 157-1,3,,,,,,,,,,,,,
푸름푸드,부산광역시 금정구 장전동 157-1,4,,,,,,,,,,,,,
푸름푸드,부산광역시 금정구 장전동 157-1,5,,,,,,,,,,,,,
푸름푸드,부산광역시 금정구 장전동 157-1,6,,,,,,,,,,,,,
히다마리,부산광역시 금정구 장전동 157-1,0,11:00,21:00,,,,,,,,,,,
히다마리,부산광역시 금정구 장전동 157-1,1,11:00,21:00,,,,,,,,,,,
히다마리,부산광역시 금정구 장전동 157-1,2,11:00,21:00,,,,,,,,,,,
히다마리,부산광역시 금정구 장전동 157-1,3,11:00,21:00,,,,,,,,,,,
히다마리,부산광역시 금정구 장전동 157-1,4,11:00,21:00,,,,,,,,,,,
히다마리,부산광역시 금정구 장전동 157-1,5,11:00,21:00,,,,,,,,,,,
히다마리,부산광역시 금정구 장전동 157-1,6,11:00,21:00,,,,,,,,,,,
맘스터치 부산대북문점,부산광역시 금정구 장전동 157-13,0,,,,,,,,,,,,,
맘스터치 부산대북문점,부산광역시 금정구 장전동 157-13,1,,,,,,,,,,,,,
맘스터치 부산대북문점,부산광역시 금정구 장전동 157-13,2,,,,,,,,,,,,,
맘스터치 부산대북문점,부산광역시 금정구 장전동 157-13,3,,,,,,,,,,,,,
맘스터치 부산대북문점,부산광역시 금정구 장전동 157-13,4,,,,,,,,,,,,,
맘스터치 부산대북문점,부산광역시 금정구 장전동 157-13,5,,,,,,,,,,,,,
맘스터치 부산대북문점,부산광역시 금정구 장전동 157-13,6,,,,,,,,,,,,,
구포국수,부산광역시 금정구 장전동 157-14,0,11:00,20:00,,,,,,,,,,,
구포국수,부산광역시 금정구 장전동 157-14,1,11:00,20:00,,,,,,,,,,,
구포국수,부산광역시 금정구 장전동 157-14,2,11:00,20:00,,,,,,,,,,,
구포국수,부산광역시 금정구 장전동 157-14,3,11:00,20:00,,,,,,,,,,,
구포국수,부산광역시 금정구 장전동 157-14,4,11:00,20:00,,,,,,,,,,,
구포국수,부산광역시 금정구 장전동 157-14,5,11:00,20:00,,,,,,,,,,,
구포국수,부산광역시 금정구 장전동 157-14,6,11:00,20:00,,,,,,,,,,,
늘아침,부산광역시 금정구 장전동 157-18,0,11:30,22:00,,,,,,,,,,,
늘아침,부산광역시 금정구 장전동 157-18,1,11:30,22:00,,,,,,,,,,,
늘아침,부산광역시 금정구 장전동 157-18,2,11:30,22:00,,,,,,,,,,,
늘아침,부산광역시 금정구 장전동 157-18,3,11:30,22:00,,,,,,,,,,,
늘아침,부산광역시 금정구 장전동 157-18,4,11:30,22:00,,,,,,,,,,,
늘아침,부산광역시 금정구 장전동 157-18,5,11:30,22:00,,,,,,,,,,,
늘아침,부산광역시 금정구 장전동 157-18,6,11:30,22:00,,,,,,,,,,,
피자덕 부산대점,부산광역시 금정구 장전동 157-29,0,,,,,,,,,,,,,
피자덕 부산대점,부산광역시 금정구 장전동 157-29,1,,,,,,,,,,,,,
피자덕 부산대점,부산광역시 금정구 장전동 157-29,2,,,,,,,,,,,,,
피자덕 부산대점,부산광역시 금정구 장전동 157-29,3,,,,,,,,,,,,,
피자덕 부산대점,부산광역시 금정구 장전동 157-29,4,,,,,,,,,,,,,
피자덕 부산대점,부산광역시 금정구 장전동 157-29,5,,,,,,,,,,,,,
피자덕 부산대점,부산광역시 금정구 장전동 157-29,6,,,,,,,,,,,,,
시민족발보쌈장전,부산광역시 금정구 장전동 157-9,0,,,,,,,,,,,,,
시민족발보쌈장전,부산광역시 금정구 장전동 157-9,1,,,,,,,,,,,,,
시민족발보쌈장전,부산광역시 금정구 장전동 157-9,2,,,,,,,,,,,,,
시민족발보쌈장전,부산광역시 금정구 장전동 157-9,3,,,,,,,,,,,,,
시민족발보쌈장전,부산광역시 금정구 장전동 157-9,4,,,,,,,,,,,,,
시민족발보쌈장전,부산광역시 금정구 장전동 157-9,5,,,,,,,,,,,,,
시민족발보쌈장전,부산광역시 금정구 장전동 157-9,6,,,,,,,,,,,,,
장전아구찜마을,부산광역시 금정구 장전동 158-10,0,11:00,22:00,,,,,,,,,,,
장전아구찜마을,부산광역시 금정구 장전동 158-10,1,11:00,22:00,,,,,,,,,,,
장전아구찜마을,부산광역시 금정구 장전동 158-10,2,11:00,22:00,,,,,,,,,,,
장전아구찜마을,부산광역시 금정구 장전동 158-10,3,11:00,22:00,,,,,,,,,,,
장전아구찜마을,부산광역시 금정구 장전동 158-10,4,11:00,22:00,,,,,,,,,,,
장전아구찜마을,부산광역시 금정구 장전동 158-10,5,11:00,22:00,,,,,,,,,,,
장전아구찜마을,부산광역시 금정구 장전동 158-10,6,11:00,22:00,,,,,,,,,,,
7번가피자임대업,부산광역시 금정구 장전동 158-2,0,,,,,,,,,,,,,
7번가피자임대업,부산광역시 금정구 장전동 158-2,1,,,,,,,,,,,,,
7번가피자임대업,부산광역시 금정구 장전동 158-2,2,,,,,,,,,,,,,
7번가피자임대업,부산광역시 금정구 장전동 158-2,3,,,,,,,,,,,,,
7번가피자임대업,부산광역시 금정구 장전동 158-2,4,,,,,,,,,,,,,
7번가피자임대업,부산광역시 금정구 장전동 158-2,5,,,,,,,,,,,,,
7번가피자임대업,부산광역시 금정구 장전동 158-2,6,,,,,,,,,,,,,
요달의찜닭 부산대점,부산광역시 금정구 장전동 158-21,0,,,,,,,,,,,,,
요달의찜닭 부산대점,부산광역시 금정구 장전동 158-21,1,,,,,,,,,,,,,
요달의찜닭 부산대점,부산광역시 금정구 장전동 158-21,2,,,,,,,,,,,,,
요달의찜닭 부산대점,부산광역시 금정구 장전동 158-21,3,,,,,,,,,,,,,
요달의찜닭 부산대점,부산광역시 금정구 장전동 158-21,4,,,,,,,,,,,,,
요달의찜닭 부산대점,부산광역시 금정구 장전동 158-21,5,,,,,,,,,,,,,
요달의찜닭 부산대점,부산광역시 금정구 장전동 158-21,6,,,,,,,,,,,,,
컴포즈 산성터널점,부산광역시 금정구 장전동 158-3,0,,,,,,,,,,,,,
컴포즈 산성터널점,부산광역시 금정구 장전동 158-3,1,,,,,,,,,,,,,
컴포즈 산성터널점,부산광역시 금정구 장전동 158-3,2,,,,,,,,,,,,,
컴포즈 산성터널점,부산광역시 금정구 장전동 158-3,3,,,,,,,,,,,,,
컴포즈 산성터널점,부산광역시 금정구 장전동 158-3,4,,,,,,,,,,,,,
컴포즈 산성터널점,부산광역시 금정구 장전동 158-3,5,,,,,,,,,,,,,
컴포즈 산성터널점,부산광역시 금정구 장전동 158-3,6,,,,,,,,,,,,,
행복하면,부산광역시 금정구 장전동 180-2,0,,,,,,,,,,,,,
행복하면,부산광역시 금정구 장전동 180-2,1,,,,,,,,,,,,,
행복하면,부산광역시 금정구 장전동 180-2,2,,,,,,,,,,,,,
행복하면,부산광역시 금정구 장전동 180-2,3,,,,,,,,,,,,,
행복하면,부산광역시 금정구 장전동 180-2,4,,,,,,,,,,,,,
행복하면,부산광역시 금정구 장전동 180-2,5,,,,,,,,,,,,,
행복하면,부산광역시 금정구 장전동 180-2,6,,,,,,,,,,,,,
구구족배달 부산금정점,부산광역시 금정구 장전동 180-3,0,,,,,,,,,,,,,
구구족배달 부산금정점,부산광역시 금정구 장전동 180-3,1,,,,,,,,,,,,,
구구족배달 부산금정점,부산광역시 금정구 장전동 180-3,2,,,,,,,,,,,,,
구구족배달 부산금정점,부산광역시 금정구 장전동 180-3,3,,,,,,,,,,,,,
구구족배달 부산금정점,부산광역시 금정구 장전동 180-3,4,,,,,,,,,,,,,
구구족배달 부산금정점,부산광역시 금정구 장전동 180-3,5,,,,,,,,,,,,,
구구족배달 부산금정점,부산광역시 금정구 장전동 180-3,6,,,,,,,,,,,,,
김치찜은못참지,부산광역시 금정구 장전동 194-1,0,11:00,23:00,,,,,,,,,,,
김치찜은못참지,부산광역시 금정구 장전동 194-1,1,11:00,23:00,,,,,,,,,,,
김치찜은못참지,부산광역시 금정구 장전동 194-1,2,11:00,23:00,,,,,,,,,,,
김치찜은못참지,부산광역시 금정구 장전동 194-1,3,11:00,23:00,,,,,,,,,,,
김치찜은못참지,부산광역시 금정구 장전동 194-1,4,11:00,23:00,,,,,,,,,,,
김치찜은못참지,부산광역시 금정구 장전동 194-1,5,11:00,23:00,,,,,,,,,,,
김치찜은못참지,부산광역시 금정구 장전동 194-1,6,11:00,23:00,,,,,,,,,,,
샤브앤나베,부산광역시 금정구 장전동 194-1,0,11:30,21:00,,,20:00,,,,,,,,
샤브앤나베,부산광역시 금정구 장전동 194-1,1,11:30,21:00,,,20:00,,,,,,,,
샤브앤나베,부산광역시 금정구 장전동 194-1,2,11:30,21:00,,,20:00,,,,,,,,
샤브앤나베,부산광역시 금정구 장전동 194-1,3,11:30,21:00,,,20:00,,,,,,,,
샤브앤나베,부산광역시 금정구 장전동 194-1,4,11:30,21:00,,,20:00,,,,,,,,
샤브앤나베,부산광역시 금정구 장전동 194-1,5,11:30,21:00,,,20:00,,,,,,,,
샤브앤나베,부산광역시 금정구 장전동 194-1,6,11:30,21:00,,,20:00,,,,,,,,
유식당장전역점,부산광역시 금정구 장전동 203-13,0,,,,,,,,,,,,,
유식당장전역점,부산광역시 금정구 장전동 203-13,1,,,,,,,,,,,,,
유식당장전역점,부산광역시 금정구 장전동 203-13,2,,,,,,,,,,,,,
유식당장전역점,부산광역시 금정구 장전동 203-13,3,,,,,,,,,,,,,
유식당장전역점,부산광역시 금정구 장전동 203-13,4,,,,,,,,,,,,,
유식당장전역점,부산광역시 금정구 장전동 203-13,5,,,,,,,,,,,,,
유식당장전역점,부산광역시 금정구 장전동 203-13,6,,,,,,,,,,,,,
진주성,부산광역시 금정구 장전동 203-14,0,11:00,20:30,,,,,,,,,,,
진주성,부산광역시 금정구 장전동 203-14,1,11:00,20:30,,,,,,,,,,,
진주성,부산광역시 금정구 장전동 203-14,2,11:00,20:30,,,,,,,,,,,
진주성,부산광역시 금정구 장전동 203-14,3,11:00,20:30,,,,,,,,,,,
진주성,부산광역시 금정구 장전동 203-14,4,11:00,20:30,,,,,,,,,,,
진주성,부산광역시 금정구 장전동 203-14,5,11:00,20:30,,,,,,,,,,,
진주성,부산광역시 금정구 장전동 203-14,6,11:00,20:30,,,,,,,,,,,
우아한상상,부산광역시 금정구 장전동 203-15,0,,,,,,,,,,,,,
우아한상상,부산광역시 금정구 장전동 203-15,1,,,,,,,,,,,,,
우아한상상,부산광역시 금정구 장전동 203-15,2,,,,,,,,,,,,,
우아한상상,부산광역시 금정구 장전동 203-15,3,,,,,,,,,,,,,
우아한상상,부산광역시 금정구 장전동 203-15,4,,,,,,,,,,,,,
우아한상상,부산광역시 금정구 장전동 203-15,5,,,,,,,,,,,,,
우아한상상,부산광역시 금정구 장전동 203-15,6,,,,,,,,,,,,,
더행복한밥상,부산광역시 금정구 장전동 203-18,0,11:00,21:00,,,,,,,,,,,
더행복한밥상,부산광역시 금정구 장전동 203-18,1,11:00,21:00,,,,,,,,,,,
더행복한밥상,부산광역시 금정구 장전동 203-18,2,11:00,21:00,,,,,,,,,,,
더행복한밥상,부산광역시 금정구 장전동 203-18,3,11:00,21:00,,,,,,,,,,,
더행복한밥상,부산광역시 금정구 장전동 203-18,4,11:00,21:00,,,,,,,,,,,
더행복한밥상,부산광역시 금정구 장전동 203-18,5,11:00,21:00,,,,,,,,,,,
더행복한밥상,부산광역시 금정구 장전동 203-18,6,11:00,21:00,,,,,,,,,,,
설봉돼지국밥,부산광역시 금정구 장전동 203-5,0,,,,,,,,,,,,,
설봉돼지국밥,부산광역시 금정구 장전동 203-5,1,,,,,,,,,,,,,
설봉돼지국밥,부산광역시 금정구 장전동 203-5,2,,,,,,,,,,,,,
설봉돼지국밥,부산광역시 금정구 장전동 203-5,3,,,,,,,,,,,,,
설봉돼지국밥,부산광역시 금정구 장전동 203-5,4,,,,,,,,,,,,,
설봉돼지국밥,부산광역시 금정구 장전동 203-5,5,,,,,,,,,,,,,
설봉돼지국밥,부산광역시 금정구 장전동 203-5,6,,,,,,,,,,,,,
충무산곰장어,부산광역시 금정구 장전동 203-8,0,11:00,23:00,,,,,,,,,,,
충무산곰장어,부산광역시 금정구 장전동 203-8,1,11:00,23:00,,,,,,,,,,,
충무산곰장어,부산광역시 금정구 장전동 203-8,2,11:00,23:00,,,,,,,,,,,
충무산곰장어,부산광역시 금정구 장전동 203-8,3,11:00,23:00,,,,,,,,,,,
충무산곰장어,부산광역시 금정구 장전동 203-8,4,11:00,23:00,,,,,,,,,,,
충무산곰장어,부산광역시 금정구 장전동 203-8,5,11:00,23:00,,,,,,,,,,,
충무산곰장어,부산광역시 금정구 장전동 203-8,6,11:00,23:00,,,,,,,,,,,
장터,부산광역시 금정구 장전동 204-12,0,11:00,22:00,,,,,,,,,,,
장터,부산광역시 금정구 장전동 204-12,1,11:00,22:00,,,,,,,,,,,
장터,부산광역시 금정구 장전동 204-12,2,11:00,22:00,,,,,,,,,,,
장터,부산광역시 금정구 장전동 204-12,3,11:00,22:00,,,,,,,,,,,
장터,부산광역시 금정구 장전동 204-12,4,11:00,22:00,,,,,,,,,,,
장터,부산광역시 금정구 장전동 204-12,5,11:00,22:00,,,,,,,,,,,
장터,부산광역시 금정구 장전동 204-12,6,11:00,22:00,,,,,,,,,,,
장터,부산광역시 금정구 장전동 204-12 ,0,11:00,22:00,,,,,,,,,,,
장터,부산광역시 금정구 장전동 204-12 ,1,11:00,22:00,,,,,,,,,,,
장터,부산광역시 금정구 장전동 204-12 ,2,11:00,22:00,,,,,,,,,,,
장터,부산광역시 금정구 장전동 204-12 ,3,11:00,22:00,,,,,,,,,,,
장터,부산광역시 금정구 장전동 204-12 ,4,11:00,22:00,,,,,,,,,,,
장터,부산광역시 금정구 장전동 204-12 ,5,11:00,22:00,,,,,,,,,,,
장터,부산광역시 금정구 장전동 204-12 ,6,11:00,22:00,,,,,,,,,,,
금정아구찜,부산광역시 금정구 장전동 204-6,0,9:30,21:00,,,,,,,,,,,
금정아구찜,부산광역시 금정구 장전동 204-6,1,9:30,21:00,,,,,,,,,,,
금정아구찜,부산광역시 금정구 장전동 204-6,2,9:30,21:00,,,,,,,,,,,
금정아구찜,부산광역시 금정구 장전동 204-6,3,9:30,21:00,,,,,,,,,,,
금정아구찜,부산광역시 금정구 장전동 204-6,4,9:30,21:00,,,,,,,,,,,
금정아구찜,부산광역시 금정구 장전동 204-6,5,9:30,21:00,,,,,,,,,,,
금정아구찜,부산광역시 금정구 장전동 204-6,6,9:30,21:00,,,,,,,,,,,
곤지암소머리국밥,부산광역시 금정구 장전동 208-1,0,,,,,,,,,,,,,
곤지암소머리국밥,부산광역시 금정구 장전동 208-1,1,,,,,,,,,,,,,
곤지암소머리국밥,부산광역시 금정구 장전동 208-1,2,,,,,,,,,,,,,
곤지암소머리국밥,부산광역시 금정구 장전동 208-1,3,,,,,,,,,,,,,
곤지암소머리국밥,부산광역시 금정구 장전동 208-1,4,,,,,,,,,,,,,
곤지암소머리국밥,부산광역시 금정구 장전동 208-1,5,,,,,,,,,,,,,
곤지암소머리국밥,부산광역시 금정구 장전동 208-1,6,,,,,,,,,,,,,
백범루,부산광역시 금정구 장전동 208-7,0,,,,,,,,,,,,,
백범루,부산광역시 금정구 장전동 208-7,1,,,,,,,,,,,,,
백범루,부산광역시 금정구 장전동 208-7,2,,,,,,,,,,,,,
백범루,부산광역시 금정구 장전동 208-7,3,,,,,,,,,,,,,
백범루,부산광역시 금정구 장전동 208-7,4,,,,,,,,,,,,,
백범루,부산광역시 금정구 장전동 208-7,5,,,,,,,,,,,,,
백범루,부산광역시 금정구 장전동 208-7,6,,,,,,,,,,,,,
킹갓성비두마리치킨,부산광역시 금정구 장전동 211-13,0,8:30,2:00,,,,,,,,,,,
킹갓성비두마리치킨,부산광역시 금정구 장전동 211-13,1,8:30,2:00,,,,,,,,,,,
킹갓성비두마리치킨,부산광역시 금정구 장전동 211-13,2,8:30,2:00,,,,,,,,,,,
킹갓성비두마리치킨,부산광역시 금정구 장전동 211-13,3,8:30,2:00,,,,,,,,,,,
킹갓성비두마리치킨,부산광역시 금정구 장전동 211-13,4,8:30,2:00,,,,,,,,,,,
킹갓성비두마리치킨,부산광역시 금정구 장전동 211-13,5,8:30,2:00,,,,,,,,,,,
킹갓성비두마리치킨,부산광역시 금정구 장전동 211-13,6,8:30,2:00,,,,,,,,,,,
해물천국,부산광역시 금정구 장전동 211-16,0,17:00,0:00,,,,,,,,,,,
해물천국,부산광역시 금정구 장전동 211-16,1,17:00,0:00,,,,,,,,,,,
해물천국,부산광역시 금정구 장전동 211-16,2,17:00,0:00,,,,,,,,,,,
해물천국,부산광역시 금정구 장전동 211-16,3,17:00,0:00,,,,,,,,,,,
해물천국,부산광역시 금정구 장전동 211-16,4,17:00,0:00,,,,,,,,,,,
해물천국,부산광역시 금정구 장전동 211-16,5,17:00,0:00,,,,,,,,,,,
해물천국,부산광역시 금정구 장전동 211-16,6,17:00,0:00,,,,,,,,,,,
미성왕만두국밥,부산광역시 금정구 장전동 211-5,0,,,,,,,,,,,,,
미성왕만두국밥,부산광역시 금정구 장전동 211-5,1,,,,,,,,,,,,,
미성왕만두국밥,부산광역시 금정구 장전동 211-5,2,,,,,,,,,,,,,
미성왕만두국밥,부산광역시 금정구 장전동 211-5,3,,,,,,,,,,,,,
미성왕만두국밥,부산광역시 금정구 장전동 211-5,4,,,,,,,,,,,,,
미성왕만두국밥,부산광역시 금정구 장전동 211-5,5,,,,,,,,,,,,,
미성왕만두국밥,부산광역시 금정구 장전동 211-5,6,,,,,,,,,,,,,
가거도횟집,부산광역시 금정구 장전동 211-6,0,11:00,22:00,,,,,,,,,,,
가거도횟집,부산광역시 금정구 장전동 211-6,1,11:00,22:00,,,,,,,,,,,
가거도횟집,부산광역시 금정구 장전동 211-6,2,11:00,22:00,,,,,,,,,,,
가거도횟집,부산광역시 금정구 장전동 211-6,3,11:00,22:00,,,,,,,,,,,
가거도횟집,부산광역시 금정구 장전동 211-6,4,11:00,22:00,,,,,,,,,,,
가거도횟집,부산광역시 금정구 장전동 211-6,5,11:00,22:00,,,,,,,,,,,
가거도횟집,부산광역시 금정구 장전동 211-6,6,11:00,22:00,,,,,,,,,,,
히로돈카츠,부산광역시 금정구 장전동 211-7,0,11:00,21:00,,,,,,,,,,,
히로돈카츠,부산광역시 금정구 장전동 211-7,1,11:00,21:00,,,,,,,,,,,
히로돈카츠,부산광역시 금정구 장전동 211-7,2,11:00,21:00,,,,,,,,,,,
히로돈카츠,부산광역시 금정구 장전동 211-7,3,11:00,21:00,,,,,,,,,,,
히로돈카츠,부산광역시 금정구 장전동 211-7,4,11:00,21:00,,,,,,,,,,,
히로돈카츠,부산광역시 금정구 장전동 211-7,5,11:00,21:00,,,,,,,,,,,
히로돈카츠,부산광역시 금정구 장전동 211-7,6,11:00,21:00,,,,,,,,,,,
자매칼국수,부산광역시 금정구 장전동 213-3,0,10:00,20:00,,,,,,,,,,,
자매칼국수,부산광역시 금정구 장전동 213-3,1,10:00,20:00,,,,,,,,,,,
자매칼국수,부산광역시 금정구 장전동 213-3,2,10:00,20:00,,,,,,,,,,,
자매칼국수,부산광역시 금정구 장전동 213-3,3,10:00,20:00,,,,,,,,,,,
자매칼국수,부산광역시 금정구 장전동 213-3,4,10:00,20:00,,,,,,,,,,,
자매칼국수,부산광역시 금정구 장전동 213-3,5,10:00,20:00,,,,,,,,,,,
자매칼국수,부산광역시 금정구 장전동 213-3,6,10:00,20:00,,,,,,,,,,,
처갓집양념통닭 장전점,부산광역시 금정구 장전동 213-9,0,,,,,,,,,,,,,
처갓집양념통닭 장전점,부산광역시 금정구 장전동 213-9,1,,,,,,,,,,,,,
처갓집양념통닭 장전점,부산광역시 금정구 장전동 213-9,2,,,,,,,,,,,,,
처갓집양념통닭 장전점,부산광역시 금정구 장전동 213-9,3,,,,,,,,,,,,,
처갓집양념통닭 장전점,부산광역시 금정구 장전동 213-9,4,,,,,,,,,,,,,
처갓집양념통닭 장전점,부산광역시 금정구 장전동 213-9,5,,,,,,,,,,,,,
처갓집양념통닭 장전점,부산광역시 금정구 장전동 213-9,6,,,,,,,,,,,,,
칠자족발,부산광역시 금정구 장전동 219-3,0,,,,,,,,,,,,,
칠자족발,부산광역시 금정구 장전동 219-3,1,,,,,,,,,,,,,
칠자족발,부산광역시 금정구 장전동 219-3,2,,,,,,,,,,,,,
칠자족발,부산광역시 금정구 장전동 219-3,3,,,,,,,,,,,,,
칠자족발,부산광역시 금정구 장전동 219-3,4,,,,,,,,,,,,,
칠자족발,부산광역시 금정구 장전동 219-3,5,,,,,,,,,,,,,
칠자족발,부산광역시 금정구 장전동 219-3,6,,,,,,,,,,,,,
빽보이피자 부산장전점,부산광역시 금정구 장전동 219-7,0,,,,,,,,,,,,,
빽보이피자 부산장전점,부산광역시 금정구 장전동 219-7,1,,,,,,,,,,,,,
빽보이피자 부산장전점,부산광역시 금정구 장전동 219-7,2,,,,,,,,,,,,,
빽보이피자 부산장전점,부산광역시 금정구 장전동 219-7,3,,,,,,,,,,,,,
빽보이피자 부산장전점,부산광역시 금정구 장전동 219-7,4,,,,,,,,,,,,,
빽보이피자 부산장전점,부산광역시 금정구 장전동 219-7,5,,,,,,,,,,,,,
빽보이피자 부산장전점,부산광역시 금정구 장전동 219-7,6,,,,,,,,,,,,,
오븐마루,부산광역시 금정구 장전동 221-1,0,,,,,,,,,,,,,
오븐마루,부산광역시 금정구 장전동 221-1,1,,,,,,,,,,,,,
오븐마루,부산광역시 금정구 장전동 221-1,2,,,,,,,,,,,,,
오븐마루,부산광역시 금정구 장전동 221-1,3,,,,,,,,,,,,,
오븐마루,부산광역시 금정구 장전동 221-1,4,,,,,,,,,,,,,
오븐마루,부산광역시 금정구 장전동 221-1,5,,,,,,,,,,,,,
오븐마루,부산광역시 금정구 장전동 221-1,6,,,,,,,,,,,,,
장전상회,부산광역시 금정구 장전동 221-1,0,18:00,1:00,,,,,,,,,,,
장전상회,부산광역시 금정구 장전동 221-1,1,18:00,2:00,,,,,,,,,,,
장전상회,부산광역시 금정구 장전동 221-1,2,18:00,2:00,,,,,,,,,,,
장전상회,부산광역시 금정구 장전동 221-1,3,18:00,2:00,,,,,,,,,,,
장전상회,부산광역시 금정구 장전동 221-1,4,18:00,2:00,,,,,,,,,,,
장전상회,부산광역시 금정구 장전동 221-1,5,18:00,2:00,,,,,,,,,,,
장전상회,부산광역시 금정구 장전동 221-1,6,18:00,2:00,,,,,,,,,,,
인자한키친,부산광역시 금정구 장전동 221-10,0,11:30,19:40,15:00,17:30,,,,,,,,,
인자한키친,부산광역시 금정구 장전동 221-10,1,11:30,19:40,15:00,17:30,,,,,,,,,
인자한키친,부산광역시 금정구 장전동 221-10,2,11:30,19:40,15:00,17:30,,,,,,,,,
인자한키친,부산광역시 금정구 장전동 221-10,3,11:30,19:40,15:00,17:30,,,,,,,,,
인자한키친,부산광역시 금정구 장전동 221-10,4,11:30,19:40,15:00,17:30,,,,,,,,,
인자한키친,부산광역시 금정구 장전동 221-10,5,11:30,19:40,15:00,17:30,,,,,,,,,
인자한키친,부산광역시 금정구 장전동 221-10,6,11:30,19:40,15:00,17:30,,,,,,,,,
원조장충왕족발,부산광역시 금정구 장전동 221-6,0,15:00,23:00,,,,,,,,,,,
원조장충왕족발,부산광역시 금정구 장전동 221-6,1,15:00,23:00,,,,,,,,,,,
원조장충왕족발,부산광역시 금정구 장전동 221-6,2,15:00,23:00,,,,,,,,,,,
원조장충왕족발,부산광역시 금정구 장전동 221-6,3,15:00,23:00,,,,,,,,,,,
원조장충왕족발,부산광역시 금정구 장전동 221-6,4,15:00,23:00,,,,,,,,,,,
원조장충왕족발,부산광역시 금정구 장전동 221-6,5,15:00,23:00,,,,,,,,,,,
원조장충왕족발,부산광역시 금정구 장전동 221-6,6,15:00,23:00,,,,,,,,,,,
앤,부산광역시 금정구 장전동 222-17,0,,,,,,,,,,,,,
앤,부산광역시 금정구 장전동 222-17,1,,,,,,,,,,,,,
앤,부산광역시 금정구 장전동 222-17,2,,,,,,,,,,,,,
앤,부산광역시 금정구 장전동 222-17,3,,,,,,,,,,,,,
앤,부산광역시 금정구 장전동 222-17,4,,,,,,,,,,,,,
앤,부산광역시 금정구 장전동 222-17,5,,,,,,,,,,,,,
앤,부산광역시 금정구 장전동 222-17,6,,,,,,,,,,,,,
명장허짜장,부산광역시 금정구 장전동 222-2,0,11:30,20:30,,,,,,,,,,,
명장허짜장,부산광역시 금정구 장전동 222-2,1,11:30,20:30,,,,,,,,,,,
명장허짜장,부산광역시 금정구 장전동 222-2,2,11:30,20:30,,,,,,,,,,,
명장허짜장,부산광역시 금정구 장전동 222-2,3,11:30,20:30,,,,,,,,,,,
명장허짜장,부산광역시 금정구 장전동 222-2,4,11:30,20:30,,,,,,,,,,,
명장허짜장,부산광역시 금정구 장전동 222-2,5,11:30,20:30,,,,,,,,,,,
명장허짜장,부산광역시 금정구 장전동 222-2,6,11:30,20:30,,,,,,,,,,,
샐러디 부산장전역점,부산광역시 금정구 장전동 222-2,0,,,,,,,,,,,,,
샐러디 부산장전역점,부산광역시 금정구 장전동 222-2,1,,,,,,,,,,,,,
샐러디 부산장전역점,부산광역시 금정구 장전동 222-2,2,,,,,,,,,,,,,
샐러디 부산장전역점,부산광역시 금정구 장전동 222-2,3,,,,,,,,,,,,,
샐러디 부산장전역점,부산광역시 금정구 장전동 222-2,4,,,,,,,,,,,,,
샐러디 부산장전역점,부산광역시 금정구 장전동 222-2,5,,,,,,,,,,,,,
샐러디 부산장전역점,부산광역시 금정구 장전동 222-2,6,,,,,,,,,,,,,
성애문현곱창,부산광역시 금정구 장전동 222-2 ,0,16:00,22:00,,,,,,,,,,,
성애문현곱창,부산광역시 금정구 장전동 222-2 ,1,16:00,0:00,,,,,,,,,,,
성애문현곱창,부산광역시 금정구 장전동 222-2 ,2,16:00,0:00,,,,,,,,,,,
성애문현곱창,부산광역시 금정구 장전동 222-2 ,3,16:00,0:00,,,,,,,,,,,
성애문현곱창,부산광역시 금정구 장전동 222-2 ,4,16:00,0:00,,,,,,,,,,,
성애문현곱창,부산광역시 금정구 장전동 222-2 ,5,16:00,0:00,,,,,,,,,,,
성애문현곱창,부산광역시 금정구 장전동 222-2 ,6,16:00,0:00,,,,,,,,,,,
맛촌,부산광역시 금정구 장전동 225-2,0,8:00,19:00,,,,,,,,,,,
맛촌,부산광역시 금정구 장전동 225-2,1,8:00,19:00,,,,,,,,,,,
맛촌,부산광역시 금정구 장전동 225-2,2,8:00,19:00,,,,,,,,,,,
맛촌,부산광역시 금정구 장전동 225-2,3,8:00,19:00,,,,,,,,,,,
맛촌,부산광역시 금정구 장전동 225-2,4,8:00,19:00,,,,,,,,,,,
맛촌,부산광역시 금정구 장전동 225-2,5,8:00,19:00,,,,,,,,,,,
맛촌,부산광역시 금정구 장전동 225-2,6,8:00,19:00,,,,,,,,,,,
맛나는돈까스,부산광역시 금정구 장전동 225-4,0,,,,,,TRUE,,,,,,,
맛나는돈까스,부산광역시 금정구 장전동 225-4,1,11:00,21:00,,,,,,,,,,,
맛나는돈까스,부산광역시 금정구 장전동 225-4,2,11:00,21:00,,,,,,,,,,,
맛나는돈까스,부산광역시 금정구 장전동 225-4,3,11:00,21:00,,,,,,,,,,,
맛나는돈까스,부산광역시 금정구 장전동 225-4,4,11:00,21:00,,,,,,,,,,,
맛나는돈까스,부산광역시 금정구 장전동 225-4,5,11:00,21:00,,,,,,,,,,,
맛나는돈까스,부산광역시 금정구 장전동 225-4,6,11:30,19:30,,,,,,,,,,,
시골촌 부산대점,부산광역시 금정구 장전동 226-3,0,,,,,,,,,,,,,
시골촌 부산대점,부산광역시 금정구 장전동 226-3,1,,,,,,,,,,,,,
시골촌 부산대점,부산광역시 금정구 장전동 226-3,2,,,,,,,,,,,,,
시골촌 부산대점,부산광역시 금정구 장전동 226-3,3,,,,,,,,,,,,,
시골촌 부산대점,부산광역시 금정구 장전동 226-3,4,,,,,,,,,,,,,
시골촌 부산대점,부산광역시 금정구 장전동 226-3,5,,,,,,,,,,,,,
시골촌 부산대점,부산광역시 금정구 장전동 226-3,6,,,,,,,,,,,,,
파스타리아,부산광역시 금정구 장전동 226-7,0,11:00,21:00,,,20:00,,,,,,,,
파스타리아,부산광역시 금정구 장전동 226-7,1,11:00,21:00,,,20:00,,,,,,,,
파스타리아,부산광역시 금정구 장전동 226-7,2,11:00,21:00,,,20:00,,,,,,,,
파스타리아,부산광역시 금정구 장전동 226-7,3,11:00,21:00,,,20:00,,,,,,,,
파스타리아,부산광역시 금정구 장전동 226-7,4,11:00,21:00,,,20:00,,,,,,,,
파스타리아,부산광역시 금정구 장전동 226-7,5,11:00,21:00,,,20:00,,,,,,,,
파스타리아,부산광역시 금정구 장전동 226-7,6,11:00,21:00,,,20:00,,,,,,,,
숲,부산광역시 금정구 장전동 228-10,0,,,,,,TRUE,,,,,,,
숲,부산광역시 금정구 장전동 228-10,1,9:00,21:00,,,,,,,,,,,
숲,부산광역시 금정구 장전동 228-10,2,9:00,21:00,,,,,,,,,,,
숲,부산광역시 금정구 장전동 228-10,3,9:00,21:00,,,,,,,,,,,
숲,부산광역시 금정구 장전동 228-10,4,9:00,21:00,,,,,,,,,,,
숲,부산광역시 금정구 장전동 228-10,5,9:00,21:00,,,,,,,,,,,
숲,부산광역시 금정구 장전동 228-10,6,9:00,19:00,,,,,,,,,,,
오태식해바라기 치킨금정점,부산광역시 금정구 장전동 229-17,0,,,,,,,,,,,,,
오태식해바라기 치킨금정점,부산광역시 금정구 장전동 229-17,1,,,,,,,,,,,,,
오태식해바라기 치킨금정점,부산광역시 금정구 장전동 229-17,2,,,,,,,,,,,,,
오태식해바라기 치킨금정점,부산광역시 금정구 장전동 229-17,3,,,,,,,,,,,,,
오태식해바라기 치킨금정점,부산광역시 금정구 장전동 229-17,4,,,,,,,,,,,,,
오태식해바라기 치킨금정점,부산광역시 금정구 장전동 229-17,5,,,,,,,,,,,,,
오태식해바라기 치킨금정점,부산광역시 금정구 장전동 229-17,6,,,,,,,,,,,,,
충무대구탕,부산광역시 금정구 장전동 230-10,0,11:00,15:00,,,14:30,,,,,,,,
충무대구탕,부산광역시 금정구 장전동 230-10,1,11:00,15:00,,,14:30,,,,,,,,
충무대구탕,부산광역시 금정구 장전동 230-10,2,11:00,15:00,,,14:30,,,,,,,,
충무대구탕,부산광역시 금정구 장전동 230-10,3,11:00,15:00,,,14:30,,,,,,,,
충무대구탕,부산광역시 금정구 장전동 230-10,4,11:00,15:00,,,14:30,,,,,,,,
충무대구탕,부산광역시 금정구 장전동 230-10,5,11:00,15:00,,,14:30,,,,,,,,
충무대구탕,부산광역시 금정구 장전동 230-10,6,11:00,15:00,,,14:30,,,,,,,,
옐로우피자 부산대점,부산광역시 금정구 장전동 230-25,0,,,,,,,,,,,,,
옐로우피자 부산대점,부산광역시 금정구 장전동 230-25,1,,,,,,,,,,,,,
옐로우피자 부산대점,부산광역시 금정구 장전동 230-25,2,,,,,,,,,,,,,
옐로우피자 부산대점,부산광역시 금정구 장전동 230-25,3,,,,,,,,,,,,,
옐로우피자 부산대점,부산광역시 금정구 장전동 230-25,4,,,,,,,,,,,,,
옐로우피자 부산대점,부산광역시 금정구 장전동 230-25,5,,,,,,,,,,,,,
옐로우피자 부산대점,부산광역시 금정구 장전동 230-25,6,,,,,,,,,,,,,
다국적식탁,부산광역시 금정구 장전동 232-57,0,,,,,,,,,,,,,
다국적식탁,부산광역시 금정구 장전동 232-57,1,,,,,,,,,,,,,
다국적식탁,부산광역시 금정구 장전동 232-57,2,,,,,,,,,,,,,
다국적식탁,부산광역시 금정구 장전동 232-57,3,,,,,,,,,,,,,
다국적식탁,부산광역시 금정구 장전동 232-57,4,,,,,,,,,,,,,
다국적식탁,부산광역시 금정구 장전동 232-57,5,,,,,,,,,,,,,
다국적식탁,부산광역시 금정구 장전동 232-57,6,,,,,,,,,,,,,
명주네보쌈,부산광역시 금정구 장전동 232-58,0,11:00,21:00,,,,,,,,,,,
명주네보쌈,부산광역시 금정구 장전동 232-58,1,11:00,21:00,,,,,,,,,,,
명주네보쌈,부산광역시 금정구 장전동 232-58,2,11:00,21:00,,,,,,,,,,,
명주네보쌈,부산광역시 금정구 장전동 232-58,3,11:00,21:00,,,,,,,,,,,
명주네보쌈,부산광역시 금정구 장전동 232-58,4,11:00,21:00,,,,,,,,,,,
명주네보쌈,부산광역시 금정구 장전동 232-58,5,11:00,21:00,,,,,,,,,,,
명주네보쌈,부산광역시 금정구 장전동 232-58,6,11:00,21:00,,,,,,,,,,,
소장수,부산광역시 금정구 장전동 232-9,0,,,,,,,,,,,,,
소장수,부산광역시 금정구 장전동 232-9,1,,,,,,,,,,,,,
소장수,부산광역시 금정구 장전동 232-9,2,,,,,,,,,,,,,
소장수,부산광역시 금정구 장전동 232-9,3,,,,,,,,,,,,,
소장수,부산광역시 금정구 장전동 232-9,4,,,,,,,,,,,,,
소장수,부산광역시 금정구 장전동 232-9,5,,,,,,,,,,,,,
소장수,부산광역시 금정구 장전동 232-9,6,,,,,,,,,,,,,
나이트폴,부산광역시 금정구 장전동 233-32,0,12:00,21:30,15:00,17:30,,,,,,,,,
나이트폴,부산광역시 금정구 장전동 233-32,1,12:00,21:30,15:00,17:30,,,,,,,,,
나이트폴,부산광역시 금정구 장전동 233-32,2,12:00,21:30,15:00,17:30,,,,,,,,,
나이트폴,부산광역시 금정구 장전동 233-32,3,12:00,21:30,15:00,17:30,,,,,,,,,
나이트폴,부산광역시 금정구 장전동 233-32,4,12:00,21:30,15:00,17:30,,,,,,,,,
나이트폴,부산광역시 금정구 장전동 233-32,5,12:00,21:30,15:00,17:30,,,,,,,,,
나이트폴,부산광역시 금정구 장전동 233-32,6,12:00,21:30,15:00,17:30,,,,,,,,,
원조밀면,부산광역시 금정구 장전동 233-6,0,10:30,15:00,,,,,,,,,,,
원조밀면,부산광역시 금정구 장전동 233-6,1,10:30,15:00,,,,,,,,,,,
원조밀면,부산광역시 금정구 장전동 233-6,2,10:30,15:00,,,,,,,,,,,
원조밀면,부산광역시 금정구 장전동 233-6,3,10:30,15:00,,,,,,,,,,,
원조밀면,부산광역시 금정구 장전동 233-6,4,10:30,15:00,,,,,,,,,,,
원조밀면,부산광역시 금정구 장전동 233-6,5,10:30,15:00,,,,,,,,,,,
원조밀면,부산광역시 금정구 장전동 233-6,6,10:30,15:00,,,,,,,,,,,
원조밀면,부산광역시 금정구 장전동 233-6 1층 ,0,10:30,15:00,,,,,,,,,,,
원조밀면,부산광역시 금정구 장전동 233-6 1층 ,1,10:30,15:00,,,,,,,,,,,
원조밀면,부산광역시 금정구 장전동 233-6 1층 ,2,10:30,15:00,,,,,,,,,,,
원조밀면,부산광역시 금정구 장전동 233-6 1층 ,3,10:30,15:00,,,,,,,,,,,
원조밀면,부산광역시 금정구 장전동 233-6 1층 ,4,10:30,15:00,,,,,,,,,,,
원조밀면,부산광역시 금정구 장전동 233-6 1층 ,5,10:30,15:00,,,,,,,,,,,
원조밀면,부산광역시 금정구 장전동 233-6 1층 ,6,10:30,15:00,,,,,,,,,,,
로얄팟타이,부산광역시 금정구 장전동 235-10,0,,,,,,,,,,,,,
로얄팟타이,부산광역시 금정구 장전동 235-10,1,,,,,,,,,,,,,
로얄팟타이,부산광역시 금정구 장전동 235-10,2,,,,,,,,,,,,,
로얄팟타이,부산광역시 금정구 장전동 235-10,3,,,,,,,,,,,,,
로얄팟타이,부산광역시 금정구 장전동 235-10,4,,,,,,,,,,,,,
로얄팟타이,부산광역시 금정구 장전동 235-10,5,,,,,,,,,,,,,
로얄팟타이,부산광역시 금정구 장전동 235-10,6,,,,,,,,,,,,,
돼지게티 부산대점,부산광역시 금정구 장전동 263-106,0,,,,,,,,,,,,,
돼지게티 부산대점,부산광역시 금정구 장전동 263-106,1,,,,,,,,,,,,,
돼지게티 부산대점,부산광역시 금정구 장전동 263-106,2,,,,,,,,,,,,,
돼지게티 부산대점,부산광역시 금정구 장전동 263-106,3,,,,,,,,,,,,,
돼지게티 부산대점,부산광역시 금정구 장전동 263-106,4,,,,,,,,,,,,,
돼지게티 부산대점,부산광역시 금정구 장전동 263-106,5,,,,,,,,,,,,,
돼지게티 부산대점,부산광역시 금정구 장전동 263-106,6,,,,,,,,,,,,,
모노클제이,부산광역시 금정구 장전동 268-1,0,,,,,,,,,,,,,
모노클제이,부산광역시 금정구 장전동 268-1,1,,,,,,,,,,,,,
모노클제이,부산광역시 금정구 장전동 268-1,2,,,,,,,,,,,,,
모노클제이,부산광역시 금정구 장전동 268-1,3,,,,,,,,,,,,,
모노클제이,부산광역시 금정구 장전동 268-1,4,,,,,,,,,,,,,
모노클제이,부산광역시 금정구 장전동 268-1,5,,,,,,,,,,,,,
모노클제이,부산광역시 금정구 장전동 268-1,6,,,,,,,,,,,,,
기영이숯불두마리치킨 부산대점,부산광역시 금정구 장전동 269-14,0,11:30,2:00,,,,,,,,,,,
기영이숯불두마리치킨 부산대점,부산광역시 금정구 장전동 269-14,1,14:00,2:00,,,,,,,,,,,
기영이숯불두마리치킨 부산대점,부산광역시 금정구 장전동 269-14,2,14:00,2:00,,,,,,,,,,,
기영이숯불두마리치킨 부산대점,부산광역시 금정구 장전동 269-14,3,14:00,2:00,,,,,,,,,,,
기영이숯불두마리치킨 부산대점,부산광역시 금정구 장전동 269-14,4,14:00,2:00,,,,,,,,,,,
기영이숯불두마리치킨 부산대점,부산광역시 금정구 장전동 269-14,5,14:00,2:00,,,,,,,,,,,
기영이숯불두마리치킨 부산대점,부산광역시 금정구 장전동 269-14,6,11:30,2:00,,,,,,,,,,,
찌개생각,부산광역시 금정구 장전동 269-15,0,,,,,,,,,,,,,
찌개생각,부산광역시 금정구 장전동 269-15,1,,,,,,,,,,,,,
찌개생각,부산광역시 금정구 장전동 269-15,2,,,,,,,,,,,,,
찌개생각,부산광역시 금정구 장전동 269-15,3,,,,,,,,,,,,,
찌개생각,부산광역시 금정구 장전동 269-15,4,,,,,,,,,,,,,
찌개생각,부산광역시 금정구 장전동 269-15,5,,,,,,,,,,,,,
찌개생각,부산광역시 금정구 장전동 269-15,6,,,,,,,,,,,,,
담다,부산광역시 금정구 장전동 269-3,0,,,,,,,,,,,,,
담다,부산광역시 금정구 장전동 269-3,1,,,,,,,,,,,,,
담다,부산광역시 금정구 장전동 269-3,2,,,,,,,,,,,,,
담다,부산광역시 금정구 장전동 269-3,3,,,,,,,,,,,,,
담다,부산광역시 금정구 장전동 269-3,4,,,,,,,,,,,,,
담다,부산광역시 금정구 장전동 269-3,5,,,,,,,,,,,,,
담다,부산광역시 금정구 장전동 269-3,6,,,,,,,,,,,,,
후라이드참잘하는집 부산대점,부산광역시 금정구 장전동 269-5,0,,,,,,,,,,,,,
후라이드참잘하는집 부산대점,부산광역시 금정구 장전동 269-5,1,,,,,,,,,,,,,
후라이드참잘하는집 부산대점,부산광역시 금정구 장전동 269-5,2,,,,,,,,,,,,,
후라이드참잘하는집 부산대점,부산광역시 금정구 장전동 269-5,3,,,,,,,,,,,,,
후라이드참잘하는집 부산대점,부산광역시 금정구 장전동 269-5,4,,,,,,,,,,,,,
후라이드참잘하는집 부산대점,부산광역시 금정구 장전동 269-5,5,,,,,,,,,,,,,
후라이드참잘하는집 부산대점,부산광역시 금정구 장전동 269-5,6,,,,,,,,,,,,,
인디키친,부산광역시 금정구 장전동 293-106,0,12:00,20:50,,,,,,,,,,,
인디키친,부산광역시 금정구 장전동 293-106,1,12:00,20:50,,,,,,,,,,,
인디키친,부산광역시 금정구 장전동 293-106,2,12:00,20:50,,,,,,,,,,,
인디키친,부산광역시 금정구 장전동 293-106,3,12:00,20:50,,,,,,,,,,,
인디키친,부산광역시 금정구 장전동 293-106,4,12:00,20:50,,,,,,,,,,,
인디키친,부산광역시 금정구 장전동 293-106,5,12:00,20:50,,,,,,,,,,,
인디키친,부산광역시 금정구 장전동 293-106,6,12:00,20:50,,,,,,,,,,,
면식당 부산대점,부산광역시 금정구 장전동 293-116,0,,,,,,,,,,,,,
면식당 부산대점,부산광역시 금정구 장전동 293-116,1,,,,,,,,,,,,,
면식당 부산대점,부산광역시 금정구 장전동 293-116,2,,,,,,,,,,,,,
면식당 부산대점,부산광역시 금정구 장전동 293-116,3,,,,,,,,,,,,,
면식당 부산대점,부산광역시 금정구 장전동 293-116,4,,,,,,,,,,,,,
면식당 부산대점,부산광역시 금정구 장전동 293-116,5,,,,,,,,,,,,,
면식당 부산대점,부산광역시 금정구 장전동 293-116,6,,,,,,,,,,,,,
바삭대구홀릭,부산광역시 금정구 장전동 293-138,0,11:00,2:00,,,,,,,,,,,
바삭대구홀릭,부산광역시 금정구 장전동 293-138,1,11:00,2:00,,,,,,,,,,,
바삭대구홀릭,부산광역시 금정구 장전동 293-138,2,11:00,2:00,,,,,,,,,,,
바삭대구홀릭,부산광역시 금정구 장전동 293-138,3,11:00,2:00,,,,,,,,,,,
바삭대구홀릭,부산광역시 금정구 장전동 293-138,4,11:00,2:00,,,,,,,,,,,
바삭대구홀릭,부산광역시 금정구 장전동 293-138,5,11:00,2:00,,,,,,,,,,,
바삭대구홀릭,부산광역시 금정구 장전동 293-138,6,11:00,2:00,,,,,,,,,,,
베트남골목식당,부산광역시 금정구 장전동 293-138,0,10:00,21:00,,,,,,,,,,,
베트남골목식당,부산광역시 금정구 장전동 293-138,1,10:00,21:00,,,,,,,,,,,
베트남골목식당,부산광역시 금정구 장전동 293-138,2,10:00,21:00,,,,,,,,,,,
베트남골목식당,부산광역시 금정구 장전동 293-138,3,10:00,21:00,,,,,,,,,,,
베트남골목식당,부산광역시 금정구 장전동 293-138,4,10:00,21:00,,,,,,,,,,,
베트남골목식당,부산광역시 금정구 장전동 293-138,5,10:00,21:00,,,,,,,,,,,
베트남골목식당,부산광역시 금정구 장전동 293-138,6,10:00,21:00,,,,,,,,,,,
난스시,부산광역시 금정구 장전동 293-140,0,11:30,21:00,15:00,17:00,,,,,,,,,
난스시,부산광역시 금정구 장전동 293-140,1,11:30,21:00,15:00,17:00,,,,,,,,,
난스시,부산광역시 금정구 장전동 293-140,2,11:30,21:00,15:00,17:00,,,,,,,,,
난스시,부산광역시 금정구 장전동 293-140,3,11:30,21:00,15:00,17:00,,,,,,,,,
난스시,부산광역시 금정구 장전동 293-140,4,11:30,21:00,15:00,17:00,,,,,,,,,
난스시,부산광역시 금정구 장전동 293-140,5,11:30,21:00,15:00,17:00,,,,,,,,,
난스시,부산광역시 금정구 장전동 293-140,6,11:30,21:00,15:00,17:00,,,,,,,,,
웍헤이,부산광역시 금정구 장전동 293-155,0,11:30,20:30,15:00,16:30,,,,,,,,,
웍헤이,부산광역시 금정구 장전동 293-155,1,11:30,20:30,15:00,16:30,,,,,,,,,
웍헤이,부산광역시 금정구 장전동 293-155,2,11:30,20:30,15:00,16:30,,,,,,,,,
웍헤이,부산광역시 금정구 장전동 293-155,3,11:30,20:30,15:00,16:30,,,,,,,,,
웍헤이,부산광역시 금정구 장전동 293-155,4,11:30,20:30,15:00,16:30,,,,,,,,,
웍헤이,부산광역시 금정구 장전동 293-155,5,11:30,20:30,15:00,16:30,,,,,,,,,
웍헤이,부산광역시 금정구 장전동 293-155,6,11:30,20:30,15:00,16:30,,,,,,,,,
서문국수,부산광역시 금정구 장전동 293-159,0,11:30,20:30,15:00,17:00,,,,,,,,,
서문국수,부산광역시 금정구 장전동 293-159,1,11:30,20:30,15:00,17:00,,,,,,,,,
서문국수,부산광역시 금정구 장전동 293-159,2,11:30,20:30,15:00,17:00,,,,,,,,,
서문국수,부산광역시 금정구 장전동 293-159,3,11:30,20:30,15:00,17:00,,,,,,,,,
서문국수,부산광역시 금정구 장전동 293-159,4,11:30,20:30,15:00,17:00,,,,,,,,,
서문국수,부산광역시 금정구 장전동 293-159,5,11:30,20:30,15:00,17:00,,,,,,,,,
서문국수,부산광역시 금정구 장전동 293-159,6,11:30,20:30,15:00,17:00,,,,,,,,,
진경가마솥돼지국밥,부산광역시 금정구 장전동 293-177,0,12:00,0:00,,,,,,,,,,,
진경가마솥돼지국밥,부산광역시 금정구 장전동 293-177,1,8:00,22:00,,,,,,,,,,,
진경가마솥돼지국밥,부산광역시 금정구 장전동 293-177,2,12:00,0:00,,,,,,,,,,,
진경가마솥돼지국밥,부산광역시 금정구 장전동 293-177,3,12:00,0:00,,,,,,,,,,,
진경가마솥돼지국밥,부산광역시 금정구 장전동 293-177,4,12:00,0:00,,,,,,,,,,,
진경가마솥돼지국밥,부산광역시 금정구 장전동 293-177,5,12:00,0:00,,,,,,,,,,,
진경가마솥돼지국밥,부산광역시 금정구 장전동 293-177,6,12:00,0:00,,,,,,,,,,,
스나쿠,부산광역시 금정구 장전동 293-19,0,11:30,20:30,15:00,17:00,,,,,,,,,
스나쿠,부산광역시 금정구 장전동 293-19,1,11:30,20:30,15:00,17:00,,,,,,,,,
스나쿠,부산광역시 금정구 장전동 293-19,2,11:30,20:30,15:00,17:00,,,,,,,,,
스나쿠,부산광역시 금정구 장전동 293-19,3,11:30,20:30,15:00,17:00,,,,,,,,,
스나쿠,부산광역시 금정구 장전동 293-19,4,11:30,20:30,15:00,17:00,,,,,,,,,
스나쿠,부산광역시 금정구 장전동 293-19,5,11:30,20:30,15:00,17:00,,,,,,,,,
스나쿠,부산광역시 금정구 장전동 293-19,6,11:30,20:30,15:00,17:00,,,,,,,,,
포맨티코,부산광역시 금정구 장전동 293-196,0,11:00,21:00,15:00,16:00,,,,,,,,,
포맨티코,부산광역시 금정구 장전동 293-196,1,11:00,21:00,15:00,16:30,,,,,,,,,
포맨티코,부산광역시 금정구 장전동 293-196,2,11:00,21:00,15:00,16:00,,,,,,,,,
포맨티코,부산광역시 금정구 장전동 293-196,3,11:00,21:00,15:00,16:30,,,,,,,,,
포맨티코,부산광역시 금정구 장전동 293-196,4,11:00,21:00,15:00,16:00,,,,,,,,,
포맨티코,부산광역시 금정구 장전동 293-196,5,11:00,21:00,15:00,16:30,,,,,,,,,
포맨티코,부산광역시 금정구 장전동 293-196,6,11:00,21:00,15:00,16:00,,,,,,,,,
포맨티코,부산광역시 금정구 장전동 293-196,0,11:00,21:00,15:00,16:30,,,,,,,,,
포맨티코,부산광역시 금정구 장전동 293-196,1,11:00,21:00,15:00,16:00,,,,,,,,,
포맨티코,부산광역시 금정구 장전동 293-196,2,11:00,21:00,15:00,16:30,,,,,,,,,
포맨티코,부산광역시 금정구 장전동 293-196,3,11:00,21:00,15:00,16:00,,,,,,,,,
포맨티코,부산광역시 금정구 장전동 293-196,4,11:00,21:00,15:00,16:30,,,,,,,,,
포맨티코,부산광역시 금정구 장전동 293-196,5,11:00,21:00,15:00,16:00,,,,,,,,,
포맨티코,부산광역시 금정구 장전동 293-196,6,11:00,21:00,15:00,16:30,,,,,,,,,
코노지,부산광역시 금정구 장전동 293-204,0,18:00,2:00,,,1:00,,,,,,,,
코노지,부산광역시 금정구 장전동 293-204,1,18:00,2:00,,,1:00,,,,,,,,
코노지,부산광역시 금정구 장전동 293-204,2,18:00,2:00,,,1:00,,,,,,,,
코노지,부산광역시 금정구 장전동 293-204,3,18:00,2:00,,,1:00,,,,,,,,
코노지,부산광역시 금정구 장전동 293-204,4,18:00,2:00,,,1:00,,,,,,,,
코노지,부산광역시 금정구 장전동 293-204,5,18:00,2:00,,,1:00,,,,,,,,
코노지,부산광역시 금정구 장전동 293-204,6,18:00,2:00,,,1:00,,,,,,,,
비비드드림,부산광역시 금정구 장전동 293-205,0,11:00,21:00,15:00,17:00,20:30,,,,,,,,
비비드드림,부산광역시 금정구 장전동 293-205,1,11:00,21:00,15:00,17:00,20:30,,,,,,,,
비비드드림,부산광역시 금정구 장전동 293-205,2,11:00,21:00,15:00,17:00,20:30,,,,,,,,
비비드드림,부산광역시 금정구 장전동 293-205,3,11:00,21:00,15:00,17:00,20:30,,,,,,,,
비비드드림,부산광역시 금정구 장전동 293-205,4,11:00,21:00,15:00,17:00,20:30,,,,,,,,
비비드드림,부산광역시 금정구 장전동 293-205,5,11:00,21:00,15:00,17:00,20:30,,,,,,,,
비비드드림,부산광역시 금정구 장전동 293-205,6,11:00,21:00,15:00,17:00,20:30,,,,,,,,
신짜글이닭발,부산광역시 금정구 장전동 293-24,0,17:00,1:00,,,,,,,,,,,
신짜글이닭발,부산광역시 금정구 장전동 293-24,1,17:00,1:00,,,,,,,,,,,
신짜글이닭발,부산광역시 금정구 장전동 293-24,2,17:00,1:00,,,,,,,,,,,
신짜글이닭발,부산광역시 금정구 장전동 293-24,3,17:00,1:00,,,,,,,,,,,
신짜글이닭발,부산광역시 금정구 장전동 293-24,4,17:00,1:00,,,,,,,,,,,
신짜글이닭발,부산광역시 금정구 장전동 293-24,5,17:00,1:00,,,,,,,,,,,
신짜글이닭발,부산광역시 금정구 장전동 293-24,6,17:00,1:00,,,,,,,,,,,
컬리반스,부산광역시 금정구 장전동 293-45,0,16:30,1:00,13:00,16:30,,,,,,,,,
컬리반스,부산광역시 금정구 장전동 293-45,1,16:30,1:00,13:00,16:30,,,,,,,,,
컬리반스,부산광역시 금정구 장전동 293-45,2,11:30,1:00,13:00,16:30,,,,,,,,,
컬리반스,부산광역시 금정구 장전동 293-45,3,11:30,1:00,13:00,16:30,,,,,,,,,
컬리반스,부산광역시 금정구 장전동 293-45,4,11:30,1:00,13:00,16:30,,,,,,,,,
컬리반스,부산광역시 금정구 장전동 293-45,5,11:30,1:00,13:00,16:30,,,,,,,,,
컬리반스,부산광역시 금정구 장전동 293-45,6,16:30,1:00,13:00,16:30,,,,,,,,,
매일꽃돈,부산광역시 금정구 장전동 293-60,0,16:00,0:00,,,,,,,,,,,
매일꽃돈,부산광역시 금정구 장전동 293-60,1,16:00,0:00,,,,,,,,,,,
매일꽃돈,부산광역시 금정구 장전동 293-60,2,16:00,0:00,,,,,,,,,,,
매일꽃돈,부산광역시 금정구 장전동 293-60,3,16:00,0:00,,,,,,,,,,,
매일꽃돈,부산광역시 금정구 장전동 293-60,4,16:00,0:00,,,,,,,,,,,
매일꽃돈,부산광역시 금정구 장전동 293-60,5,16:00,0:00,,,,,,,,,,,
매일꽃돈,부산광역시 금정구 장전동 293-60,6,16:00,0:00,,,,,,,,,,,
빼어날수연어 부산대점,부산광역시 금정구 장전동 293-60,0,17:00,2:00,,,,,,,,,,,
빼어날수연어 부산대점,부산광역시 금정구 장전동 293-60,1,17:00,2:00,,,,,,,,,,,
빼어날수연어 부산대점,부산광역시 금정구 장전동 293-60,2,17:00,2:00,,,,,,,,,,,
빼어날수연어 부산대점,부산광역시 금정구 장전동 293-60,3,17:00,2:00,,,,,,,,,,,
빼어날수연어 부산대점,부산광역시 금정구 장전동 293-60,4,17:00,2:00,,,,,,,,,,,
빼어날수연어 부산대점,부산광역시 금정구 장전동 293-60,5,17:00,2:00,,,,,,,,,,,
빼어날수연어 부산대점,부산광역시 금정구 장전동 293-60,6,17:00,2:00,,,,,,,,,,,
삼굽살 부산대점,부산광역시 금정구 장전동 293-60,0,15:00,0:00,,,,,,,,,,,
삼굽살 부산대점,부산광역시 금정구 장전동 293-60,1,15:00,0:00,,,,,,,,,,,
삼굽살 부산대점,부산광역시 금정구 장전동 293-60,2,15:00,0:00,,,,,,,,,,,
삼굽살 부산대점,부산광역시 금정구 장전동 293-60,3,15:00,0:00,,,,,,,,,,,
삼굽살 부산대점,부산광역시 금정구 장전동 293-60,4,15:00,0:00,,,,,,,,,,,
삼굽살 부산대점,부산광역시 금정구 장전동 293-60,5,15:00,0:00,,,,,,,,,,,
삼굽살 부산대점,부산광역시 금정구 장전동 293-60,6,15:00,0:00,,,,,,,,,,,
한식명가,부산광역시 금정구 장전동 293-60,0,,,,,,,,,,,,,
한식명가,부산광역시 금정구 장전동 293-60,1,,,,,,,,,,,,,
한식명가,부산광역시 금정구 장전동 293-60,2,,,,,,,,,,,,,
한식명가,부산광역시 금정구 장전동 293-60,3,,,,,,,,,,,,,
한식명가,부산광역시 금정구 장전동 293-60,4,,,,,,,,,,,,,
한식명가,부산광역시 금정구 장전동 293-60,5,,,,,,,,,,,,,
한식명가,부산광역시 금정구 장전동 293-60,6,,,,,,,,,,,,,
황금양꼬치,부산광역시 금정구 장전동 293-60,0,16:00,2:00,,,1:00,,,,,,,,
황금양꼬치,부산광역시 금정구 장전동 293-60,1,16:00,2:00,,,1:00,,,,,,,,
황금양꼬치,부산광역시 금정구 장전동 293-60,2,16:00,2:00,,,1:00,,,,,,,,
황금양꼬치,부산광역시 금정구 장전동 293-60,3,16:00,2:00,,,1:00,,,,,,,,
황금양꼬치,부산광역시 금정구 장전동 293-60,4,16:00,2:00,,,1:00,,,,,,,,
황금양꼬치,부산광역시 금정구 장전동 293-60,5,16:00,2:00,,,1:00,,,,,,,,
황금양꼬치,부산광역시 금정구 장전동 293-60,6,16:00,2:00,,,1:00,,,,,,,,
니노마에,부산광역시 금정구 장전동 293-67,0,11:30,21:00,15:00,17:00,20:30,,,,,,,,
니노마에,부산광역시 금정구 장전동 293-67,1,11:30,21:00,15:00,17:00,20:30,,,,,,,,
니노마에,부산광역시 금정구 장전동 293-67,2,11:30,21:00,15:00,17:00,20:30,,,,,,,,
니노마에,부산광역시 금정구 장전동 293-67,3,11:30,21:00,15:00,17:00,20:30,,,,,,,,
니노마에,부산광역시 금정구 장전동 293-67,4,11:30,21:00,15:00,17:00,20:30,,,,,,,,
니노마에,부산광역시 금정구 장전동 293-67,5,11:30,21:00,15:00,17:00,20:30,,,,,,,,
니노마에,부산광역시 금정구 장전동 293-67,6,11:30,21:00,15:00,17:00,20:30,,,,,,,,
키노,부산광역시 금정구 장전동 293-67,0,11:00,21:30,,,,,,,,,,,
키노,부산광역시 금정구 장전동 293-67,1,11:00,21:30,,,,,,,,,,,
키노,부산광역시 금정구 장전동 293-67,2,11:00,21:30,,,,,,,,,,,
키노,부산광역시 금정구 장전동 293-67,3,11:00,21:30,,,,,,,,,,,
키노,부산광역시 금정구 장전동 293-67,4,11:00,21:30,,,,,,,,,,,
키노,부산광역시 금정구 장전동 293-67,5,11:00,21:30,,,,,,,,,,,
키노,부산광역시 금정구 장전동 293-67,6,11:00,21:30,,,,,,,,,,,
장전수산,부산광역시 금정구 장전동 293-68,0,9:30,22:30,,,,,,,,,,,
장전수산,부산광역시 금정구 장전동 293-68,1,9:30,22:30,,,,,,,,,,,
장전수산,부산광역시 금정구 장전동 293-68,2,9:30,22:30,,,,,,,,,,,
장전수산,부산광역시 금정구 장전동 293-68,3,9:30,22:30,,,,,,,,,,,
장전수산,부산광역시 금정구 장전동 293-68,4,9:30,22:30,,,,,,,,,,,
장전수산,부산광역시 금정구 장전동 293-68,5,9:30,22:30,,,,,,,,,,,
장전수산,부산광역시 금정구 장전동 293-68,6,9:30,22:30,,,,,,,,,,,
늑간,부산광역시 금정구 장전동 293-72,0,16:00,22:30,,,,,,,,,,,
늑간,부산광역시 금정구 장전동 293-72,1,16:00,22:30,,,,,,,,,,,
늑간,부산광역시 금정구 장전동 293-72,2,16:00,22:30,,,,,,,,,,,
늑간,부산광역시 금정구 장전동 293-72,3,16:00,22:30,,,,,,,,,,,
늑간,부산광역시 금정구 장전동 293-72,4,16:00,22:30,,,,,,,,,,,
늑간,부산광역시 금정구 장전동 293-72,5,16:00,22:30,,,,,,,,,,,
늑간,부산광역시 금정구 장전동 293-72,6,16:00,22:30,,,,,,,,,,,
설어정 부산대점,부산광역시 금정구 장전동 293-76,0,11:30,21:00,15:00,16:00,,,,,,,,,
설어정 부산대점,부산광역시 금정구 장전동 293-76,1,11:30,21:00,15:00,16:00,,,,,,,,,
설어정 부산대점,부산광역시 금정구 장전동 293-76,2,11:30,21:00,15:00,16:00,,,,,,,,,
설어정 부산대점,부산광역시 금정구 장전동 293-76,3,11:30,21:00,15:00,16:00,,,,,,,,,
설어정 부산대점,부산광역시 금정구 장전동 293-76,4,11:30,21:00,15:00,16:00,,,,,,,,,
설어정 부산대점,부산광역시 금정구 장전동 293-76,5,11:30,21:00,15:00,16:00,,,,,,,,,
설어정 부산대점,부산광역시 금정구 장전동 293-76,6,11:30,21:00,15:00,16:00,,,,,,,,,
쏘쏘사라다 부산대점,부산광역시 금정구 장전동 293-76,0,11:00,20:00,,,,,,,,,,,
쏘쏘사라다 부산대점,부산광역시 금정구 장전동 293-76,1,11:00,20:00,,,,,,,,,,,
쏘쏘사라다 부산대점,부산광역시 금정구 장전동 293-76,2,11:00,20:00,,,,,,,,,,,
쏘쏘사라다 부산대점,부산광역시 금정구 장전동 293-76,3,11:00,20:00,,,,,,,,,,,
쏘쏘사라다 부산대점,부산광역시 금정구 장전동 293-76,4,11:00,20:00,,,,,,,,,,,
쏘쏘사라다 부산대점,부산광역시 금정구 장전동 293-76,5,11:00,20:00,,,,,,,,,,,
쏘쏘사라다 부산대점,부산광역시 금정구 장전동 293-76,6,11:00,20:00,,,,,,,,,,,
무봤나촌닭부산대 1호점,부산광역시 금정구 장전동 293-97,0,11:30,22:30,,,,,,,,,,,
무봤나촌닭부산대 1호점,부산광역시 금정구 장전동 293-97,1,11:30,22:30,,,,,,,,,,,
무봤나촌닭부산대 1호점,부산광역시 금정구 장전동 293-97,2,11:30,22:30,,,,,,,,,,,
무봤나촌닭부산대 1호점,부산광역시 금정구 장전동 293-97,3,11:30,22:30,,,,,,,,,,,
무봤나촌닭부산대 1호점,부산광역시 금정구 장전동 293-97,4,11:30,22:30,,,,,,,,,,,
무봤나촌닭부산대 1호점,부산광역시 금정구 장전동 293-97,5,11:30,22:30,,,,,,,,,,,
무봤나촌닭부산대 1호점,부산광역시 금정구 장전동 293-97,6,11:30,22:30,,,,,,,,,,,
라이옥 부산대점,부산광역시 금정구 장전동 296-24,0,10:00,21:00,,,20:00,,,,,,,,
라이옥 부산대점,부산광역시 금정구 장전동 296-24,1,10:00,21:00,,,20:00,,,,,,,,
라이옥 부산대점,부산광역시 금정구 장전동 296-24,2,10:00,21:00,,,20:00,,,,,,,,
라이옥 부산대점,부산광역시 금정구 장전동 296-24,3,10:00,21:00,,,20:00,,,,,,,,
라이옥 부산대점,부산광역시 금정구 장전동 296-24,4,10:00,21:00,,,20:00,,,,,,,,
라이옥 부산대점,부산광역시 금정구 장전동 296-24,5,10:00,21:00,,,20:00,,,,,,,,
라이옥 부산대점,부산광역시 금정구 장전동 296-24,6,10:00,21:00,,,20:00,,,,,,,,
만족오향족발,부산광역시 금정구 장전동 296-24,0,,,,,,,,,,,,,
만족오향족발,부산광역시 금정구 장전동 296-24,1,,,,,,,,,,,,,
만족오향족발,부산광역시 금정구 장전동 296-24,2,,,,,,,,,,,,,
만족오향족발,부산광역시 금정구 장전동 296-24,3,,,,,,,,,,,,,
만족오향족발,부산광역시 금정구 장전동 296-24,4,,,,,,,,,,,,,
만족오향족발,부산광역시 금정구 장전동 296-24,5,,,,,,,,,,,,,
만족오향족발,부산광역시 금정구 장전동 296-24,6,,,,,,,,,,,,,
거북이동네 부산장전점,부산광역시 금정구 장전동 298-16,0,11:30,23:00,,,21:30,,,,,,,,
거북이동네 부산장전점,부산광역시 금정구 장전동 298-16,1,11:30,23:00,,,21:30,,,,,,,,
거북이동네 부산장전점,부산광역시 금정구 장전동 298-16,2,11:30,23:00,,,21:30,,,,,,,,
거북이동네 부산장전점,부산광역시 금정구 장전동 298-16,3,11:30,23:00,,,21:30,,,,,,,,
거북이동네 부산장전점,부산광역시 금정구 장전동 298-16,4,11:30,23:00,,,21:30,,,,,,,,
거북이동네 부산장전점,부산광역시 금정구 장전동 298-16,5,11:30,23:00,,,21:30,,,,,,,,
거북이동네 부산장전점,부산광역시 금정구 장전동 298-16,6,11:30,23:00,,,21:30,,,,,,,,
이오살롱,부산광역시 금정구 장전동 298-17,0,,,,,,,,,,,,,
이오살롱,부산광역시 금정구 장전동 298-17,1,,,,,,,,,,,,,
이오살롱,부산광역시 금정구 장전동 298-17,2,,,,,,,,,,,,,
이오살롱,부산광역시 금정구 장전동 298-17,3,,,,,,,,,,,,,
이오살롱,부산광역시 금정구 장전동 298-17,4,,,,,,,,,,,,,
이오살롱,부산광역시 금정구 장전동 298-17,5,,,,,,,,,,,,,
이오살롱,부산광역시 금정구 장전동 298-17,6,,,,,,,,,,,,,
두찜 부산대점,부산광역시 금정구 장전동 298-18,0,,,,,,,,,,,,,
두찜 부산대점,부산광역시 금정구 장전동 298-18,1,,,,,,,,,,,,,
두찜 부산대점,부산광역시 금정구 장전동 298-18,2,,,,,,,,,,,,,
두찜 부산대점,부산광역시 금정구 장전동 298-18,3,,,,,,,,,,,,,
두찜 부산대점,부산광역시 금정구 장전동 298-18,4,,,,,,,,,,,,,
두찜 부산대점,부산광역시 금정구 장전동 298-18,5,,,,,,,,,,,,,
두찜 부산대점,부산광역시 금정구 장전동 298-18,6,,,,,,,,,,,,,
국백대나,부산광역시 금정구 장전동 299-46,0,17:00,2:00,,,,,,,,,,,
국백대나,부산광역시 금정구 장전동 299-46,1,17:00,5:00,,,,,,,,,,,
국백대나,부산광역시 금정구 장전동 299-46,2,17:00,5:00,,,,,,,,,,,
국백대나,부산광역시 금정구 장전동 299-46,3,17:00,5:00,,,,,,,,,,,
국백대나,부산광역시 금정구 장전동 299-46,4,17:00,5:00,,,,,,,,,,,
국백대나,부산광역시 금정구 장전동 299-46,5,17:00,5:00,,,,,,,,,,,
국백대나,부산광역시 금정구 장전동 299-46,6,17:00,5:00,,,,,,,,,,,
the돈까스,부산광역시 금정구 장전동 300-11,0,11:00,21:00,16:00,17:00,,,,,,,,,
the돈까스,부산광역시 금정구 장전동 300-11,1,11:00,21:00,16:00,17:00,,,,,,,,,
the돈까스,부산광역시 금정구 장전동 300-11,2,11:00,21:00,16:00,17:00,,,,,,,,,
the돈까스,부산광역시 금정구 장전동 300-11,3,11:00,21:00,16:00,17:00,,,,,,,,,
the돈까스,부산광역시 금정구 장전동 300-11,4,11:00,21:00,16:00,17:00,,,,,,,,,
the돈까스,부산광역시 금정구 장전동 300-11,5,11:00,21:00,16:00,17:00,,,,,,,,,
the돈까스,부산광역시 금정구 장전동 300-11,6,11:00,21:00,16:00,17:00,,,,,,,,,
알바카페,부산광역시 금정구 장전동 300-13,0,12:00,0:00,,,,,,,,,,,
알바카페,부산광역시 금정구 장전동 300-13,1,12:00,0:00,,,,,,,,,,,
알바카페,부산광역시 금정구 장전동 300-13,2,12:00,0:00,,,,,,,,,,,
알바카페,부산광역시 금정구 장전동 300-13,0,12:00,0:00,,,,,,,,,,,
알바카페,부산광역시 금정구 장전동 300-13,1,12:00,0:00,,,,,,,,,,,
알바카페,부산광역시 금정구 장전동 300-13,2,12:00,0:00,,,,,,,,,,,
알바카페,부산광역시 금정구 장전동 300-13,2,12:00,0:00,,,,,,,,,,,
호작,부산광역시 금정구 장전동 300-7,0,11:00,22:00,,,21:00,,,,,,,,
호작,부산광역시 금정구 장전동 300-7,1,11:00,22:00,15:00,17:00,21:00,,,,,,,,
호작,부산광역시 금정구 장전동 300-7,2,11:00,22:00,15:00,17:00,21:00,,,,,,,,
호작,부산광역시 금정구 장전동 300-7,3,11:00,22:00,15:00,17:00,21:00,,,,,,,,
호작,부산광역시 금정구 장전동 300-7,4,11:00,22:00,15:00,17:00,21:00,,,,,,,,
호작,부산광역시 금정구 장전동 300-7,5,11:00,22:00,15:00,17:00,21:00,,,,,,,,
호작,부산광역시 금정구 장전동 300-7,6,11:00,22:00,,,21:00,,,,,,,,
달봉이아구찜 부산대점,부산광역시 금정구 장전동 302-10,0,,,,,,,,,,,,,
달봉이아구찜 부산대점,부산광역시 금정구 장전동 302-10,1,,,,,,,,,,,,,
달봉이아구찜 부산대점,부산광역시 금정구 장전동 302-10,2,,,,,,,,,,,,,
달봉이아구찜 부산대점,부산광역시 금정구 장전동 302-10,3,,,,,,,,,,,,,
달봉이아구찜 부산대점,부산광역시 금정구 장전동 302-10,4,,,,,,,,,,,,,
달봉이아구찜 부산대점,부산광역시 금정구 장전동 302-10,5,,,,,,,,,,,,,
달봉이아구찜 부산대점,부산광역시 금정구 장전동 302-10,6,,,,,,,,,,,,,
브런치앤디너 테라비 부산대점,부산광역시 금정구 장전동 302-10,0,10:00,20:00,15:00,16:00,19:15,,,,,,,,
브런치앤디너 테라비 부산대점,부산광역시 금정구 장전동 302-10,1,10:00,20:00,15:00,16:00,19:15,,,,,,,,
브런치앤디너 테라비 부산대점,부산광역시 금정구 장전동 302-10,2,10:00,20:00,15:00,16:00,19:15,,,,,,,,
브런치앤디너 테라비 부산대점,부산광역시 금정구 장전동 302-10,3,10:00,20:00,15:00,16:00,19:15,,,,,,,,
브런치앤디너 테라비 부산대점,부산광역시 금정구 장전동 302-10,4,10:00,20:00,15:00,16:00,19:15,,,,,,,,
브런치앤디너 테라비 부산대점,부산광역시 금정구 장전동 302-10,5,10:00,20:00,15:00,16:00,19:15,,,,,,,,
브런치앤디너 테라비 부산대점,부산광역시 금정구 장전동 302-10,6,10:00,20:00,15:00,16:00,19:15,,,,,,,,
프레드피자 부산대점,부산광역시 금정구 장전동 302-10,0,,,,,,,,,,,,,
프레드피자 부산대점,부산광역시 금정구 장전동 302-10,1,,,,,,,,,,,,,
프레드피자 부산대점,부산광역시 금정구 장전동 302-10,2,,,,,,,,,,,,,
프레드피자 부산대점,부산광역시 금정구 장전동 302-10,3,,,,,,,,,,,,,
프레드피자 부산대점,부산광역시 금정구 장전동 302-10,4,,,,,,,,,,,,,
프레드피자 부산대점,부산광역시 금정구 장전동 302-10,5,,,,,,,,,,,,,
프레드피자 부산대점,부산광역시 금정구 장전동 302-10,6,,,,,,,,,,,,,
인안,부산광역시 금정구 장전동 302-18,0,11:30,20:30,,,,,,,,,,,
인안,부산광역시 금정구 장전동 302-18,1,11:30,20:30,,,,,,,,,,,
인안,부산광역시 금정구 장전동 302-18,2,11:30,20:30,,,,,,,,,,,
인안,부산광역시 금정구 장전동 302-18,3,11:30,20:30,,,,,,,,,,,
인안,부산광역시 금정구 장전동 302-18,4,11:30,20:30,,,,,,,,,,,
인안,부산광역시 금정구 장전동 302-18,5,11:30,20:30,,,,,,,,,,,
인안,부산광역시 금정구 장전동 302-18,6,11:30,20:30,,,,,,,,,,,
고래한입피자 부산대점,부산광역시 금정구 장전동 302-22,0,,,,,,,,,,,,,
고래한입피자 부산대점,부산광역시 금정구 장전동 302-22,1,,,,,,,,,,,,,
고래한입피자 부산대점,부산광역시 금정구 장전동 302-22,2,,,,,,,,,,,,,
고래한입피자 부산대점,부산광역시 금정구 장전동 302-22,3,,,,,,,,,,,,,
고래한입피자 부산대점,부산광역시 금정구 장전동 302-22,4,,,,,,,,,,,,,
고래한입피자 부산대점,부산광역시 금정구 장전동 302-22,5,,,,,,,,,,,,,
고래한입피자 부산대점,부산광역시 금정구 장전동 302-22,6,,,,,,,,,,,,,
숙성화로,부산광역시 금정구 장전동 302-9,0,11:30,23:30,,,,,,,,,,,
숙성화로,부산광역시 금정구 장전동 302-9,1,11:30,23:30,,,,,,,,,,,
숙성화로,부산광역시 금정구 장전동 302-9,2,11:30,23:30,,,,,,,,,,,
숙성화로,부산광역시 금정구 장전동 302-9,3,11:30,23:30,,,,,,,,,,,
숙성화로,부산광역시 금정구 장전동 302-9,4,11:30,23:30,,,,,,,,,,,
숙성화로,부산광역시 금정구 장전동 302-9,5,11:30,23:30,,,,,,,,,,,
숙성화로,부산광역시 금정구 장전동 302-9,6,11:30,23:30,,,,,,,,,,,
파스타빈치,부산광역시 금정구 장전동 304-4 ,0,,,,,,,,,,,,,
파스타빈치,부산광역시 금정구 장전동 304-4 ,1,,,,,,,,,,,,,
파스타빈치,부산광역시 금정구 장전동 304-4 ,2,,,,,,,,,,,,,
파스타빈치,부산광역시 금정구 장전동 304-4 ,3,,,,,,,,,,,,,
파스타빈치,부산광역시 금정구 장전동 304-4 ,4,,,,,,,,,,,,,
파스타빈치,부산광역시 금정구 장전동 304-4 ,5,,,,,,,,,,,,,
파스타빈치,부산광역시 금정구 장전동 304-4 ,6,,,,,,,,,,,,,
노모어피자 부산대점,부산광역시 금정구 장전동 308-4,0,,,,,,,,,,,,,
노모어피자 부산대점,부산광역시 금정구 장전동 308-4,1,,,,,,,,,,,,,
노모어피자 부산대점,부산광역시 금정구 장전동 308-4,2,,,,,,,,,,,,,
노모어피자 부산대점,부산광역시 금정구 장전동 308-4,3,,,,,,,,,,,,,
노모어피자 부산대점,부산광역시 금정구 장전동 308-4,4,,,,,,,,,,,,,
노모어피자 부산대점,부산광역시 금정구 장전동 308-4,5,,,,,,,,,,,,,
노모어피자 부산대점,부산광역시 금정구 장전동 308-4,6,,,,,,,,,,,,,
버거킹 부산대점,부산광역시 금정구 장전동 311-3,0,,,,,,,,,,,,,
버거킹 부산대점,부산광역시 금정구 장전동 311-3,1,,,,,,,,,,,,,
버거킹 부산대점,부산광역시 금정구 장전동 311-3,2,,,,,,,,,,,,,
버거킹 부산대점,부산광역시 금정구 장전동 311-3,3,,,,,,,,,,,,,
버거킹 부산대점,부산광역시 금정구 장전동 311-3,4,,,,,,,,,,,,,
버거킹 부산대점,부산광역시 금정구 장전동 311-3,5,,,,,,,,,,,,,
버거킹 부산대점,부산광역시 금정구 장전동 311-3,6,,,,,,,,,,,,,
라쿵푸마라탕 부산대점,부산광역시 금정구 장전동 312-17,0,,,,,,,,,,,,,
라쿵푸마라탕 부산대점,부산광역시 금정구 장전동 312-17,1,,,,,,,,,,,,,
라쿵푸마라탕 부산대점,부산광역시 금정구 장전동 312-17,2,,,,,,,,,,,,,
라쿵푸마라탕 부산대점,부산광역시 금정구 장전동 312-17,3,,,,,,,,,,,,,
라쿵푸마라탕 부산대점,부산광역시 금정구 장전동 312-17,4,,,,,,,,,,,,,
라쿵푸마라탕 부산대점,부산광역시 금정구 장전동 312-17,5,,,,,,,,,,,,,
라쿵푸마라탕 부산대점,부산광역시 금정구 장전동 312-17,6,,,,,,,,,,,,,
에픽키친,부산광역시 금정구 장전동 312-3,0,24:00,23:00,15:00,17:30,,,,,,,,,
에픽키친,부산광역시 금정구 장전동 312-3,1,,,,,,,,,,,,,
에픽키친,부산광역시 금정구 장전동 312-3,2,,,,,,,,,,,,,
에픽키친,부산광역시 금정구 장전동 312-3,3,17:30,23:00,,,,,,,,,,,
에픽키친,부산광역시 금정구 장전동 312-3,4,17:30,23:00,,,,,,,,,,,
에픽키친,부산광역시 금정구 장전동 312-3,5,17:30,23:00,,,,,,,,,,,
에픽키친,부산광역시 금정구 장전동 312-3,6,24:00,23:00,15:00,17:30,,,,,,,,,
연구소,부산광역시 금정구 장전동 312-35,0,,,,,,,,,,,,,
연구소,부산광역시 금정구 장전동 312-35,1,,,,,,,,,,,,,
연구소,부산광역시 금정구 장전동 312-35,2,,,,,,,,,,,,,
연구소,부산광역시 금정구 장전동 312-35,3,,,,,,,,,,,,,
연구소,부산광역시 금정구 장전동 312-35,4,,,,,,,,,,,,,
연구소,부산광역시 금정구 장전동 312-35,5,,,,,,,,,,,,,
연구소,부산광역시 금정구 장전동 312-35,6,,,,,,,,,,,,,
더통큰집,부산광역시 금정구 장전동 312-36,0,11:00,22:00,15:30,17:00,21:20,,,,,,,,
더통큰집,부산광역시 금정구 장전동 312-36,1,11:00,22:00,15:30,17:00,21:20,,,,,,,,
더통큰집,부산광역시 금정구 장전동 312-36,2,11:00,22:00,15:30,17:00,21:20,,,,,,,,
더통큰집,부산광역시 금정구 장전동 312-36,3,11:00,22:00,15:30,17:00,21:20,,,,,,,,
더통큰집,부산광역시 금정구 장전동 312-36,4,11:00,22:00,15:30,17:00,21:20,,,,,,,,
더통큰집,부산광역시 금정구 장전동 312-36,5,11:00,22:00,15:30,17:00,21:20,,,,,,,,
더통큰집,부산광역시 금정구 장전동 312-36,6,11:00,22:00,15:30,17:00,21:20,,,,,,,,
충만치킨 부산대점,부산광역시 금정구 장전동 316-11,0,,,,,,,,,,,,,
충만치킨 부산대점,부산광역시 금정구 장전동 316-11,1,,,,,,,,,,,,,
충만치킨 부산대점,부산광역시 금정구 장전동 316-11,2,,,,,,,,,,,,,
충만치킨 부산대점,부산광역시 금정구 장전동 316-11,3,,,,,,,,,,,,,
충만치킨 부산대점,부산광역시 금정구 장전동 316-11,4,,,,,,,,,,,,,
충만치킨 부산대점,부산광역시 금정구 장전동 316-11,5,,,,,,,,,,,,,
충만치킨 부산대점,부산광역시 금정구 장전동 316-11,6,,,,,,,,,,,,,
도미노피자 부산대점,부산광역시 금정구 장전동 316-17,0,,,,,,,,,,,,,
도미노피자 부산대점,부산광역시 금정구 장전동 316-17,1,,,,,,,,,,,,,
도미노피자 부산대점,부산광역시 금정구 장전동 316-17,2,,,,,,,,,,,,,
도미노피자 부산대점,부산광역시 금정구 장전동 316-17,3,,,,,,,,,,,,,
도미노피자 부산대점,부산광역시 금정구 장전동 316-17,4,,,,,,,,,,,,,
도미노피자 부산대점,부산광역시 금정구 장전동 316-17,5,,,,,,,,,,,,,
도미노피자 부산대점,부산광역시 금정구 장전동 316-17,6,,,,,,,,,,,,,
타이드 부산대점,부산광역시 금정구 장전동 316-8,0,11:00,21:00,,,,,,,,,,,
타이드 부산대점,부산광역시 금정구 장전동 316-8,1,11:00,21:00,,,,,,,,,,,
타이드 부산대점,부산광역시 금정구 장전동 316-8,2,11:00,21:00,,,,,,,,,,,
타이드 부산대점,부산광역시 금정구 장전동 316-8,3,11:00,21:00,,,,,,,,,,,
타이드 부산대점,부산광역시 금정구 장전동 316-8,4,11:00,21:00,,,,,,,,,,,
타이드 부산대점,부산광역시 금정구 장전동 316-8,5,11:00,21:00,,,,,,,,,,,
타이드 부산대점,부산광역시 금정구 장전동 316-8,6,11:00,21:00,,,,,,,,,,,
홍두깨수타손칼국수,부산광역시 금정구 장전동 333-7,0,,,,,,,,,,,,,
홍두깨수타손칼국수,부산광역시 금정구 장전동 333-7,1,,,,,,,,,,,,,
홍두깨수타손칼국수,부산광역시 금정구 장전동 333-7,2,,,,,,,,,,,,,
홍두깨수타손칼국수,부산광역시 금정구 장전동 333-7,3,,,,,,,,,,,,,
홍두깨수타손칼국수,부산광역시 금정구 장전동 333-7,4,,,,,,,,,,,,,
홍두깨수타손칼국수,부산광역시 금정구 장전동 333-7,5,,,,,,,,,,,,,
홍두깨수타손칼국수,부산광역시 금정구 장전동 333-7,6,,,,,,,,,,,,,
비에이치씨치킨 부산대점,부산광역시 금정구 장전동 334-45,0,,,,,,,,,,,,,
비에이치씨치킨 부산대점,부산광역시 금정구 장전동 334-45,1,,,,,,,,,,,,,
비에이치씨치킨 부산대점,부산광역시 금정구 장전동 334-45,2,,,,,,,,,,,,,
비에이치씨치킨 부산대점,부산광역시 금정구 장전동 334-45,3,,,,,,,,,,,,,
비에이치씨치킨 부산대점,부산광역시 금정구 장전동 334-45,4,,,,,,,,,,,,,
비에이치씨치킨 부산대점,부산광역시 금정구 장전동 334-45,5,,,,,,,,,,,,,
비에이치씨치킨 부산대점,부산광역시 금정구 장전동 334-45,6,,,,,,,,,,,,,
부대치킨,부산광역시 금정구 장전동 334-59,0,,,,,,,,,,,,,
부대치킨,부산광역시 금정구 장전동 334-59,1,,,,,,,,,,,,,
부대치킨,부산광역시 금정구 장전동 334-59,2,,,,,,,,,,,,,
부대치킨,부산광역시 금정구 장전동 334-59,3,,,,,,,,,,,,,
부대치킨,부산광역시 금정구 장전동 334-59,4,,,,,,,,,,,,,
부대치킨,부산광역시 금정구 장전동 334-59,5,,,,,,,,,,,,,
부대치킨,부산광역시 금정구 장전동 334-59,6,,,,,,,,,,,,,
큰손집 ,부산광역시 금정구 장전동 334-60 ,0,,,,,,,,,,,,,
큰손집 ,부산광역시 금정구 장전동 334-60 ,1,,,,,,,,,,,,,
큰손집 ,부산광역시 금정구 장전동 334-60 ,2,,,,,,,,,,,,,
큰손집 ,부산광역시 금정구 장전동 334-60 ,3,,,,,,,,,,,,,
큰손집 ,부산광역시 금정구 장전동 334-60 ,4,,,,,,,,,,,,,
큰손집 ,부산광역시 금정구 장전동 334-60 ,5,,,,,,,,,,,,,
큰손집 ,부산광역시 금정구 장전동 334-60 ,6,,,,,,,,,,,,,
대학식당,부산광역시 금정구 장전동 337-3,0,,,,,,,,,,,,,
대학식당,부산광역시 금정구 장전동 337-3,1,,,,,,,,,,,,,
대학식당,부산광역시 금정구 장전동 337-3,2,,,,,,,,,,,,,
대학식당,부산광역시 금정구 장전동 337-3,3,,,,,,,,,,,,,
대학식당,부산광역시 금정구 장전동 337-3,4,,,,,,,,,,,,,
대학식당,부산광역시 금정구 장전동 337-3,5,,,,,,,,,,,,,
대학식당,부산광역시 금정구 장전동 337-3,6,,,,,,,,,,,,,
옛골 보리밥집,부산광역시 금정구 장전동 338-25 ,0,,,,,,,,,,,,,
옛골 보리밥집,부산광역시 금정구 장전동 338-25 ,1,,,,,,,,,,,,,
옛골 보리밥집,부산광역시 금정구 장전동 338-25 ,2,,,,,,,,,,,,,
옛골 보리밥집,부산광역시 금정구 장전동 338-25 ,3,,,,,,,,,,,,,
옛골 보리밥집,부산광역시 금정구 장전동 338-25 ,4,,,,,,,,,,,,,
옛골 보리밥집,부산광역시 금정구 장전동 338-25 ,5,,,,,,,,,,,,,
옛골 보리밥집,부산광역시 금정구 장전동 338-25 ,6,,,,,,,,,,,,,
믿음회수산,부산광역시 금정구 장전동 339-5,0,12:00,0:00,,,,,,,,,,,
믿음회수산,부산광역시 금정구 장전동 339-5,1,16:00,1:00,,,,,,,,,,,
믿음회수산,부산광역시 금정구 장전동 339-5,2,16:00,1:00,,,,,,,,,,,
믿음회수산,부산광역시 금정구 장전동 339-5,3,16:00,1:00,,,,,,,,,,,
믿음회수산,부산광역시 금정구 장전동 339-5,4,16:00,1:00,,,,,,,,,,,
믿음회수산,부산광역시 금정구 장전동 339-5,5,16:00,1:00,,,,,,,,,,,
믿음회수산,부산광역시 금정구 장전동 339-5,6,14:00,1:00,,,,,,,,,,,
참나무숯불구이,부산광역시 금정구 장전동 342-13,0,11:00,22:30,,,,,,,,,,,
참나무숯불구이,부산광역시 금정구 장전동 342-13,1,11:00,22:30,,,,,,,,,,,
참나무숯불구이,부산광역시 금정구 장전동 342-13,2,11:00,22:30,,,,,,,,,,,
참나무숯불구이,부산광역시 금정구 장전동 342-13,3,11:00,22:30,,,,,,,,,,,
참나무숯불구이,부산광역시 금정구 장전동 342-13,4,11:00,22:30,,,,,,,,,,,
참나무숯불구이,부산광역시 금정구 장전동 342-13,5,11:00,22:30,,,,,,,,,,,
참나무숯불구이,부산광역시 금정구 장전동 342-13,6,11:00,22:30,,,,,,,,,,,
대가호짬뽕,부산광역시 금정구 장전동 359-2,0,10:30,20:30,,,,,,,,,,,
대가호짬뽕,부산광역시 금정구 장전동 359-2,1,10:30,20:30,,,,,,,,,,,
대가호짬뽕,부산광역시 금정구 장전동 359-2,2,10:30,20:30,,,,,,,,,,,
대가호짬뽕,부산광역시 금정구 장전동 359-2,3,10:30,20:30,,,,,,,,,,,
대가호짬뽕,부산광역시 금정구 장전동 359-2,4,10:30,20:30,,,,,,,,,,,
대가호짬뽕,부산광역시 금정구 장전동 359-2,5,10:30,20:30,,,,,,,,,,,
대가호짬뽕,부산광역시 금정구 장전동 359-2,6,10:30,20:30,,,,,,,,,,,
안성미가,부산광역시 금정구 장전동 360-15,0,,,,,,,,,,,,,
안성미가,부산광역시 금정구 장전동 360-15,1,,,,,,,,,,,,,
안성미가,부산광역시 금정구 장전동 360-15,2,,,,,,,,,,,,,
안성미가,부산광역시 금정구 장전동 360-15,3,,,,,,,,,,,,,
안성미가,부산광역시 금정구 장전동 360-15,4,,,,,,,,,,,,,
안성미가,부산광역시 금정구 장전동 360-15,5,,,,,,,,,,,,,
안성미가,부산광역시 금정구 장전동 360-15,6,,,,,,,,,,,,,
미식가,부산광역시 금정구 장전동 360-23,0,16:00,23:30,,,23:00,,,,,,,,
미식가,부산광역시 금정구 장전동 360-23,1,16:00,23:30,,,23:00,,,,,,,,
미식가,부산광역시 금정구 장전동 360-23,2,16:00,23:30,,,23:00,,,,,,,,
미식가,부산광역시 금정구 장전동 360-23,3,16:00,23:30,,,23:00,,,,,,,,
미식가,부산광역시 금정구 장전동 360-23,4,16:00,23:30,,,23:00,,,,,,,,
미식가,부산광역시 금정구 장전동 360-23,5,16:00,23:30,,,23:00,,,,,,,,
미식가,부산광역시 금정구 장전동 360-23,6,16:00,23:30,,,23:00,,,,,,,,
대길 고추불고기,부산광역시 금정구 장전동 360-5,0,,,,,,,,,,,,,
대길 고추불고기,부산광역시 금정구 장전동 360-5,1,,,,,,,,,,,,,
대길 고추불고기,부산광역시 금정구 장전동 360-5,2,,,,,,,,,,,,,
대길 고추불고기,부산광역시 금정구 장전동 360-5,3,,,,,,,,,,,,,
대길 고추불고기,부산광역시 금정구 장전동 360-5,4,,,,,,,,,,,,,
대길 고추불고기,부산광역시 금정구 장전동 360-5,5,,,,,,,,,,,,,
대길 고추불고기,부산광역시 금정구 장전동 360-5,6,,,,,,,,,,,,,
문진옥숯불바베큐,부산광역시 금정구 장전동 362-15,0,24:00,23:30,,,,,,,,,,,
문진옥숯불바베큐,부산광역시 금정구 장전동 362-15,1,24:00,23:30,,,,,,,,,,,
문진옥숯불바베큐,부산광역시 금정구 장전동 362-15,2,24:00,23:30,,,,,,,,,,,
문진옥숯불바베큐,부산광역시 금정구 장전동 362-15,3,24:00,23:30,,,,,,,,,,,
문진옥숯불바베큐,부산광역시 금정구 장전동 362-15,4,24:00,23:30,,,,,,,,,,,
문진옥숯불바베큐,부산광역시 금정구 장전동 362-15,5,24:00,23:30,,,,,,,,,,,
문진옥숯불바베큐,부산광역시 금정구 장전동 362-15,6,24:00,23:30,,,,,,,,,,,
부산대식당,부산광역시 금정구 장전동 362-34,0,,,,,,,,,,,,,
부산대식당,부산광역시 금정구 장전동 362-34,1,,,,,,,,,,,,,
부산대식당,부산광역시 금정구 장전동 362-34,2,,,,,,,,,,,,,
부산대식당,부산광역시 금정구 장전동 362-34,3,,,,,,,,,,,,,
부산대식당,부산광역시 금정구 장전동 362-34,4,,,,,,,,,,,,,
부산대식당,부산광역시 금정구 장전동 362-34,5,,,,,,,,,,,,,
부산대식당,부산광역시 금정구 장전동 362-34,6,,,,,,,,,,,,,
반누리찬나라,부산광역시 금정구 장전동 366-25,0,,,,,,,,,,,,,
반누리찬나라,부산광역시 금정구 장전동 366-25,1,,,,,,,,,,,,,
반누리찬나라,부산광역시 금정구 장전동 366-25,2,,,,,,,,,,,,,
반누리찬나라,부산광역시 금정구 장전동 366-25,3,,,,,,,,,,,,,
반누리찬나라,부산광역시 금정구 장전동 366-25,4,,,,,,,,,,,,,
반누리찬나라,부산광역시 금정구 장전동 366-25,5,,,,,,,,,,,,,
반누리찬나라,부산광역시 금정구 장전동 366-25,6,,,,,,,,,,,,,
애한마음고기집,부산광역시 금정구 장전동 366-33,0,3:00,23:30,,,,,,,,,,,
애한마음고기집,부산광역시 금정구 장전동 366-33,1,3:00,23:30,,,,,,,,,,,
애한마음고기집,부산광역시 금정구 장전동 366-33,2,3:00,23:30,,,,,,,,,,,
애한마음고기집,부산광역시 금정구 장전동 366-33,3,3:00,23:30,,,,,,,,,,,
애한마음고기집,부산광역시 금정구 장전동 366-33,4,3:00,23:30,,,,,,,,,,,
애한마음고기집,부산광역시 금정구 장전동 366-33,5,3:00,23:30,,,,,,,,,,,
애한마음고기집,부산광역시 금정구 장전동 366-33,6,3:00,23:30,,,,,,,,,,,
돼지삼형제,부산광역시 금정구 장전동 366-36,0,,,,,,,,,,,,,
돼지삼형제,부산광역시 금정구 장전동 366-36,1,,,,,,,,,,,,,
돼지삼형제,부산광역시 금정구 장전동 366-36,2,,,,,,,,,,,,,
돼지삼형제,부산광역시 금정구 장전동 366-36,3,,,,,,,,,,,,,
돼지삼형제,부산광역시 금정구 장전동 366-36,4,,,,,,,,,,,,,
돼지삼형제,부산광역시 금정구 장전동 366-36,5,,,,,,,,,,,,,
돼지삼형제,부산광역시 금정구 장전동 366-36,6,,,,,,,,,,,,,
정성을다한갈비찜,부산광역시 금정구 장전동 384-1,0,,,,,,,,,,,,,
정성을다한갈비찜,부산광역시 금정구 장전동 384-1,1,,,,,,,,,,,,,
정성을다한갈비찜,부산광역시 금정구 장전동 384-1,2,,,,,,,,,,,,,
정성을다한갈비찜,부산광역시 금정구 장전동 384-1,3,,,,,,,,,,,,,
정성을다한갈비찜,부산광역시 금정구 장전동 384-1,4,,,,,,,,,,,,,
정성을다한갈비찜,부산광역시 금정구 장전동 384-1,5,,,,,,,,,,,,,
정성을다한갈비찜,부산광역시 금정구 장전동 384-1,6,,,,,,,,,,,,,
왕숟가락,부산광역시 금정구 장전동 385-18,0,,,,,,,,,,,,,
왕숟가락,부산광역시 금정구 장전동 385-18,1,,,,,,,,,,,,,
왕숟가락,부산광역시 금정구 장전동 385-18,2,,,,,,,,,,,,,
왕숟가락,부산광역시 금정구 장전동 385-18,3,,,,,,,,,,,,,
왕숟가락,부산광역시 금정구 장전동 385-18,4,,,,,,,,,,,,,
왕숟가락,부산광역시 금정구 장전동 385-18,5,,,,,,,,,,,,,
왕숟가락,부산광역시 금정구 장전동 385-18,6,,,,,,,,,,,,,
이시봉족발보쌈,부산광역시 금정구 장전동 385-18,0,,,,,,,,,,,,,
이시봉족발보쌈,부산광역시 금정구 장전동 385-18,1,,,,,,,,,,,,,
이시봉족발보쌈,부산광역시 금정구 장전동 385-18,2,,,,,,,,,,,,,
이시봉족발보쌈,부산광역시 금정구 장전동 385-18,3,,,,,,,,,,,,,
이시봉족발보쌈,부산광역시 금정구 장전동 385-18,4,,,,,,,,,,,,,
이시봉족발보쌈,부산광역시 금정구 장전동 385-18,5,,,,,,,,,,,,,
이시봉족발보쌈,부산광역시 금정구 장전동 385-18,6,,,,,,,,,,,,,
원촌,부산광역시 금정구 장전동 385-19,0,17:00,2:00,,,,,,,,,,,
원촌,부산광역시 금정구 장전동 385-19,1,17:00,2:00,,,,,,,,,,,
원촌,부산광역시 금정구 장전동 385-19,2,17:00,2:00,,,,,,,,,,,
원촌,부산광역시 금정구 장전동 385-19,3,17:00,2:00,,,,,,,,,,,
원촌,부산광역시 금정구 장전동 385-19,4,17:00,2:00,,,,,,,,,,,
원촌,부산광역시 금정구 장전동 385-19,5,17:00,2:00,,,,,,,,,,,
원촌,부산광역시 금정구 장전동 385-19,6,17:00,2:00,,,,,,,,,,,
리틀차이나 성욱반점,부산광역시 금정구 장전동 385-51,0,11:20,20:20,15:00,16:30,,,,,,,,,
리틀차이나 성욱반점,부산광역시 금정구 장전동 385-51,1,11:20,20:20,15:00,16:30,,,,,,,,,
리틀차이나 성욱반점,부산광역시 금정구 장전동 385-51,2,11:20,20:20,15:00,16:30,,,,,,,,,
리틀차이나 성욱반점,부산광역시 금정구 장전동 385-51,3,11:20,20:20,15:00,16:30,,,,,,,,,
리틀차이나 성욱반점,부산광역시 금정구 장전동 385-51,4,11:20,20:20,15:00,16:30,,,,,,,,,
리틀차이나 성욱반점,부산광역시 금정구 장전동 385-51,5,11:20,20:20,15:00,16:30,,,,,,,,,
리틀차이나 성욱반점,부산광역시 금정구 장전동 385-51,6,11:20,20:20,15:00,16:30,,,,,,,,,
쌀통닭,부산광역시 금정구 장전동 385-58,0,15:00,0:00,,,,,,,,,,,
쌀통닭,부산광역시 금정구 장전동 385-58,1,17:00,3:30,,,,,,,,,,,
쌀통닭,부산광역시 금정구 장전동 385-58,2,17:00,3:30,,,,,,,,,,,
쌀통닭,부산광역시 금정구 장전동 385-58,3,17:00,3:30,,,,,,,,,,,
쌀통닭,부산광역시 금정구 장전동 385-58,4,17:00,3:30,,,,,,,,,,,
쌀통닭,부산광역시 금정구 장전동 385-58,5,17:00,3:30,,,,,,,,,,,
쌀통닭,부산광역시 금정구 장전동 385-58,6,17:00,3:30,,,,,,,,,,,
토흐,부산광역시 금정구 장전동 385-6,0,11:00,20:30,,,,,,,,,,,
토흐,부산광역시 금정구 장전동 385-6,1,11:00,20:30,,,,,,,,,,,
토흐,부산광역시 금정구 장전동 385-6,2,11:00,20:30,,,,,,,,,,,
토흐,부산광역시 금정구 장전동 385-6,3,11:00,20:30,,,,,,,,,,,
토흐,부산광역시 금정구 장전동 385-6,4,11:00,20:30,,,,,,,,,,,
토흐,부산광역시 금정구 장전동 385-6,5,11:00,20:30,,,,,,,,,,,
토흐,부산광역시 금정구 장전동 385-6,6,11:00,20:30,,,,,,,,,,,
놀러갈게 부산대점,부산광역시 금정구 장전동 387-9,0,12:00,,,,,,,,,,,,
놀러갈게 부산대점,부산광역시 금정구 장전동 387-9,1,12:00,,,,,,,,,,,,
놀러갈게 부산대점,부산광역시 금정구 장전동 387-9,2,12:00,,,,,,,,,,,,
놀러갈게 부산대점,부산광역시 금정구 장전동 387-9,3,12:00,,,,,,,,,,,,
놀러갈게 부산대점,부산광역시 금정구 장전동 387-9,4,12:00,,,,,,,,,,,,
놀러갈게 부산대점,부산광역시 금정구 장전동 387-9,5,12:00,,,,,,,,,,,,
놀러갈게 부산대점,부산광역시 금정구 장전동 387-9,6,12:00,,,,,,,,,,,,
스마일마라탕,부산광역시 금정구 장전동 388-1,0,,,,,,,,,,,,,
스마일마라탕,부산광역시 금정구 장전동 388-1,1,,,,,,,,,,,,,
스마일마라탕,부산광역시 금정구 장전동 388-1,2,,,,,,,,,,,,,
스마일마라탕,부산광역시 금정구 장전동 388-1,3,,,,,,,,,,,,,
스마일마라탕,부산광역시 금정구 장전동 388-1,4,,,,,,,,,,,,,
스마일마라탕,부산광역시 금정구 장전동 388-1,5,,,,,,,,,,,,,
스마일마라탕,부산광역시 금정구 장전동 388-1,6,,,,,,,,,,,,,
안다미로,부산광역시 금정구 장전동 388-10,0,11:30,12:00,,,,,,,,,,,
안다미로,부산광역시 금정구 장전동 388-10,1,11:30,12:00,,,,,,,,,,,
안다미로,부산광역시 금정구 장전동 388-10,2,11:30,12:00,,,,,,,,,,,
안다미로,부산광역시 금정구 장전동 388-10,3,11:30,12:00,,,,,,,,,,,
안다미로,부산광역시 금정구 장전동 388-10,4,11:30,12:00,,,,,,,,,,,
안다미로,부산광역시 금정구 장전동 388-10,5,11:30,12:00,,,,,,,,,,,
안다미로,부산광역시 금정구 장전동 388-10,6,11:30,12:00,,,,,,,,,,,
동경돈까스,부산광역시 금정구 장전동 388-12,0,11:00,20:30,,,,,,,,,,,
동경돈까스,부산광역시 금정구 장전동 388-12,1,11:00,20:30,,,,,,,,,,,
동경돈까스,부산광역시 금정구 장전동 388-12,2,11:00,20:30,,,,,,,,,,,
동경돈까스,부산광역시 금정구 장전동 388-12,3,11:00,20:30,,,,,,,,,,,
동경돈까스,부산광역시 금정구 장전동 388-12,4,11:00,20:30,,,,,,,,,,,
동경돈까스,부산광역시 금정구 장전동 388-12,5,11:00,20:30,,,,,,,,,,,
동경돈까스,부산광역시 금정구 장전동 388-12,6,11:00,20:30,,,,,,,,,,,
인마이플레이스,부산광역시 금정구 장전동 388-14,0,17:30,23:00,,,,,,,,,,,
인마이플레이스,부산광역시 금정구 장전동 388-14,1,17:30,2:00,,,,,,,,,,,
인마이플레이스,부산광역시 금정구 장전동 388-14,2,17:30,2:00,,,,,,,,,,,
인마이플레이스,부산광역시 금정구 장전동 388-14,3,17:30,2:00,,,,,,,,,,,
인마이플레이스,부산광역시 금정구 장전동 388-14,4,17:30,2:00,,,,,,,,,,,
인마이플레이스,부산광역시 금정구 장전동 388-14,5,17:30,2:00,,,,,,,,,,,
인마이플레이스,부산광역시 금정구 장전동 388-14,6,17:30,2:00,,,,,,,,,,,
구름푸드,부산광역시 금정구 장전동 388-25,0,,,,,,,,,,,,,
구름푸드,부산광역시 금정구 장전동 388-25,1,,,,,,,,,,,,,
구름푸드,부산광역시 금정구 장전동 388-25,2,,,,,,,,,,,,,
구름푸드,부산광역시 금정구 장전동 388-25,3,,,,,,,,,,,,,
구름푸드,부산광역시 금정구 장전동 388-25,4,,,,,,,,,,,,,
구름푸드,부산광역시 금정구 장전동 388-25,5,,,,,,,,,,,,,
구름푸드,부산광역시 금정구 장전동 388-25,6,,,,,,,,,,,,,
야마즈미우동,부산광역시 금정구 장전동 388-43,0,11:00,16:00,,,,,,,,,,,
야마즈미우동,부산광역시 금정구 장전동 388-43,1,11:00,16:00,,,,,,,,,,,
야마즈미우동,부산광역시 금정구 장전동 388-43,2,11:00,16:00,,,,,,,,,,,
야마즈미우동,부산광역시 금정구 장전동 388-43,3,11:00,16:00,,,,,,,,,,,
야마즈미우동,부산광역시 금정구 장전동 388-43,4,11:00,16:00,,,,,,,,,,,
야마즈미우동,부산광역시 금정구 장전동 388-43,5,11:00,16:00,,,,,,,,,,,
야마즈미우동,부산광역시 금정구 장전동 388-43,6,11:00,16:00,,,,,,,,,,,
족발이다 부산대점,부산광역시 금정구 장전동 388-5,0,,,,,,,,,,,,,
족발이다 부산대점,부산광역시 금정구 장전동 388-5,1,,,,,,,,,,,,,
족발이다 부산대점,부산광역시 금정구 장전동 388-5,2,,,,,,,,,,,,,
족발이다 부산대점,부산광역시 금정구 장전동 388-5,3,,,,,,,,,,,,,
족발이다 부산대점,부산광역시 금정구 장전동 388-5,4,,,,,,,,,,,,,
족발이다 부산대점,부산광역시 금정구 장전동 388-5,5,,,,,,,,,,,,,
족발이다 부산대점,부산광역시 금정구 장전동 388-5,6,,,,,,,,,,,,,
진경식당,부산광역시 금정구 장전동 388-5,0,,,,,,,,,,,,,
진경식당,부산광역시 금정구 장전동 388-5,1,,,,,,,,,,,,,
진경식당,부산광역시 금정구 장전동 388-5,2,,,,,,,,,,,,,
진경식당,부산광역시 금정구 장전동 388-5,3,,,,,,,,,,,,,
진경식당,부산광역시 금정구 장전동 388-5,4,,,,,,,,,,,,,
진경식당,부산광역시 금정구 장전동 388-5,5,,,,,,,,,,,,,
진경식당,부산광역시 금정구 장전동 388-5,6,,,,,,,,,,,,,
얘이,부산광역시 금정구 장전동 389-11,0,,,,,,,,,,,,,
얘이,부산광역시 금정구 장전동 389-11,1,,,,,,,,,,,,,
얘이,부산광역시 금정구 장전동 389-11,2,,,,,,,,,,,,,
얘이,부산광역시 금정구 장전동 389-11,3,,,,,,,,,,,,,
얘이,부산광역시 금정구 장전동 389-11,4,,,,,,,,,,,,,
얘이,부산광역시 금정구 장전동 389-11,5,,,,,,,,,,,,,
얘이,부산광역시 금정구 장전동 389-11,6,,,,,,,,,,,,,
오늘김해뒷고기 부산대점,부산광역시 금정구 장전동 389-11,0,16:30,22:50,,,,,,,,,,,
오늘김해뒷고기 부산대점,부산광역시 금정구 장전동 389-11,1,16:30,22:50,,,,,,,,,,,
오늘김해뒷고기 부산대점,부산광역시 금정구 장전동 389-11,2,16:30,22:50,,,,,,,,,,,
오늘김해뒷고기 부산대점,부산광역시 금정구 장전동 389-11,3,16:30,22:50,,,,,,,,,,,
오늘김해뒷고기 부산대점,부산광역시 금정구 장전동 389-11,4,16:30,22:50,,,,,,,,,,,
오늘김해뒷고기 부산대점,부산광역시 금정구 장전동 389-11,5,16:30,22:50,,,,,,,,,,,
오늘김해뒷고기 부산대점,부산광역시 금정구 장전동 389-11,6,16:30,22:50,,,,,,,,,,,
화문,부산광역시 금정구 장전동 389-11,0,,,,,,,,,,,,,
화문,부산광역시 금정구 장전동 389-11,1,,,,,,,,,,,,,
화문,부산광역시 금정구 장전동 389-11,2,,,,,,,,,,,,,
화문,부산광역시 금정구 장전동 389-11,3,,,,,,,,,,,,,
화문,부산광역시 금정구 장전동 389-11,4,,,,,,,,,,,,,
화문,부산광역시 금정구 장전동 389-11,5,,,,,,,,,,,,,
화문,부산광역시 금정구 장전동 389-11,6,,,,,,,,,,,,,
대패왕,부산광역시 금정구 장전동 389-12,0,,,,,,,,,,,,,
대패왕,부산광역시 금정구 장전동 389-12,1,,,,,,,,,,,,,
대패왕,부산광역시 금정구 장전동 389-12,2,,,,,,,,,,,,,
대패왕,부산광역시 금정구 장전동 389-12,3,,,,,,,,,,,,,
대패왕,부산광역시 금정구 장전동 389-12,4,,,,,,,,,,,,,
대패왕,부산광역시 금정구 장전동 389-12,5,,,,,,,,,,,,,
대패왕,부산광역시 금정구 장전동 389-12,6,,,,,,,,,,,,,
미도리초밥,부산광역시 금정구 장전동 389-14,0,11:00,21:00,,,,,,,,,,,
미도리초밥,부산광역시 금정구 장전동 389-14,1,11:00,21:00,15:00,17:00,,,,,,,,,
미도리초밥,부산광역시 금정구 장전동 389-14,2,11:00,21:00,15:00,17:00,,,,,,,,,
미도리초밥,부산광역시 금정구 장전동 389-14,3,11:00,21:00,15:00,17:00,,,,,,,,,
미도리초밥,부산광역시 금정구 장전동 389-14,4,11:00,21:00,15:00,17:00,,,,,,,,,
미도리초밥,부산광역시 금정구 장전동 389-14,5,11:00,21:00,15:00,17:00,,,,,,,,,
미도리초밥,부산광역시 금정구 장전동 389-14,6,11:00,21:00,,,,,,,,,,,
몽월,부산광역시 금정구 장전동 389-15,0,17:00,3:00,,,2:00,,,,,,,,
몽월,부산광역시 금정구 장전동 389-15,1,17:00,3:00,,,2:00,,,,,,,,
몽월,부산광역시 금정구 장전동 389-15,2,17:00,3:00,,,2:00,,,,,,,,
몽월,부산광역시 금정구 장전동 389-15,3,17:00,3:00,,,2:00,,,,,,,,
몽월,부산광역시 금정구 장전동 389-15,4,17:00,3:00,,,2:00,,,,,,,,
몽월,부산광역시 금정구 장전동 389-15,5,17:00,3:00,,,2:00,,,,,,,,
몽월,부산광역시 금정구 장전동 389-15,6,17:00,3:00,,,2:00,,,,,,,,
비비큐 부산대학교점,부산광역시 금정구 장전동 389-20,0,,,,,,,,,,,,,
비비큐 부산대학교점,부산광역시 금정구 장전동 389-20,1,,,,,,,,,,,,,
비비큐 부산대학교점,부산광역시 금정구 장전동 389-20,2,,,,,,,,,,,,,
비비큐 부산대학교점,부산광역시 금정구 장전동 389-20,3,,,,,,,,,,,,,
비비큐 부산대학교점,부산광역시 금정구 장전동 389-20,4,,,,,,,,,,,,,
비비큐 부산대학교점,부산광역시 금정구 장전동 389-20,5,,,,,,,,,,,,,
비비큐 부산대학교점,부산광역시 금정구 장전동 389-20,6,,,,,,,,,,,,,
칠리앤버건디,부산광역시 금정구 장전동 389-26,0,18:00,1:00,,,0:00,,,,,,,,
칠리앤버건디,부산광역시 금정구 장전동 389-26,1,18:00,1:00,,,0:00,,,,,,,,
칠리앤버건디,부산광역시 금정구 장전동 389-26,2,18:00,1:00,,,0:00,,,,,,,,
칠리앤버건디,부산광역시 금정구 장전동 389-26,3,18:00,1:00,,,0:00,,,,,,,,
칠리앤버건디,부산광역시 금정구 장전동 389-26,4,18:00,1:00,,,0:00,,,,,,,,
칠리앤버건디,부산광역시 금정구 장전동 389-26,5,18:00,2:00,,,1:00,,,,,,,,
칠리앤버건디,부산광역시 금정구 장전동 389-26,6,18:00,2:00,,,1:00,,,,,,,,
안녕식당,부산광역시 금정구 장전동 389-29,0,,,,,,,,,,,,,
안녕식당,부산광역시 금정구 장전동 389-29,1,,,,,,,,,,,,,
안녕식당,부산광역시 금정구 장전동 389-29,2,,,,,,,,,,,,,
안녕식당,부산광역시 금정구 장전동 389-29,3,,,,,,,,,,,,,
안녕식당,부산광역시 금정구 장전동 389-29,4,,,,,,,,,,,,,
안녕식당,부산광역시 금정구 장전동 389-29,5,,,,,,,,,,,,,
안녕식당,부산광역시 금정구 장전동 389-29,6,,,,,,,,,,,,,
피자나라치킨공주 부산대점,부산광역시 금정구 장전동 389-29,0,,,,,,,,,,,,,
피자나라치킨공주 부산대점,부산광역시 금정구 장전동 389-29,1,,,,,,,,,,,,,
피자나라치킨공주 부산대점,부산광역시 금정구 장전동 389-29,2,,,,,,,,,,,,,
피자나라치킨공주 부산대점,부산광역시 금정구 장전동 389-29,3,,,,,,,,,,,,,
피자나라치킨공주 부산대점,부산광역시 금정구 장전동 389-29,4,,,,,,,,,,,,,
피자나라치킨공주 부산대점,부산광역시 금정구 장전동 389-29,5,,,,,,,,,,,,,
피자나라치킨공주 부산대점,부산광역시 금정구 장전동 389-29,6,,,,,,,,,,,,,
도리신 닭도리탕 부산대점,부산광역시 금정구 장전동 389-33,0,,,,,,,,,,,,,
도리신 닭도리탕 부산대점,부산광역시 금정구 장전동 389-33,1,,,,,,,,,,,,,
도리신 닭도리탕 부산대점,부산광역시 금정구 장전동 389-33,2,,,,,,,,,,,,,
도리신 닭도리탕 부산대점,부산광역시 금정구 장전동 389-33,3,,,,,,,,,,,,,
도리신 닭도리탕 부산대점,부산광역시 금정구 장전동 389-33,4,,,,,,,,,,,,,
도리신 닭도리탕 부산대점,부산광역시 금정구 장전동 389-33,5,,,,,,,,,,,,,
도리신 닭도리탕 부산대점,부산광역시 금정구 장전동 389-33,6,,,,,,,,,,,,,
수림,부산광역시 금정구 장전동 389-37,0,11:30,21:00,15:00,17:00,20:30,,,,,,,,
수림,부산광역시 금정구 장전동 389-37,1,11:30,21:00,15:00,17:00,20:30,,,,,,,,
수림,부산광역시 금정구 장전동 389-37,2,11:30,21:00,15:00,17:00,20:30,,,,,,,,
수림,부산광역시 금정구 장전동 389-37,3,11:30,21:00,15:00,17:00,20:30,,,,,,,,
수림,부산광역시 금정구 장전동 389-37,4,11:30,21:00,15:00,17:00,20:30,,,,,,,,
수림,부산광역시 금정구 장전동 389-37,5,11:30,21:00,15:00,17:00,20:30,,,,,,,,
수림,부산광역시 금정구 장전동 389-37,6,11:30,21:00,15:00,17:00,20:30,,,,,,,,
락토하우스,부산광역시 금정구 장전동 389-51,0,,,,,,,,,,,,,
락토하우스,부산광역시 금정구 장전동 389-51,1,,,,,,,,,,,,,
락토하우스,부산광역시 금정구 장전동 389-51,2,,,,,,,,,,,,,
락토하우스,부산광역시 금정구 장전동 389-51,3,,,,,,,,,,,,,
락토하우스,부산광역시 금정구 장전동 389-51,4,,,,,,,,,,,,,
락토하우스,부산광역시 금정구 장전동 389-51,5,,,,,,,,,,,,,
락토하우스,부산광역시 금정구 장전동 389-51,6,,,,,,,,,,,,,
시골통돼지볶음,부산광역시 금정구 장전동 389-51,0,11:30,0:00,,,,,,,,,,,
시골통돼지볶음,부산광역시 금정구 장전동 389-51,1,11:30,0:00,,,,,,,,,,,
시골통돼지볶음,부산광역시 금정구 장전동 389-51,2,11:30,0:00,,,,,,,,,,,
시골통돼지볶음,부산광역시 금정구 장전동 389-51,3,11:30,0:00,,,,,,,,,,,
시골통돼지볶음,부산광역시 금정구 장전동 389-51,4,11:30,0:00,,,,,,,,,,,
시골통돼지볶음,부산광역시 금정구 장전동 389-51,5,11:30,0:00,,,,,,,,,,,
시골통돼지볶음,부산광역시 금정구 장전동 389-51,6,11:30,0:00,,,,,,,,,,,
김재완원조돼지김치구이 부산대점,부산광역시 금정구 장전동 389-59,0,,,,,,,,,,,,,
김재완원조돼지김치구이 부산대점,부산광역시 금정구 장전동 389-59,1,,,,,,,,,,,,,
김재완원조돼지김치구이 부산대점,부산광역시 금정구 장전동 389-59,2,,,,,,,,,,,,,
김재완원조돼지김치구이 부산대점,부산광역시 금정구 장전동 389-59,3,,,,,,,,,,,,,
김재완원조돼지김치구이 부산대점,부산광역시 금정구 장전동 389-59,4,,,,,,,,,,,,,
김재완원조돼지김치구이 부산대점,부산광역시 금정구 장전동 389-59,5,,,,,,,,,,,,,
김재완원조돼지김치구이 부산대점,부산광역시 금정구 장전동 389-59,6,,,,,,,,,,,,,
디귿,부산광역시 금정구 장전동 389-8,0,18:00,1:00,,,,,,,,,,,
디귿,부산광역시 금정구 장전동 389-8,1,18:00,1:00,,,,,,,,,,,
디귿,부산광역시 금정구 장전동 389-8,2,18:00,1:00,,,,,,,,,,,
디귿,부산광역시 금정구 장전동 389-8,3,18:00,1:00,,,,,,,,,,,
디귿,부산광역시 금정구 장전동 389-8,4,18:00,1:00,,,,,,,,,,,
디귿,부산광역시 금정구 장전동 389-8,5,18:00,1:00,,,,,,,,,,,
디귿,부산광역시 금정구 장전동 389-8,6,18:00,1:00,,,,,,,,,,,
잇쇼우안,부산광역시 금정구 장전동 390-10,0,11:00,20:30,14:30,17:00,20:00,,,,,,,,
잇쇼우안,부산광역시 금정구 장전동 390-10,1,11:00,20:30,14:30,17:00,20:00,,,,,,,,
잇쇼우안,부산광역시 금정구 장전동 390-10,2,11:00,20:30,14:30,17:00,20:00,,,,,,,,
잇쇼우안,부산광역시 금정구 장전동 390-10,3,11:00,20:30,14:30,17:00,20:00,,,,,,,,
잇쇼우안,부산광역시 금정구 장전동 390-10,4,11:00,20:30,14:30,17:00,20:00,,,,,,,,
잇쇼우안,부산광역시 금정구 장전동 390-10,5,11:00,20:30,14:30,17:00,20:00,,,,,,,,
잇쇼우안,부산광역시 금정구 장전동 390-10,6,11:00,20:30,14:30,17:00,20:00,,,,,,,,
11평막걸리,부산광역시 금정구 장전동 390-11,0,18:00,2:00,,,,,,,,,,,
11평막걸리,부산광역시 금정구 장전동 390-11,1,18:00,2:00,,,,,,,,,,,
11평막걸리,부산광역시 금정구 장전동 390-11,2,18:00,2:00,,,,,,,,,,,
11평막걸리,부산광역시 금정구 장전동 390-11,3,18:00,2:00,,,,,,,,,,,
11평막걸리,부산광역시 금정구 장전동 390-11,4,18:00,2:00,,,,,,,,,,,
11평막걸리,부산광역시 금정구 장전동 390-11,5,18:00,2:00,,,,,,,,,,,
11평막걸리,부산광역시 금정구 장전동 390-11,6,18:00,2:00,,,,,,,,,,,
키햐아 부산대점,부산광역시 금정구 장전동 390-11,0,11:00,21:00,,,,,,,,,,,
키햐아 부산대점,부산광역시 금정구 장전동 390-11,1,11:00,21:00,,,,,,,,,,,
키햐아 부산대점,부산광역시 금정구 장전동 390-11,2,11:00,21:00,,,,,,,,,,,
키햐아 부산대점,부산광역시 금정구 장전동 390-11,3,11:00,21:00,,,,,,,,,,,
키햐아 부산대점,부산광역시 금정구 장전동 390-11,4,11:00,21:00,,,,,,,,,,,
키햐아 부산대점,부산광역시 금정구 장전동 390-11,5,11:00,21:00,,,,,,,,,,,
키햐아 부산대점,부산광역시 금정구 장전동 390-11,6,11:00,21:00,,,,,,,,,,,
이백장돈가스 부산대점,부산광역시 금정구 장전동 390-13,0,,,,,,,,,,,,,
이백장돈가스 부산대점,부산광역시 금정구 장전동 390-13,1,,,,,,,,,,,,,
이백장돈가스 부산대점,부산광역시 금정구 장전동 390-13,2,,,,,,,,,,,,,
이백장돈가스 부산대점,부산광역시 금정구 장전동 390-13,3,,,,,,,,,,,,,
이백장돈가스 부산대점,부산광역시 금정구 장전동 390-13,4,,,,,,,,,,,,,
이백장돈가스 부산대점,부산광역시 금정구 장전동 390-13,5,,,,,,,,,,,,,
이백장돈가스 부산대점,부산광역시 금정구 장전동 390-13,6,,,,,,,,,,,,,
고기는모름지기X놀래쓰,부산광역시 금정구 장전동 390-15,0,16:30,1:00,,,,,,,,,,,
고기는모름지기X놀래쓰,부산광역시 금정구 장전동 390-15,1,16:30,1:00,,,,,,,,,,,
고기는모름지기X놀래쓰,부산광역시 금정구 장전동 390-15,2,16:30,1:00,,,,,,,,,,,
고기는모름지기X놀래쓰,부산광역시 금정구 장전동 390-15,3,16:30,1:00,,,,,,,,,,,
고기는모름지기X놀래쓰,부산광역시 금정구 장전동 390-15,4,16:30,1:00,,,,,,,,,,,
고기는모름지기X놀래쓰,부산광역시 금정구 장전동 390-15,5,16:30,1:00,,,,,,,,,,,
고기는모름지기X놀래쓰,부산광역시 금정구 장전동 390-15,6,16:30,1:00,,,,,,,,,,,
몰타,부산광역시 금정구 장전동 390-9,0,18:00,1:00,,,,,,,,,,,
몰타,부산광역시 금정구 장전동 390-9,1,18:00,1:00,,,,,,,,,,,
몰타,부산광역시 금정구 장전동 390-9,2,18:00,1:00,,,,,,,,,,,
몰타,부산광역시 금정구 장전동 390-9,3,18:00,1:00,,,,,,,,,,,
몰타,부산광역시 금정구 장전동 390-9,4,18:00,1:00,,,,,,,,,,,
몰타,부산광역시 금정구 장전동 390-9,5,18:00,2:00,,,,,,,,,,,
몰타,부산광역시 금정구 장전동 390-9,6,18:00,2:00,,,,,,,,,,,
부소담,부산광역시 금정구 장전동 390-9,0,17:00,0:00,,,,,,,,,,,
부소담,부산광역시 금정구 장전동 390-9,1,17:00,0:00,,,,,,,,,,,
부소담,부산광역시 금정구 장전동 390-9,2,17:00,0:00,,,,,,,,,,,
부소담,부산광역시 금정구 장전동 390-9,3,17:00,0:00,,,,,,,,,,,
부소담,부산광역시 금정구 장전동 390-9,4,17:00,0:00,,,,,,,,,,,
부소담,부산광역시 금정구 장전동 390-9,5,17:00,0:00,,,,,,,,,,,
부소담,부산광역시 금정구 장전동 390-9,6,17:00,0:00,,,,,,,,,,,
돈돈카츠,부산광역시 금정구 장전동 391-1,0,,,,,,,,,,,,,
돈돈카츠,부산광역시 금정구 장전동 391-1,1,,,,,,,,,,,,,
돈돈카츠,부산광역시 금정구 장전동 391-1,2,,,,,,,,,,,,,
돈돈카츠,부산광역시 금정구 장전동 391-1,3,,,,,,,,,,,,,
돈돈카츠,부산광역시 금정구 장전동 391-1,4,,,,,,,,,,,,,
돈돈카츠,부산광역시 금정구 장전동 391-1,5,,,,,,,,,,,,,
돈돈카츠,부산광역시 금정구 장전동 391-1,6,,,,,,,,,,,,,
베뜨빌,부산광역시 금정구 장전동 391-10,0,11:30,22:00,,,,,,,,,,,
베뜨빌,부산광역시 금정구 장전동 391-10,1,11:30,22:00,,,,,,,,,,,
베뜨빌,부산광역시 금정구 장전동 391-10,2,11:30,22:00,,,,,,,,,,,
베뜨빌,부산광역시 금정구 장전동 391-10,3,11:30,22:00,,,,,,,,,,,
베뜨빌,부산광역시 금정구 장전동 391-10,4,11:30,22:00,,,,,,,,,,,
베뜨빌,부산광역시 금정구 장전동 391-10,5,11:30,22:00,,,,,,,,,,,
베뜨빌,부산광역시 금정구 장전동 391-10,6,11:30,22:00,,,,,,,,,,,
멕시카나치킨,부산광역시 금정구 장전동 391-6,0,,,,,,,,,,,,,
멕시카나치킨,부산광역시 금정구 장전동 391-6,1,,,,,,,,,,,,,
멕시카나치킨,부산광역시 금정구 장전동 391-6,2,,,,,,,,,,,,,
멕시카나치킨,부산광역시 금정구 장전동 391-6,3,,,,,,,,,,,,,
멕시카나치킨,부산광역시 금정구 장전동 391-6,4,,,,,,,,,,,,,
멕시카나치킨,부산광역시 금정구 장전동 391-6,5,,,,,,,,,,,,,
멕시카나치킨,부산광역시 금정구 장전동 391-6,6,,,,,,,,,,,,,
황금칼국수,부산광역시 금정구 장전동 391-6,0,10:00,20:00,,,,,,,,,,,
황금칼국수,부산광역시 금정구 장전동 391-6,1,10:00,20:00,,,,,,,,,,,
황금칼국수,부산광역시 금정구 장전동 391-6,2,10:00,20:00,,,,,,,,,,,
황금칼국수,부산광역시 금정구 장전동 391-6,3,10:00,20:00,,,,,,,,,,,
황금칼국수,부산광역시 금정구 장전동 391-6,4,10:00,20:00,,,,,,,,,,,
황금칼국수,부산광역시 금정구 장전동 391-6,5,10:00,20:00,,,,,,,,,,,
황금칼국수,부산광역시 금정구 장전동 391-6,6,10:00,20:00,,,,,,,,,,,
어가스시 가이텐스시,부산광역시 금정구 장전동 392-5,0,11:30,22:00,15:00,17:00,,,,,,,,,
어가스시 가이텐스시,부산광역시 금정구 장전동 392-5,1,11:30,22:00,15:00,17:00,,,,,,,,,
어가스시 가이텐스시,부산광역시 금정구 장전동 392-5,2,11:30,22:00,15:00,17:00,,,,,,,,,
어가스시 가이텐스시,부산광역시 금정구 장전동 392-5,3,11:30,22:00,15:00,17:00,,,,,,,,,
어가스시 가이텐스시,부산광역시 금정구 장전동 392-5,4,11:30,22:00,15:00,17:00,,,,,,,,,
어가스시 가이텐스시,부산광역시 금정구 장전동 392-5,5,11:30,22:00,15:00,17:00,,,,,,,,,
어가스시 가이텐스시,부산광역시 금정구 장전동 392-5,6,11:30,22:00,15:00,17:00,,,,,,,,,
가야공원돼지국밥,부산광역시 금정구 장전동 393-10,0,8:40,21:30,,,,,,,,,,,
가야공원돼지국밥,부산광역시 금정구 장전동 393-10,1,8:40,21:30,,,,,,,,,,,
가야공원돼지국밥,부산광역시 금정구 장전동 393-10,2,8:40,21:30,,,,,,,,,,,
가야공원돼지국밥,부산광역시 금정구 장전동 393-10,3,8:40,21:30,,,,,,,,,,,
가야공원돼지국밥,부산광역시 금정구 장전동 393-10,4,8:40,21:30,,,,,,,,,,,
가야공원돼지국밥,부산광역시 금정구 장전동 393-10,5,8:40,21:30,,,,,,,,,,,
가야공원돼지국밥,부산광역시 금정구 장전동 393-10,6,8:40,21:30,,,,,,,,,,,
퍼스트부엌,부산광역시 금정구 장전동 393-12,0,11:30,21:30,15:30,16:30,20:30,,,,,,,,
퍼스트부엌,부산광역시 금정구 장전동 393-12,1,11:30,21:30,15:30,16:30,20:30,,,,,,,,
퍼스트부엌,부산광역시 금정구 장전동 393-12,2,11:30,21:30,15:30,16:30,20:30,,,,,,,,
퍼스트부엌,부산광역시 금정구 장전동 393-12,3,11:30,21:30,15:30,16:30,20:30,,,,,,,,
퍼스트부엌,부산광역시 금정구 장전동 393-12,4,11:30,21:30,15:30,16:30,20:30,,,,,,,,
퍼스트부엌,부산광역시 금정구 장전동 393-12,5,11:30,21:30,15:30,16:30,20:30,,,,,,,,
퍼스트부엌,부산광역시 금정구 장전동 393-12,6,11:30,21:30,15:30,16:30,20:30,,,,,,,,
야타이스시,부산광역시 금정구 장전동 393-2,0,11:30,21:30,15:00,17:00,,,,,,,,,
야타이스시,부산광역시 금정구 장전동 393-2,1,11:30,21:30,15:00,17:00,,,,,,,,,
야타이스시,부산광역시 금정구 장전동 393-2,2,11:30,21:30,15:00,17:00,,,,,,,,,
야타이스시,부산광역시 금정구 장전동 393-2,3,11:30,21:30,15:00,17:00,,,,,,,,,
야타이스시,부산광역시 금정구 장전동 393-2,4,11:30,21:30,15:00,17:00,,,,,,,,,
야타이스시,부산광역시 금정구 장전동 393-2,5,11:30,21:30,15:00,17:00,,,,,,,,,
야타이스시,부산광역시 금정구 장전동 393-2,6,11:30,21:30,15:00,17:00,,,,,,,,,
올리브그린,부산광역시 금정구 장전동 393-20,0,24:00,22:00,,,,,,,,,,,
올리브그린,부산광역시 금정구 장전동 393-20,1,24:00,22:00,,,,,,,,,,,
올리브그린,부산광역시 금정구 장전동 393-20,2,24:00,22:00,,,,,,,,,,,
올리브그린,부산광역시 금정구 장전동 393-20,3,24:00,22:00,,,,,,,,,,,
올리브그린,부산광역시 금정구 장전동 393-20,4,24:00,22:00,,,,,,,,,,,
올리브그린,부산광역시 금정구 장전동 393-20,5,24:00,22:00,,,,,,,,,,,
올리브그린,부산광역시 금정구 장전동 393-20,6,24:00,22:00,,,,,,,,,,,
꽃달,부산광역시 금정구 장전동 393-30,0,11:30,0:00,,,,,,,,,,,
꽃달,부산광역시 금정구 장전동 393-30,1,11:30,0:00,,,,,,,,,,,
꽃달,부산광역시 금정구 장전동 393-30,2,11:30,0:00,,,,,,,,,,,
꽃달,부산광역시 금정구 장전동 393-30,3,11:30,0:00,,,,,,,,,,,
꽃달,부산광역시 금정구 장전동 393-30,4,11:30,0:00,,,,,,,,,,,
꽃달,부산광역시 금정구 장전동 393-30,5,11:30,0:00,,,,,,,,,,,
꽃달,부산광역시 금정구 장전동 393-30,6,11:30,0:00,,,,,,,,,,,
낙양,부산광역시 금정구 장전동 393-40,0,17:00,1:00,0:00,,,,,,,,,,
낙양,부산광역시 금정구 장전동 393-40,1,17:00,1:00,0:00,,,,,,,,,,
낙양,부산광역시 금정구 장전동 393-40,2,17:00,1:00,0:00,,,,,,,,,,
낙양,부산광역시 금정구 장전동 393-40,3,17:00,1:00,0:00,,,,,,,,,,
낙양,부산광역시 금정구 장전동 393-40,4,17:00,1:00,0:00,,,,,,,,,,
낙양,부산광역시 금정구 장전동 393-40,5,17:00,1:00,0:00,,,,,,,,,,
낙양,부산광역시 금정구 장전동 393-40,6,17:00,1:00,0:00,,,,,,,,,,
르브론,부산광역시 금정구 장전동 393-40,0,18:00,1:00,,,,,,,,,,,
르브론,부산광역시 금정구 장전동 393-40,1,18:00,1:00,,,,,,,,,,,
르브론,부산광역시 금정구 장전동 393-40,2,18:00,1:00,,,,,,,,,,,
르브론,부산광역시 금정구 장전동 393-40,3,18:00,1:00,,,,,,,,,,,
르브론,부산광역시 금정구 장전동 393-40,4,18:00,1:00,,,,,,,,,,,
르브론,부산광역시 금정구 장전동 393-40,5,18:00,1:00,,,,,,,,,,,
르브론,부산광역시 금정구 장전동 393-40,6,18:00,1:00,,,,,,,,,,,
한상,부산광역시 금정구 장전동 393-8,0,,,,,,,,,,,,,
한상,부산광역시 금정구 장전동 393-8,1,,,,,,,,,,,,,
한상,부산광역시 금정구 장전동 393-8,2,,,,,,,,,,,,,
한상,부산광역시 금정구 장전동 393-8,3,,,,,,,,,,,,,
한상,부산광역시 금정구 장전동 393-8,4,,,,,,,,,,,,,
한상,부산광역시 금정구 장전동 393-8,5,,,,,,,,,,,,,
한상,부산광역시 금정구 장전동 393-8,6,,,,,,,,,,,,,
카오카무,부산광역시 금정구 장전동 394-15,0,24:00,21:00,,,20:30,,,,,,,,
카오카무,부산광역시 금정구 장전동 394-15,1,11:30,21:00,,,20:30,,,,,,,,
카오카무,부산광역시 금정구 장전동 394-15,2,11:30,21:00,,,20:30,,,,,,,,
카오카무,부산광역시 금정구 장전동 394-15,3,11:30,21:00,,,20:30,,,,,,,,
카오카무,부산광역시 금정구 장전동 394-15,4,11:30,21:00,,,20:30,,,,,,,,
카오카무,부산광역시 금정구 장전동 394-15,5,11:30,21:00,,,20:30,,,,,,,,
카오카무,부산광역시 금정구 장전동 394-15,6,24:00,21:00,,,20:30,,,,,,,,
담화로,부산광역시 금정구 장전동 394-19,0,,,,,,,,,,,,,
담화로,부산광역시 금정구 장전동 394-19,1,,,,,,,,,,,,,
담화로,부산광역시 금정구 장전동 394-19,2,,,,,,,,,,,,,
담화로,부산광역시 금정구 장전동 394-19,3,,,,,,,,,,,,,
담화로,부산광역시 금정구 장전동 394-19,4,,,,,,,,,,,,,
담화로,부산광역시 금정구 장전동 394-19,5,,,,,,,,,,,,,
담화로,부산광역시 금정구 장전동 394-19,6,,,,,,,,,,,,,
다우다미,부산광역시 금정구 장전동 394-2,0,,,,,,,,,,,,,
다우다미,부산광역시 금정구 장전동 394-2,1,,,,,,,,,,,,,
다우다미,부산광역시 금정구 장전동 394-2,2,,,,,,,,,,,,,
다우다미,부산광역시 금정구 장전동 394-2,3,,,,,,,,,,,,,
다우다미,부산광역시 금정구 장전동 394-2,4,,,,,,,,,,,,,
다우다미,부산광역시 금정구 장전동 394-2,5,,,,,,,,,,,,,
다우다미,부산광역시 금정구 장전동 394-2,6,,,,,,,,,,,,,
범짜장&밀면,부산광역시 금정구 장전동 394-20,0,10:00,20:30,,,,,,,,,,,
범짜장&밀면,부산광역시 금정구 장전동 394-20,1,10:00,20:30,,,,,,,,,,,
범짜장&밀면,부산광역시 금정구 장전동 394-20,2,10:00,20:30,,,,,,,,,,,
범짜장&밀면,부산광역시 금정구 장전동 394-20,3,10:00,20:30,,,,,,,,,,,
범짜장&밀면,부산광역시 금정구 장전동 394-20,4,10:00,20:30,,,,,,,,,,,
범짜장&밀면,부산광역시 금정구 장전동 394-20,5,10:00,20:30,,,,,,,,,,,
범짜장&밀면,부산광역시 금정구 장전동 394-20,6,10:00,20:30,,,,,,,,,,,
멜버른마켓,부산광역시 금정구 장전동 394-33,0,11:00,17:00,,,,,,,,,,,
멜버른마켓,부산광역시 금정구 장전동 394-33,1,9:00,17:00,,,,,,,,,,,
멜버른마켓,부산광역시 금정구 장전동 394-33,2,9:00,17:00,,,,,,,,,,,
멜버른마켓,부산광역시 금정구 장전동 394-33,3,9:00,17:00,,,,,,,,,,,
멜버른마켓,부산광역시 금정구 장전동 394-33,4,9:00,17:00,,,,,,,,,,,
멜버른마켓,부산광역시 금정구 장전동 394-33,5,9:00,17:00,,,,,,,,,,,
멜버른마켓,부산광역시 금정구 장전동 394-33,6,11:00,17:00,,,,,,,,,,,
바다사랑횟집,부산광역시 금정구 장전동 394-5,0,17:00,23:00,,,21:30,,,,,,,,
바다사랑횟집,부산광역시 금정구 장전동 394-5,1,17:00,23:00,,,21:30,,,,,,,,
바다사랑횟집,부산광역시 금정구 장전동 394-5,2,17:00,23:00,,,21:30,,,,,,,,
바다사랑횟집,부산광역시 금정구 장전동 394-5,3,17:00,23:00,,,21:30,,,,,,,,
바다사랑횟집,부산광역시 금정구 장전동 394-5,4,17:00,23:00,,,21:30,,,,,,,,
바다사랑횟집,부산광역시 금정구 장전동 394-5,5,17:00,23:00,,,21:30,,,,,,,,
바다사랑횟집,부산광역시 금정구 장전동 394-5,6,17:00,23:00,,,21:30,,,,,,,,
부막숯불닭갈비 부산대점,부산광역시 금정구 장전동 394-5,0,16:30,23:30,,,,,,,,,,,
부막숯불닭갈비 부산대점,부산광역시 금정구 장전동 394-5,1,16:30,23:30,,,,,,,,,,,
부막숯불닭갈비 부산대점,부산광역시 금정구 장전동 394-5,2,16:30,23:30,,,,,,,,,,,
부막숯불닭갈비 부산대점,부산광역시 금정구 장전동 394-5,3,16:30,23:30,,,,,,,,,,,
부막숯불닭갈비 부산대점,부산광역시 금정구 장전동 394-5,4,16:30,23:30,,,,,,,,,,,
부막숯불닭갈비 부산대점,부산광역시 금정구 장전동 394-5,5,16:30,23:30,,,,,,,,,,,
부막숯불닭갈비 부산대점,부산광역시 금정구 장전동 394-5,6,16:30,23:30,,,,,,,,,,,
토모(友),부산광역시 금정구 장전동 394-6 ,0,17:00,1:00,,,,,,,,,,,
토모(友),부산광역시 금정구 장전동 394-6 ,1,17:00,1:00,,,,,,,,,,,
토모(友),부산광역시 금정구 장전동 394-6 ,2,17:00,1:00,,,,,,,,,,,
토모(友),부산광역시 금정구 장전동 394-6 ,3,17:00,1:00,,,,,,,,,,,
토모(友),부산광역시 금정구 장전동 394-6 ,4,17:00,1:00,,,,,,,,,,,
토모(友),부산광역시 금정구 장전동 394-6 ,5,17:00,1:00,,,,,,,,,,,
토모(友),부산광역시 금정구 장전동 394-6 ,6,17:00,1:00,,,,,,,,,,,
부타시니세 부산대점,부산광역시 금정구 장전동 394-9,0,11:00,23:00,,,22:00,,,,,,,,
부타시니세 부산대점,부산광역시 금정구 장전동 394-9,1,13:00,23:00,,,22:00,,,,,,,,
부타시니세 부산대점,부산광역시 금정구 장전동 394-9,2,13:00,23:00,,,22:00,,,,,,,,
부타시니세 부산대점,부산광역시 금정구 장전동 394-9,3,13:00,23:00,,,22:00,,,,,,,,
부타시니세 부산대점,부산광역시 금정구 장전동 394-9,4,13:00,23:00,,,22:00,,,,,,,,
부타시니세 부산대점,부산광역시 금정구 장전동 394-9,5,13:00,23:00,,,22:00,,,,,,,,
부타시니세 부산대점,부산광역시 금정구 장전동 394-9,6,11:00,23:00,,,22:00,,,,,,,,
아리랑찜닭,부산광역시 금정구 장전동 399-13,0,12:00,0:00,,,,,,,,,,,
아리랑찜닭,부산광역시 금정구 장전동 399-13,1,11:00,0:00,,,,,,,,,,,
아리랑찜닭,부산광역시 금정구 장전동 399-13,2,11:00,0:00,,,,,,,,,,,
아리랑찜닭,부산광역시 금정구 장전동 399-13,3,11:00,0:00,,,,,,,,,,,
아리랑찜닭,부산광역시 금정구 장전동 399-13,4,11:00,0:00,,,,,,,,,,,
아리랑찜닭,부산광역시 금정구 장전동 399-13,5,11:00,0:00,,,,,,,,,,,
아리랑찜닭,부산광역시 금정구 장전동 399-13,6,11:00,0:00,,,,,,,,,,,
맘스터치 NC백화점부산대점,부산광역시 금정구 장전동 40,0,,,,,,,,,,,,,
맘스터치 NC백화점부산대점,부산광역시 금정구 장전동 40,1,,,,,,,,,,,,,
맘스터치 NC백화점부산대점,부산광역시 금정구 장전동 40,2,,,,,,,,,,,,,
맘스터치 NC백화점부산대점,부산광역시 금정구 장전동 40,3,,,,,,,,,,,,,
맘스터치 NC백화점부산대점,부산광역시 금정구 장전동 40,4,,,,,,,,,,,,,
맘스터치 NC백화점부산대점,부산광역시 금정구 장전동 40,5,,,,,,,,,,,,,
맘스터치 NC백화점부산대점,부산광역시 금정구 장전동 40,6,,,,,,,,,,,,,
삼백집 부산대NC점,부산광역시 금정구 장전동 40,0,,,,,,,,,,,,,
삼백집 부산대NC점,부산광역시 금정구 장전동 40,1,,,,,,,,,,,,,
삼백집 부산대NC점,부산광역시 금정구 장전동 40,2,,,,,,,,,,,,,
삼백집 부산대NC점,부산광역시 금정구 장전동 40,3,,,,,,,,,,,,,
삼백집 부산대NC점,부산광역시 금정구 장전동 40,4,,,,,,,,,,,,,
삼백집 부산대NC점,부산광역시 금정구 장전동 40,5,,,,,,,,,,,,,
삼백집 부산대NC점,부산광역시 금정구 장전동 40,6,,,,,,,,,,,,,
샤브올 부산대NC백화점,부산광역시 금정구 장전동 40,0,,,,,,,,,,,,,
샤브올 부산대NC백화점,부산광역시 금정구 장전동 40,1,,,,,,,,,,,,,
샤브올 부산대NC백화점,부산광역시 금정구 장전동 40,2,,,,,,,,,,,,,
샤브올 부산대NC백화점,부산광역시 금정구 장전동 40,3,,,,,,,,,,,,,
샤브올 부산대NC백화점,부산광역시 금정구 장전동 40,4,,,,,,,,,,,,,
샤브올 부산대NC백화점,부산광역시 금정구 장전동 40,5,,,,,,,,,,,,,
샤브올 부산대NC백화점,부산광역시 금정구 장전동 40,6,,,,,,,,,,,,,
이랜드이츠 로운 부산대NC점,부산광역시 금정구 장전동 40,0,,,,,,,,,,,,,
이랜드이츠 로운 부산대NC점,부산광역시 금정구 장전동 40,1,,,,,,,,,,,,,
이랜드이츠 로운 부산대NC점,부산광역시 금정구 장전동 40,2,,,,,,,,,,,,,
이랜드이츠 로운 부산대NC점,부산광역시 금정구 장전동 40,3,,,,,,,,,,,,,
이랜드이츠 로운 부산대NC점,부산광역시 금정구 장전동 40,4,,,,,,,,,,,,,
이랜드이츠 로운 부산대NC점,부산광역시 금정구 장전동 40,5,,,,,,,,,,,,,
이랜드이츠 로운 부산대NC점,부산광역시 금정구 장전동 40,6,,,,,,,,,,,,,
이랜드이츠애슐리퀸즈NC 부산대점,부산광역시 금정구 장전동 40,0,,,,,,,,,,,,,
이랜드이츠애슐리퀸즈NC 부산대점,부산광역시 금정구 장전동 40,1,,,,,,,,,,,,,
이랜드이츠애슐리퀸즈NC 부산대점,부산광역시 금정구 장전동 40,2,,,,,,,,,,,,,
이랜드이츠애슐리퀸즈NC 부산대점,부산광역시 금정구 장전동 40,3,,,,,,,,,,,,,
이랜드이츠애슐리퀸즈NC 부산대점,부산광역시 금정구 장전동 40,4,,,,,,,,,,,,,
이랜드이츠애슐리퀸즈NC 부산대점,부산광역시 금정구 장전동 40,5,,,,,,,,,,,,,
이랜드이츠애슐리퀸즈NC 부산대점,부산광역시 금정구 장전동 40,6,,,,,,,,,,,,,
피자몰,부산광역시 금정구 장전동 40,0,,,,,,,,,,,,,
피자몰,부산광역시 금정구 장전동 40,1,,,,,,,,,,,,,
피자몰,부산광역시 금정구 장전동 40,2,,,,,,,,,,,,,
피자몰,부산광역시 금정구 장전동 40,3,,,,,,,,,,,,,
피자몰,부산광역시 금정구 장전동 40,4,,,,,,,,,,,,,
피자몰,부산광역시 금정구 장전동 40,5,,,,,,,,,,,,,
피자몰,부산광역시 금정구 장전동 40,6,,,,,,,,,,,,,
해리스,부산광역시 금정구 장전동 40,0,,,,,,,,,,,,,
해리스,부산광역시 금정구 장전동 40,1,,,,,,,,,,,,,
해리스,부산광역시 금정구 장전동 40,2,,,,,,,,,,,,,
해리스,부산광역시 금정구 장전동 40,3,,,,,,,,,,,,,
해리스,부산광역시 금정구 장전동 40,4,,,,,,,,,,,,,
해리스,부산광역시 금정구 장전동 40,5,,,,,,,,,,,,,
해리스,부산광역시 금정구 장전동 40,6,,,,,,,,,,,,,
홍대쌀국수,부산광역시 금정구 장전동 40,0,,,,,,,,,,,,,
홍대쌀국수,부산광역시 금정구 장전동 40,1,,,,,,,,,,,,,
홍대쌀국수,부산광역시 금정구 장전동 40,2,,,,,,,,,,,,,
홍대쌀국수,부산광역시 금정구 장전동 40,3,,,,,,,,,,,,,
홍대쌀국수,부산광역시 금정구 장전동 40,4,,,,,,,,,,,,,
홍대쌀국수,부산광역시 금정구 장전동 40,5,,,,,,,,,,,,,
홍대쌀국수,부산광역시 금정구 장전동 40,6,,,,,,,,,,,,,
히노아지 부산대점,부산광역시 금정구 장전동 40,0,11:00,19:00,,,,,,,,,,,
히노아지 부산대점,부산광역시 금정구 장전동 40,1,11:00,19:00,,,,,,,,,,,
히노아지 부산대점,부산광역시 금정구 장전동 40,2,11:00,19:00,,,,,,,,,,,
히노아지 부산대점,부산광역시 금정구 장전동 40,3,11:00,19:00,,,,,,,,,,,
히노아지 부산대점,부산광역시 금정구 장전동 40,4,11:00,19:00,,,,,,,,,,,
히노아지 부산대점,부산광역시 금정구 장전동 40,5,11:00,19:00,,,,,,,,,,,
히노아지 부산대점,부산광역시 금정구 장전동 40,6,11:00,19:00,,,,,,,,,,,
몽포트,부산광역시 금정구 장전동 400-54,0,11:30,21:00,15:00,16:30,,,,,,,,,
몽포트,부산광역시 금정구 장전동 400-54,1,11:30,21:00,15:00,16:30,,,,,,,,,
몽포트,부산광역시 금정구 장전동 400-54,2,11:30,21:00,15:00,16:30,,,,,,,,,
몽포트,부산광역시 금정구 장전동 400-54,3,11:30,21:00,15:00,16:30,,,,,,,,,
몽포트,부산광역시 금정구 장전동 400-54,4,11:30,21:00,15:00,16:30,,,,,,,,,
몽포트,부산광역시 금정구 장전동 400-54,5,11:30,21:00,15:00,16:30,,,,,,,,,
몽포트,부산광역시 금정구 장전동 400-54,6,11:30,21:00,15:00,16:30,,,,,,,,,
마라내음 부산대점,부산광역시 금정구 장전동 400-60,0,,,,,,,,,,,,,
마라내음 부산대점,부산광역시 금정구 장전동 400-60,1,,,,,,,,,,,,,
마라내음 부산대점,부산광역시 금정구 장전동 400-60,2,,,,,,,,,,,,,
마라내음 부산대점,부산광역시 금정구 장전동 400-60,3,,,,,,,,,,,,,
마라내음 부산대점,부산광역시 금정구 장전동 400-60,4,,,,,,,,,,,,,
마라내음 부산대점,부산광역시 금정구 장전동 400-60,5,,,,,,,,,,,,,
마라내음 부산대점,부산광역시 금정구 장전동 400-60,6,,,,,,,,,,,,,
이삭,부산광역시 금정구 장전동 400-61,0,,,,,,,,,,,,,
이삭,부산광역시 금정구 장전동 400-61,1,,,,,,,,,,,,,
이삭,부산광역시 금정구 장전동 400-61,2,,,,,,,,,,,,,
이삭,부산광역시 금정구 장전동 400-61,3,,,,,,,,,,,,,
이삭,부산광역시 금정구 장전동 400-61,4,,,,,,,,,,,,,
이삭,부산광역시 금정구 장전동 400-61,5,,,,,,,,,,,,,
이삭,부산광역시 금정구 장전동 400-61,6,,,,,,,,,,,,,
엘부리또,부산광역시 금정구 장전동 40-10,0,10:00,19:30,,,,,,,,,,,
엘부리또,부산광역시 금정구 장전동 40-10,1,10:00,19:30,,,,,,,,,,,
엘부리또,부산광역시 금정구 장전동 40-10,2,10:00,19:30,,,,,,,,,,,
엘부리또,부산광역시 금정구 장전동 40-10,3,10:00,19:30,,,,,,,,,,,
엘부리또,부산광역시 금정구 장전동 40-10,4,10:00,19:30,,,,,,,,,,,
엘부리또,부산광역시 금정구 장전동 40-10,5,10:00,19:30,,,,,,,,,,,
엘부리또,부산광역시 금정구 장전동 40-10,6,10:00,19:30,,,,,,,,,,,
나우잇,부산광역시 금정구 장전동 401-1,0,8:00,21:00,,,,,,,,,,,
나우잇,부산광역시 금정구 장전동 401-1,1,8:00,21:00,,,,,,,,,,,
나우잇,부산광역시 금정구 장전동 401-1,2,8:00,21:00,,,,,,,,,,,
나우잇,부산광역시 금정구 장전동 401-1,3,8:00,21:00,,,,,,,,,,,
나우잇,부산광역시 금정구 장전동 401-1,4,8:00,21:00,,,,,,,,,,,
나우잇,부산광역시 금정구 장전동 401-1,5,8:00,21:00,,,,,,,,,,,
나우잇,부산광역시 금정구 장전동 401-1,6,8:00,21:00,,,,,,,,,,,
피자먹다 부산대점,부산광역시 금정구 장전동 401-1,0,,,,,,,,,,,,,
피자먹다 부산대점,부산광역시 금정구 장전동 401-1,1,,,,,,,,,,,,,
피자먹다 부산대점,부산광역시 금정구 장전동 401-1,2,,,,,,,,,,,,,
피자먹다 부산대점,부산광역시 금정구 장전동 401-1,3,,,,,,,,,,,,,
피자먹다 부산대점,부산광역시 금정구 장전동 401-1,4,,,,,,,,,,,,,
피자먹다 부산대점,부산광역시 금정구 장전동 401-1,5,,,,,,,,,,,,,
피자먹다 부산대점,부산광역시 금정구 장전동 401-1,6,,,,,,,,,,,,,
오사카함박스테이크,부산광역시 금정구 장전동 401-10,0,11:00,20:00,,,,,,,,,,,
오사카함박스테이크,부산광역시 금정구 장전동 401-10,1,11:00,20:00,,,,,,,,,,,
오사카함박스테이크,부산광역시 금정구 장전동 401-10,2,11:00,20:00,,,,,,,,,,,
오사카함박스테이크,부산광역시 금정구 장전동 401-10,3,11:00,20:00,,,,,,,,,,,
오사카함박스테이크,부산광역시 금정구 장전동 401-10,4,11:00,20:00,,,,,,,,,,,
오사카함박스테이크,부산광역시 금정구 장전동 401-10,5,11:00,14:00,,,,,,,,,,,
오사카함박스테이크,부산광역시 금정구 장전동 401-10,6,11:00,20:00,,,,,,,,,,,
전주콩나물국밥 전문점,부산광역시 금정구 장전동 401-17,0,8:00,20:00,,,,,,,,,,,
전주콩나물국밥 전문점,부산광역시 금정구 장전동 401-17,1,8:00,20:00,,,,,,,,,,,
전주콩나물국밥 전문점,부산광역시 금정구 장전동 401-17,2,8:00,20:00,,,,,,,,,,,
전주콩나물국밥 전문점,부산광역시 금정구 장전동 401-17,3,8:00,20:00,,,,,,,,,,,
전주콩나물국밥 전문점,부산광역시 금정구 장전동 401-17,4,8:00,20:00,,,,,,,,,,,
전주콩나물국밥 전문점,부산광역시 금정구 장전동 401-17,5,8:00,20:00,,,,,,,,,,,
전주콩나물국밥 전문점,부산광역시 금정구 장전동 401-17,6,8:00,20:00,,,,,,,,,,,
송림,부산광역시 금정구 장전동 401-18,0,11:30,20:30,,,,,,,,,,,
송림,부산광역시 금정구 장전동 401-18,1,11:30,20:30,,,,,,,,,,,
송림,부산광역시 금정구 장전동 401-18,2,11:30,20:30,,,,,,,,,,,
송림,부산광역시 금정구 장전동 401-18,3,11:30,20:30,,,,,,,,,,,
송림,부산광역시 금정구 장전동 401-18,4,11:30,20:30,,,,,,,,,,,
송림,부산광역시 금정구 장전동 401-18,5,11:30,20:30,,,,,,,,,,,
송림,부산광역시 금정구 장전동 401-18,6,11:30,20:30,,,,,,,,,,,
장인해장국,부산광역시 금정구 장전동 401-25,0,11:00,19:30,,,,,,,,,,,
장인해장국,부산광역시 금정구 장전동 401-25,1,11:00,19:30,,,,,,,,,,,
장인해장국,부산광역시 금정구 장전동 401-25,2,11:00,19:30,,,,,,,,,,,
장인해장국,부산광역시 금정구 장전동 401-25,3,11:00,19:30,,,,,,,,,,,
장인해장국,부산광역시 금정구 장전동 401-25,4,11:00,19:30,,,,,,,,,,,
장인해장국,부산광역시 금정구 장전동 401-25,5,11:00,19:30,,,,,,,,,,,
장인해장국,부산광역시 금정구 장전동 401-25,6,11:00,14:30,,,,,,,,,,,
모시모시,부산광역시 금정구 장전동 401-5,0,,,,,,,,,,,,,
모시모시,부산광역시 금정구 장전동 401-5,1,,,,,,,,,,,,,
모시모시,부산광역시 금정구 장전동 401-5,2,,,,,,,,,,,,,
모시모시,부산광역시 금정구 장전동 401-5,3,,,,,,,,,,,,,
모시모시,부산광역시 금정구 장전동 401-5,4,,,,,,,,,,,,,
모시모시,부산광역시 금정구 장전동 401-5,5,,,,,,,,,,,,,
모시모시,부산광역시 금정구 장전동 401-5,6,,,,,,,,,,,,,
유림부대밀면,부산광역시 금정구 장전동 403-16,0,10:30,19:30,,,19:00,,,,,,,,
유림부대밀면,부산광역시 금정구 장전동 403-16,1,10:30,19:30,,,19:00,,,,,,,,
유림부대밀면,부산광역시 금정구 장전동 403-16,2,10:30,19:30,,,19:00,,,,,,,,
유림부대밀면,부산광역시 금정구 장전동 403-16,3,10:30,19:30,,,19:00,,,,,,,,
유림부대밀면,부산광역시 금정구 장전동 403-16,4,10:30,19:30,,,19:00,,,,,,,,
유림부대밀면,부산광역시 금정구 장전동 403-16,5,10:30,19:30,,,19:00,,,,,,,,
유림부대밀면,부산광역시 금정구 장전동 403-16,6,10:30,19:30,,,19:00,,,,,,,,
어스샐러드,부산광역시 금정구 장전동 403-2,0,11:00,21:00,15:00,17:00,,,,,,,,,
어스샐러드,부산광역시 금정구 장전동 403-2,1,11:00,20:00,15:00,17:00,,,,,,,,,
어스샐러드,부산광역시 금정구 장전동 403-2,2,11:00,20:00,15:00,17:00,,,,,,,,,
어스샐러드,부산광역시 금정구 장전동 403-2,3,11:00,20:00,15:00,17:00,,,,,,,,,
어스샐러드,부산광역시 금정구 장전동 403-2,4,11:00,20:00,15:00,17:00,,,,,,,,,
어스샐러드,부산광역시 금정구 장전동 403-2,5,11:00,20:00,15:00,17:00,,,,,,,,,
어스샐러드,부산광역시 금정구 장전동 403-2,6,11:00,21:00,15:00,17:00,,,,,,,,,
탕화쿵푸마라탕,부산광역시 금정구 장전동 403-21,0,,,,,,,,,,,,,
탕화쿵푸마라탕,부산광역시 금정구 장전동 403-21,1,,,,,,,,,,,,,
탕화쿵푸마라탕,부산광역시 금정구 장전동 403-21,2,,,,,,,,,,,,,
탕화쿵푸마라탕,부산광역시 금정구 장전동 403-21,3,,,,,,,,,,,,,
탕화쿵푸마라탕,부산광역시 금정구 장전동 403-21,4,,,,,,,,,,,,,
탕화쿵푸마라탕,부산광역시 금정구 장전동 403-21,5,,,,,,,,,,,,,
탕화쿵푸마라탕,부산광역시 금정구 장전동 403-21,6,,,,,,,,,,,,,
온결,부산광역시 금정구 장전동 403-22,0,11:00,20:30,15:30,17:00,,,,,,,,,
온결,부산광역시 금정구 장전동 403-22,1,11:00,20:30,15:30,17:00,,,,,,,,,
온결,부산광역시 금정구 장전동 403-22,2,11:00,20:30,15:30,17:00,,,,,,,,,
온결,부산광역시 금정구 장전동 403-22,3,11:00,20:30,15:30,17:00,,,,,,,,,
온결,부산광역시 금정구 장전동 403-22,4,11:00,20:30,15:30,17:00,,,,,,,,,
온결,부산광역시 금정구 장전동 403-22,5,11:00,20:30,15:30,17:00,,,,,,,,,
온결,부산광역시 금정구 장전동 403-22,6,11:00,20:30,15:30,17:00,,,,,,,,,
나오리쇼쿠 부산대점,부산광역시 금정구 장전동 409-14,0,11:00,21:00,15:00,16:30,20:20,,,,,,,,
나오리쇼쿠 부산대점,부산광역시 금정구 장전동 409-14,1,11:00,21:00,15:00,16:30,20:20,,,,,,,,
나오리쇼쿠 부산대점,부산광역시 금정구 장전동 409-14,2,11:00,21:00,15:00,16:30,20:20,,,,,,,,
나오리쇼쿠 부산대점,부산광역시 금정구 장전동 409-14,3,11:00,21:00,15:00,16:30,20:20,,,,,,,,
나오리쇼쿠 부산대점,부산광역시 금정구 장전동 409-14,4,11:00,21:00,15:00,16:30,20:20,,,,,,,,
나오리쇼쿠 부산대점,부산광역시 금정구 장전동 409-14,5,11:00,21:00,15:00,16:30,20:20,,,,,,,,
나오리쇼쿠 부산대점,부산광역시 금정구 장전동 409-14,6,11:00,21:00,15:00,16:30,20:20,,,,,,,,
뭄바이,부산광역시 금정구 장전동 409-15,0,11:00,22:00,,,,,,,,,,,
뭄바이,부산광역시 금정구 장전동 409-15,1,11:00,22:00,,,,,,,,,,,
뭄바이,부산광역시 금정구 장전동 409-15,2,11:00,22:00,,,,,,,,,,,
뭄바이,부산광역시 금정구 장전동 409-15,3,11:00,22:00,,,,,,,,,,,
뭄바이,부산광역시 금정구 장전동 409-15,4,11:00,22:00,,,,,,,,,,,
뭄바이,부산광역시 금정구 장전동 409-15,5,11:00,22:00,,,,,,,,,,,
뭄바이,부산광역시 금정구 장전동 409-15,6,11:00,22:00,,,,,,,,,,,
큰맘할매순대국,부산광역시 금정구 장전동 409-15,0,10:00,0:00,,,,,,,,,,,
큰맘할매순대국,부산광역시 금정구 장전동 409-15,1,10:00,0:00,,,,,,,,,,,
큰맘할매순대국,부산광역시 금정구 장전동 409-15,2,10:00,0:00,,,,,,,,,,,
큰맘할매순대국,부산광역시 금정구 장전동 409-15,3,10:00,0:00,,,,,,,,,,,
큰맘할매순대국,부산광역시 금정구 장전동 409-15,4,10:00,0:00,,,,,,,,,,,
큰맘할매순대국,부산광역시 금정구 장전동 409-15,5,10:00,0:00,,,,,,,,,,,
큰맘할매순대국,부산광역시 금정구 장전동 409-15,6,10:00,0:00,,,,,,,,,,,
칠칠켄터키,부산광역시 금정구 장전동 409-17,0,,,,,,,,,,,,,
칠칠켄터키,부산광역시 금정구 장전동 409-17,1,,,,,,,,,,,,,
칠칠켄터키,부산광역시 금정구 장전동 409-17,2,,,,,,,,,,,,,
칠칠켄터키,부산광역시 금정구 장전동 409-17,3,,,,,,,,,,,,,
칠칠켄터키,부산광역시 금정구 장전동 409-17,4,,,,,,,,,,,,,
칠칠켄터키,부산광역시 금정구 장전동 409-17,5,,,,,,,,,,,,,
칠칠켄터키,부산광역시 금정구 장전동 409-17,6,,,,,,,,,,,,,
부산아구야,부산광역시 금정구 장전동 409-25,0,11:00,22:00,,,,,,,,,,,
부산아구야,부산광역시 금정구 장전동 409-25,1,11:00,22:00,,,,,,,,,,,
부산아구야,부산광역시 금정구 장전동 409-25,2,11:00,22:00,,,,,,,,,,,
부산아구야,부산광역시 금정구 장전동 409-25,3,11:00,22:00,,,,,,,,,,,
부산아구야,부산광역시 금정구 장전동 409-25,4,11:00,22:00,,,,,,,,,,,
부산아구야,부산광역시 금정구 장전동 409-25,5,11:00,22:00,,,,,,,,,,,
부산아구야,부산광역시 금정구 장전동 409-25,6,11:00,22:00,,,,,,,,,,,
홍콩반점0410 부산대점,부산광역시 금정구 장전동 409-9,0,,,,,,,,,,,,,
홍콩반점0410 부산대점,부산광역시 금정구 장전동 409-9,1,,,,,,,,,,,,,
홍콩반점0410 부산대점,부산광역시 금정구 장전동 409-9,2,,,,,,,,,,,,,
홍콩반점0410 부산대점,부산광역시 금정구 장전동 409-9,3,,,,,,,,,,,,,
홍콩반점0410 부산대점,부산광역시 금정구 장전동 409-9,4,,,,,,,,,,,,,
홍콩반점0410 부산대점,부산광역시 금정구 장전동 409-9,5,,,,,,,,,,,,,
홍콩반점0410 부산대점,부산광역시 금정구 장전동 409-9,6,,,,,,,,,,,,,
달순이,부산광역시 금정구 장전동 412-10,0,18:00,1:00,,,23:30,,,,,,,,
달순이,부산광역시 금정구 장전동 412-10,1,18:00,1:00,,,23:30,,,,,,,,
달순이,부산광역시 금정구 장전동 412-10,2,18:00,1:00,,,23:30,,,,,,,,
달순이,부산광역시 금정구 장전동 412-10,3,18:00,1:00,,,23:30,,,,,,,,
달순이,부산광역시 금정구 장전동 412-10,4,18:00,1:00,,,23:30,,,,,,,,
달순이,부산광역시 금정구 장전동 412-10,5,18:00,1:00,,,23:30,,,,,,,,
달순이,부산광역시 금정구 장전동 412-10,6,18:00,1:00,,,23:30,,,,,,,,
칼맛나는 푸짐한횟집,부산광역시 금정구 장전동 412-10,0,16:00,22:00,,,,,,,,,,,
칼맛나는 푸짐한횟집,부산광역시 금정구 장전동 412-10,1,16:00,22:00,,,,,,,,,,,
칼맛나는 푸짐한횟집,부산광역시 금정구 장전동 412-10,2,16:00,22:00,,,,,,,,,,,
칼맛나는 푸짐한횟집,부산광역시 금정구 장전동 412-10,3,16:00,22:00,,,,,,,,,,,
칼맛나는 푸짐한횟집,부산광역시 금정구 장전동 412-10,4,16:00,22:00,,,,,,,,,,,
칼맛나는 푸짐한횟집,부산광역시 금정구 장전동 412-10,5,16:00,22:00,,,,,,,,,,,
칼맛나는 푸짐한횟집,부산광역시 금정구 장전동 412-10,6,16:00,22:00,,,,,,,,,,,
서울깍두기,부산광역시 금정구 장전동 412-11,0,9:00,21:00,,,,,,,,,,,
서울깍두기,부산광역시 금정구 장전동 412-11,1,9:00,21:00,,,,,,,,,,,
서울깍두기,부산광역시 금정구 장전동 412-11,2,9:00,21:00,,,,,,,,,,,
서울깍두기,부산광역시 금정구 장전동 412-11,3,9:00,21:00,,,,,,,,,,,
서울깍두기,부산광역시 금정구 장전동 412-11,4,9:00,21:00,,,,,,,,,,,
서울깍두기,부산광역시 금정구 장전동 412-11,5,9:00,21:00,,,,,,,,,,,
서울깍두기,부산광역시 금정구 장전동 412-11,6,9:00,21:00,,,,,,,,,,,
코하루,부산광역시 금정구 장전동 412-22,0,11:00,21:00,,,20:30,,,,,,,,
코하루,부산광역시 금정구 장전동 412-22,1,11:00,21:00,,,20:30,,,,,,,,
코하루,부산광역시 금정구 장전동 412-22,2,11:00,21:00,,,20:30,,,,,,,,
코하루,부산광역시 금정구 장전동 412-22,3,11:00,21:00,,,20:30,,,,,,,,
코하루,부산광역시 금정구 장전동 412-22,4,11:00,21:00,,,20:30,,,,,,,,
코하루,부산광역시 금정구 장전동 412-22,5,11:00,21:00,,,20:30,,,,,,,,
코하루,부산광역시 금정구 장전동 412-22,6,11:00,21:00,,,20:30,,,,,,,,
심취,부산광역시 금정구 장전동 412-23,0,17:30,3:00,,,,,,,,,,,
심취,부산광역시 금정구 장전동 412-23,1,17:30,3:00,,,,,,,,,,,
심취,부산광역시 금정구 장전동 412-23,2,17:30,3:00,,,,,,,,,,,
심취,부산광역시 금정구 장전동 412-23,3,17:30,3:00,,,,,,,,,,,
심취,부산광역시 금정구 장전동 412-23,4,17:30,3:00,,,,,,,,,,,
심취,부산광역시 금정구 장전동 412-23,5,17:30,3:00,,,,,,,,,,,
심취,부산광역시 금정구 장전동 412-23,6,17:30,3:00,,,,,,,,,,,
굽네치킨장전점,부산광역시 금정구 장전동 412-40,0,,,,,,,,,,,,,
굽네치킨장전점,부산광역시 금정구 장전동 412-40,1,,,,,,,,,,,,,
굽네치킨장전점,부산광역시 금정구 장전동 412-40,2,,,,,,,,,,,,,
굽네치킨장전점,부산광역시 금정구 장전동 412-40,3,,,,,,,,,,,,,
굽네치킨장전점,부산광역시 금정구 장전동 412-40,4,,,,,,,,,,,,,
굽네치킨장전점,부산광역시 금정구 장전동 412-40,5,,,,,,,,,,,,,
굽네치킨장전점,부산광역시 금정구 장전동 412-40,6,,,,,,,,,,,,,
그린,부산광역시 금정구 장전동 412-40,0,15:00,1:00,,,,,,,,,,,
그린,부산광역시 금정구 장전동 412-40,1,15:00,1:00,,,,,,,,,,,
그린,부산광역시 금정구 장전동 412-40,2,15:00,1:00,,,,,,,,,,,
그린,부산광역시 금정구 장전동 412-40,3,15:00,1:00,,,,,,,,,,,
그린,부산광역시 금정구 장전동 412-40,4,15:00,1:00,,,,,,,,,,,
그린,부산광역시 금정구 장전동 412-40,5,15:00,2:00,,,,,,,,,,,
그린,부산광역시 금정구 장전동 412-40,6,15:00,2:00,,,,,,,,,,,
키무엔라멘,부산광역시 금정구 장전동 412-40,0,11:00,20:00,14:30,17:00,19:30,,,,,,,,
키무엔라멘,부산광역시 금정구 장전동 412-40,1,11:00,20:00,14:30,17:00,19:30,,,,,,,,
키무엔라멘,부산광역시 금정구 장전동 412-40,2,11:00,20:00,14:30,17:00,19:30,,,,,,,,
키무엔라멘,부산광역시 금정구 장전동 412-40,3,11:00,20:00,14:30,17:00,19:30,,,,,,,,
키무엔라멘,부산광역시 금정구 장전동 412-40,4,11:00,20:00,14:30,17:00,19:30,,,,,,,,
키무엔라멘,부산광역시 금정구 장전동 412-40,5,11:00,20:00,14:30,17:00,19:30,,,,,,,,
키무엔라멘,부산광역시 금정구 장전동 412-40,6,11:00,20:00,14:30,17:00,19:30,,,,,,,,
줄스브리또&파스타,부산광역시 금정구 장전동 412-45,0,,,,,,,,,,,,,
줄스브리또&파스타,부산광역시 금정구 장전동 412-45,1,,,,,,,,,,,,,
줄스브리또&파스타,부산광역시 금정구 장전동 412-45,2,,,,,,,,,,,,,
줄스브리또&파스타,부산광역시 금정구 장전동 412-45,3,,,,,,,,,,,,,
줄스브리또&파스타,부산광역시 금정구 장전동 412-45,4,,,,,,,,,,,,,
줄스브리또&파스타,부산광역시 금정구 장전동 412-45,5,,,,,,,,,,,,,
줄스브리또&파스타,부산광역시 금정구 장전동 412-45,6,,,,,,,,,,,,,
보울스장전점,부산광역시 금정구 장전동 413-1,0,10:00,21:00,,,,,,,,,,,
보울스장전점,부산광역시 금정구 장전동 413-1,1,10:00,21:00,,,,,,,,,,,
보울스장전점,부산광역시 금정구 장전동 413-1,2,10:00,21:00,,,,,,,,,,,
보울스장전점,부산광역시 금정구 장전동 413-1,3,10:00,21:00,,,,,,,,,,,
보울스장전점,부산광역시 금정구 장전동 413-1,4,10:00,21:00,,,,,,,,,,,
보울스장전점,부산광역시 금정구 장전동 413-1,5,10:00,21:00,,,,,,,,,,,
보울스장전점,부산광역시 금정구 장전동 413-1,6,10:00,21:00,,,,,,,,,,,
스시마이우 부산대점,부산광역시 금정구 장전동 413-11,0,11:00,21:30,,,,,,,,,,,
스시마이우 부산대점,부산광역시 금정구 장전동 413-11,1,11:00,21:30,,,,,,,,,,,
스시마이우 부산대점,부산광역시 금정구 장전동 413-11,2,11:00,21:30,,,,,,,,,,,
스시마이우 부산대점,부산광역시 금정구 장전동 413-11,3,11:00,21:30,,,,,,,,,,,
스시마이우 부산대점,부산광역시 금정구 장전동 413-11,4,11:00,21:30,,,,,,,,,,,
스시마이우 부산대점,부산광역시 금정구 장전동 413-11,5,11:00,21:30,,,,,,,,,,,
스시마이우 부산대점,부산광역시 금정구 장전동 413-11,6,11:00,21:30,,,,,,,,,,,
족발신선생 부산대점,부산광역시 금정구 장전동 413-16,0,,,,,,,,,,,,,
족발신선생 부산대점,부산광역시 금정구 장전동 413-16,1,,,,,,,,,,,,,
족발신선생 부산대점,부산광역시 금정구 장전동 413-16,2,,,,,,,,,,,,,
족발신선생 부산대점,부산광역시 금정구 장전동 413-16,3,,,,,,,,,,,,,
족발신선생 부산대점,부산광역시 금정구 장전동 413-16,4,,,,,,,,,,,,,
족발신선생 부산대점,부산광역시 금정구 장전동 413-16,5,,,,,,,,,,,,,
족발신선생 부산대점,부산광역시 금정구 장전동 413-16,6,,,,,,,,,,,,,
노브랜드버거 부산대점,부산광역시 금정구 장전동 413-17,0,,,,,,,,,,,,,
노브랜드버거 부산대점,부산광역시 금정구 장전동 413-17,1,,,,,,,,,,,,,
노브랜드버거 부산대점,부산광역시 금정구 장전동 413-17,2,,,,,,,,,,,,,
노브랜드버거 부산대점,부산광역시 금정구 장전동 413-17,3,,,,,,,,,,,,,
노브랜드버거 부산대점,부산광역시 금정구 장전동 413-17,4,,,,,,,,,,,,,
노브랜드버거 부산대점,부산광역시 금정구 장전동 413-17,5,,,,,,,,,,,,,
노브랜드버거 부산대점,부산광역시 금정구 장전동 413-17,6,,,,,,,,,,,,,
남원추어탕,부산광역시 금정구 장전동 413-18,0,7:30,20:00,15:00,17:00,,,,,,,,,
남원추어탕,부산광역시 금정구 장전동 413-18,1,7:30,20:00,15:00,17:00,,,,,,,,,
남원추어탕,부산광역시 금정구 장전동 413-18,2,7:30,20:00,15:00,17:00,,,,,,,,,
남원추어탕,부산광역시 금정구 장전동 413-18,3,7:30,20:00,15:00,17:00,,,,,,,,,
남원추어탕,부산광역시 금정구 장전동 413-18,4,7:30,20:00,15:00,17:00,,,,,,,,,
남원추어탕,부산광역시 금정구 장전동 413-18,5,7:30,20:00,15:00,17:00,,,,,,,,,
남원추어탕,부산광역시 금정구 장전동 413-18,6,7:30,20:00,15:00,17:00,,,,,,,,,
맛나감자탕 부산대점,부산광역시 금정구 장전동 413-20,0,,,,,,,,,,,,,
맛나감자탕 부산대점,부산광역시 금정구 장전동 413-20,1,,,,,,,,,,,,,
맛나감자탕 부산대점,부산광역시 금정구 장전동 413-20,2,,,,,,,,,,,,,
맛나감자탕 부산대점,부산광역시 금정구 장전동 413-20,3,,,,,,,,,,,,,
맛나감자탕 부산대점,부산광역시 금정구 장전동 413-20,4,,,,,,,,,,,,,
맛나감자탕 부산대점,부산광역시 금정구 장전동 413-20,5,,,,,,,,,,,,,
맛나감자탕 부산대점,부산광역시 금정구 장전동 413-20,6,,,,,,,,,,,,,
크라운닭발,부산광역시 금정구 장전동 413-28,0,17:00,1:00,,,0:30,,,,,,,,
크라운닭발,부산광역시 금정구 장전동 413-28,1,17:00,1:00,,,0:30,,,,,,,,
크라운닭발,부산광역시 금정구 장전동 413-28,2,17:00,1:00,,,0:30,,,,,,,,
크라운닭발,부산광역시 금정구 장전동 413-28,3,17:00,1:00,,,0:30,,,,,,,,
크라운닭발,부산광역시 금정구 장전동 413-28,4,17:00,1:00,,,0:30,,,,,,,,
크라운닭발,부산광역시 금정구 장전동 413-28,5,17:00,1:00,,,0:30,,,,,,,,
크라운닭발,부산광역시 금정구 장전동 413-28,6,17:00,1:00,,,0:30,,,,,,,,
부산대퇴근길,부산광역시 금정구 장전동 413-36,0,17:00,0:00,,,23:00,,,,,,,,
부산대퇴근길,부산광역시 금정구 장전동 413-36,1,17:00,0:00,,,23:00,,,,,,,,
부산대퇴근길,부산광역시 금정구 장전동 413-36,2,17:00,0:00,,,23:00,,,,,,,,
부산대퇴근길,부산광역시 금정구 장전동 413-36,3,17:00,0:00,,,23:00,,,,,,,,
부산대퇴근길,부산광역시 금정구 장전동 413-36,4,17:00,0:00,,,23:00,,,,,,,,
부산대퇴근길,부산광역시 금정구 장전동 413-36,5,17:00,0:00,,,23:00,,,,,,,,
부산대퇴근길,부산광역시 금정구 장전동 413-36,6,17:00,0:00,,,23:00,,,,,,,,
전통쑥밀면&족발&국밥,부산광역시 금정구 장전동 413-6,0,10:30,20:40,,,20:20,,,,,,,,
전통쑥밀면&족발&국밥,부산광역시 금정구 장전동 413-6,1,10:30,20:40,,,20:20,,,,,,,,
전통쑥밀면&족발&국밥,부산광역시 금정구 장전동 413-6,2,10:30,20:40,,,20:20,,,,,,,,
전통쑥밀면&족발&국밥,부산광역시 금정구 장전동 413-6,3,10:30,20:40,,,20:20,,,,,,,,
전통쑥밀면&족발&국밥,부산광역시 금정구 장전동 413-6,4,10:30,20:40,,,20:20,,,,,,,,
전통쑥밀면&족발&국밥,부산광역시 금정구 장전동 413-6,5,10:30,20:40,,,20:20,,,,,,,,
전통쑥밀면&족발&국밥,부산광역시 금정구 장전동 413-6,6,10:30,20:40,,,20:20,,,,,,,,
하나이미,부산광역시 금정구 장전동 414-11,0,11:30,21:00,15:00,16:00,20:40,,,,,,,,
하나이미,부산광역시 금정구 장전동 414-11,1,11:30,21:00,15:00,16:00,20:40,,,,,,,,
하나이미,부산광역시 금정구 장전동 414-11,2,11:30,21:00,15:00,16:00,20:40,,,,,,,,
하나이미,부산광역시 금정구 장전동 414-11,3,11:30,21:00,15:00,16:00,20:40,,,,,,,,
하나이미,부산광역시 금정구 장전동 414-11,4,11:30,21:00,15:00,16:00,20:40,,,,,,,,
하나이미,부산광역시 금정구 장전동 414-11,5,11:30,21:00,15:00,16:00,20:40,,,,,,,,
하나이미,부산광역시 금정구 장전동 414-11,6,11:30,21:00,15:00,16:00,20:40,,,,,,,,
라화공방 부산대점,부산광역시 금정구 장전동 414-12,0,11:00,22:00,,,,,,,,,,,
라화공방 부산대점,부산광역시 금정구 장전동 414-12,1,11:00,22:00,,,,,,,,,,,
라화공방 부산대점,부산광역시 금정구 장전동 414-12,2,11:00,22:00,,,,,,,,,,,
라화공방 부산대점,부산광역시 금정구 장전동 414-12,3,11:00,22:00,,,,,,,,,,,
라화공방 부산대점,부산광역시 금정구 장전동 414-12,4,11:00,22:00,,,,,,,,,,,
라화공방 부산대점,부산광역시 금정구 장전동 414-12,5,11:00,22:00,,,,,,,,,,,
라화공방 부산대점,부산광역시 금정구 장전동 414-12,6,11:00,22:00,,,,,,,,,,,
아리산반점,부산광역시 금정구 장전동 414-16,0,,,,,,,,,,,,,
아리산반점,부산광역시 금정구 장전동 414-16,1,,,,,,,,,,,,,
아리산반점,부산광역시 금정구 장전동 414-16,2,,,,,,,,,,,,,
아리산반점,부산광역시 금정구 장전동 414-16,3,,,,,,,,,,,,,
아리산반점,부산광역시 금정구 장전동 414-16,4,,,,,,,,,,,,,
아리산반점,부산광역시 금정구 장전동 414-16,5,,,,,,,,,,,,,
아리산반점,부산광역시 금정구 장전동 414-16,6,,,,,,,,,,,,,
가득피자 금정점,부산광역시 금정구 장전동 414-23,0,,,,,,,,,,,,,
가득피자 금정점,부산광역시 금정구 장전동 414-23,1,,,,,,,,,,,,,
가득피자 금정점,부산광역시 금정구 장전동 414-23,2,,,,,,,,,,,,,
가득피자 금정점,부산광역시 금정구 장전동 414-23,3,,,,,,,,,,,,,
가득피자 금정점,부산광역시 금정구 장전동 414-23,4,,,,,,,,,,,,,
가득피자 금정점,부산광역시 금정구 장전동 414-23,5,,,,,,,,,,,,,
가득피자 금정점,부산광역시 금정구 장전동 414-23,6,,,,,,,,,,,,,
마당쇠돼지갈비,부산광역시 금정구 장전동 414-23,0,11:00,0:00,,,,,,,,,,,
마당쇠돼지갈비,부산광역시 금정구 장전동 414-23,1,11:00,0:00,,,,,,,,,,,
마당쇠돼지갈비,부산광역시 금정구 장전동 414-23,2,11:00,0:00,,,,,,,,,,,
마당쇠돼지갈비,부산광역시 금정구 장전동 414-23,3,11:00,0:00,,,,,,,,,,,
마당쇠돼지갈비,부산광역시 금정구 장전동 414-23,4,11:00,0:00,,,,,,,,,,,
마당쇠돼지갈비,부산광역시 금정구 장전동 414-23,5,11:00,0:00,,,,,,,,,,,
마당쇠돼지갈비,부산광역시 금정구 장전동 414-23,6,11:00,0:00,,,,,,,,,,,
심,부산광역시 금정구 장전동 414-23,0,24:00,20:00,14:00,18:00,,,,,,,,,
심,부산광역시 금정구 장전동 414-23,1,24:00,20:00,14:00,18:00,,,,,,,,,
심,부산광역시 금정구 장전동 414-23,2,24:00,20:00,14:00,18:00,,,,,,,,,
심,부산광역시 금정구 장전동 414-23,3,24:00,20:00,14:00,18:00,,,,,,,,,
심,부산광역시 금정구 장전동 414-23,4,24:00,20:00,14:00,18:00,,,,,,,,,
심,부산광역시 금정구 장전동 414-23,5,24:00,20:00,14:00,18:00,,,,,,,,,
심,부산광역시 금정구 장전동 414-23,6,24:00,20:00,14:00,18:00,,,,,,,,,
타카이별관,부산광역시 금정구 장전동 414-23,0,24:00,20:00,14:00,18:00,,,,,,,,,
타카이별관,부산광역시 금정구 장전동 414-23,1,24:00,20:00,14:00,18:00,,,,,,,,,
타카이별관,부산광역시 금정구 장전동 414-23,2,24:00,20:00,14:00,18:00,,,,,,,,,
타카이별관,부산광역시 금정구 장전동 414-23,3,24:00,20:00,14:00,18:00,,,,,,,,,
타카이별관,부산광역시 금정구 장전동 414-23,4,24:00,20:00,14:00,18:00,,,,,,,,,
타카이별관,부산광역시 금정구 장전동 414-23,5,24:00,20:00,14:00,18:00,,,,,,,,,
타카이별관,부산광역시 금정구 장전동 414-23,6,24:00,20:00,14:00,18:00,,,,,,,,,
크리스피크림 부산대점,부산광역시 금정구 장전동 414-25,0,,,,,,,,,,,,,
크리스피크림 부산대점,부산광역시 금정구 장전동 414-25,1,,,,,,,,,,,,,
크리스피크림 부산대점,부산광역시 금정구 장전동 414-25,2,,,,,,,,,,,,,
크리스피크림 부산대점,부산광역시 금정구 장전동 414-25,3,,,,,,,,,,,,,
크리스피크림 부산대점,부산광역시 금정구 장전동 414-25,4,,,,,,,,,,,,,
크리스피크림 부산대점,부산광역시 금정구 장전동 414-25,5,,,,,,,,,,,,,
크리스피크림 부산대점,부산광역시 금정구 장전동 414-25,6,,,,,,,,,,,,,
껍사랑목사랑,부산광역시 금정구 장전동 414-4,0,17:00,0:00,,,,,,,,,,,
껍사랑목사랑,부산광역시 금정구 장전동 414-4,1,17:00,0:00,,,,,,,,,,,
껍사랑목사랑,부산광역시 금정구 장전동 414-4,2,17:00,0:00,,,,,,,,,,,
껍사랑목사랑,부산광역시 금정구 장전동 414-4,3,17:00,0:00,,,,,,,,,,,
껍사랑목사랑,부산광역시 금정구 장전동 414-4,4,17:00,0:00,,,,,,,,,,,
껍사랑목사랑,부산광역시 금정구 장전동 414-4,5,17:00,0:00,,,,,,,,,,,
껍사랑목사랑,부산광역시 금정구 장전동 414-4,6,17:00,0:00,,,,,,,,,,,
봉추찜닭,부산광역시 금정구 장전동 414-7,0,,,,,,,,,,,,,
봉추찜닭,부산광역시 금정구 장전동 414-7,1,,,,,,,,,,,,,
봉추찜닭,부산광역시 금정구 장전동 414-7,2,,,,,,,,,,,,,
봉추찜닭,부산광역시 금정구 장전동 414-7,3,,,,,,,,,,,,,
봉추찜닭,부산광역시 금정구 장전동 414-7,4,,,,,,,,,,,,,
봉추찜닭,부산광역시 금정구 장전동 414-7,5,,,,,,,,,,,,,
봉추찜닭,부산광역시 금정구 장전동 414-7,6,,,,,,,,,,,,,
롯데리아 부산대점,부산광역시 금정구 장전동 415-13,0,,,,,,,,,,,,,
롯데리아 부산대점,부산광역시 금정구 장전동 415-13,1,,,,,,,,,,,,,
롯데리아 부산대점,부산광역시 금정구 장전동 415-13,2,,,,,,,,,,,,,
롯데리아 부산대점,부산광역시 금정구 장전동 415-13,3,,,,,,,,,,,,,
롯데리아 부산대점,부산광역시 금정구 장전동 415-13,4,,,,,,,,,,,,,
롯데리아 부산대점,부산광역시 금정구 장전동 415-13,5,,,,,,,,,,,,,
롯데리아 부산대점,부산광역시 금정구 장전동 415-13,6,,,,,,,,,,,,,
연경댁,부산광역시 금정구 장전동 415-18,0,,,,,,,,,,,,,
연경댁,부산광역시 금정구 장전동 415-18,1,,,,,,,,,,,,,
연경댁,부산광역시 금정구 장전동 415-18,2,,,,,,,,,,,,,
연경댁,부산광역시 금정구 장전동 415-18,3,,,,,,,,,,,,,
연경댁,부산광역시 금정구 장전동 415-18,4,,,,,,,,,,,,,
연경댁,부산광역시 금정구 장전동 415-18,5,,,,,,,,,,,,,
연경댁,부산광역시 금정구 장전동 415-18,6,,,,,,,,,,,,,
백초밥,부산광역시 금정구 장전동 415-23,0,9:00,23:00,,,,,,,,,,,
백초밥,부산광역시 금정구 장전동 415-23,1,9:00,23:00,,,,,,,,,,,
백초밥,부산광역시 금정구 장전동 415-23,2,9:00,23:00,,,,,,,,,,,
백초밥,부산광역시 금정구 장전동 415-23,3,9:00,23:00,,,,,,,,,,,
백초밥,부산광역시 금정구 장전동 415-23,4,9:00,23:00,,,,,,,,,,,
백초밥,부산광역시 금정구 장전동 415-23,5,9:00,23:00,,,,,,,,,,,
백초밥,부산광역시 금정구 장전동 415-23,6,9:00,23:00,,,,,,,,,,,
겐쇼심야라멘,부산광역시 금정구 장전동 415-3,0,11:00,2:00,14:30,17:00,,,,,,,,,
겐쇼심야라멘,부산광역시 금정구 장전동 415-3,1,11:00,2:00,14:30,17:00,,,,,,,,,
겐쇼심야라멘,부산광역시 금정구 장전동 415-3,2,11:00,2:00,14:30,17:00,,,,,,,,,
겐쇼심야라멘,부산광역시 금정구 장전동 415-3,3,11:00,2:00,14:30,17:00,,,,,,,,,
겐쇼심야라멘,부산광역시 금정구 장전동 415-3,4,11:00,2:00,14:30,17:00,,,,,,,,,
겐쇼심야라멘,부산광역시 금정구 장전동 415-3,5,11:00,2:00,14:30,17:00,,,,,,,,,
겐쇼심야라멘,부산광역시 금정구 장전동 415-3,6,11:00,2:00,14:30,17:00,,,,,,,,,
샌드우드,부산광역시 금정구 장전동 415-6,0,,,,,,,,,,,,,
샌드우드,부산광역시 금정구 장전동 415-6,1,,,,,,,,,,,,,
샌드우드,부산광역시 금정구 장전동 415-6,2,,,,,,,,,,,,,
샌드우드,부산광역시 금정구 장전동 415-6,3,,,,,,,,,,,,,
샌드우드,부산광역시 금정구 장전동 415-6,4,,,,,,,,,,,,,
샌드우드,부산광역시 금정구 장전동 415-6,5,,,,,,,,,,,,,
샌드우드,부산광역시 금정구 장전동 415-6,6,,,,,,,,,,,,,
짬뽕상회 부산대점,부산광역시 금정구 장전동 416-10,0,,,,,,,,,,,,,
짬뽕상회 부산대점,부산광역시 금정구 장전동 416-10,1,,,,,,,,,,,,,
짬뽕상회 부산대점,부산광역시 금정구 장전동 416-10,2,,,,,,,,,,,,,
짬뽕상회 부산대점,부산광역시 금정구 장전동 416-10,3,,,,,,,,,,,,,
짬뽕상회 부산대점,부산광역시 금정구 장전동 416-10,4,,,,,,,,,,,,,
짬뽕상회 부산대점,부산광역시 금정구 장전동 416-10,5,,,,,,,,,,,,,
짬뽕상회 부산대점,부산광역시 금정구 장전동 416-10,6,,,,,,,,,,,,,
하이다우트,부산광역시 금정구 장전동 416-10,0,,,,,,,,,,,,,
하이다우트,부산광역시 금정구 장전동 416-10,1,,,,,,,,,,,,,
하이다우트,부산광역시 금정구 장전동 416-10,2,,,,,,,,,,,,,
하이다우트,부산광역시 금정구 장전동 416-10,3,,,,,,,,,,,,,
하이다우트,부산광역시 금정구 장전동 416-10,4,,,,,,,,,,,,,
하이다우트,부산광역시 금정구 장전동 416-10,5,,,,,,,,,,,,,
하이다우트,부산광역시 금정구 장전동 416-10,6,,,,,,,,,,,,,
로꼬꼬,부산광역시 금정구 장전동 416-10 ,0,17:00,0:00,,,23:00,,,,,,,,
로꼬꼬,부산광역시 금정구 장전동 416-10 ,1,17:00,0:00,,,23:00,,,,,,,,
로꼬꼬,부산광역시 금정구 장전동 416-10 ,2,17:00,0:00,,,23:00,,,,,,,,
로꼬꼬,부산광역시 금정구 장전동 416-10 ,3,17:00,0:00,,,23:00,,,,,,,,
로꼬꼬,부산광역시 금정구 장전동 416-10 ,4,17:00,0:00,,,23:00,,,,,,,,
로꼬꼬,부산광역시 금정구 장전동 416-10 ,5,17:00,0:00,,,23:00,,,,,,,,
로꼬꼬,부산광역시 금정구 장전동 416-10 ,6,17:00,0:00,,,23:00,,,,,,,,
정성육회 부산대점,부산광역시 금정구 장전동 416-15,0,11:00,21:30,,,21:00,,,,,,,,
정성육회 부산대점,부산광역시 금정구 장전동 416-15,1,11:00,21:30,15:00,16:30,21:00,,,,,,,,
정성육회 부산대점,부산광역시 금정구 장전동 416-15,2,11:00,21:30,15:00,16:30,21:00,,,,,,,,
정성육회 부산대점,부산광역시 금정구 장전동 416-15,3,11:00,21:30,15:00,16:30,21:00,,,,,,,,
정성육회 부산대점,부산광역시 금정구 장전동 416-15,4,11:00,21:30,15:00,16:30,21:00,,,,,,,,
정성육회 부산대점,부산광역시 금정구 장전동 416-15,5,11:00,21:30,15:00,16:30,21:00,,,,,,,,
정성육회 부산대점,부산광역시 금정구 장전동 416-15,6,11:00,21:30,,,21:00,,,,,,,,
좋은집,부산광역시 금정구 장전동 416-19,0,10:00,22:00,,,21:30,,,,,,,,
좋은집,부산광역시 금정구 장전동 416-19,1,10:00,22:00,,,21:30,,,,,,,,
좋은집,부산광역시 금정구 장전동 416-19,2,10:00,22:00,,,21:30,,,,,,,,
좋은집,부산광역시 금정구 장전동 416-19,3,10:00,22:00,,,21:30,,,,,,,,
좋은집,부산광역시 금정구 장전동 416-19,4,10:00,22:00,,,21:30,,,,,,,,
좋은집,부산광역시 금정구 장전동 416-19,5,10:00,22:00,,,21:30,,,,,,,,
좋은집,부산광역시 금정구 장전동 416-19,6,10:00,22:00,,,21:30,,,,,,,,
남다른썬치킨 부산대점,부산광역시 금정구 장전동 416-28,0,,,,,,,,,,,,,
남다른썬치킨 부산대점,부산광역시 금정구 장전동 416-28,1,,,,,,,,,,,,,
남다른썬치킨 부산대점,부산광역시 금정구 장전동 416-28,2,,,,,,,,,,,,,
남다른썬치킨 부산대점,부산광역시 금정구 장전동 416-28,3,,,,,,,,,,,,,
남다른썬치킨 부산대점,부산광역시 금정구 장전동 416-28,4,,,,,,,,,,,,,
남다른썬치킨 부산대점,부산광역시 금정구 장전동 416-28,5,,,,,,,,,,,,,
남다른썬치킨 부산대점,부산광역시 금정구 장전동 416-28,6,,,,,,,,,,,,,
비비큐 부산대학교점,부산광역시 금정구 장전동 416-3,0,,,,,,,,,,,,,
비비큐 부산대학교점,부산광역시 금정구 장전동 416-3,1,,,,,,,,,,,,,
비비큐 부산대학교점,부산광역시 금정구 장전동 416-3,2,,,,,,,,,,,,,
비비큐 부산대학교점,부산광역시 금정구 장전동 416-3,3,,,,,,,,,,,,,
비비큐 부산대학교점,부산광역시 금정구 장전동 416-3,4,,,,,,,,,,,,,
비비큐 부산대학교점,부산광역시 금정구 장전동 416-3,5,,,,,,,,,,,,,
비비큐 부산대학교점,부산광역시 금정구 장전동 416-3,6,,,,,,,,,,,,,
백석,부산광역시 금정구 장전동 416-30,0,19:00,1:00,,,,,,,,,,,
백석,부산광역시 금정구 장전동 416-30,1,19:00,2:00,,,,,,,,,,,
백석,부산광역시 금정구 장전동 416-30,2,19:00,2:00,,,,,,,,,,,
백석,부산광역시 금정구 장전동 416-30,3,19:00,2:00,,,,,,,,,,,
백석,부산광역시 금정구 장전동 416-30,4,19:00,2:00,,,,,,,,,,,
백석,부산광역시 금정구 장전동 416-30,5,19:00,2:00,,,,,,,,,,,
백석,부산광역시 금정구 장전동 416-30,6,19:00,2:00,,,,,,,,,,,
본도시락 부산대점,부산광역시 금정구 장전동 416-35,0,,,,,,,,,,,,,
본도시락 부산대점,부산광역시 금정구 장전동 416-35,1,,,,,,,,,,,,,
본도시락 부산대점,부산광역시 금정구 장전동 416-35,2,,,,,,,,,,,,,
본도시락 부산대점,부산광역시 금정구 장전동 416-35,3,,,,,,,,,,,,,
본도시락 부산대점,부산광역시 금정구 장전동 416-35,4,,,,,,,,,,,,,
본도시락 부산대점,부산광역시 금정구 장전동 416-35,5,,,,,,,,,,,,,
본도시락 부산대점,부산광역시 금정구 장전동 416-35,6,,,,,,,,,,,,,
이도명가 부산대점,부산광역시 금정구 장전동 416-35,0,11:00,1:40,,,,,,,,,,,
이도명가 부산대점,부산광역시 금정구 장전동 416-35,1,11:00,1:40,,,,,,,,,,,
이도명가 부산대점,부산광역시 금정구 장전동 416-35,2,11:00,1:40,,,,,,,,,,,
이도명가 부산대점,부산광역시 금정구 장전동 416-35,3,11:00,1:40,,,,,,,,,,,
이도명가 부산대점,부산광역시 금정구 장전동 416-35,4,11:00,1:40,,,,,,,,,,,
이도명가 부산대점,부산광역시 금정구 장전동 416-35,5,11:00,1:40,,,,,,,,,,,
이도명가 부산대점,부산광역시 금정구 장전동 416-35,6,11:00,1:40,,,,,,,,,,,
장호가양꼬치 2호점,부산광역시 금정구 장전동 416-39,0,17:00,0:00,,,23:00,,,,,,,,
장호가양꼬치 2호점,부산광역시 금정구 장전동 416-39,1,17:00,0:00,,,23:00,,,,,,,,
장호가양꼬치 2호점,부산광역시 금정구 장전동 416-39,2,17:00,0:00,,,23:00,,,,,,,,
장호가양꼬치 2호점,부산광역시 금정구 장전동 416-39,3,17:00,0:00,,,23:00,,,,,,,,
장호가양꼬치 2호점,부산광역시 금정구 장전동 416-39,4,17:00,0:00,,,23:00,,,,,,,,
장호가양꼬치 2호점,부산광역시 금정구 장전동 416-39,5,17:00,0:00,,,23:00,,,,,,,,
장호가양꼬치 2호점,부산광역시 금정구 장전동 416-39,6,17:00,0:00,,,23:00,,,,,,,,
참새와뱁새,부산광역시 금정구 장전동 416-4,0,9:00,20:00,,,,,,,,,,,
참새와뱁새,부산광역시 금정구 장전동 416-4,1,9:00,20:00,,,,,,,,,,,
참새와뱁새,부산광역시 금정구 장전동 416-4,2,9:00,20:00,,,,,,,,,,,
참새와뱁새,부산광역시 금정구 장전동 416-4,3,9:00,20:00,,,,,,,,,,,
참새와뱁새,부산광역시 금정구 장전동 416-4,4,9:00,20:00,,,,,,,,,,,
참새와뱁새,부산광역시 금정구 장전동 416-4,5,9:00,20:00,,,,,,,,,,,
참새와뱁새,부산광역시 금정구 장전동 416-4,6,9:00,20:00,,,,,,,,,,,
라메이사천훠궈,부산광역시 금정구 장전동 416-8,0,11:30,23:30,,,22:30,,,,,,,,
라메이사천훠궈,부산광역시 금정구 장전동 416-8,1,11:30,23:30,,,22:30,,,,,,,,
라메이사천훠궈,부산광역시 금정구 장전동 416-8,2,11:30,23:30,,,22:30,,,,,,,,
라메이사천훠궈,부산광역시 금정구 장전동 416-8,3,11:30,23:30,,,22:30,,,,,,,,
라메이사천훠궈,부산광역시 금정구 장전동 416-8,4,11:30,23:30,,,22:30,,,,,,,,
라메이사천훠궈,부산광역시 금정구 장전동 416-8,5,11:30,23:30,,,22:30,,,,,,,,
라메이사천훠궈,부산광역시 금정구 장전동 416-8,6,11:30,23:30,,,22:30,,,,,,,,
장호가양꼬치,부산광역시 금정구 장전동 416-9,0,17:00,0:00,,,,,,,,,,,
장호가양꼬치,부산광역시 금정구 장전동 416-9,1,17:00,0:00,,,,,,,,,,,
장호가양꼬치,부산광역시 금정구 장전동 416-9,2,17:00,0:00,,,,,,,,,,,
장호가양꼬치,부산광역시 금정구 장전동 416-9,3,17:00,0:00,,,,,,,,,,,
장호가양꼬치,부산광역시 금정구 장전동 416-9,4,17:00,0:00,,,,,,,,,,,
장호가양꼬치,부산광역시 금정구 장전동 416-9,5,17:00,0:00,,,,,,,,,,,
장호가양꼬치,부산광역시 금정구 장전동 416-9,6,17:00,0:00,,,,,,,,,,,
하이뎅 부산대2호점,부산광역시 금정구 장전동 417-1,0,,,,,,,,,,,,,
하이뎅 부산대2호점,부산광역시 금정구 장전동 417-1,1,,,,,,,,,,,,,
하이뎅 부산대2호점,부산광역시 금정구 장전동 417-1,2,,,,,,,,,,,,,
하이뎅 부산대2호점,부산광역시 금정구 장전동 417-1,3,,,,,,,,,,,,,
하이뎅 부산대2호점,부산광역시 금정구 장전동 417-1,4,,,,,,,,,,,,,
하이뎅 부산대2호점,부산광역시 금정구 장전동 417-1,5,,,,,,,,,,,,,
하이뎅 부산대2호점,부산광역시 금정구 장전동 417-1,6,,,,,,,,,,,,,
쉼표,부산광역시 금정구 장전동 417-2,0,20:00,4:00,,,,,,,,,,,
쉼표,부산광역시 금정구 장전동 417-2,1,20:00,4:00,,,,,,,,,,,
쉼표,부산광역시 금정구 장전동 417-2,2,20:00,4:00,,,,,,,,,,,
쉼표,부산광역시 금정구 장전동 417-2,3,20:00,4:00,,,,,,,,,,,
쉼표,부산광역시 금정구 장전동 417-2,4,20:00,4:00,,,,,,,,,,,
쉼표,부산광역시 금정구 장전동 417-2,5,20:00,4:00,,,,,,,,,,,
쉼표,부산광역시 금정구 장전동 417-2,6,20:00,4:00,,,,,,,,,,,
칼집삼겹,부산광역시 금정구 장전동 417-2,0,14:00,2:00,,,,,,,,,,,
칼집삼겹,부산광역시 금정구 장전동 417-2,1,14:00,2:00,,,,,,,,,,,
칼집삼겹,부산광역시 금정구 장전동 417-2,2,14:00,2:00,,,,,,,,,,,
칼집삼겹,부산광역시 금정구 장전동 417-2,3,14:00,2:00,,,,,,,,,,,
칼집삼겹,부산광역시 금정구 장전동 417-2,4,14:00,2:00,,,,,,,,,,,
칼집삼겹,부산광역시 금정구 장전동 417-2,5,14:00,2:00,,,,,,,,,,,
칼집삼겹,부산광역시 금정구 장전동 417-2,6,14:00,2:00,,,,,,,,,,,
하울키친,부산광역시 금정구 장전동 417-26,0,,,,,,,,,,,,,
하울키친,부산광역시 금정구 장전동 417-26,1,,,,,,,,,,,,,
하울키친,부산광역시 금정구 장전동 417-26,2,,,,,,,,,,,,,
하울키친,부산광역시 금정구 장전동 417-26,3,,,,,,,,,,,,,
하울키친,부산광역시 금정구 장전동 417-26,4,,,,,,,,,,,,,
하울키친,부산광역시 금정구 장전동 417-26,5,,,,,,,,,,,,,
하울키친,부산광역시 금정구 장전동 417-26,6,,,,,,,,,,,,,
아웃닭 부산대점,부산광역시 금정구 장전동 417-29,0,17:00,0:00,,,,,,,,,,,
아웃닭 부산대점,부산광역시 금정구 장전동 417-29,1,17:00,0:00,,,,,,,,,,,
아웃닭 부산대점,부산광역시 금정구 장전동 417-29,2,17:00,0:00,,,,,,,,,,,
아웃닭 부산대점,부산광역시 금정구 장전동 417-29,3,17:00,0:00,,,,,,,,,,,
아웃닭 부산대점,부산광역시 금정구 장전동 417-29,4,17:00,0:00,,,,,,,,,,,
아웃닭 부산대점,부산광역시 금정구 장전동 417-29,5,17:00,0:00,,,,,,,,,,,
아웃닭 부산대점,부산광역시 금정구 장전동 417-29,6,17:00,0:00,,,,,,,,,,,
곱창이야기,부산광역시 금정구 장전동 417-33,0,16:00,2:00,,,,,,,,,,,
곱창이야기,부산광역시 금정구 장전동 417-33,1,16:00,2:00,,,,,,,,,,,
곱창이야기,부산광역시 금정구 장전동 417-33,2,16:00,2:00,,,,,,,,,,,
곱창이야기,부산광역시 금정구 장전동 417-33,3,16:00,2:00,,,,,,,,,,,
곱창이야기,부산광역시 금정구 장전동 417-33,4,16:00,2:00,,,,,,,,,,,
곱창이야기,부산광역시 금정구 장전동 417-33,5,16:00,2:00,,,,,,,,,,,
곱창이야기,부산광역시 금정구 장전동 417-33,6,16:00,2:00,,,,,,,,,,,
우리집,부산광역시 금정구 장전동 417-33,0,17:00,4:00,,,,,,,,,,,
우리집,부산광역시 금정구 장전동 417-33,1,17:00,3:00,,,,,,,,,,,
우리집,부산광역시 금정구 장전동 417-33,2,17:00,3:00,,,,,,,,,,,
우리집,부산광역시 금정구 장전동 417-33,3,17:00,3:00,,,,,,,,,,,
우리집,부산광역시 금정구 장전동 417-33,4,17:00,3:00,,,,,,,,,,,
우리집,부산광역시 금정구 장전동 417-33,5,17:00,3:00,,,,,,,,,,,
우리집,부산광역시 금정구 장전동 417-33,6,17:00,4:00,,,,,,,,,,,
치한당,부산광역시 금정구 장전동 417-33,0,17:00,4:00,,,,,,,,,,,
치한당,부산광역시 금정구 장전동 417-33,1,17:00,4:00,,,,,,,,,,,
치한당,부산광역시 금정구 장전동 417-33,2,17:00,4:00,,,,,,,,,,,
치한당,부산광역시 금정구 장전동 417-33,3,17:00,4:00,,,,,,,,,,,
치한당,부산광역시 금정구 장전동 417-33,4,17:00,4:00,,,,,,,,,,,
치한당,부산광역시 금정구 장전동 417-33,5,17:00,4:00,,,,,,,,,,,
치한당,부산광역시 금정구 장전동 417-33,6,17:00,4:00,,,,,,,,,,,
미광,부산광역시 금정구 장전동 417-34,0,17:00,3:00,,,,,,,,,,,
미광,부산광역시 금정구 장전동 417-34,1,17:00,3:00,,,,,,,,,,,
미광,부산광역시 금정구 장전동 417-34,2,17:00,3:00,,,,,,,,,,,
미광,부산광역시 금정구 장전동 417-34,3,17:00,3:00,,,,,,,,,,,
미광,부산광역시 금정구 장전동 417-34,4,17:00,3:00,,,,,,,,,,,
미광,부산광역시 금정구 장전동 417-34,5,17:00,3:00,,,,,,,,,,,
미광,부산광역시 금정구 장전동 417-34,6,17:00,3:00,,,,,,,,,,,
빨간코 사람들,부산광역시 금정구 장전동 417-34,0,17:00,1:00,,,0:00,,,,,,,,
빨간코 사람들,부산광역시 금정구 장전동 417-34,1,17:00,1:00,,,0:00,,,,,,,,
빨간코 사람들,부산광역시 금정구 장전동 417-34,2,17:00,1:00,,,0:00,,,,,,,,
빨간코 사람들,부산광역시 금정구 장전동 417-34,3,17:00,1:00,,,0:00,,,,,,,,
빨간코 사람들,부산광역시 금정구 장전동 417-34,4,17:00,1:00,,,0:00,,,,,,,,
빨간코 사람들,부산광역시 금정구 장전동 417-34,5,17:00,1:00,,,0:00,,,,,,,,
빨간코 사람들,부산광역시 금정구 장전동 417-34,6,17:00,1:00,,,0:00,,,,,,,,
153구포국수 부산대점,부산광역시 금정구 장전동 417-39,0,,,,,,,,,,,,,
153구포국수 부산대점,부산광역시 금정구 장전동 417-39,1,,,,,,,,,,,,,
153구포국수 부산대점,부산광역시 금정구 장전동 417-39,2,,,,,,,,,,,,,
153구포국수 부산대점,부산광역시 금정구 장전동 417-39,3,,,,,,,,,,,,,
153구포국수 부산대점,부산광역시 금정구 장전동 417-39,4,,,,,,,,,,,,,
153구포국수 부산대점,부산광역시 금정구 장전동 417-39,5,,,,,,,,,,,,,
153구포국수 부산대점,부산광역시 금정구 장전동 417-39,6,,,,,,,,,,,,,
써브웨이 부산대점,부산광역시 금정구 장전동 417-39,0,,,,,,,,,,,,,
써브웨이 부산대점,부산광역시 금정구 장전동 417-39,1,,,,,,,,,,,,,
써브웨이 부산대점,부산광역시 금정구 장전동 417-39,2,,,,,,,,,,,,,
써브웨이 부산대점,부산광역시 금정구 장전동 417-39,3,,,,,,,,,,,,,
써브웨이 부산대점,부산광역시 금정구 장전동 417-39,4,,,,,,,,,,,,,
써브웨이 부산대점,부산광역시 금정구 장전동 417-39,5,,,,,,,,,,,,,
써브웨이 부산대점,부산광역시 금정구 장전동 417-39,6,,,,,,,,,,,,,
부산대잇쇼,부산광역시 금정구 장전동 417-6,0,18:00,2:00,,,,,,,,,,,
부산대잇쇼,부산광역시 금정구 장전동 417-6,1,18:00,2:00,,,,,,,,,,,
부산대잇쇼,부산광역시 금정구 장전동 417-6,2,18:00,2:00,,,,,,,,,,,
부산대잇쇼,부산광역시 금정구 장전동 417-6,3,18:00,2:00,,,,,,,,,,,
부산대잇쇼,부산광역시 금정구 장전동 417-6,4,18:00,2:00,,,,,,,,,,,
부산대잇쇼,부산광역시 금정구 장전동 417-6,5,18:00,2:00,,,,,,,,,,,
부산대잇쇼,부산광역시 금정구 장전동 417-6,6,18:00,2:00,,,,,,,,,,,
라멘쿠우,부산광역시 금정구 장전동 418-1,0,0:30,19:30,15:00,17:00,,,,,,,,,
라멘쿠우,부산광역시 금정구 장전동 418-1,1,11:40,19:30,14:00,17:00,,,,,,,,,
라멘쿠우,부산광역시 금정구 장전동 418-1,2,11:40,19:30,14:00,17:00,,,,,,,,,
라멘쿠우,부산광역시 금정구 장전동 418-1,3,11:40,19:30,14:00,17:00,,,,,,,,,
라멘쿠우,부산광역시 금정구 장전동 418-1,4,11:40,19:30,14:00,17:00,,,,,,,,,
라멘쿠우,부산광역시 금정구 장전동 418-1,5,11:40,19:30,14:00,17:00,,,,,,,,,
라멘쿠우,부산광역시 금정구 장전동 418-1,6,0:30,19:30,15:00,17:00,,,,,,,,,
은화수식당,부산광역시 금정구 장전동 418-1,0,11:00,21:00,,,,,,,,,,,
은화수식당,부산광역시 금정구 장전동 418-1,1,11:00,21:00,,,,,,,,,,,
은화수식당,부산광역시 금정구 장전동 418-1,2,11:00,21:00,,,,,,,,,,,
은화수식당,부산광역시 금정구 장전동 418-1,3,11:00,21:00,,,,,,,,,,,
은화수식당,부산광역시 금정구 장전동 418-1,4,11:00,21:00,,,,,,,,,,,
은화수식당,부산광역시 금정구 장전동 418-1,5,11:00,21:00,,,,,,,,,,,
은화수식당,부산광역시 금정구 장전동 418-1,6,11:00,21:00,,,,,,,,,,,
미미엔 부산대점,부산광역시 금정구 장전동 418-12,0,9:00,20:00,,,,,,,,,,,
미미엔 부산대점,부산광역시 금정구 장전동 418-12,1,9:00,20:00,,,,,,,,,,,
미미엔 부산대점,부산광역시 금정구 장전동 418-12,2,9:00,20:00,,,,,,,,,,,
미미엔 부산대점,부산광역시 금정구 장전동 418-12,3,9:00,20:00,,,,,,,,,,,
미미엔 부산대점,부산광역시 금정구 장전동 418-12,4,9:00,20:00,,,,,,,,,,,
미미엔 부산대점,부산광역시 금정구 장전동 418-12,5,9:00,20:00,,,,,,,,,,,
미미엔 부산대점,부산광역시 금정구 장전동 418-12,6,9:00,20:00,,,,,,,,,,,
온정,부산광역시 금정구 장전동 418-12,0,9:30,21:00,,,20:30,,,,,,,,
온정,부산광역시 금정구 장전동 418-12,1,9:30,21:00,,,20:30,,,,,,,,
온정,부산광역시 금정구 장전동 418-12,2,9:30,21:00,,,20:30,,,,,,,,
온정,부산광역시 금정구 장전동 418-12,3,9:30,21:00,,,20:30,,,,,,,,
온정,부산광역시 금정구 장전동 418-12,4,9:30,21:00,,,20:30,,,,,,,,
온정,부산광역시 금정구 장전동 418-12,5,9:30,21:00,,,20:30,,,,,,,,
온정,부산광역시 금정구 장전동 418-12,6,9:30,21:00,,,20:30,,,,,,,,
교촌치킨 부산대점,부산광역시 금정구 장전동 418-13,0,,,,,,,,,,,,,
교촌치킨 부산대점,부산광역시 금정구 장전동 418-13,1,,,,,,,,,,,,,
교촌치킨 부산대점,부산광역시 금정구 장전동 418-13,2,,,,,,,,,,,,,
교촌치킨 부산대점,부산광역시 금정구 장전동 418-13,3,,,,,,,,,,,,,
교촌치킨 부산대점,부산광역시 금정구 장전동 418-13,4,,,,,,,,,,,,,
교촌치킨 부산대점,부산광역시 금정구 장전동 418-13,5,,,,,,,,,,,,,
교촌치킨 부산대점,부산광역시 금정구 장전동 418-13,6,,,,,,,,,,,,,
교토밥상,부산광역시 금정구 장전동 418-13,0,11:15,21:00,15:00,17:00,,,,,,,,,
교토밥상,부산광역시 금정구 장전동 418-13,1,11:15,21:00,15:00,17:00,,,,,,,,,
교토밥상,부산광역시 금정구 장전동 418-13,2,11:15,21:00,15:00,17:00,,,,,,,,,
교토밥상,부산광역시 금정구 장전동 418-13,3,11:15,21:00,15:00,17:00,,,,,,,,,
교토밥상,부산광역시 금정구 장전동 418-13,4,11:15,21:00,15:00,17:00,,,,,,,,,
교토밥상,부산광역시 금정구 장전동 418-13,5,11:15,21:00,15:00,17:00,,,,,,,,,
교토밥상,부산광역시 금정구 장전동 418-13,6,11:15,21:00,15:00,17:00,,,,,,,,,
온달집 부산대점,부산광역시 금정구 장전동 418-14,0,17:00,2:00,,,1:00,,,,,,,,
온달집 부산대점,부산광역시 금정구 장전동 418-14,1,17:00,2:00,,,1:00,,,,,,,,
온달집 부산대점,부산광역시 금정구 장전동 418-14,2,17:00,2:00,,,1:00,,,,,,,,
온달집 부산대점,부산광역시 금정구 장전동 418-14,3,17:00,2:00,,,1:00,,,,,,,,
온달집 부산대점,부산광역시 금정구 장전동 418-14,4,17:00,2:00,,,1:00,,,,,,,,
온달집 부산대점,부산광역시 금정구 장전동 418-14,5,17:00,2:00,,,1:00,,,,,,,,
온달집 부산대점,부산광역시 금정구 장전동 418-14,6,17:00,2:00,,,1:00,,,,,,,,
1537씬짜오,부산광역시 금정구 장전동 418-15,0,,,,,,,,,,,,,
1537씬짜오,부산광역시 금정구 장전동 418-15,1,,,,,,,,,,,,,
1537씬짜오,부산광역시 금정구 장전동 418-15,2,,,,,,,,,,,,,
1537씬짜오,부산광역시 금정구 장전동 418-15,3,,,,,,,,,,,,,
1537씬짜오,부산광역시 금정구 장전동 418-15,4,,,,,,,,,,,,,
1537씬짜오,부산광역시 금정구 장전동 418-15,5,,,,,,,,,,,,,
1537씬짜오,부산광역시 금정구 장전동 418-15,6,,,,,,,,,,,,,
투게더,부산광역시 금정구 장전동 418-16,0,,,,,,,,,,,,,
투게더,부산광역시 금정구 장전동 418-16,1,,,,,,,,,,,,,
투게더,부산광역시 금정구 장전동 418-16,2,,,,,,,,,,,,,
투게더,부산광역시 금정구 장전동 418-16,3,,,,,,,,,,,,,
투게더,부산광역시 금정구 장전동 418-16,4,,,,,,,,,,,,,
투게더,부산광역시 금정구 장전동 418-16,5,,,,,,,,,,,,,
투게더,부산광역시 금정구 장전동 418-16,6,,,,,,,,,,,,,
쏘시지요 부산대점,부산광역시 금정구 장전동 418-17,0,17:00,3:00,,,2:00,,,,,,,,
쏘시지요 부산대점,부산광역시 금정구 장전동 418-17,1,17:00,3:00,,,2:00,,,,,,,,
쏘시지요 부산대점,부산광역시 금정구 장전동 418-17,2,17:00,3:00,,,2:00,,,,,,,,
쏘시지요 부산대점,부산광역시 금정구 장전동 418-17,3,17:00,3:00,,,2:00,,,,,,,,
쏘시지요 부산대점,부산광역시 금정구 장전동 418-17,4,17:00,3:00,,,2:00,,,,,,,,
쏘시지요 부산대점,부산광역시 금정구 장전동 418-17,5,17:00,3:00,,,2:00,,,,,,,,
쏘시지요 부산대점,부산광역시 금정구 장전동 418-17,6,17:00,3:00,,,2:00,,,,,,,,
마왕족발,부산광역시 금정구 장전동 418-18,0,17:00,,,,,,,,,,,,
마왕족발,부산광역시 금정구 장전동 418-18,1,17:00,,,,,,,,,,,,
마왕족발,부산광역시 금정구 장전동 418-18,2,17:00,,,,,,,,,,,,
마왕족발,부산광역시 금정구 장전동 418-18,3,17:00,,,,,,,,,,,,
마왕족발,부산광역시 금정구 장전동 418-18,4,17:00,,,,,,,,,,,,
마왕족발,부산광역시 금정구 장전동 418-18,5,17:00,,,,,,,,,,,,
마왕족발,부산광역시 금정구 장전동 418-18,6,17:00,,,,,,,,,,,,
노랑통닭 부산대점,부산광역시 금정구 장전동 418-2,0,,,,,,,,,,,,,
노랑통닭 부산대점,부산광역시 금정구 장전동 418-2,1,,,,,,,,,,,,,
노랑통닭 부산대점,부산광역시 금정구 장전동 418-2,2,,,,,,,,,,,,,
노랑통닭 부산대점,부산광역시 금정구 장전동 418-2,3,,,,,,,,,,,,,
노랑통닭 부산대점,부산광역시 금정구 장전동 418-2,4,,,,,,,,,,,,,
노랑통닭 부산대점,부산광역시 금정구 장전동 418-2,5,,,,,,,,,,,,,
노랑통닭 부산대점,부산광역시 금정구 장전동 418-2,6,,,,,,,,,,,,,
김해뒷고기,부산광역시 금정구 장전동 418-25,0,14:30,0:00,23:30,,,,,,,,,,
김해뒷고기,부산광역시 금정구 장전동 418-25,1,14:30,0:00,23:30,,,,,,,,,,
김해뒷고기,부산광역시 금정구 장전동 418-25,2,14:30,0:00,23:30,,,,,,,,,,
김해뒷고기,부산광역시 금정구 장전동 418-25,3,14:30,0:00,23:30,,,,,,,,,,
김해뒷고기,부산광역시 금정구 장전동 418-25,4,14:30,0:00,23:30,,,,,,,,,,
김해뒷고기,부산광역시 금정구 장전동 418-25,5,14:30,0:00,23:30,,,,,,,,,,
김해뒷고기,부산광역시 금정구 장전동 418-25,6,14:30,0:00,23:30,,,,,,,,,,
대박횟집,부산광역시 금정구 장전동 418-30,0,17:00,0:00,,,,,,,,,,,
대박횟집,부산광역시 금정구 장전동 418-30,1,17:00,0:00,,,,,,,,,,,
대박횟집,부산광역시 금정구 장전동 418-30,2,17:00,0:00,,,,,,,,,,,
대박횟집,부산광역시 금정구 장전동 418-30,3,17:00,0:00,,,,,,,,,,,
대박횟집,부산광역시 금정구 장전동 418-30,4,17:00,0:00,,,,,,,,,,,
대박횟집,부산광역시 금정구 장전동 418-30,5,17:00,0:00,,,,,,,,,,,
대박횟집,부산광역시 금정구 장전동 418-30,6,17:00,0:00,,,,,,,,,,,
따띠삼겹 부산대점,부산광역시 금정구 장전동 418-32,0,10:00,3:00,,,,,,,,,,,
따띠삼겹 부산대점,부산광역시 금정구 장전동 418-32,1,10:00,3:00,,,,,,,,,,,
따띠삼겹 부산대점,부산광역시 금정구 장전동 418-32,2,10:00,3:00,,,,,,,,,,,
따띠삼겹 부산대점,부산광역시 금정구 장전동 418-32,3,10:00,3:00,,,,,,,,,,,
따띠삼겹 부산대점,부산광역시 금정구 장전동 418-32,4,10:00,3:00,,,,,,,,,,,
따띠삼겹 부산대점,부산광역시 금정구 장전동 418-32,5,10:00,3:00,,,,,,,,,,,
따띠삼겹 부산대점,부산광역시 금정구 장전동 418-32,6,10:00,3:00,,,,,,,,,,,
조선칼국수와통막걸리,부산광역시 금정구 장전동 418-37,0,0:00,24:00,,,,,,,,,,,
조선칼국수와통막걸리,부산광역시 금정구 장전동 418-37,1,0:00,24:00,,,,,,,,,,,
조선칼국수와통막걸리,부산광역시 금정구 장전동 418-37,2,0:00,24:00,,,,,,,,,,,
조선칼국수와통막걸리,부산광역시 금정구 장전동 418-37,3,0:00,24:00,,,,,,,,,,,
조선칼국수와통막걸리,부산광역시 금정구 장전동 418-37,4,0:00,24:00,,,,,,,,,,,
조선칼국수와통막걸리,부산광역시 금정구 장전동 418-37,5,0:00,24:00,,,,,,,,,,,
조선칼국수와통막걸리,부산광역시 금정구 장전동 418-37,6,0:00,24:00,,,,,,,,,,,
골목,부산광역시 금정구 장전동 418-40,0,17:00,4:00,,,,,,,,,,,
골목,부산광역시 금정구 장전동 418-40,1,17:00,3:00,,,,,,,,,,,
골목,부산광역시 금정구 장전동 418-40,2,17:00,3:00,,,,,,,,,,,
골목,부산광역시 금정구 장전동 418-40,3,17:00,3:00,,,,,,,,,,,
골목,부산광역시 금정구 장전동 418-40,4,17:00,3:00,,,,,,,,,,,
골목,부산광역시 금정구 장전동 418-40,5,17:00,3:00,,,,,,,,,,,
골목,부산광역시 금정구 장전동 418-40,6,17:00,4:00,,,,,,,,,,,
만병통취,부산광역시 금정구 장전동 418-41,0,18:00,5:00,,,,,,,,,,,
만병통취,부산광역시 금정구 장전동 418-41,1,18:00,5:00,,,,,,,,,,,
만병통취,부산광역시 금정구 장전동 418-41,2,18:00,5:00,,,,,,,,,,,
만병통취,부산광역시 금정구 장전동 418-41,3,18:00,5:00,,,,,,,,,,,
만병통취,부산광역시 금정구 장전동 418-41,4,18:00,5:00,,,,,,,,,,,
만병통취,부산광역시 금정구 장전동 418-41,5,18:00,5:00,,,,,,,,,,,
만병통취,부산광역시 금정구 장전동 418-41,6,18:00,5:00,,,,,,,,,,,
모모스테이크,부산광역시 금정구 장전동 418-44,0,,,,,,,,,,,,,
모모스테이크,부산광역시 금정구 장전동 418-44,1,,,,,,,,,,,,,
모모스테이크,부산광역시 금정구 장전동 418-44,2,,,,,,,,,,,,,
모모스테이크,부산광역시 금정구 장전동 418-44,3,,,,,,,,,,,,,
모모스테이크,부산광역시 금정구 장전동 418-44,4,,,,,,,,,,,,,
모모스테이크,부산광역시 금정구 장전동 418-44,5,,,,,,,,,,,,,
모모스테이크,부산광역시 금정구 장전동 418-44,6,,,,,,,,,,,,,
따이응웬관,부산광역시 금정구 장전동 418-50,0,,,,,,,,,,,,,
따이응웬관,부산광역시 금정구 장전동 418-50,1,,,,,,,,,,,,,
따이응웬관,부산광역시 금정구 장전동 418-50,2,,,,,,,,,,,,,
따이응웬관,부산광역시 금정구 장전동 418-50,3,,,,,,,,,,,,,
따이응웬관,부산광역시 금정구 장전동 418-50,4,,,,,,,,,,,,,
따이응웬관,부산광역시 금정구 장전동 418-50,5,,,,,,,,,,,,,
따이응웬관,부산광역시 금정구 장전동 418-50,6,,,,,,,,,,,,,
밥씸,부산광역시 금정구 장전동 418-50,0,,,,,,,,,,,,,
밥씸,부산광역시 금정구 장전동 418-50,1,,,,,,,,,,,,,
밥씸,부산광역시 금정구 장전동 418-50,2,,,,,,,,,,,,,
밥씸,부산광역시 금정구 장전동 418-50,3,,,,,,,,,,,,,
밥씸,부산광역시 금정구 장전동 418-50,4,,,,,,,,,,,,,
밥씸,부산광역시 금정구 장전동 418-50,5,,,,,,,,,,,,,
밥씸,부산광역시 금정구 장전동 418-50,6,,,,,,,,,,,,,
양양양꼬치,부산광역시 금정구 장전동 418-50,0,0:30,23:00,,,22:00,,,,,,,,
양양양꼬치,부산광역시 금정구 장전동 418-50,1,0:30,23:00,,,22:00,,,,,,,,
양양양꼬치,부산광역시 금정구 장전동 418-50,2,0:30,23:00,,,22:00,,,,,,,,
양양양꼬치,부산광역시 금정구 장전동 418-50,3,0:30,23:00,,,22:00,,,,,,,,
양양양꼬치,부산광역시 금정구 장전동 418-50,4,0:30,23:00,,,22:00,,,,,,,,
양양양꼬치,부산광역시 금정구 장전동 418-50,5,0:30,23:00,,,22:00,,,,,,,,
양양양꼬치,부산광역시 금정구 장전동 418-50,6,0:30,23:00,,,22:00,,,,,,,,
흥팟2,부산광역시 금정구 장전동 418-50,0,,,,,,,,,,,,,
흥팟2,부산광역시 금정구 장전동 418-50,1,,,,,,,,,,,,,
흥팟2,부산광역시 금정구 장전동 418-50,2,,,,,,,,,,,,,
흥팟2,부산광역시 금정구 장전동 418-50,3,,,,,,,,,,,,,
흥팟2,부산광역시 금정구 장전동 418-50,4,,,,,,,,,,,,,
흥팟2,부산광역시 금정구 장전동 418-50,5,,,,,,,,,,,,,
흥팟2,부산광역시 금정구 장전동 418-50,6,,,,,,,,,,,,,
톰아저씨,부산광역시 금정구 장전동 418-59,0,,,,,,,,,,,,,
톰아저씨,부산광역시 금정구 장전동 418-59,1,,,,,,,,,,,,,
톰아저씨,부산광역시 금정구 장전동 418-59,2,,,,,,,,,,,,,
톰아저씨,부산광역시 금정구 장전동 418-59,3,,,,,,,,,,,,,
톰아저씨,부산광역시 금정구 장전동 418-59,4,,,,,,,,,,,,,
톰아저씨,부산광역시 금정구 장전동 418-59,5,,,,,,,,,,,,,
톰아저씨,부산광역시 금정구 장전동 418-59,6,,,,,,,,,,,,,
형제닭도리,부산광역시 금정구 장전동 418-6,0,10:00,0:00,,,,,,,,,,,
형제닭도리,부산광역시 금정구 장전동 418-6,1,10:00,0:00,,,,,,,,,,,
형제닭도리,부산광역시 금정구 장전동 418-6,2,10:00,0:00,,,,,,,,,,,
형제닭도리,부산광역시 금정구 장전동 418-6,3,10:00,0:00,,,,,,,,,,,
형제닭도리,부산광역시 금정구 장전동 418-6,4,10:00,0:00,,,,,,,,,,,
형제닭도리,부산광역시 금정구 장전동 418-6,5,10:00,0:00,,,,,,,,,,,
형제닭도리,부산광역시 금정구 장전동 418-6,6,10:00,0:00,,,,,,,,,,,
부산청춘,부산광역시 금정구 장전동 418-63,0,,,,,,,,,,,,,
부산청춘,부산광역시 금정구 장전동 418-63,1,,,,,,,,,,,,,
부산청춘,부산광역시 금정구 장전동 418-63,2,,,,,,,,,,,,,
부산청춘,부산광역시 금정구 장전동 418-63,3,,,,,,,,,,,,,
부산청춘,부산광역시 금정구 장전동 418-63,4,,,,,,,,,,,,,
부산청춘,부산광역시 금정구 장전동 418-63,5,,,,,,,,,,,,,
부산청춘,부산광역시 금정구 장전동 418-63,6,,,,,,,,,,,,,
고기랑한방울,부산광역시 금정구 장전동 418-67,0,16:00,0:00,,,,,,,,,,,
고기랑한방울,부산광역시 금정구 장전동 418-67,1,16:00,0:00,,,,,,,,,,,
고기랑한방울,부산광역시 금정구 장전동 418-67,2,16:00,0:00,,,,,,,,,,,
고기랑한방울,부산광역시 금정구 장전동 418-67,3,16:00,0:00,,,,,,,,,,,
고기랑한방울,부산광역시 금정구 장전동 418-67,4,16:00,0:00,,,,,,,,,,,
고기랑한방울,부산광역시 금정구 장전동 418-67,5,16:00,0:00,,,,,,,,,,,
고기랑한방울,부산광역시 금정구 장전동 418-67,6,16:00,0:00,,,,,,,,,,,
승화양꼬치,부산광역시 금정구 장전동 418-7,0,17:00,1:00,,,,,,,,,,,
승화양꼬치,부산광역시 금정구 장전동 418-7,1,17:00,1:00,,,,,,,,,,,
승화양꼬치,부산광역시 금정구 장전동 418-7,2,17:00,1:00,,,,,,,,,,,
승화양꼬치,부산광역시 금정구 장전동 418-7,3,17:00,1:00,,,,,,,,,,,
승화양꼬치,부산광역시 금정구 장전동 418-7,4,17:00,1:00,,,,,,,,,,,
승화양꼬치,부산광역시 금정구 장전동 418-7,5,17:00,1:00,,,,,,,,,,,
승화양꼬치,부산광역시 금정구 장전동 418-7,6,17:00,1:00,,,,,,,,,,,
리틀프랑,부산광역시 금정구 장전동 418-71,0,11:00,19:30,,,,,,,,,,,
리틀프랑,부산광역시 금정구 장전동 418-71,1,11:00,19:30,,,,,,,,,,,
리틀프랑,부산광역시 금정구 장전동 418-71,2,11:00,19:30,,,,,,,,,,,
리틀프랑,부산광역시 금정구 장전동 418-71,3,11:00,19:30,,,,,,,,,,,
리틀프랑,부산광역시 금정구 장전동 418-71,4,11:00,19:30,,,,,,,,,,,
리틀프랑,부산광역시 금정구 장전동 418-71,5,11:00,19:30,,,,,,,,,,,
리틀프랑,부산광역시 금정구 장전동 418-71,6,11:00,19:30,,,,,,,,,,,
박가부대찌개 부산대점,부산광역시 금정구 장전동 418-79,0,,,,,,,,,,,,,
박가부대찌개 부산대점,부산광역시 금정구 장전동 418-79,1,,,,,,,,,,,,,
박가부대찌개 부산대점,부산광역시 금정구 장전동 418-79,2,,,,,,,,,,,,,
박가부대찌개 부산대점,부산광역시 금정구 장전동 418-79,3,,,,,,,,,,,,,
박가부대찌개 부산대점,부산광역시 금정구 장전동 418-79,4,,,,,,,,,,,,,
박가부대찌개 부산대점,부산광역시 금정구 장전동 418-79,5,,,,,,,,,,,,,
박가부대찌개 부산대점,부산광역시 금정구 장전동 418-79,6,,,,,,,,,,,,,
소고기세끼,부산광역시 금정구 장전동 418-80,0,17:00,4:00,,,3:30,,,,,,,,
소고기세끼,부산광역시 금정구 장전동 418-80,1,17:00,4:00,,,3:30,,,,,,,,
소고기세끼,부산광역시 금정구 장전동 418-80,2,17:00,4:00,,,3:30,,,,,,,,
소고기세끼,부산광역시 금정구 장전동 418-80,3,17:00,4:00,,,3:30,,,,,,,,
소고기세끼,부산광역시 금정구 장전동 418-80,4,17:00,4:00,,,3:30,,,,,,,,
소고기세끼,부산광역시 금정구 장전동 418-80,5,17:00,4:00,,,3:30,,,,,,,,
소고기세끼,부산광역시 금정구 장전동 418-80,6,17:00,4:00,,,3:30,,,,,,,,
상생라멘,부산광역시 금정구 장전동 418-9,0,11:00,20:30,,,,,,,,,,,
상생라멘,부산광역시 금정구 장전동 418-9,1,11:00,20:30,,,,,,,,,,,
상생라멘,부산광역시 금정구 장전동 418-9,2,11:00,20:30,,,,,,,,,,,
상생라멘,부산광역시 금정구 장전동 418-9,3,11:00,20:30,,,,,,,,,,,
상생라멘,부산광역시 금정구 장전동 418-9,4,11:00,20:30,,,,,,,,,,,
상생라멘,부산광역시 금정구 장전동 418-9,5,11:00,20:30,,,,,,,,,,,
상생라멘,부산광역시 금정구 장전동 418-9,6,11:00,20:30,,,,,,,,,,,
선진축산,부산광역시 금정구 장전동 418-9,0,15:00,23:00,,,,,,,,,,,
선진축산,부산광역시 금정구 장전동 418-9,1,15:00,23:00,,,,,,,,,,,
선진축산,부산광역시 금정구 장전동 418-9,2,15:00,23:00,,,,,,,,,,,
선진축산,부산광역시 금정구 장전동 418-9,3,15:00,23:00,,,,,,,,,,,
선진축산,부산광역시 금정구 장전동 418-9,4,15:00,23:00,,,,,,,,,,,
선진축산,부산광역시 금정구 장전동 418-9,5,15:00,23:00,,,,,,,,,,,
선진축산,부산광역시 금정구 장전동 418-9,6,15:00,23:00,,,,,,,,,,,
물고기,부산광역시 금정구 장전동 419-10,0,,,,,,,,,,,,,
물고기,부산광역시 금정구 장전동 419-10,1,,,,,,,,,,,,,
물고기,부산광역시 금정구 장전동 419-10,2,,,,,,,,,,,,,
물고기,부산광역시 금정구 장전동 419-10,3,,,,,,,,,,,,,
물고기,부산광역시 금정구 장전동 419-10,4,,,,,,,,,,,,,
물고기,부산광역시 금정구 장전동 419-10,5,,,,,,,,,,,,,
물고기,부산광역시 금정구 장전동 419-10,6,,,,,,,,,,,,,
정진영펍,부산광역시 금정구 장전동 419-11,0,17:30,1:30,,,,,,,,,,,
정진영펍,부산광역시 금정구 장전동 419-11,1,17:30,1:30,,,,,,,,,,,
정진영펍,부산광역시 금정구 장전동 419-11,2,17:30,1:30,,,,,,,,,,,
정진영펍,부산광역시 금정구 장전동 419-11,3,17:30,1:30,,,,,,,,,,,
정진영펍,부산광역시 금정구 장전동 419-11,4,17:30,1:30,,,,,,,,,,,
정진영펍,부산광역시 금정구 장전동 419-11,5,17:30,1:30,,,,,,,,,,,
정진영펍,부산광역시 금정구 장전동 419-11,6,17:30,1:30,,,,,,,,,,,
진국명가,부산광역시 금정구 장전동 419-11,0,11:00,23:00,,,,,,,,,,,
진국명가,부산광역시 금정구 장전동 419-11,1,11:00,23:00,,,,,,,,,,,
진국명가,부산광역시 금정구 장전동 419-11,2,11:00,23:00,,,,,,,,,,,
진국명가,부산광역시 금정구 장전동 419-11,3,11:00,23:00,,,,,,,,,,,
진국명가,부산광역시 금정구 장전동 419-11,4,11:00,23:00,,,,,,,,,,,
진국명가,부산광역시 금정구 장전동 419-11,5,11:00,23:00,,,,,,,,,,,
진국명가,부산광역시 금정구 장전동 419-11,6,11:00,23:00,,,,,,,,,,,
내가찜한닭,부산광역시 금정구 장전동 419-15,0,,,,,,,,,,,,,
내가찜한닭,부산광역시 금정구 장전동 419-15,1,,,,,,,,,,,,,
내가찜한닭,부산광역시 금정구 장전동 419-15,2,,,,,,,,,,,,,
내가찜한닭,부산광역시 금정구 장전동 419-15,3,,,,,,,,,,,,,
내가찜한닭,부산광역시 금정구 장전동 419-15,4,,,,,,,,,,,,,
내가찜한닭,부산광역시 금정구 장전동 419-15,5,,,,,,,,,,,,,
내가찜한닭,부산광역시 금정구 장전동 419-15,6,,,,,,,,,,,,,
미가락,부산광역시 금정구 장전동 419-15,0,10:30,23:30,,,,,,,,,,,
미가락,부산광역시 금정구 장전동 419-15,1,10:30,23:30,,,,,,,,,,,
미가락,부산광역시 금정구 장전동 419-15,2,10:30,23:30,,,,,,,,,,,
미가락,부산광역시 금정구 장전동 419-15,3,10:30,23:30,,,,,,,,,,,
미가락,부산광역시 금정구 장전동 419-15,4,10:30,23:30,,,,,,,,,,,
미가락,부산광역시 금정구 장전동 419-15,5,10:30,23:30,,,,,,,,,,,
미가락,부산광역시 금정구 장전동 419-15,6,10:30,23:30,,,,,,,,,,,
델라고,부산광역시 금정구 장전동 419-18,0,11:00,22:00,,,,,,,,,,,
델라고,부산광역시 금정구 장전동 419-18,1,11:00,22:00,15:00,16:00,,,,,,,,,
델라고,부산광역시 금정구 장전동 419-18,2,11:00,22:00,15:00,16:00,,,,,,,,,
델라고,부산광역시 금정구 장전동 419-18,3,11:00,22:00,15:00,16:00,,,,,,,,,
델라고,부산광역시 금정구 장전동 419-18,4,11:00,22:00,15:00,16:00,,,,,,,,,
델라고,부산광역시 금정구 장전동 419-18,5,11:00,22:00,15:00,16:00,,,,,,,,,
델라고,부산광역시 금정구 장전동 419-18,6,11:00,22:00,,,,,,,,,,,
미가원마라탕,부산광역시 금정구 장전동 419-19,0,,,,,,,,,,,,,
미가원마라탕,부산광역시 금정구 장전동 419-19,1,,,,,,,,,,,,,
미가원마라탕,부산광역시 금정구 장전동 419-19,2,,,,,,,,,,,,,
미가원마라탕,부산광역시 금정구 장전동 419-19,3,,,,,,,,,,,,,
미가원마라탕,부산광역시 금정구 장전동 419-19,4,,,,,,,,,,,,,
미가원마라탕,부산광역시 금정구 장전동 419-19,5,,,,,,,,,,,,,
미가원마라탕,부산광역시 금정구 장전동 419-19,6,,,,,,,,,,,,,
산쇼쿠,부산광역시 금정구 장전동 419-20,0,11:00,21:00,15:30,16:30,20:30,,,,,,,,
산쇼쿠,부산광역시 금정구 장전동 419-20,1,11:00,21:00,15:30,16:30,20:30,,,,,,,,
산쇼쿠,부산광역시 금정구 장전동 419-20,2,11:00,21:00,15:30,16:30,20:30,,,,,,,,
산쇼쿠,부산광역시 금정구 장전동 419-20,3,11:00,21:00,15:30,16:30,20:30,,,,,,,,
산쇼쿠,부산광역시 금정구 장전동 419-20,4,11:00,21:00,15:30,16:30,20:30,,,,,,,,
산쇼쿠,부산광역시 금정구 장전동 419-20,5,11:00,21:00,15:30,16:30,20:30,,,,,,,,
산쇼쿠,부산광역시 금정구 장전동 419-20,6,11:00,21:00,15:30,16:30,20:30,,,,,,,,
톤쇼우,부산광역시 금정구 장전동 419-21,0,11:30,21:00,,,20:30,,,,,,,,
톤쇼우,부산광역시 금정구 장전동 419-21,1,11:30,21:00,,,20:30,,,,,,,,
톤쇼우,부산광역시 금정구 장전동 419-21,2,11:30,21:00,,,20:30,,,,,,,,
톤쇼우,부산광역시 금정구 장전동 419-21,3,11:30,21:00,,,20:30,,,,,,,,
톤쇼우,부산광역시 금정구 장전동 419-21,4,11:30,21:00,,,20:30,,,,,,,,
톤쇼우,부산광역시 금정구 장전동 419-21,5,11:30,21:00,,,20:30,,,,,,,,
톤쇼우,부산광역시 금정구 장전동 419-21,6,11:30,21:00,,,20:30,,,,,,,,
효원면옥,부산광역시 금정구 장전동 419-21,0,11:00,19:30,15:00,17:00,,,,,,,,,
효원면옥,부산광역시 금정구 장전동 419-21,1,11:00,19:30,15:00,17:00,,,,,,,,,
효원면옥,부산광역시 금정구 장전동 419-21,2,11:00,19:30,15:00,17:00,,,,,,,,,
효원면옥,부산광역시 금정구 장전동 419-21,3,11:00,19:30,15:00,17:00,,,,,,,,,
효원면옥,부산광역시 금정구 장전동 419-21,4,11:00,19:30,15:00,17:00,,,,,,,,,
효원면옥,부산광역시 금정구 장전동 419-21,5,11:00,19:30,15:00,17:00,,,,,,,,,
효원면옥,부산광역시 금정구 장전동 419-21,6,11:00,19:30,15:00,17:00,,,,,,,,,
나베야 부산대점,부산광역시 금정구 장전동 419-22,0,10:00,21:00,15:00,16:30,20:30,,,,,,,,
나베야 부산대점,부산광역시 금정구 장전동 419-22,1,10:00,21:00,15:00,16:30,20:30,,,,,,,,
나베야 부산대점,부산광역시 금정구 장전동 419-22,2,10:00,21:00,15:00,16:30,20:30,,,,,,,,
나베야 부산대점,부산광역시 금정구 장전동 419-22,3,10:00,21:00,15:00,16:30,20:30,,,,,,,,
나베야 부산대점,부산광역시 금정구 장전동 419-22,4,10:00,21:00,15:00,16:30,20:30,,,,,,,,
나베야 부산대점,부산광역시 금정구 장전동 419-22,5,10:00,21:00,15:00,16:30,20:30,,,,,,,,
나베야 부산대점,부산광역시 금정구 장전동 419-22,6,10:00,21:00,15:00,16:30,20:30,,,,,,,,
부들파이터,부산광역시 금정구 장전동 419-24,0,11:30,21:00,15:00,17:00,20:15,,,,,,,,
부들파이터,부산광역시 금정구 장전동 419-24,1,11:30,21:00,15:00,17:00,20:15,,,,,,,,
부들파이터,부산광역시 금정구 장전동 419-24,2,11:30,21:00,15:00,17:00,20:15,,,,,,,,
부들파이터,부산광역시 금정구 장전동 419-24,3,11:30,21:00,15:00,17:00,20:15,,,,,,,,
부들파이터,부산광역시 금정구 장전동 419-24,4,11:30,21:00,15:00,17:00,20:15,,,,,,,,
부들파이터,부산광역시 금정구 장전동 419-24,5,11:30,21:00,15:00,17:00,20:15,,,,,,,,
부들파이터,부산광역시 금정구 장전동 419-24,6,11:30,21:00,15:00,17:00,20:15,,,,,,,,
야마벤또,부산광역시 금정구 장전동 419-24,0,11:00,21:00,,,20:00,,,,,,,,
야마벤또,부산광역시 금정구 장전동 419-24,1,11:00,21:00,,,20:00,,,,,,,,
야마벤또,부산광역시 금정구 장전동 419-24,2,11:00,21:00,,,20:00,,,,,,,,
야마벤또,부산광역시 금정구 장전동 419-24,3,11:00,21:00,,,20:00,,,,,,,,
야마벤또,부산광역시 금정구 장전동 419-24,4,11:00,21:00,,,20:00,,,,,,,,
야마벤또,부산광역시 금정구 장전동 419-24,5,11:00,21:00,,,20:00,,,,,,,,
야마벤또,부산광역시 금정구 장전동 419-24,6,11:00,21:00,,,20:00,,,,,,,,
평화김해뒷고기 부산대점,부산광역시 금정구 장전동 419-25,0,,,,,,,,,,,,,
평화김해뒷고기 부산대점,부산광역시 금정구 장전동 419-25,1,,,,,,,,,,,,,
평화김해뒷고기 부산대점,부산광역시 금정구 장전동 419-25,2,,,,,,,,,,,,,
평화김해뒷고기 부산대점,부산광역시 금정구 장전동 419-25,3,,,,,,,,,,,,,
평화김해뒷고기 부산대점,부산광역시 금정구 장전동 419-25,4,,,,,,,,,,,,,
평화김해뒷고기 부산대점,부산광역시 금정구 장전동 419-25,5,,,,,,,,,,,,,
평화김해뒷고기 부산대점,부산광역시 금정구 장전동 419-25,6,,,,,,,,,,,,,
정성식당 부산대점,부산광역시 금정구 장전동 419-27,0,10:00,22:00,,,,,,,,,,,
정성식당 부산대점,부산광역시 금정구 장전동 419-27,1,10:00,22:00,,,,,,,,,,,
정성식당 부산대점,부산광역시 금정구 장전동 419-27,2,10:00,22:00,,,,,,,,,,,
정성식당 부산대점,부산광역시 금정구 장전동 419-27,3,10:00,22:00,,,,,,,,,,,
정성식당 부산대점,부산광역시 금정구 장전동 419-27,4,10:00,22:00,,,,,,,,,,,
정성식당 부산대점,부산광역시 금정구 장전동 419-27,5,10:00,22:00,,,,,,,,,,,
정성식당 부산대점,부산광역시 금정구 장전동 419-27,6,10:00,22:00,,,,,,,,,,,
춘리마라탕 부산대정문점,부산광역시 금정구 장전동 419-28,0,,,,,,,,,,,,,
춘리마라탕 부산대정문점,부산광역시 금정구 장전동 419-28,1,,,,,,,,,,,,,
춘리마라탕 부산대정문점,부산광역시 금정구 장전동 419-28,2,,,,,,,,,,,,,
춘리마라탕 부산대정문점,부산광역시 금정구 장전동 419-28,3,,,,,,,,,,,,,
춘리마라탕 부산대정문점,부산광역시 금정구 장전동 419-28,4,,,,,,,,,,,,,
춘리마라탕 부산대정문점,부산광역시 금정구 장전동 419-28,5,,,,,,,,,,,,,
춘리마라탕 부산대정문점,부산광역시 금정구 장전동 419-28,6,,,,,,,,,,,,,
가또로스코,부산광역시 금정구 장전동 419-31,0,0:00,2:00,,,,,,,,,,,
가또로스코,부산광역시 금정구 장전동 419-31,1,16:00,2:00,,,,,,,,,,,
가또로스코,부산광역시 금정구 장전동 419-31,2,16:00,2:00,,,,,,,,,,,
가또로스코,부산광역시 금정구 장전동 419-31,3,16:00,2:00,,,,,,,,,,,
가또로스코,부산광역시 금정구 장전동 419-31,4,16:00,2:00,,,,,,,,,,,
가또로스코,부산광역시 금정구 장전동 419-31,5,16:00,2:00,,,,,,,,,,,
가또로스코,부산광역시 금정구 장전동 419-31,6,0:00,2:00,,,,,,,,,,,
본죽&비빔밥 부산대점,부산광역시 금정구 장전동 419-43,0,,,,,,,,,,,,,
본죽&비빔밥 부산대점,부산광역시 금정구 장전동 419-43,1,,,,,,,,,,,,,
본죽&비빔밥 부산대점,부산광역시 금정구 장전동 419-43,2,,,,,,,,,,,,,
본죽&비빔밥 부산대점,부산광역시 금정구 장전동 419-43,3,,,,,,,,,,,,,
본죽&비빔밥 부산대점,부산광역시 금정구 장전동 419-43,4,,,,,,,,,,,,,
본죽&비빔밥 부산대점,부산광역시 금정구 장전동 419-43,5,,,,,,,,,,,,,
본죽&비빔밥 부산대점,부산광역시 금정구 장전동 419-43,6,,,,,,,,,,,,,
탕화쿵푸마라탕,부산광역시 금정구 장전동 419-45,0,,,,,,,,,,,,,
탕화쿵푸마라탕,부산광역시 금정구 장전동 419-45,1,,,,,,,,,,,,,
탕화쿵푸마라탕,부산광역시 금정구 장전동 419-45,2,,,,,,,,,,,,,
탕화쿵푸마라탕,부산광역시 금정구 장전동 419-45,3,,,,,,,,,,,,,
탕화쿵푸마라탕,부산광역시 금정구 장전동 419-45,4,,,,,,,,,,,,,
탕화쿵푸마라탕,부산광역시 금정구 장전동 419-45,5,,,,,,,,,,,,,
탕화쿵푸마라탕,부산광역시 금정구 장전동 419-45,6,,,,,,,,,,,,,
한끼닭칼국수 부산대점,부산광역시 금정구 장전동 419-47,0,,,,,,,,,,,,,
한끼닭칼국수 부산대점,부산광역시 금정구 장전동 419-47,1,,,,,,,,,,,,,
한끼닭칼국수 부산대점,부산광역시 금정구 장전동 419-47,2,,,,,,,,,,,,,
한끼닭칼국수 부산대점,부산광역시 금정구 장전동 419-47,3,,,,,,,,,,,,,
한끼닭칼국수 부산대점,부산광역시 금정구 장전동 419-47,4,,,,,,,,,,,,,
한끼닭칼국수 부산대점,부산광역시 금정구 장전동 419-47,5,,,,,,,,,,,,,
한끼닭칼국수 부산대점,부산광역시 금정구 장전동 419-47,6,,,,,,,,,,,,,
덮밥장사장 부산대점,부산광역시 금정구 장전동 419-50,0,,,,,,,,,,,,,
덮밥장사장 부산대점,부산광역시 금정구 장전동 419-50,1,,,,,,,,,,,,,
덮밥장사장 부산대점,부산광역시 금정구 장전동 419-50,2,,,,,,,,,,,,,
덮밥장사장 부산대점,부산광역시 금정구 장전동 419-50,3,,,,,,,,,,,,,
덮밥장사장 부산대점,부산광역시 금정구 장전동 419-50,4,,,,,,,,,,,,,
덮밥장사장 부산대점,부산광역시 금정구 장전동 419-50,5,,,,,,,,,,,,,
덮밥장사장 부산대점,부산광역시 금정구 장전동 419-50,6,,,,,,,,,,,,,
카츠면,부산광역시 금정구 장전동 419-50,0,11:00,21:00,,,,,,,,,,,
카츠면,부산광역시 금정구 장전동 419-50,1,11:00,21:00,,,,,,,,,,,
카츠면,부산광역시 금정구 장전동 419-50,2,11:00,21:00,,,,,,,,,,,
카츠면,부산광역시 금정구 장전동 419-50,3,11:00,21:00,,,,,,,,,,,
카츠면,부산광역시 금정구 장전동 419-50,4,11:00,21:00,,,,,,,,,,,
카츠면,부산광역시 금정구 장전동 419-50,5,11:00,21:00,,,,,,,,,,,
카츠면,부산광역시 금정구 장전동 419-50,6,11:00,21:00,,,,,,,,,,,
타쿠미,부산광역시 금정구 장전동 419-50,0,11:00,20:00,,,,,,,,,,,
타쿠미,부산광역시 금정구 장전동 419-50,1,11:00,20:00,,,,,,,,,,,
타쿠미,부산광역시 금정구 장전동 419-50,2,11:00,20:00,,,,,,,,,,,
타쿠미,부산광역시 금정구 장전동 419-50,3,11:00,20:00,,,,,,,,,,,
타쿠미,부산광역시 금정구 장전동 419-50,4,11:00,20:00,,,,,,,,,,,
타쿠미,부산광역시 금정구 장전동 419-50,5,11:00,20:00,,,,,,,,,,,
타쿠미,부산광역시 금정구 장전동 419-50,6,11:00,20:00,,,,,,,,,,,
송주불냉면,부산광역시 금정구 장전동 419-59,0,,,,,,,,,,,,,
송주불냉면,부산광역시 금정구 장전동 419-59,1,,,,,,,,,,,,,
송주불냉면,부산광역시 금정구 장전동 419-59,2,,,,,,,,,,,,,
송주불냉면,부산광역시 금정구 장전동 419-59,3,,,,,,,,,,,,,
송주불냉면,부산광역시 금정구 장전동 419-59,4,,,,,,,,,,,,,
송주불냉면,부산광역시 금정구 장전동 419-59,5,,,,,,,,,,,,,
송주불냉면,부산광역시 금정구 장전동 419-59,6,,,,,,,,,,,,,
더만족,부산광역시 금정구 장전동 419-6 ,0,16:00,2:00,,,,,,,,,,,
더만족,부산광역시 금정구 장전동 419-6 ,1,16:00,2:00,,,,,,,,,,,
더만족,부산광역시 금정구 장전동 419-6 ,2,16:00,2:00,,,,,,,,,,,
더만족,부산광역시 금정구 장전동 419-6 ,3,16:00,2:00,,,,,,,,,,,
더만족,부산광역시 금정구 장전동 419-6 ,4,16:00,2:00,,,,,,,,,,,
더만족,부산광역시 금정구 장전동 419-6 ,5,16:00,2:00,,,,,,,,,,,
더만족,부산광역시 금정구 장전동 419-6 ,6,16:00,2:00,,,,,,,,,,,
파파존스 부산대점,부산광역시 금정구 장전동 419-60,0,,,,,,,,,,,,,
파파존스 부산대점,부산광역시 금정구 장전동 419-60,1,,,,,,,,,,,,,
파파존스 부산대점,부산광역시 금정구 장전동 419-60,2,,,,,,,,,,,,,
파파존스 부산대점,부산광역시 금정구 장전동 419-60,3,,,,,,,,,,,,,
파파존스 부산대점,부산광역시 금정구 장전동 419-60,4,,,,,,,,,,,,,
파파존스 부산대점,부산광역시 금정구 장전동 419-60,5,,,,,,,,,,,,,
파파존스 부산대점,부산광역시 금정구 장전동 419-60,6,,,,,,,,,,,,,
플러스(+) 호랑이김치찜,부산광역시 금정구 장전동 419-63 ,0,,,,,,,,,,,,,
플러스(+) 호랑이김치찜,부산광역시 금정구 장전동 419-63 ,1,,,,,,,,,,,,,
플러스(+) 호랑이김치찜,부산광역시 금정구 장전동 419-63 ,2,,,,,,,,,,,,,
플러스(+) 호랑이김치찜,부산광역시 금정구 장전동 419-63 ,3,,,,,,,,,,,,,
플러스(+) 호랑이김치찜,부산광역시 금정구 장전동 419-63 ,4,,,,,,,,,,,,,
플러스(+) 호랑이김치찜,부산광역시 금정구 장전동 419-63 ,5,,,,,,,,,,,,,
플러스(+) 호랑이김치찜,부산광역시 금정구 장전동 419-63 ,6,,,,,,,,,,,,,
스시심,부산광역시 금정구 장전동 419-7,0,12:00,21:30,,,,,,,,,,,
스시심,부산광역시 금정구 장전동 419-7,1,12:00,21:30,,,,,,,,,,,
스시심,부산광역시 금정구 장전동 419-7,2,12:00,21:30,,,,,,,,,,,
스시심,부산광역시 금정구 장전동 419-7,3,12:00,21:30,,,,,,,,,,,
스시심,부산광역시 금정구 장전동 419-7,4,12:00,21:30,,,,,,,,,,,
스시심,부산광역시 금정구 장전동 419-7,5,12:00,21:30,,,,,,,,,,,
스시심,부산광역시 금정구 장전동 419-7,6,12:00,21:30,,,,,,,,,,,
야끼바장전,부산광역시 금정구 장전동 419-7,0,18:00,2:00,,,,,,,,,,,
야끼바장전,부산광역시 금정구 장전동 419-7,1,18:00,2:00,,,,,,,,,,,
야끼바장전,부산광역시 금정구 장전동 419-7,2,18:00,2:00,,,,,,,,,,,
야끼바장전,부산광역시 금정구 장전동 419-7,3,18:00,2:00,,,,,,,,,,,
야끼바장전,부산광역시 금정구 장전동 419-7,4,18:00,2:00,,,,,,,,,,,
야끼바장전,부산광역시 금정구 장전동 419-7,5,18:00,2:00,,,,,,,,,,,
야끼바장전,부산광역시 금정구 장전동 419-7,6,18:00,2:00,,,,,,,,,,,
친구집부대찌개,부산광역시 금정구 장전동 419-9,0,,,,,,,,,,,,,
친구집부대찌개,부산광역시 금정구 장전동 419-9,1,,,,,,,,,,,,,
친구집부대찌개,부산광역시 금정구 장전동 419-9,2,,,,,,,,,,,,,
친구집부대찌개,부산광역시 금정구 장전동 419-9,3,,,,,,,,,,,,,
친구집부대찌개,부산광역시 금정구 장전동 419-9,4,,,,,,,,,,,,,
친구집부대찌개,부산광역시 금정구 장전동 419-9,5,,,,,,,,,,,,,
친구집부대찌개,부산광역시 금정구 장전동 419-9,6,,,,,,,,,,,,,
고메밀면,부산광역시 금정구 장전동 420-1,0,11:00,21:00,,,,,,,,,,,
고메밀면,부산광역시 금정구 장전동 420-1,1,11:00,21:00,,,,,,,,,,,
고메밀면,부산광역시 금정구 장전동 420-1,2,11:00,21:00,,,,,,,,,,,
고메밀면,부산광역시 금정구 장전동 420-1,3,11:00,21:00,,,,,,,,,,,
고메밀면,부산광역시 금정구 장전동 420-1,4,11:00,21:00,,,,,,,,,,,
고메밀면,부산광역시 금정구 장전동 420-1,5,11:00,21:00,,,,,,,,,,,
고메밀면,부산광역시 금정구 장전동 420-1,6,11:00,21:00,,,,,,,,,,,
더홀릭 부산대점,부산광역시 금정구 장전동 420-1,0,,,,,,,,,,,,,
더홀릭 부산대점,부산광역시 금정구 장전동 420-1,1,,,,,,,,,,,,,
더홀릭 부산대점,부산광역시 금정구 장전동 420-1,2,,,,,,,,,,,,,
더홀릭 부산대점,부산광역시 금정구 장전동 420-1,3,,,,,,,,,,,,,
더홀릭 부산대점,부산광역시 금정구 장전동 420-1,4,,,,,,,,,,,,,
더홀릭 부산대점,부산광역시 금정구 장전동 420-1,5,,,,,,,,,,,,,
더홀릭 부산대점,부산광역시 금정구 장전동 420-1,6,,,,,,,,,,,,,
셰프의국수전 부산대점,부산광역시 금정구 장전동 420-1 ,0,,,,,,,,,,,,,
셰프의국수전 부산대점,부산광역시 금정구 장전동 420-1 ,1,,,,,,,,,,,,,
셰프의국수전 부산대점,부산광역시 금정구 장전동 420-1 ,2,,,,,,,,,,,,,
셰프의국수전 부산대점,부산광역시 금정구 장전동 420-1 ,3,,,,,,,,,,,,,
셰프의국수전 부산대점,부산광역시 금정구 장전동 420-1 ,4,,,,,,,,,,,,,
셰프의국수전 부산대점,부산광역시 금정구 장전동 420-1 ,5,,,,,,,,,,,,,
셰프의국수전 부산대점,부산광역시 금정구 장전동 420-1 ,6,,,,,,,,,,,,,
코타츠,부산광역시 금정구 장전동 420-11,0,11:00,23:00,,,,,,,,,,,
코타츠,부산광역시 금정구 장전동 420-11,1,11:00,23:00,,,,,,,,,,,
코타츠,부산광역시 금정구 장전동 420-11,2,11:00,23:00,,,,,,,,,,,
코타츠,부산광역시 금정구 장전동 420-11,3,11:00,23:00,,,,,,,,,,,
코타츠,부산광역시 금정구 장전동 420-11,4,11:00,23:00,,,,,,,,,,,
코타츠,부산광역시 금정구 장전동 420-11,5,11:00,0:00,,,,,,,,,,,
코타츠,부산광역시 금정구 장전동 420-11,6,11:00,0:00,,,,,,,,,,,
혼밥에빠진날,부산광역시 금정구 장전동 420-20,0,,,,,,,,,,,,,
혼밥에빠진날,부산광역시 금정구 장전동 420-20,1,,,,,,,,,,,,,
혼밥에빠진날,부산광역시 금정구 장전동 420-20,2,,,,,,,,,,,,,
혼밥에빠진날,부산광역시 금정구 장전동 420-20,3,,,,,,,,,,,,,
혼밥에빠진날,부산광역시 금정구 장전동 420-20,4,,,,,,,,,,,,,
혼밥에빠진날,부산광역시 금정구 장전동 420-20,5,,,,,,,,,,,,,
혼밥에빠진날,부산광역시 금정구 장전동 420-20,6,,,,,,,,,,,,,
그집짬뽕0927 부산대점,부산광역시 금정구 장전동 420-23,0,10:00,20:30,,,20:00,,,,,,,,
그집짬뽕0927 부산대점,부산광역시 금정구 장전동 420-23,1,10:00,20:30,,,20:00,,,,,,,,
그집짬뽕0927 부산대점,부산광역시 금정구 장전동 420-23,2,10:00,20:30,,,20:00,,,,,,,,
그집짬뽕0927 부산대점,부산광역시 금정구 장전동 420-23,3,10:00,20:30,,,20:00,,,,,,,,
그집짬뽕0927 부산대점,부산광역시 금정구 장전동 420-23,4,10:00,20:30,,,20:00,,,,,,,,
그집짬뽕0927 부산대점,부산광역시 금정구 장전동 420-23,5,10:00,20:30,,,20:00,,,,,,,,
그집짬뽕0927 부산대점,부산광역시 금정구 장전동 420-23,6,10:00,20:30,,,20:00,,,,,,,,
고래섬 부산대점,부산광역시 금정구 장전동 420-25,0,10:00,21:30,,,21:00,,,,,,,,
고래섬 부산대점,부산광역시 금정구 장전동 420-25,1,10:00,21:30,,,21:00,,,,,,,,
고래섬 부산대점,부산광역시 금정구 장전동 420-25,2,10:00,21:30,,,21:00,,,,,,,,
고래섬 부산대점,부산광역시 금정구 장전동 420-25,3,10:00,21:30,,,21:00,,,,,,,,
고래섬 부산대점,부산광역시 금정구 장전동 420-25,4,10:00,21:30,,,21:00,,,,,,,,
고래섬 부산대점,부산광역시 금정구 장전동 420-25,5,10:00,21:30,,,21:00,,,,,,,,
고래섬 부산대점,부산광역시 금정구 장전동 420-25,6,10:00,21:30,,,21:00,,,,,,,,
동동국밥 부산대점,부산광역시 금정구 장전동 420-25,0,,,,,,,,,,,,,
동동국밥 부산대점,부산광역시 금정구 장전동 420-25,1,,,,,,,,,,,,,
동동국밥 부산대점,부산광역시 금정구 장전동 420-25,2,,,,,,,,,,,,,
동동국밥 부산대점,부산광역시 금정구 장전동 420-25,3,,,,,,,,,,,,,
동동국밥 부산대점,부산광역시 금정구 장전동 420-25,4,,,,,,,,,,,,,
동동국밥 부산대점,부산광역시 금정구 장전동 420-25,5,,,,,,,,,,,,,
동동국밥 부산대점,부산광역시 금정구 장전동 420-25,6,,,,,,,,,,,,,
구구향산씨도삭면,부산광역시 금정구 장전동 420-26,0,10:30,21:10,,,,,,,,,,,
구구향산씨도삭면,부산광역시 금정구 장전동 420-26,1,10:30,21:10,,,,,,,,,,,
구구향산씨도삭면,부산광역시 금정구 장전동 420-26,2,10:30,21:10,,,,,,,,,,,
구구향산씨도삭면,부산광역시 금정구 장전동 420-26,3,10:30,21:10,,,,,,,,,,,
구구향산씨도삭면,부산광역시 금정구 장전동 420-26,4,10:30,21:10,,,,,,,,,,,
구구향산씨도삭면,부산광역시 금정구 장전동 420-26,5,10:30,21:10,,,,,,,,,,,
구구향산씨도삭면,부산광역시 금정구 장전동 420-26,6,10:30,21:10,,,,,,,,,,,
홍익돈까스 부산대점,부산광역시 금정구 장전동 420-26,0,,,,,,,,,,,,,
홍익돈까스 부산대점,부산광역시 금정구 장전동 420-26,1,,,,,,,,,,,,,
홍익돈까스 부산대점,부산광역시 금정구 장전동 420-26,2,,,,,,,,,,,,,
홍익돈까스 부산대점,부산광역시 금정구 장전동 420-26,3,,,,,,,,,,,,,
홍익돈까스 부산대점,부산광역시 금정구 장전동 420-26,4,,,,,,,,,,,,,
홍익돈까스 부산대점,부산광역시 금정구 장전동 420-26,5,,,,,,,,,,,,,
홍익돈까스 부산대점,부산광역시 금정구 장전동 420-26,6,,,,,,,,,,,,,
개성상인,부산광역시 금정구 장전동 420-28,0,,,,,,,,,,,,,
개성상인,부산광역시 금정구 장전동 420-28,1,,,,,,,,,,,,,
개성상인,부산광역시 금정구 장전동 420-28,2,,,,,,,,,,,,,
개성상인,부산광역시 금정구 장전동 420-28,3,,,,,,,,,,,,,
개성상인,부산광역시 금정구 장전동 420-28,4,,,,,,,,,,,,,
개성상인,부산광역시 금정구 장전동 420-28,5,,,,,,,,,,,,,
개성상인,부산광역시 금정구 장전동 420-28,6,,,,,,,,,,,,,
마마도마 부산대점,부산광역시 금정구 장전동 420-28,0,11:30,21:30,15:30,17:00,,,,,,,,,
마마도마 부산대점,부산광역시 금정구 장전동 420-28,1,11:30,21:30,15:30,17:00,,,,,,,,,
마마도마 부산대점,부산광역시 금정구 장전동 420-28,2,11:30,21:30,15:30,17:00,,,,,,,,,
마마도마 부산대점,부산광역시 금정구 장전동 420-28,3,11:30,21:30,15:30,17:00,,,,,,,,,
마마도마 부산대점,부산광역시 금정구 장전동 420-28,4,11:30,21:30,15:30,17:00,,,,,,,,,
마마도마 부산대점,부산광역시 금정구 장전동 420-28,5,11:30,21:30,15:30,17:00,,,,,,,,,
마마도마 부산대점,부산광역시 금정구 장전동 420-28,6,11:30,21:30,15:30,17:00,,,,,,,,,
미분당 부산대점,부산광역시 금정구 장전동 420-28,0,,,,,,,,,,,,,
미분당 부산대점,부산광역시 금정구 장전동 420-28,1,,,,,,,,,,,,,
미분당 부산대점,부산광역시 금정구 장전동 420-28,2,,,,,,,,,,,,,
미분당 부산대점,부산광역시 금정구 장전동 420-28,3,,,,,,,,,,,,,
미분당 부산대점,부산광역시 금정구 장전동 420-28,4,,,,,,,,,,,,,
미분당 부산대점,부산광역시 금정구 장전동 420-28,5,,,,,,,,,,,,,
미분당 부산대점,부산광역시 금정구 장전동 420-28,6,,,,,,,,,,,,,
다드림축산,부산광역시 금정구 장전동 420-29,0,,,,,,,,,,,,,
다드림축산,부산광역시 금정구 장전동 420-29,1,,,,,,,,,,,,,
다드림축산,부산광역시 금정구 장전동 420-29,2,,,,,,,,,,,,,
다드림축산,부산광역시 금정구 장전동 420-29,3,,,,,,,,,,,,,
다드림축산,부산광역시 금정구 장전동 420-29,4,,,,,,,,,,,,,
다드림축산,부산광역시 금정구 장전동 420-29,5,,,,,,,,,,,,,
다드림축산,부산광역시 금정구 장전동 420-29,6,,,,,,,,,,,,,
부산시대 부산대점,부산광역시 금정구 장전동 420-29,0,,,,,,,,,,,,,
부산시대 부산대점,부산광역시 금정구 장전동 420-29,1,,,,,,,,,,,,,
부산시대 부산대점,부산광역시 금정구 장전동 420-29,2,,,,,,,,,,,,,
부산시대 부산대점,부산광역시 금정구 장전동 420-29,3,,,,,,,,,,,,,
부산시대 부산대점,부산광역시 금정구 장전동 420-29,4,,,,,,,,,,,,,
부산시대 부산대점,부산광역시 금정구 장전동 420-29,5,,,,,,,,,,,,,
부산시대 부산대점,부산광역시 금정구 장전동 420-29,6,,,,,,,,,,,,,
식당103,부산광역시 금정구 장전동 420-30,0,,,,,,,,,,,,,
식당103,부산광역시 금정구 장전동 420-30,1,,,,,,,,,,,,,
식당103,부산광역시 금정구 장전동 420-30,2,,,,,,,,,,,,,
식당103,부산광역시 금정구 장전동 420-30,3,,,,,,,,,,,,,
식당103,부산광역시 금정구 장전동 420-30,4,,,,,,,,,,,,,
식당103,부산광역시 금정구 장전동 420-30,5,,,,,,,,,,,,,
식당103,부산광역시 금정구 장전동 420-30,6,,,,,,,,,,,,,
코코브라운,부산광역시 금정구 장전동 420-30,0,11:00,21:00,,,,,,,,,,,
코코브라운,부산광역시 금정구 장전동 420-30,1,11:00,21:30,15:00,17:00,,,,,,,,,
코코브라운,부산광역시 금정구 장전동 420-30,2,11:00,21:30,15:00,17:00,,,,,,,,,
코코브라운,부산광역시 금정구 장전동 420-30,3,11:00,21:30,15:00,17:00,,,,,,,,,
코코브라운,부산광역시 금정구 장전동 420-30,4,11:00,21:30,15:00,17:00,,,,,,,,,
코코브라운,부산광역시 금정구 장전동 420-30,5,11:00,21:30,15:00,17:00,,,,,,,,,
코코브라운,부산광역시 금정구 장전동 420-30,6,11:00,21:00,,,,,,,,,,,
홍보석식당,부산광역시 금정구 장전동 420-34,0,11:00,19:00,,,,,,,,,,,
홍보석식당,부산광역시 금정구 장전동 420-34,1,11:00,19:00,,,,,,,,,,,
홍보석식당,부산광역시 금정구 장전동 420-34,2,11:00,19:00,,,,,,,,,,,
홍보석식당,부산광역시 금정구 장전동 420-34,3,11:00,19:00,,,,,,,,,,,
홍보석식당,부산광역시 금정구 장전동 420-34,4,11:00,19:00,,,,,,,,,,,
홍보석식당,부산광역시 금정구 장전동 420-34,5,11:00,19:00,,,,,,,,,,,
홍보석식당,부산광역시 금정구 장전동 420-34,6,11:00,19:00,,,,,,,,,,,
충남식당,부산광역시 금정구 장전동 420-34 ,0,,,,,,,,,,,,,
충남식당,부산광역시 금정구 장전동 420-34 ,1,,,,,,,,,,,,,
충남식당,부산광역시 금정구 장전동 420-34 ,2,,,,,,,,,,,,,
충남식당,부산광역시 금정구 장전동 420-34 ,3,,,,,,,,,,,,,
충남식당,부산광역시 금정구 장전동 420-34 ,4,,,,,,,,,,,,,
충남식당,부산광역시 금정구 장전동 420-34 ,5,,,,,,,,,,,,,
충남식당,부산광역시 금정구 장전동 420-34 ,6,,,,,,,,,,,,,
소맥생bnb,부산광역시 금정구 장전동 420-37,0,,,,,,,,,,,,,
소맥생bnb,부산광역시 금정구 장전동 420-37,1,,,,,,,,,,,,,
소맥생bnb,부산광역시 금정구 장전동 420-37,2,,,,,,,,,,,,,
소맥생bnb,부산광역시 금정구 장전동 420-37,3,,,,,,,,,,,,,
소맥생bnb,부산광역시 금정구 장전동 420-37,4,,,,,,,,,,,,,
소맥생bnb,부산광역시 금정구 장전동 420-37,5,,,,,,,,,,,,,
소맥생bnb,부산광역시 금정구 장전동 420-37,6,,,,,,,,,,,,,
조우,부산광역시 금정구 장전동 420-38,0,11:30,,,,,,,,,,,,
조우,부산광역시 금정구 장전동 420-38,1,11:30,,,,,,,,,,,,
조우,부산광역시 금정구 장전동 420-38,2,11:30,,,,,,,,,,,,
조우,부산광역시 금정구 장전동 420-38,3,11:30,,,,,,,,,,,,
조우,부산광역시 금정구 장전동 420-38,4,11:30,,,,,,,,,,,,
조우,부산광역시 금정구 장전동 420-38,5,11:30,,,,,,,,,,,,
조우,부산광역시 금정구 장전동 420-38,6,11:30,,,,,,,,,,,,
오보레,부산광역시 금정구 장전동 420-39,0,10:00,22:30,,,,,,,,,,,
오보레,부산광역시 금정구 장전동 420-39,1,10:00,22:30,,,,,,,,,,,
오보레,부산광역시 금정구 장전동 420-39,2,10:00,22:30,,,,,,,,,,,
오보레,부산광역시 금정구 장전동 420-39,3,10:00,22:30,,,,,,,,,,,
오보레,부산광역시 금정구 장전동 420-39,4,10:00,22:30,,,,,,,,,,,
오보레,부산광역시 금정구 장전동 420-39,5,10:00,22:30,,,,,,,,,,,
오보레,부산광역시 금정구 장전동 420-39,6,10:00,22:30,,,,,,,,,,,
보글보글국밥,부산광역시 금정구 장전동 420-41,0,8:30,22:00,,,,,,,,,,,
보글보글국밥,부산광역시 금정구 장전동 420-41,1,8:30,22:00,,,,,,,,,,,
보글보글국밥,부산광역시 금정구 장전동 420-41,2,8:30,22:00,,,,,,,,,,,
보글보글국밥,부산광역시 금정구 장전동 420-41,3,8:30,22:00,,,,,,,,,,,
보글보글국밥,부산광역시 금정구 장전동 420-41,4,8:30,22:00,,,,,,,,,,,
보글보글국밥,부산광역시 금정구 장전동 420-41,5,8:30,22:00,,,,,,,,,,,
보글보글국밥,부산광역시 금정구 장전동 420-41,6,8:30,22:00,,,,,,,,,,,
이츠키,부산광역시 금정구 장전동 420-41,0,17:00,1:00,,,,,,,,,,,
이츠키,부산광역시 금정구 장전동 420-41,1,17:00,1:00,,,,,,,,,,,
이츠키,부산광역시 금정구 장전동 420-41,2,17:00,1:00,,,,,,,,,,,
이츠키,부산광역시 금정구 장전동 420-41,3,17:00,1:00,,,,,,,,,,,
이츠키,부산광역시 금정구 장전동 420-41,4,17:00,1:00,,,,,,,,,,,
이츠키,부산광역시 금정구 장전동 420-41,5,17:00,1:00,,,,,,,,,,,
이츠키,부산광역시 금정구 장전동 420-41,6,17:00,1:00,,,,,,,,,,,
비스트로PS,부산광역시 금정구 장전동 420-41 ,0,,,,,,,,,,,,,
비스트로PS,부산광역시 금정구 장전동 420-41 ,1,,,,,,,,,,,,,
비스트로PS,부산광역시 금정구 장전동 420-41 ,2,,,,,,,,,,,,,
비스트로PS,부산광역시 금정구 장전동 420-41 ,3,,,,,,,,,,,,,
비스트로PS,부산광역시 금정구 장전동 420-41 ,4,,,,,,,,,,,,,
비스트로PS,부산광역시 금정구 장전동 420-41 ,5,,,,,,,,,,,,,
비스트로PS,부산광역시 금정구 장전동 420-41 ,6,,,,,,,,,,,,,
곁집,부산광역시 금정구 장전동 420-43,0,11:00,21:00,,,20:30,,,,,,,,
곁집,부산광역시 금정구 장전동 420-43,1,11:00,21:00,,,20:30,,,,,,,,
곁집,부산광역시 금정구 장전동 420-43,2,11:00,21:00,,,20:30,,,,,,,,
곁집,부산광역시 금정구 장전동 420-43,3,11:00,21:00,,,20:30,,,,,,,,
곁집,부산광역시 금정구 장전동 420-43,4,11:00,21:00,,,20:30,,,,,,,,
곁집,부산광역시 금정구 장전동 420-43,5,11:00,21:00,,,20:30,,,,,,,,
곁집,부산광역시 금정구 장전동 420-43,6,11:00,21:00,,,20:30,,,,,,,,
리멘시타Limensita,부산광역시 금정구 장전동 420-43,0,11:30,21:30,,,,,,,,,,,
리멘시타Limensita,부산광역시 금정구 장전동 420-43,1,11:30,21:30,,,,,,,,,,,
리멘시타Limensita,부산광역시 금정구 장전동 420-43,2,11:30,21:30,,,,,,,,,,,
리멘시타Limensita,부산광역시 금정구 장전동 420-43,3,11:30,21:30,,,,,,,,,,,
리멘시타Limensita,부산광역시 금정구 장전동 420-43,4,11:30,21:30,,,,,,,,,,,
리멘시타Limensita,부산광역시 금정구 장전동 420-43,5,11:30,21:30,,,,,,,,,,,
리멘시타Limensita,부산광역시 금정구 장전동 420-43,6,11:30,21:30,,,,,,,,,,,
라멘정 부산대학점,부산광역시 금정구 장전동 420-5,0,11:30,23:00,,,,,,,,,,,
라멘정 부산대학점,부산광역시 금정구 장전동 420-5,1,11:30,23:00,,,,,,,,,,,
라멘정 부산대학점,부산광역시 금정구 장전동 420-5,2,11:30,23:00,,,,,,,,,,,
라멘정 부산대학점,부산광역시 금정구 장전동 420-5,3,11:30,23:00,,,,,,,,,,,
라멘정 부산대학점,부산광역시 금정구 장전동 420-5,4,11:30,23:00,,,,,,,,,,,
라멘정 부산대학점,부산광역시 금정구 장전동 420-5,5,11:30,23:00,,,,,,,,,,,
라멘정 부산대학점,부산광역시 금정구 장전동 420-5,6,11:30,23:00,,,,,,,,,,,
위더푸드,부산광역시 금정구 장전동 420-5,0,,,,,,,,,,,,,
위더푸드,부산광역시 금정구 장전동 420-5,1,,,,,,,,,,,,,
위더푸드,부산광역시 금정구 장전동 420-5,2,,,,,,,,,,,,,
위더푸드,부산광역시 금정구 장전동 420-5,3,,,,,,,,,,,,,
위더푸드,부산광역시 금정구 장전동 420-5,4,,,,,,,,,,,,,
위더푸드,부산광역시 금정구 장전동 420-5,5,,,,,,,,,,,,,
위더푸드,부산광역시 금정구 장전동 420-5,6,,,,,,,,,,,,,
규카츠정 부산대점,부산광역시 금정구 장전동 420-50,0,11:30,21:00,15:00,17:00,20:30,,,,,,,,
규카츠정 부산대점,부산광역시 금정구 장전동 420-50,1,11:30,21:00,15:00,17:00,20:30,,,,,,,,
규카츠정 부산대점,부산광역시 금정구 장전동 420-50,2,11:30,21:00,15:00,17:00,20:30,,,,,,,,
규카츠정 부산대점,부산광역시 금정구 장전동 420-50,3,11:30,21:00,15:00,17:00,20:30,,,,,,,,
규카츠정 부산대점,부산광역시 금정구 장전동 420-50,4,11:30,21:00,15:00,17:00,20:30,,,,,,,,
규카츠정 부산대점,부산광역시 금정구 장전동 420-50,5,11:30,21:00,15:00,17:00,20:30,,,,,,,,
규카츠정 부산대점,부산광역시 금정구 장전동 420-50,6,11:30,21:00,15:00,17:00,20:30,,,,,,,,
긴자료코 부산대점,부산광역시 금정구 장전동 420-50,0,,,,,,,,,,,,,
긴자료코 부산대점,부산광역시 금정구 장전동 420-50,1,,,,,,,,,,,,,
긴자료코 부산대점,부산광역시 금정구 장전동 420-50,2,,,,,,,,,,,,,
긴자료코 부산대점,부산광역시 금정구 장전동 420-50,3,,,,,,,,,,,,,
긴자료코 부산대점,부산광역시 금정구 장전동 420-50,4,,,,,,,,,,,,,
긴자료코 부산대점,부산광역시 금정구 장전동 420-50,5,,,,,,,,,,,,,
긴자료코 부산대점,부산광역시 금정구 장전동 420-50,6,,,,,,,,,,,,,
덮석,부산광역시 금정구 장전동 420-50,0,11:00,22:00,,,,,,,,,,,
덮석,부산광역시 금정구 장전동 420-50,1,11:00,22:00,,,,,,,,,,,
덮석,부산광역시 금정구 장전동 420-50,2,11:00,22:00,,,,,,,,,,,
덮석,부산광역시 금정구 장전동 420-50,3,11:00,22:00,,,,,,,,,,,
덮석,부산광역시 금정구 장전동 420-50,4,11:00,22:00,,,,,,,,,,,
덮석,부산광역시 금정구 장전동 420-50,5,11:00,22:00,,,,,,,,,,,
덮석,부산광역시 금정구 장전동 420-50,6,11:00,22:00,,,,,,,,,,,
가장맛있는족발 부산대점,부산광역시 금정구 장전동 420-6,0,,,,,,,,,,,,,
가장맛있는족발 부산대점,부산광역시 금정구 장전동 420-6,1,,,,,,,,,,,,,
가장맛있는족발 부산대점,부산광역시 금정구 장전동 420-6,2,,,,,,,,,,,,,
가장맛있는족발 부산대점,부산광역시 금정구 장전동 420-6,3,,,,,,,,,,,,,
가장맛있는족발 부산대점,부산광역시 금정구 장전동 420-6,4,,,,,,,,,,,,,
가장맛있는족발 부산대점,부산광역시 금정구 장전동 420-6,5,,,,,,,,,,,,,
가장맛있는족발 부산대점,부산광역시 금정구 장전동 420-6,6,,,,,,,,,,,,,
와이프,부산광역시 금정구 장전동 420-6,0,18:00,1:00,,,,,,,,,,,
와이프,부산광역시 금정구 장전동 420-6,1,18:00,1:00,,,,,,,,,,,
와이프,부산광역시 금정구 장전동 420-6,2,18:00,1:00,,,,,,,,,,,
와이프,부산광역시 금정구 장전동 420-6,3,18:00,1:00,,,,,,,,,,,
와이프,부산광역시 금정구 장전동 420-6,4,18:00,1:00,,,,,,,,,,,
와이프,부산광역시 금정구 장전동 420-6,5,18:00,1:00,,,,,,,,,,,
와이프,부산광역시 금정구 장전동 420-6,6,18:00,1:00,,,,,,,,,,,
자마미등갈비,부산광역시 금정구 장전동 420-6,0,17:30,22:00,,,,,,,,,,,
자마미등갈비,부산광역시 금정구 장전동 420-6,1,17:30,22:00,,,,,,,,,,,
자마미등갈비,부산광역시 금정구 장전동 420-6,2,17:30,22:00,,,,,,,,,,,
자마미등갈비,부산광역시 금정구 장전동 420-6,3,17:30,22:00,,,,,,,,,,,
자마미등갈비,부산광역시 금정구 장전동 420-6,4,17:30,22:00,,,,,,,,,,,
자마미등갈비,부산광역시 금정구 장전동 420-6,5,17:30,22:00,,,,,,,,,,,
자마미등갈비,부산광역시 금정구 장전동 420-6,6,17:30,22:00,,,,,,,,,,,
유가솜씨,부산광역시 금정구 장전동 420-8,0,10:30,23:00,,,,,,,,,,,
유가솜씨,부산광역시 금정구 장전동 420-8,1,10:30,23:00,,,,,,,,,,,
유가솜씨,부산광역시 금정구 장전동 420-8,2,10:30,23:00,,,,,,,,,,,
유가솜씨,부산광역시 금정구 장전동 420-8,3,10:30,23:00,,,,,,,,,,,
유가솜씨,부산광역시 금정구 장전동 420-8,4,10:30,23:00,,,,,,,,,,,
유가솜씨,부산광역시 금정구 장전동 420-8,5,10:30,23:00,,,,,,,,,,,
유가솜씨,부산광역시 금정구 장전동 420-8,6,10:30,23:00,,,,,,,,,,,
해쉬,부산광역시 금정구 장전동 420-9,0,11:00,21:00,,,20:30,,,,,,,,
해쉬,부산광역시 금정구 장전동 420-9,1,11:00,21:00,,,20:30,,,,,,,,
해쉬,부산광역시 금정구 장전동 420-9,2,11:00,21:00,,,20:30,,,,,,,,
해쉬,부산광역시 금정구 장전동 420-9,3,11:00,21:00,,,20:30,,,,,,,,
해쉬,부산광역시 금정구 장전동 420-9,4,11:00,21:00,,,20:30,,,,,,,,
해쉬,부산광역시 금정구 장전동 420-9,5,11:00,21:00,,,20:30,,,,,,,,
해쉬,부산광역시 금정구 장전동 420-9,6,11:00,21:00,,,20:30,,,,,,,,
겐로쿠우동 부산대점,부산광역시 금정구 장전동 421-1,0,,,,,,,,,,,,,
겐로쿠우동 부산대점,부산광역시 금정구 장전동 421-1,1,,,,,,,,,,,,,
겐로쿠우동 부산대점,부산광역시 금정구 장전동 421-1,2,,,,,,,,,,,,,
겐로쿠우동 부산대점,부산광역시 금정구 장전동 421-1,3,,,,,,,,,,,,,
겐로쿠우동 부산대점,부산광역시 금정구 장전동 421-1,4,,,,,,,,,,,,,
겐로쿠우동 부산대점,부산광역시 금정구 장전동 421-1,5,,,,,,,,,,,,,
겐로쿠우동 부산대점,부산광역시 금정구 장전동 421-1,6,,,,,,,,,,,,,
소주담당,부산광역시 금정구 장전동 421-10,0,18:00,3:00,,,,,,,,,,,
소주담당,부산광역시 금정구 장전동 421-10,1,18:00,3:00,,,,,,,,,,,
소주담당,부산광역시 금정구 장전동 421-10,2,18:00,3:00,,,,,,,,,,,
소주담당,부산광역시 금정구 장전동 421-10,3,18:00,3:00,,,,,,,,,,,
소주담당,부산광역시 금정구 장전동 421-10,4,18:00,3:00,,,,,,,,,,,
소주담당,부산광역시 금정구 장전동 421-10,5,18:00,3:00,,,,,,,,,,,
소주담당,부산광역시 금정구 장전동 421-10,6,18:00,3:00,,,,,,,,,,,
진주식당,부산광역시 금정구 장전동 421-10,0,9:00,21:00,,,,,,,,,,,
진주식당,부산광역시 금정구 장전동 421-10,1,9:00,21:00,,,,,,,,,,,
진주식당,부산광역시 금정구 장전동 421-10,2,9:00,21:00,,,,,,,,,,,
진주식당,부산광역시 금정구 장전동 421-10,3,9:00,21:00,,,,,,,,,,,
진주식당,부산광역시 금정구 장전동 421-10,4,9:00,21:00,,,,,,,,,,,
진주식당,부산광역시 금정구 장전동 421-10,5,9:00,21:00,,,,,,,,,,,
진주식당,부산광역시 금정구 장전동 421-10,6,9:00,21:00,,,,,,,,,,,
골목식당,부산광역시 금정구 장전동 421-11 ,0,,,,,,,,,,,,,
골목식당,부산광역시 금정구 장전동 421-11 ,1,,,,,,,,,,,,,
골목식당,부산광역시 금정구 장전동 421-11 ,2,,,,,,,,,,,,,
골목식당,부산광역시 금정구 장전동 421-11 ,3,,,,,,,,,,,,,
골목식당,부산광역시 금정구 장전동 421-11 ,4,,,,,,,,,,,,,
골목식당,부산광역시 금정구 장전동 421-11 ,5,,,,,,,,,,,,,
골목식당,부산광역시 금정구 장전동 421-11 ,6,,,,,,,,,,,,,
부산대카츠안,부산광역시 금정구 장전동 421-12,0,11:00,21:00,15:00,16:30,20:10,,,,,,,,
부산대카츠안,부산광역시 금정구 장전동 421-12,1,11:00,21:00,15:00,16:30,20:10,,,,,,,,
부산대카츠안,부산광역시 금정구 장전동 421-12,2,11:00,21:00,15:00,16:30,20:10,,,,,,,,
부산대카츠안,부산광역시 금정구 장전동 421-12,3,11:00,21:00,15:00,16:30,20:10,,,,,,,,
부산대카츠안,부산광역시 금정구 장전동 421-12,4,11:00,21:00,15:00,16:30,20:10,,,,,,,,
부산대카츠안,부산광역시 금정구 장전동 421-12,5,11:00,21:00,15:00,16:30,20:10,,,,,,,,
부산대카츠안,부산광역시 금정구 장전동 421-12,6,11:00,21:00,15:00,16:30,20:10,,,,,,,,
고풍,부산광역시 금정구 장전동 421-14,0,16:00,23:00,,,,,,,,,,,
고풍,부산광역시 금정구 장전동 421-14,1,16:00,23:00,,,,,,,,,,,
고풍,부산광역시 금정구 장전동 421-14,2,16:00,23:00,,,,,,,,,,,
고풍,부산광역시 금정구 장전동 421-14,3,16:00,23:00,,,,,,,,,,,
고풍,부산광역시 금정구 장전동 421-14,4,16:00,23:00,,,,,,,,,,,
고풍,부산광역시 금정구 장전동 421-14,5,16:00,23:00,,,,,,,,,,,
고풍,부산광역시 금정구 장전동 421-14,6,16:00,23:00,,,,,,,,,,,
고갈비집,부산광역시 금정구 장전동 421-17,0,,,,,,,,,,,,,
고갈비집,부산광역시 금정구 장전동 421-17,1,,,,,,,,,,,,,
고갈비집,부산광역시 금정구 장전동 421-17,2,,,,,,,,,,,,,
고갈비집,부산광역시 금정구 장전동 421-17,3,,,,,,,,,,,,,
고갈비집,부산광역시 금정구 장전동 421-17,4,,,,,,,,,,,,,
고갈비집,부산광역시 금정구 장전동 421-17,5,,,,,,,,,,,,,
고갈비집,부산광역시 금정구 장전동 421-17,6,,,,,,,,,,,,,
부산대우쭈쭈,부산광역시 금정구 장전동 421-17,0,11:00,22:30,15:00,16:30,,,,,,,,,
부산대우쭈쭈,부산광역시 금정구 장전동 421-17,1,11:00,22:30,15:00,16:30,,,,,,,,,
부산대우쭈쭈,부산광역시 금정구 장전동 421-17,2,11:00,22:30,15:00,16:30,,,,,,,,,
부산대우쭈쭈,부산광역시 금정구 장전동 421-17,3,11:00,22:30,15:00,16:30,,,,,,,,,
부산대우쭈쭈,부산광역시 금정구 장전동 421-17,4,11:00,22:30,15:00,16:30,,,,,,,,,
부산대우쭈쭈,부산광역시 금정구 장전동 421-17,5,11:00,22:30,15:00,16:30,,,,,,,,,
부산대우쭈쭈,부산광역시 금정구 장전동 421-17,6,11:00,22:30,15:00,16:30,,,,,,,,,
칼집삼겹,부산광역시 금정구 장전동 421-20,0,11:30,0:00,,,,,,,,,,,
칼집삼겹,부산광역시 금정구 장전동 421-20,1,11:30,0:00,,,,,,,,,,,
칼집삼겹,부산광역시 금정구 장전동 421-20,2,11:30,0:00,,,,,,,,,,,
칼집삼겹,부산광역시 금정구 장전동 421-20,3,11:30,0:00,,,,,,,,,,,
칼집삼겹,부산광역시 금정구 장전동 421-20,4,11:30,0:00,,,,,,,,,,,
칼집삼겹,부산광역시 금정구 장전동 421-20,5,11:30,0:00,,,,,,,,,,,
칼집삼겹,부산광역시 금정구 장전동 421-20,6,11:30,0:00,,,,,,,,,,,
아띠몽 부산대점,부산광역시 금정구 장전동 421-23,0,,,,,,,,,,,,,
아띠몽 부산대점,부산광역시 금정구 장전동 421-23,1,,,,,,,,,,,,,
아띠몽 부산대점,부산광역시 금정구 장전동 421-23,2,,,,,,,,,,,,,
아띠몽 부산대점,부산광역시 금정구 장전동 421-23,3,,,,,,,,,,,,,
아띠몽 부산대점,부산광역시 금정구 장전동 421-23,4,,,,,,,,,,,,,
아띠몽 부산대점,부산광역시 금정구 장전동 421-23,5,,,,,,,,,,,,,
아띠몽 부산대점,부산광역시 금정구 장전동 421-23,6,,,,,,,,,,,,,
장전돼지국밥,부산광역시 금정구 장전동 421-7,0,,,,,,,,,,,,,
장전돼지국밥,부산광역시 금정구 장전동 421-7,1,,,,,,,,,,,,,
장전돼지국밥,부산광역시 금정구 장전동 421-7,2,,,,,,,,,,,,,
장전돼지국밥,부산광역시 금정구 장전동 421-7,3,,,,,,,,,,,,,
장전돼지국밥,부산광역시 금정구 장전동 421-7,4,,,,,,,,,,,,,
장전돼지국밥,부산광역시 금정구 장전동 421-7,5,,,,,,,,,,,,,
장전돼지국밥,부산광역시 금정구 장전동 421-7,6,,,,,,,,,,,,,
진주비봉식당,부산광역시 금정구 장전동 421-7,0,9:00,22:00,,,,,,,,,,,
진주비봉식당,부산광역시 금정구 장전동 421-7,1,8:30,22:00,,,,,,,,,,,
진주비봉식당,부산광역시 금정구 장전동 421-7,2,8:30,22:00,,,,,,,,,,,
진주비봉식당,부산광역시 금정구 장전동 421-7,3,8:30,22:00,,,,,,,,,,,
진주비봉식당,부산광역시 금정구 장전동 421-7,4,8:30,22:00,,,,,,,,,,,
진주비봉식당,부산광역시 금정구 장전동 421-7,5,8:30,22:00,,,,,,,,,,,
진주비봉식당,부산광역시 금정구 장전동 421-7,6,9:00,22:00,,,,,,,,,,,
터줏집,부산광역시 금정구 장전동 421-7,0,9:00,22:00,,,,,,,,,,,
터줏집,부산광역시 금정구 장전동 421-7,1,9:00,22:00,,,,,,,,,,,
터줏집,부산광역시 금정구 장전동 421-7,2,9:00,22:00,,,,,,,,,,,
터줏집,부산광역시 금정구 장전동 421-7,3,9:00,22:00,,,,,,,,,,,
터줏집,부산광역시 금정구 장전동 421-7,4,9:00,22:00,,,,,,,,,,,
터줏집,부산광역시 금정구 장전동 421-7,5,9:00,22:00,,,,,,,,,,,
터줏집,부산광역시 금정구 장전동 421-7,6,9:00,22:00,,,,,,,,,,,
하얼빈,부산광역시 금정구 장전동 421-9,0,12:00,23:00,,,,,,,,,,,
하얼빈,부산광역시 금정구 장전동 421-9,1,12:00,23:00,,,,,,,,,,,
하얼빈,부산광역시 금정구 장전동 421-9,2,12:00,23:00,,,,,,,,,,,
하얼빈,부산광역시 금정구 장전동 421-9,3,12:00,23:00,,,,,,,,,,,
하얼빈,부산광역시 금정구 장전동 421-9,4,12:00,23:00,,,,,,,,,,,
하얼빈,부산광역시 금정구 장전동 421-9,5,12:00,23:00,,,,,,,,,,,
하얼빈,부산광역시 금정구 장전동 421-9,6,12:00,23:00,,,,,,,,,,,
현풍닭칼국수,부산광역시 금정구 장전동 421-9,0,,,,,,,,,,,,,
현풍닭칼국수,부산광역시 금정구 장전동 421-9,1,,,,,,,,,,,,,
현풍닭칼국수,부산광역시 금정구 장전동 421-9,2,,,,,,,,,,,,,
현풍닭칼국수,부산광역시 금정구 장전동 421-9,3,,,,,,,,,,,,,
현풍닭칼국수,부산광역시 금정구 장전동 421-9,4,,,,,,,,,,,,,
현풍닭칼국수,부산광역시 금정구 장전동 421-9,5,,,,,,,,,,,,,
현풍닭칼국수,부산광역시 금정구 장전동 421-9,6,,,,,,,,,,,,,
서양식당,부산광역시 금정구 장전동 422-1,0,,,,,,,,,,,,,
서양식당,부산광역시 금정구 장전동 422-1,1,,,,,,,,,,,,,
서양식당,부산광역시 금정구 장전동 422-1,2,,,,,,,,,,,,,
서양식당,부산광역시 금정구 장전동 422-1,3,,,,,,,,,,,,,
서양식당,부산광역시 금정구 장전동 422-1,4,,,,,,,,,,,,,
서양식당,부산광역시 금정구 장전동 422-1,5,,,,,,,,,,,,,
서양식당,부산광역시 금정구 장전동 422-1,6,,,,,,,,,,,,,
웰컴포,부산광역시 금정구 장전동 422-1,0,11:00,21:00,15:30,17:00,,,,,,,,,
웰컴포,부산광역시 금정구 장전동 422-1,1,11:00,21:00,15:30,17:00,,,,,,,,,
웰컴포,부산광역시 금정구 장전동 422-1,2,11:00,21:00,15:30,17:00,,,,,,,,,
웰컴포,부산광역시 금정구 장전동 422-1,3,11:00,21:00,15:30,17:00,,,,,,,,,
웰컴포,부산광역시 금정구 장전동 422-1,4,11:00,21:00,15:30,17:00,,,,,,,,,
웰컴포,부산광역시 금정구 장전동 422-1,5,11:00,21:00,15:30,17:00,,,,,,,,,
웰컴포,부산광역시 금정구 장전동 422-1,6,11:00,21:00,15:30,17:00,,,,,,,,,
토비코,부산광역시 금정구 장전동 422-13,0,11:30,20:30,,,20:00,,,,,,,,
토비코,부산광역시 금정구 장전동 422-13,1,11:30,20:30,,,20:00,,,,,,,,
토비코,부산광역시 금정구 장전동 422-13,2,11:30,20:30,,,20:00,,,,,,,,
토비코,부산광역시 금정구 장전동 422-13,3,11:30,20:30,,,20:00,,,,,,,,
토비코,부산광역시 금정구 장전동 422-13,4,11:30,20:30,,,20:00,,,,,,,,
토비코,부산광역시 금정구 장전동 422-13,5,11:30,20:30,,,20:00,,,,,,,,
토비코,부산광역시 금정구 장전동 422-13,6,11:30,20:30,,,20:00,,,,,,,,
스스키노,부산광역시 금정구 장전동 422-21,0,11:30,21:00,15:00,17:00,,,,,,,,,
스스키노,부산광역시 금정구 장전동 422-21,1,11:30,21:00,15:00,17:00,,,,,,,,,
스스키노,부산광역시 금정구 장전동 422-21,2,11:30,21:00,15:00,17:00,,,,,,,,,
스스키노,부산광역시 금정구 장전동 422-21,3,11:30,21:00,15:00,17:00,,,,,,,,,
스스키노,부산광역시 금정구 장전동 422-21,4,11:30,21:00,15:00,17:00,,,,,,,,,
스스키노,부산광역시 금정구 장전동 422-21,5,11:30,21:00,15:00,17:00,,,,,,,,,
스스키노,부산광역시 금정구 장전동 422-21,6,11:30,21:00,15:00,17:00,,,,,,,,,
혼돈돈가스&함박스테이크,부산광역시 금정구 장전동 422-21,0,11:00,21:00,20:30,,,,,,,,,,
혼돈돈가스&함박스테이크,부산광역시 금정구 장전동 422-21,1,11:00,21:00,20:30,,,,,,,,,,
혼돈돈가스&함박스테이크,부산광역시 금정구 장전동 422-21,2,11:00,21:00,20:30,,,,,,,,,,
혼돈돈가스&함박스테이크,부산광역시 금정구 장전동 422-21,3,11:00,21:00,20:30,,,,,,,,,,
혼돈돈가스&함박스테이크,부산광역시 금정구 장전동 422-21,4,11:00,21:00,20:30,,,,,,,,,,
혼돈돈가스&함박스테이크,부산광역시 금정구 장전동 422-21,5,11:00,21:00,20:30,,,,,,,,,,
혼돈돈가스&함박스테이크,부산광역시 금정구 장전동 422-21,6,11:00,21:00,20:30,,,,,,,,,,
돈토삼겹살,부산광역시 금정구 장전동 422-25,0,11:00,2:00,,,1:00,,,,,,,,
돈토삼겹살,부산광역시 금정구 장전동 422-25,1,11:00,2:00,,,1:00,,,,,,,,
돈토삼겹살,부산광역시 금정구 장전동 422-25,2,11:00,2:00,,,1:00,,,,,,,,
돈토삼겹살,부산광역시 금정구 장전동 422-25,3,11:00,2:00,,,1:00,,,,,,,,
돈토삼겹살,부산광역시 금정구 장전동 422-25,4,11:00,2:00,,,1:00,,,,,,,,
돈토삼겹살,부산광역시 금정구 장전동 422-25,5,11:00,2:00,,,1:00,,,,,,,,
돈토삼겹살,부산광역시 금정구 장전동 422-25,6,11:00,2:00,,,1:00,,,,,,,,
꾼닭꾼덕,부산광역시 금정구 장전동 422-3,0,,,,,,,,,,,,,
꾼닭꾼덕,부산광역시 금정구 장전동 422-3,1,,,,,,,,,,,,,
꾼닭꾼덕,부산광역시 금정구 장전동 422-3,2,,,,,,,,,,,,,
꾼닭꾼덕,부산광역시 금정구 장전동 422-3,3,,,,,,,,,,,,,
꾼닭꾼덕,부산광역시 금정구 장전동 422-3,4,,,,,,,,,,,,,
꾼닭꾼덕,부산광역시 금정구 장전동 422-3,5,,,,,,,,,,,,,
꾼닭꾼덕,부산광역시 금정구 장전동 422-3,6,,,,,,,,,,,,,
수라돼지국밥,부산광역시 금정구 장전동 422-31,0,10:00,20:30,,,,,,,,,,,
수라돼지국밥,부산광역시 금정구 장전동 422-31,1,10:00,20:30,,,,,,,,,,,
수라돼지국밥,부산광역시 금정구 장전동 422-31,2,10:00,20:30,,,,,,,,,,,
수라돼지국밥,부산광역시 금정구 장전동 422-31,3,10:00,20:30,,,,,,,,,,,
수라돼지국밥,부산광역시 금정구 장전동 422-31,4,10:00,20:30,,,,,,,,,,,
수라돼지국밥,부산광역시 금정구 장전동 422-31,5,10:00,20:30,,,,,,,,,,,
수라돼지국밥,부산광역시 금정구 장전동 422-31,6,10:00,20:30,,,,,,,,,,,
유가네춘천닭갈비 2,부산광역시 금정구 장전동 422-32,0,11:00,0:00,,,,,,,,,,,
유가네춘천닭갈비 2,부산광역시 금정구 장전동 422-32,1,11:00,0:00,,,,,,,,,,,
유가네춘천닭갈비 2,부산광역시 금정구 장전동 422-32,2,11:00,0:00,,,,,,,,,,,
유가네춘천닭갈비 2,부산광역시 금정구 장전동 422-32,3,11:00,0:00,,,,,,,,,,,
유가네춘천닭갈비 2,부산광역시 금정구 장전동 422-32,4,11:00,0:00,,,,,,,,,,,
유가네춘천닭갈비 2,부산광역시 금정구 장전동 422-32,5,11:00,0:00,,,,,,,,,,,
유가네춘천닭갈비 2,부산광역시 금정구 장전동 422-32,6,11:00,0:00,,,,,,,,,,,
빠코타코,부산광역시 금정구 장전동 422-32 ,0,,,,,,,,,,,,,
빠코타코,부산광역시 금정구 장전동 422-32 ,1,,,,,,,,,,,,,
빠코타코,부산광역시 금정구 장전동 422-32 ,2,,,,,,,,,,,,,
빠코타코,부산광역시 금정구 장전동 422-32 ,3,,,,,,,,,,,,,
빠코타코,부산광역시 금정구 장전동 422-32 ,4,,,,,,,,,,,,,
빠코타코,부산광역시 금정구 장전동 422-32 ,5,,,,,,,,,,,,,
빠코타코,부산광역시 금정구 장전동 422-32 ,6,,,,,,,,,,,,,
레옹,부산광역시 금정구 장전동 422-39 ,0,,,,,,,,,,,,,
레옹,부산광역시 금정구 장전동 422-39 ,1,,,,,,,,,,,,,
레옹,부산광역시 금정구 장전동 422-39 ,2,,,,,,,,,,,,,
레옹,부산광역시 금정구 장전동 422-39 ,3,,,,,,,,,,,,,
레옹,부산광역시 금정구 장전동 422-39 ,4,,,,,,,,,,,,,
레옹,부산광역시 금정구 장전동 422-39 ,5,,,,,,,,,,,,,
레옹,부산광역시 금정구 장전동 422-39 ,6,,,,,,,,,,,,,
숑숑돈까스&도시락 부산대점,부산광역시 금정구 장전동 422-41,0,,,,,,,,,,,,,
숑숑돈까스&도시락 부산대점,부산광역시 금정구 장전동 422-41,1,,,,,,,,,,,,,
숑숑돈까스&도시락 부산대점,부산광역시 금정구 장전동 422-41,2,,,,,,,,,,,,,
숑숑돈까스&도시락 부산대점,부산광역시 금정구 장전동 422-41,3,,,,,,,,,,,,,
숑숑돈까스&도시락 부산대점,부산광역시 금정구 장전동 422-41,4,,,,,,,,,,,,,
숑숑돈까스&도시락 부산대점,부산광역시 금정구 장전동 422-41,5,,,,,,,,,,,,,
숑숑돈까스&도시락 부산대점,부산광역시 금정구 장전동 422-41,6,,,,,,,,,,,,,
칠성돌곱창,부산광역시 금정구 장전동 422-7,0,12:00,23:00,15:30,17:00,,,,,,,,,
칠성돌곱창,부산광역시 금정구 장전동 422-7,1,12:00,23:00,15:30,17:00,,,,,,,,,
칠성돌곱창,부산광역시 금정구 장전동 422-7,2,12:00,23:00,15:30,17:00,,,,,,,,,
칠성돌곱창,부산광역시 금정구 장전동 422-7,3,12:00,23:00,15:30,17:00,,,,,,,,,
칠성돌곱창,부산광역시 금정구 장전동 422-7,4,12:00,23:00,15:30,17:00,,,,,,,,,
칠성돌곱창,부산광역시 금정구 장전동 422-7,5,12:00,23:00,15:30,17:00,,,,,,,,,
칠성돌곱창,부산광역시 금정구 장전동 422-7,6,12:00,23:00,15:30,17:00,,,,,,,,,
샌드픽,부산광역시 금정구 장전동 423-14,0,8:30,22:00,,,21:30,,,,,,,,
샌드픽,부산광역시 금정구 장전동 423-14,1,8:30,22:00,,,21:30,,,,,,,,
샌드픽,부산광역시 금정구 장전동 423-14,2,8:30,22:00,,,21:30,,,,,,,,
샌드픽,부산광역시 금정구 장전동 423-14,3,8:30,22:00,,,21:30,,,,,,,,
샌드픽,부산광역시 금정구 장전동 423-14,4,8:30,22:00,,,21:30,,,,,,,,
샌드픽,부산광역시 금정구 장전동 423-14,5,8:30,22:00,,,21:30,,,,,,,,
샌드픽,부산광역시 금정구 장전동 423-14,6,8:30,22:00,,,21:30,,,,,,,,
티니248,부산광역시 금정구 장전동 423-15,0,11:00,22:00,,,21:00,,,,,,,,
티니248,부산광역시 금정구 장전동 423-15,1,11:00,22:00,,,21:00,,,,,,,,
티니248,부산광역시 금정구 장전동 423-15,2,11:00,22:00,,,21:00,,,,,,,,
티니248,부산광역시 금정구 장전동 423-15,3,11:00,22:00,,,21:00,,,,,,,,
티니248,부산광역시 금정구 장전동 423-15,4,11:00,22:00,,,21:00,,,,,,,,
티니248,부산광역시 금정구 장전동 423-15,5,11:00,22:00,,,21:00,,,,,,,,
티니248,부산광역시 금정구 장전동 423-15,6,11:00,22:00,,,21:00,,,,,,,,
엠 멘토,부산광역시 금정구 장전동 423-17 ,0,,,,,,,,,,,,,
엠 멘토,부산광역시 금정구 장전동 423-17 ,1,,,,,,,,,,,,,
엠 멘토,부산광역시 금정구 장전동 423-17 ,2,,,,,,,,,,,,,
엠 멘토,부산광역시 금정구 장전동 423-17 ,3,,,,,,,,,,,,,
엠 멘토,부산광역시 금정구 장전동 423-17 ,4,,,,,,,,,,,,,
엠 멘토,부산광역시 금정구 장전동 423-17 ,5,,,,,,,,,,,,,
엠 멘토,부산광역시 금정구 장전동 423-17 ,6,,,,,,,,,,,,,
시어링앤스터프,부산광역시 금정구 장전동 423-22,0,11:30,21:00,15:00,17:00,,,,,,,,,
시어링앤스터프,부산광역시 금정구 장전동 423-22,1,11:30,21:00,15:00,17:00,,,,,,,,,
시어링앤스터프,부산광역시 금정구 장전동 423-22,2,11:30,21:00,15:00,17:00,,,,,,,,,
시어링앤스터프,부산광역시 금정구 장전동 423-22,3,11:30,21:00,15:00,17:00,,,,,,,,,
시어링앤스터프,부산광역시 금정구 장전동 423-22,4,11:30,21:00,15:00,17:00,,,,,,,,,
시어링앤스터프,부산광역시 금정구 장전동 423-22,5,11:30,21:00,15:00,17:00,,,,,,,,,
시어링앤스터프,부산광역시 금정구 장전동 423-22,6,11:30,21:00,15:00,17:00,,,,,,,,,
우리터닭집,부산광역시 금정구 장전동 423-22,0,,,,,,,,,,,,,
우리터닭집,부산광역시 금정구 장전동 423-22,1,,,,,,,,,,,,,
우리터닭집,부산광역시 금정구 장전동 423-22,2,,,,,,,,,,,,,
우리터닭집,부산광역시 금정구 장전동 423-22,3,,,,,,,,,,,,,
우리터닭집,부산광역시 금정구 장전동 423-22,4,,,,,,,,,,,,,
우리터닭집,부산광역시 금정구 장전동 423-22,5,,,,,,,,,,,,,
우리터닭집,부산광역시 금정구 장전동 423-22,6,,,,,,,,,,,,,
팔팔탕수육,부산광역시 금정구 장전동 423-22,0,11:00,20:00,,,,,,,,,,,
팔팔탕수육,부산광역시 금정구 장전동 423-22,1,11:00,23:00,,,,,,,,,,,
팔팔탕수육,부산광역시 금정구 장전동 423-22,2,11:00,23:00,,,,,,,,,,,
팔팔탕수육,부산광역시 금정구 장전동 423-22,3,11:00,23:00,,,,,,,,,,,
팔팔탕수육,부산광역시 금정구 장전동 423-22,4,11:00,23:00,,,,,,,,,,,
팔팔탕수육,부산광역시 금정구 장전동 423-22,5,11:00,23:00,,,,,,,,,,,
팔팔탕수육,부산광역시 금정구 장전동 423-22,6,11:00,23:00,,,,,,,,,,,
천라쿵푸마라탕 본점,부산광역시 금정구 장전동 423-25,0,11:00,1:55,,,,,,,,,,,
천라쿵푸마라탕 본점,부산광역시 금정구 장전동 423-25,1,11:00,1:55,,,,,,,,,,,
천라쿵푸마라탕 본점,부산광역시 금정구 장전동 423-25,2,11:00,1:55,,,,,,,,,,,
천라쿵푸마라탕 본점,부산광역시 금정구 장전동 423-25,3,11:00,1:55,,,,,,,,,,,
천라쿵푸마라탕 본점,부산광역시 금정구 장전동 423-25,4,11:00,1:55,,,,,,,,,,,
천라쿵푸마라탕 본점,부산광역시 금정구 장전동 423-25,5,11:00,1:55,,,,,,,,,,,
천라쿵푸마라탕 본점,부산광역시 금정구 장전동 423-25,6,11:00,1:55,,,,,,,,,,,
황소야,부산광역시 금정구 장전동 423-27,0,16:00,1:00,,,,,,,,,,,
황소야,부산광역시 금정구 장전동 423-27,1,16:00,1:00,,,,,,,,,,,
황소야,부산광역시 금정구 장전동 423-27,2,16:00,1:00,,,,,,,,,,,
황소야,부산광역시 금정구 장전동 423-27,3,16:00,1:00,,,,,,,,,,,
황소야,부산광역시 금정구 장전동 423-27,4,16:00,1:00,,,,,,,,,,,
황소야,부산광역시 금정구 장전동 423-27,5,16:00,1:00,,,,,,,,,,,
황소야,부산광역시 금정구 장전동 423-27,6,16:00,1:00,,,,,,,,,,,
진쓰푸드,부산광역시 금정구 장전동 423-3,0,,,,,,,,,,,,,
진쓰푸드,부산광역시 금정구 장전동 423-3,1,,,,,,,,,,,,,
진쓰푸드,부산광역시 금정구 장전동 423-3,2,,,,,,,,,,,,,
진쓰푸드,부산광역시 금정구 장전동 423-3,3,,,,,,,,,,,,,
진쓰푸드,부산광역시 금정구 장전동 423-3,4,,,,,,,,,,,,,
진쓰푸드,부산광역시 금정구 장전동 423-3,5,,,,,,,,,,,,,
진쓰푸드,부산광역시 금정구 장전동 423-3,6,,,,,,,,,,,,,
텐동롯코,부산광역시 금정구 장전동 423-36,0,11:00,21:00,,,,,,,,,,,
텐동롯코,부산광역시 금정구 장전동 423-36,1,11:00,21:00,15:00,17:00,,,,,,,,,
텐동롯코,부산광역시 금정구 장전동 423-36,2,11:00,21:00,15:00,17:00,,,,,,,,,
텐동롯코,부산광역시 금정구 장전동 423-36,3,11:00,21:00,15:00,17:00,,,,,,,,,
텐동롯코,부산광역시 금정구 장전동 423-36,4,11:00,21:00,15:00,17:00,,,,,,,,,
텐동롯코,부산광역시 금정구 장전동 423-36,5,11:00,21:00,15:00,17:00,,,,,,,,,
텐동롯코,부산광역시 금정구 장전동 423-36,6,11:00,21:00,,,,,,,,,,,
홍주방 부산대점,부산광역시 금정구 장전동 423-36,0,11:00,23:00,,,,,,,,,,,
홍주방 부산대점,부산광역시 금정구 장전동 423-36,1,11:00,23:00,,,,,,,,,,,
홍주방 부산대점,부산광역시 금정구 장전동 423-36,2,11:00,23:00,,,,,,,,,,,
홍주방 부산대점,부산광역시 금정구 장전동 423-36,3,11:00,23:00,,,,,,,,,,,
홍주방 부산대점,부산광역시 금정구 장전동 423-36,4,11:00,23:00,,,,,,,,,,,
홍주방 부산대점,부산광역시 금정구 장전동 423-36,5,11:00,23:00,,,,,,,,,,,
홍주방 부산대점,부산광역시 금정구 장전동 423-36,6,11:00,23:00,,,,,,,,,,,
제멜리아,부산광역시 금정구 장전동 423-38,0,11:00,23:30,,,,,,,,,,,
제멜리아,부산광역시 금정구 장전동 423-38,1,11:00,23:30,,,,,,,,,,,
제멜리아,부산광역시 금정구 장전동 423-38,2,11:00,23:30,,,,,,,,,,,
제멜리아,부산광역시 금정구 장전동 423-38,3,11:00,23:30,,,,,,,,,,,
제멜리아,부산광역시 금정구 장전동 423-38,4,11:00,23:30,,,,,,,,,,,
제멜리아,부산광역시 금정구 장전동 423-38,5,11:00,23:30,,,,,,,,,,,
제멜리아,부산광역시 금정구 장전동 423-38,6,11:00,23:30,,,,,,,,,,,
왕부정,부산광역시 금정구 장전동 423-39,0,11:30,21:00,,,,,,,,,,,
왕부정,부산광역시 금정구 장전동 423-39,1,11:30,21:00,,,,,,,,,,,
왕부정,부산광역시 금정구 장전동 423-39,2,11:30,21:00,,,,,,,,,,,
왕부정,부산광역시 금정구 장전동 423-39,3,11:30,21:00,,,,,,,,,,,
왕부정,부산광역시 금정구 장전동 423-39,4,11:30,21:00,,,,,,,,,,,
왕부정,부산광역시 금정구 장전동 423-39,5,11:30,21:00,,,,,,,,,,,
왕부정,부산광역시 금정구 장전동 423-39,6,11:30,21:00,,,,,,,,,,,
물고기자리,부산광역시 금정구 장전동 423-4,0,,,,,,,,,,,,,
물고기자리,부산광역시 금정구 장전동 423-4,1,,,,,,,,,,,,,
물고기자리,부산광역시 금정구 장전동 423-4,2,,,,,,,,,,,,,
물고기자리,부산광역시 금정구 장전동 423-4,3,,,,,,,,,,,,,
물고기자리,부산광역시 금정구 장전동 423-4,4,,,,,,,,,,,,,
물고기자리,부산광역시 금정구 장전동 423-4,5,,,,,,,,,,,,,
물고기자리,부산광역시 금정구 장전동 423-4,6,,,,,,,,,,,,,
미각반점,부산광역시 금정구 장전동 423-52 ,0,11:00,21:00,,,,,,,,,,,
미각반점,부산광역시 금정구 장전동 423-52 ,1,11:00,21:00,,,,,,,,,,,
미각반점,부산광역시 금정구 장전동 423-52 ,2,11:00,21:00,,,,,,,,,,,
미각반점,부산광역시 금정구 장전동 423-52 ,3,11:00,21:00,,,,,,,,,,,
미각반점,부산광역시 금정구 장전동 423-52 ,4,11:00,21:00,,,,,,,,,,,
미각반점,부산광역시 금정구 장전동 423-52 ,5,11:00,21:00,,,,,,,,,,,
미각반점,부산광역시 금정구 장전동 423-52 ,6,11:00,21:00,,,,,,,,,,,
하림숯불,부산광역시 금정구 장전동 423-8,0,,,,,,,,,,,,,
하림숯불,부산광역시 금정구 장전동 423-8,1,,,,,,,,,,,,,
하림숯불,부산광역시 금정구 장전동 423-8,2,,,,,,,,,,,,,
하림숯불,부산광역시 금정구 장전동 423-8,3,,,,,,,,,,,,,
하림숯불,부산광역시 금정구 장전동 423-8,4,,,,,,,,,,,,,
하림숯불,부산광역시 금정구 장전동 423-8,5,,,,,,,,,,,,,
하림숯불,부산광역시 금정구 장전동 423-8,6,,,,,,,,,,,,,
조선대패 부산대점,부산광역시 금정구 장전동 424-15,0,,,,,,,,,,,,,
조선대패 부산대점,부산광역시 금정구 장전동 424-15,1,,,,,,,,,,,,,
조선대패 부산대점,부산광역시 금정구 장전동 424-15,2,,,,,,,,,,,,,
조선대패 부산대점,부산광역시 금정구 장전동 424-15,3,,,,,,,,,,,,,
조선대패 부산대점,부산광역시 금정구 장전동 424-15,4,,,,,,,,,,,,,
조선대패 부산대점,부산광역시 금정구 장전동 424-15,5,,,,,,,,,,,,,
조선대패 부산대점,부산광역시 금정구 장전동 424-15,6,,,,,,,,,,,,,
우마이도,부산광역시 금정구 장전동 424-2,0,10:00,21:00,14:30,17:00,20:30,,,,,,,,
우마이도,부산광역시 금정구 장전동 424-2,1,10:00,21:00,14:30,17:00,20:30,,,,,,,,
우마이도,부산광역시 금정구 장전동 424-2,2,10:00,21:00,14:30,17:00,20:30,,,,,,,,
우마이도,부산광역시 금정구 장전동 424-2,3,10:00,21:00,14:30,17:00,20:30,,,,,,,,
우마이도,부산광역시 금정구 장전동 424-2,4,10:00,21:00,14:30,17:00,20:30,,,,,,,,
우마이도,부산광역시 금정구 장전동 424-2,5,10:00,21:00,14:30,17:00,20:30,,,,,,,,
우마이도,부산광역시 금정구 장전동 424-2,6,10:00,21:00,14:30,17:00,20:30,,,,,,,,
마린파스타 부산대점,부산광역시 금정구 장전동 424-21,0,11:00,21:00,,,,,,,,,,,
마린파스타 부산대점,부산광역시 금정구 장전동 424-21,1,11:00,21:00,,,,,,,,,,,
마린파스타 부산대점,부산광역시 금정구 장전동 424-21,2,11:00,21:00,,,,,,,,,,,
마린파스타 부산대점,부산광역시 금정구 장전동 424-21,3,11:00,21:00,,,,,,,,,,,
마린파스타 부산대점,부산광역시 금정구 장전동 424-21,4,11:00,21:00,,,,,,,,,,,
마린파스타 부산대점,부산광역시 금정구 장전동 424-21,5,11:00,21:00,,,,,,,,,,,
마린파스타 부산대점,부산광역시 금정구 장전동 424-21,6,11:00,21:00,,,,,,,,,,,
쿠카이야,부산광역시 금정구 장전동 424-5 ,0,11:30,20:30,15:00,17:00,,,,,,,,,
쿠카이야,부산광역시 금정구 장전동 424-5 ,1,11:30,20:30,15:00,17:00,,,,,,,,,
쿠카이야,부산광역시 금정구 장전동 424-5 ,2,11:30,20:30,15:00,17:00,,,,,,,,,
쿠카이야,부산광역시 금정구 장전동 424-5 ,3,11:30,20:30,15:00,17:00,,,,,,,,,
쿠카이야,부산광역시 금정구 장전동 424-5 ,4,11:30,20:30,15:00,17:00,,,,,,,,,
쿠카이야,부산광역시 금정구 장전동 424-5 ,5,11:30,20:30,15:00,17:00,,,,,,,,,
쿠카이야,부산광역시 금정구 장전동 424-5 ,6,11:30,20:30,15:00,17:00,,,,,,,,,
김해원조뒷고기,부산광역시 금정구 장전동 424-9,0,15:00,0:00,,,,,,,,,,,
김해원조뒷고기,부산광역시 금정구 장전동 424-9,1,15:00,0:00,,,,,,,,,,,
김해원조뒷고기,부산광역시 금정구 장전동 424-9,2,15:00,0:00,,,,,,,,,,,
김해원조뒷고기,부산광역시 금정구 장전동 424-9,3,15:00,0:00,,,,,,,,,,,
김해원조뒷고기,부산광역시 금정구 장전동 424-9,4,15:00,0:00,,,,,,,,,,,
김해원조뒷고기,부산광역시 금정구 장전동 424-9,5,15:00,0:00,,,,,,,,,,,
김해원조뒷고기,부산광역시 금정구 장전동 424-9,6,15:00,0:00,,,,,,,,,,,
일문옥,부산광역시 금정구 장전동 424-9 ,0,,,,,,,,,,,,,
일문옥,부산광역시 금정구 장전동 424-9 ,1,,,,,,,,,,,,,
일문옥,부산광역시 금정구 장전동 424-9 ,2,,,,,,,,,,,,,
일문옥,부산광역시 금정구 장전동 424-9 ,3,,,,,,,,,,,,,
일문옥,부산광역시 금정구 장전동 424-9 ,4,,,,,,,,,,,,,
일문옥,부산광역시 금정구 장전동 424-9 ,5,,,,,,,,,,,,,
일문옥,부산광역시 금정구 장전동 424-9 ,6,,,,,,,,,,,,,
이모식당,부산광역시 금정구 장전동 425-11,0,11:00,22:00,,,,,,,,,,,
이모식당,부산광역시 금정구 장전동 425-11,1,11:00,22:00,,,,,,,,,,,
이모식당,부산광역시 금정구 장전동 425-11,2,11:00,22:00,,,,,,,,,,,
이모식당,부산광역시 금정구 장전동 425-11,3,11:00,22:00,,,,,,,,,,,
이모식당,부산광역시 금정구 장전동 425-11,4,11:00,22:00,,,,,,,,,,,
이모식당,부산광역시 금정구 장전동 425-11,5,11:00,22:00,,,,,,,,,,,
이모식당,부산광역시 금정구 장전동 425-11,6,11:00,22:00,,,,,,,,,,,
부산밀면,부산광역시 금정구 장전동 425-13,0,,,,,,,,,,,,,
부산밀면,부산광역시 금정구 장전동 425-13,1,,,,,,,,,,,,,
부산밀면,부산광역시 금정구 장전동 425-13,2,,,,,,,,,,,,,
부산밀면,부산광역시 금정구 장전동 425-13,3,,,,,,,,,,,,,
부산밀면,부산광역시 금정구 장전동 425-13,4,,,,,,,,,,,,,
부산밀면,부산광역시 금정구 장전동 425-13,5,,,,,,,,,,,,,
부산밀면,부산광역시 금정구 장전동 425-13,6,,,,,,,,,,,,,
맘스터치 부산대점,부산광역시 금정구 장전동 425-16,0,,,,,,,,,,,,,
맘스터치 부산대점,부산광역시 금정구 장전동 425-16,1,,,,,,,,,,,,,
맘스터치 부산대점,부산광역시 금정구 장전동 425-16,2,,,,,,,,,,,,,
맘스터치 부산대점,부산광역시 금정구 장전동 425-16,3,,,,,,,,,,,,,
맘스터치 부산대점,부산광역시 금정구 장전동 425-16,4,,,,,,,,,,,,,
맘스터치 부산대점,부산광역시 금정구 장전동 425-16,5,,,,,,,,,,,,,
맘스터치 부산대점,부산광역시 금정구 장전동 425-16,6,,,,,,,,,,,,,
동키치킨,부산광역시 금정구 장전동 425-9,0,,,,,,,,,,,,,
동키치킨,부산광역시 금정구 장전동 425-9,1,,,,,,,,,,,,,
동키치킨,부산광역시 금정구 장전동 425-9,2,,,,,,,,,,,,,
동키치킨,부산광역시 금정구 장전동 425-9,3,,,,,,,,,,,,,
동키치킨,부산광역시 금정구 장전동 425-9,4,,,,,,,,,,,,,
동키치킨,부산광역시 금정구 장전동 425-9,5,,,,,,,,,,,,,
동키치킨,부산광역시 금정구 장전동 425-9,6,,,,,,,,,,,,,
나니(NaNi),부산광역시 금정구 장전동 47-4,0,,,,,,,,,,,,,
나니(NaNi),부산광역시 금정구 장전동 47-4,1,,,,,,,,,,,,,
나니(NaNi),부산광역시 금정구 장전동 47-4,2,,,,,,,,,,,,,
나니(NaNi),부산광역시 금정구 장전동 47-4,3,,,,,,,,,,,,,
나니(NaNi),부산광역시 금정구 장전동 47-4,4,,,,,,,,,,,,,
나니(NaNi),부산광역시 금정구 장전동 47-4,5,,,,,,,,,,,,,
나니(NaNi),부산광역시 금정구 장전동 47-4,6,,,,,,,,,,,,,
청산별곡,부산광역시 금정구 장전동 501-112 ,0,11:00,21:00,,,,,,,,,,,
청산별곡,부산광역시 금정구 장전동 501-112 ,1,11:00,21:00,,,,,,,,,,,
청산별곡,부산광역시 금정구 장전동 501-112 ,2,11:00,21:00,,,,,,,,,,,
청산별곡,부산광역시 금정구 장전동 501-112 ,3,11:00,21:00,,,,,,,,,,,
청산별곡,부산광역시 금정구 장전동 501-112 ,4,11:00,21:00,,,,,,,,,,,
청산별곡,부산광역시 금정구 장전동 501-112 ,5,11:00,21:00,,,,,,,,,,,
청산별곡,부산광역시 금정구 장전동 501-112 ,6,11:00,21:00,,,,,,,,,,,
산성가는길,부산광역시 금정구 장전동 501-134,0,,,,,,,,,,,,,
산성가는길,부산광역시 금정구 장전동 501-134,1,,,,,,,,,,,,,
산성가는길,부산광역시 금정구 장전동 501-134,2,,,,,,,,,,,,,
산성가는길,부산광역시 금정구 장전동 501-134,3,,,,,,,,,,,,,
산성가는길,부산광역시 금정구 장전동 501-134,4,,,,,,,,,,,,,
산성가는길,부산광역시 금정구 장전동 501-134,5,,,,,,,,,,,,,
산성가는길,부산광역시 금정구 장전동 501-134,6,,,,,,,,,,,,,
합천국수,부산광역시 금정구 장전동 502-5,0,,,,,,,,,,,,,
합천국수,부산광역시 금정구 장전동 502-5,1,,,,,,,,,,,,,
합천국수,부산광역시 금정구 장전동 502-5,2,,,,,,,,,,,,,
합천국수,부산광역시 금정구 장전동 502-5,3,,,,,,,,,,,,,
합천국수,부산광역시 금정구 장전동 502-5,4,,,,,,,,,,,,,
합천국수,부산광역시 금정구 장전동 502-5,5,,,,,,,,,,,,,
합천국수,부산광역시 금정구 장전동 502-5,6,,,,,,,,,,,,,
수림식당,부산광역시 금정구 장전동 505-150,0,11:00,20:00,15:00,17:00,,,,,,,,,
수림식당,부산광역시 금정구 장전동 505-150,1,11:00,20:00,15:00,17:00,,,,,,,,,
수림식당,부산광역시 금정구 장전동 505-150,2,11:00,20:00,15:00,17:00,,,,,,,,,
수림식당,부산광역시 금정구 장전동 505-150,3,11:00,20:00,15:00,17:00,,,,,,,,,
수림식당,부산광역시 금정구 장전동 505-150,4,11:00,20:00,15:00,17:00,,,,,,,,,
수림식당,부산광역시 금정구 장전동 505-150,5,11:00,20:00,15:00,17:00,,,,,,,,,
수림식당,부산광역시 금정구 장전동 505-150,6,11:00,20:00,15:00,17:00,,,,,,,,,
카페소록,부산광역시 금정구 장전동 505-31,0,11:30,18:00,,,,,,,,,,,
카페소록,부산광역시 금정구 장전동 505-31,1,11:30,18:00,,,,,,,,,,,
카페소록,부산광역시 금정구 장전동 505-31,2,11:30,18:00,,,,,,,,,,,
카페소록,부산광역시 금정구 장전동 505-31,3,11:30,18:00,,,,,,,,,,,
카페소록,부산광역시 금정구 장전동 505-31,4,11:30,18:00,,,,,,,,,,,
카페소록,부산광역시 금정구 장전동 505-31,5,11:30,18:00,,,,,,,,,,,
카페소록,부산광역시 금정구 장전동 505-31,6,11:30,18:00,,,,,,,,,,,
라비앙로즈,부산광역시 금정구 장전동 505-84,0,11:00,19:00,,,,,,,,,,,
라비앙로즈,부산광역시 금정구 장전동 505-84,1,11:00,19:00,,,,,,,,,,,
라비앙로즈,부산광역시 금정구 장전동 505-84,2,11:00,19:00,,,,,,,,,,,
라비앙로즈,부산광역시 금정구 장전동 505-84,3,11:00,19:00,,,,,,,,,,,
라비앙로즈,부산광역시 금정구 장전동 505-84,4,11:00,19:00,,,,,,,,,,,
라비앙로즈,부산광역시 금정구 장전동 505-84,5,11:00,19:00,,,,,,,,,,,
라비앙로즈,부산광역시 금정구 장전동 505-84,6,11:00,19:00,,,,,,,,,,,
정가담,부산광역시 금정구 장전동 505-84,0,11:30,21:30,14:30,17:00,,,,,,,,,
정가담,부산광역시 금정구 장전동 505-84,1,11:30,21:30,14:30,17:00,,,,,,,,,
정가담,부산광역시 금정구 장전동 505-84,2,11:30,21:30,14:30,17:00,,,,,,,,,
정가담,부산광역시 금정구 장전동 505-84,3,11:30,21:30,14:30,17:00,,,,,,,,,
정가담,부산광역시 금정구 장전동 505-84,4,11:30,21:30,14:30,17:00,,,,,,,,,
정가담,부산광역시 금정구 장전동 505-84,5,11:30,21:30,14:30,17:00,,,,,,,,,
정가담,부산광역시 금정구 장전동 505-84,6,11:30,21:30,14:30,17:00,,,,,,,,,
아줌마재첩국,부산광역시 금정구 장전동 519-10,0,,,,,,,,,,,,,
아줌마재첩국,부산광역시 금정구 장전동 519-10,1,,,,,,,,,,,,,
아줌마재첩국,부산광역시 금정구 장전동 519-10,2,,,,,,,,,,,,,
아줌마재첩국,부산광역시 금정구 장전동 519-10,3,,,,,,,,,,,,,
아줌마재첩국,부산광역시 금정구 장전동 519-10,4,,,,,,,,,,,,,
아줌마재첩국,부산광역시 금정구 장전동 519-10,5,,,,,,,,,,,,,
아줌마재첩국,부산광역시 금정구 장전동 519-10,6,,,,,,,,,,,,,
식물원로71,부산광역시 금정구 장전동 519-5,0,9:30,17:30,,,,,,,,,,,
식물원로71,부산광역시 금정구 장전동 519-5,1,9:30,17:30,,,,,,,,,,,
식물원로71,부산광역시 금정구 장전동 519-5,2,9:30,17:30,,,,,,,,,,,
식물원로71,부산광역시 금정구 장전동 519-5,3,9:30,17:30,,,,,,,,,,,
식물원로71,부산광역시 금정구 장전동 519-5,4,9:30,17:30,,,,,,,,,,,
식물원로71,부산광역시 금정구 장전동 519-5,5,9:30,17:30,,,,,,,,,,,
식물원로71,부산광역시 금정구 장전동 519-5,6,9:30,17:30,,,,,,,,,,,
부원양곱창,부산광역시 금정구 장전동 521-254,0,,,,,,,,,,,,,
부원양곱창,부산광역시 금정구 장전동 521-254,1,,,,,,,,,,,,,
부원양곱창,부산광역시 금정구 장전동 521-254,2,,,,,,,,,,,,,
부원양곱창,부산광역시 금정구 장전동 521-254,3,,,,,,,,,,,,,
부원양곱창,부산광역시 금정구 장전동 521-254,4,,,,,,,,,,,,,
부원양곱창,부산광역시 금정구 장전동 521-254,5,,,,,,,,,,,,,
부원양곱창,부산광역시 금정구 장전동 521-254,6,,,,,,,,,,,,,
해뜨는 집,부산광역시 금정구 장전동 521-254 6층 ,0,,,,,,,,,,,,,
해뜨는 집,부산광역시 금정구 장전동 521-254 6층 ,1,,,,,,,,,,,,,
해뜨는 집,부산광역시 금정구 장전동 521-254 6층 ,2,,,,,,,,,,,,,
해뜨는 집,부산광역시 금정구 장전동 521-254 6층 ,3,,,,,,,,,,,,,
해뜨는 집,부산광역시 금정구 장전동 521-254 6층 ,4,,,,,,,,,,,,,
해뜨는 집,부산광역시 금정구 장전동 521-254 6층 ,5,,,,,,,,,,,,,
해뜨는 집,부산광역시 금정구 장전동 521-254 6층 ,6,,,,,,,,,,,,,
누구나 반한닭,부산광역시 금정구 장전동 541-27,0,11:30,0:30,,,,,,,,,,,
누구나 반한닭,부산광역시 금정구 장전동 541-27,1,13:00,0:30,,,,,,,,,,,
누구나 반한닭,부산광역시 금정구 장전동 541-27,2,13:00,0:30,,,,,,,,,,,
누구나 반한닭,부산광역시 금정구 장전동 541-27,3,13:00,0:30,,,,,,,,,,,
누구나 반한닭,부산광역시 금정구 장전동 541-27,4,13:00,0:30,,,,,,,,,,,
누구나 반한닭,부산광역시 금정구 장전동 541-27,5,13:00,0:30,,,,,,,,,,,
누구나 반한닭,부산광역시 금정구 장전동 541-27,6,11:30,0:30,,,,,,,,,,,
누구나홀딱반한닭 부산장전점,부산광역시 금정구 장전동 541-27,0,,,,,,,,,,,,,
누구나홀딱반한닭 부산장전점,부산광역시 금정구 장전동 541-27,1,,,,,,,,,,,,,
누구나홀딱반한닭 부산장전점,부산광역시 금정구 장전동 541-27,2,,,,,,,,,,,,,
누구나홀딱반한닭 부산장전점,부산광역시 금정구 장전동 541-27,3,,,,,,,,,,,,,
누구나홀딱반한닭 부산장전점,부산광역시 금정구 장전동 541-27,4,,,,,,,,,,,,,
누구나홀딱반한닭 부산장전점,부산광역시 금정구 장전동 541-27,5,,,,,,,,,,,,,
누구나홀딱반한닭 부산장전점,부산광역시 금정구 장전동 541-27,6,,,,,,,,,,,,,
온기,부산광역시 금정구 장전동 541-7,0,11:30,21:00,,,,,,,,,,,
온기,부산광역시 금정구 장전동 541-7,1,11:30,21:00,,,,,,,,,,,
온기,부산광역시 금정구 장전동 541-7,2,11:30,21:00,,,,,,,,,,,
온기,부산광역시 금정구 장전동 541-7,3,11:30,21:00,,,,,,,,,,,
온기,부산광역시 금정구 장전동 541-7,4,11:30,21:00,,,,,,,,,,,
온기,부산광역시 금정구 장전동 541-7,5,11:30,21:00,,,,,,,,,,,
온기,부산광역시 금정구 장전동 541-7,6,11:30,21:00,,,,,,,,,,,
구구향,부산광역시 금정구 장전동 54-2,0,10:30,21:10,,,,,,,,,,,
구구향,부산광역시 금정구 장전동 54-2,1,10:30,21:10,,,,,,,,,,,
구구향,부산광역시 금정구 장전동 54-2,2,10:30,21:10,,,,,,,,,,,
구구향,부산광역시 금정구 장전동 54-2,3,10:30,21:10,,,,,,,,,,,
구구향,부산광역시 금정구 장전동 54-2,4,10:30,21:10,,,,,,,,,,,
구구향,부산광역시 금정구 장전동 54-2,5,10:30,21:10,,,,,,,,,,,
구구향,부산광역시 금정구 장전동 54-2,6,10:30,21:10,,,,,,,,,,,
마이묵고가이소,부산광역시 금정구 장전동 54-2,0,,,,,,,,,,,,,
마이묵고가이소,부산광역시 금정구 장전동 54-2,1,,,,,,,,,,,,,
마이묵고가이소,부산광역시 금정구 장전동 54-2,2,,,,,,,,,,,,,
마이묵고가이소,부산광역시 금정구 장전동 54-2,3,,,,,,,,,,,,,
마이묵고가이소,부산광역시 금정구 장전동 54-2,4,,,,,,,,,,,,,
마이묵고가이소,부산광역시 금정구 장전동 54-2,5,,,,,,,,,,,,,
마이묵고가이소,부산광역시 금정구 장전동 54-2,6,,,,,,,,,,,,,
제주바른돼지,부산광역시 금정구 장전동 542-29,0,16:00,1:00,,,,,,,,,,,
제주바른돼지,부산광역시 금정구 장전동 542-29,1,16:00,1:00,,,,,,,,,,,
제주바른돼지,부산광역시 금정구 장전동 542-29,2,16:00,1:00,,,,,,,,,,,
제주바른돼지,부산광역시 금정구 장전동 542-29,3,16:00,1:00,,,,,,,,,,,
제주바른돼지,부산광역시 금정구 장전동 542-29,4,16:00,1:00,,,,,,,,,,,
제주바른돼지,부산광역시 금정구 장전동 542-29,5,16:00,1:00,,,,,,,,,,,
제주바른돼지,부산광역시 금정구 장전동 542-29,6,16:00,1:00,,,,,,,,,,,
한솥도시락 부산대북문점,부산광역시 금정구 장전동 54-6,0,,,,,,,,,,,,,
한솥도시락 부산대북문점,부산광역시 금정구 장전동 54-6,1,,,,,,,,,,,,,
한솥도시락 부산대북문점,부산광역시 금정구 장전동 54-6,2,,,,,,,,,,,,,
한솥도시락 부산대북문점,부산광역시 금정구 장전동 54-6,3,,,,,,,,,,,,,
한솥도시락 부산대북문점,부산광역시 금정구 장전동 54-6,4,,,,,,,,,,,,,
한솥도시락 부산대북문점,부산광역시 금정구 장전동 54-6,5,,,,,,,,,,,,,
한솥도시락 부산대북문점,부산광역시 금정구 장전동 54-6,6,,,,,,,,,,,,,
초콜릿나무,부산광역시 금정구 장전동 577-2 ,0,,,,,,,,,,,,,
초콜릿나무,부산광역시 금정구 장전동 577-2 ,1,,,,,,,,,,,,,
초콜릿나무,부산광역시 금정구 장전동 577-2 ,2,,,,,,,,,,,,,
초콜릿나무,부산광역시 금정구 장전동 577-2 ,3,,,,,,,,,,,,,
초콜릿나무,부산광역시 금정구 장전동 577-2 ,4,,,,,,,,,,,,,
초콜릿나무,부산광역시 금정구 장전동 577-2 ,5,,,,,,,,,,,,,
초콜릿나무,부산광역시 금정구 장전동 577-2 ,6,,,,,,,,,,,,,
영천얼큰돼지국밥 온천점,부산광역시 금정구 장전동 578-2,0,,,,,,,,,,,,,
영천얼큰돼지국밥 온천점,부산광역시 금정구 장전동 578-2,1,,,,,,,,,,,,,
영천얼큰돼지국밥 온천점,부산광역시 금정구 장전동 578-2,2,,,,,,,,,,,,,
영천얼큰돼지국밥 온천점,부산광역시 금정구 장전동 578-2,3,,,,,,,,,,,,,
영천얼큰돼지국밥 온천점,부산광역시 금정구 장전동 578-2,4,,,,,,,,,,,,,
영천얼큰돼지국밥 온천점,부산광역시 금정구 장전동 578-2,5,,,,,,,,,,,,,
영천얼큰돼지국밥 온천점,부산광역시 금정구 장전동 578-2,6,,,,,,,,,,,,,
지코바,부산광역시 금정구 장전동 581,0,,,,,,,,,,,,,
지코바,부산광역시 금정구 장전동 581,1,,,,,,,,,,,,,
지코바,부산광역시 금정구 장전동 581,2,,,,,,,,,,,,,
지코바,부산광역시 금정구 장전동 581,3,,,,,,,,,,,,,
지코바,부산광역시 금정구 장전동 581,4,,,,,,,,,,,,,
지코바,부산광역시 금정구 장전동 581,5,,,,,,,,,,,,,
지코바,부산광역시 금정구 장전동 581,6,,,,,,,,,,,,,
박만석돼지곰탕 온천점,부산광역시 금정구 장전동 588-1,0,11:00,22:00,15:00,17:00,20:30,,,,,,,,
박만석돼지곰탕 온천점,부산광역시 금정구 장전동 588-1,1,11:00,22:00,15:00,17:00,20:30,,,,,,,,
박만석돼지곰탕 온천점,부산광역시 금정구 장전동 588-1,2,11:00,22:00,15:00,17:00,20:30,,,,,,,,
박만석돼지곰탕 온천점,부산광역시 금정구 장전동 588-1,3,11:00,22:00,15:00,17:00,20:30,,,,,,,,
박만석돼지곰탕 온천점,부산광역시 금정구 장전동 588-1,4,11:00,22:00,15:00,17:00,20:30,,,,,,,,
박만석돼지곰탕 온천점,부산광역시 금정구 장전동 588-1,5,11:00,22:00,15:00,17:00,20:30,,,,,,,,
박만석돼지곰탕 온천점,부산광역시 금정구 장전동 588-1,6,11:00,22:00,15:00,17:00,20:30,,,,,,,,
스시이가,부산광역시 금정구 장전동 594-2,0,11:30,22:00,14:30,17:00,21:30,,,,,,,,
스시이가,부산광역시 금정구 장전동 594-2,1,11:30,22:00,14:30,17:00,21:30,,,,,,,,
스시이가,부산광역시 금정구 장전동 594-2,2,11:30,22:00,14:30,17:00,21:30,,,,,,,,
스시이가,부산광역시 금정구 장전동 594-2,3,11:30,22:00,14:30,17:00,21:30,,,,,,,,
스시이가,부산광역시 금정구 장전동 594-2,4,11:30,22:00,14:30,17:00,21:30,,,,,,,,
스시이가,부산광역시 금정구 장전동 594-2,5,11:30,22:00,14:30,17:00,21:30,,,,,,,,
스시이가,부산광역시 금정구 장전동 594-2,6,11:30,22:00,14:30,17:00,21:30,,,,,,,,
초이스,부산광역시 금정구 장전동 595-1,0,,,,,,,,,,,,,
초이스,부산광역시 금정구 장전동 595-1,1,,,,,,,,,,,,,
초이스,부산광역시 금정구 장전동 595-1,2,,,,,,,,,,,,,
초이스,부산광역시 금정구 장전동 595-1,3,,,,,,,,,,,,,
초이스,부산광역시 금정구 장전동 595-1,4,,,,,,,,,,,,,
초이스,부산광역시 금정구 장전동 595-1,5,,,,,,,,,,,,,
초이스,부산광역시 금정구 장전동 595-1,6,,,,,,,,,,,,,
김해추어탕,부산광역시 금정구 장전동 596-10,0,,,,,,,,,,,,,
김해추어탕,부산광역시 금정구 장전동 596-10,1,,,,,,,,,,,,,
김해추어탕,부산광역시 금정구 장전동 596-10,2,,,,,,,,,,,,,
김해추어탕,부산광역시 금정구 장전동 596-10,3,,,,,,,,,,,,,
김해추어탕,부산광역시 금정구 장전동 596-10,4,,,,,,,,,,,,,
김해추어탕,부산광역시 금정구 장전동 596-10,5,,,,,,,,,,,,,
김해추어탕,부산광역시 금정구 장전동 596-10,6,,,,,,,,,,,,,
소영식육식당,부산광역시 금정구 장전동 596-12,0,,,,,,,,,,,,,
소영식육식당,부산광역시 금정구 장전동 596-12,1,,,,,,,,,,,,,
소영식육식당,부산광역시 금정구 장전동 596-12,2,,,,,,,,,,,,,
소영식육식당,부산광역시 금정구 장전동 596-12,3,,,,,,,,,,,,,
소영식육식당,부산광역시 금정구 장전동 596-12,4,,,,,,,,,,,,,
소영식육식당,부산광역시 금정구 장전동 596-12,5,,,,,,,,,,,,,
소영식육식당,부산광역시 금정구 장전동 596-12,6,,,,,,,,,,,,,
얼큰이샤브샤브칼국수,부산광역시 금정구 장전동 596-12,0,11:00,21:00,,,,,,,,,,,
얼큰이샤브샤브칼국수,부산광역시 금정구 장전동 596-12,1,11:00,21:00,,,,,,,,,,,
얼큰이샤브샤브칼국수,부산광역시 금정구 장전동 596-12,2,11:00,21:00,,,,,,,,,,,
얼큰이샤브샤브칼국수,부산광역시 금정구 장전동 596-12,3,11:00,21:00,,,,,,,,,,,
얼큰이샤브샤브칼국수,부산광역시 금정구 장전동 596-12,4,11:00,21:00,,,,,,,,,,,
얼큰이샤브샤브칼국수,부산광역시 금정구 장전동 596-12,5,11:00,21:00,,,,,,,,,,,
얼큰이샤브샤브칼국수,부산광역시 금정구 장전동 596-12,6,11:00,21:00,,,,,,,,,,,
최가네촌국수,부산광역시 금정구 장전동 598-11,0,9:50,20:50,,,,,,,,,,,
최가네촌국수,부산광역시 금정구 장전동 598-11,1,9:50,20:50,,,,,,,,,,,
최가네촌국수,부산광역시 금정구 장전동 598-11,2,9:50,20:50,,,,,,,,,,,
최가네촌국수,부산광역시 금정구 장전동 598-11,3,9:50,20:50,,,,,,,,,,,
최가네촌국수,부산광역시 금정구 장전동 598-11,4,9:50,20:50,,,,,,,,,,,
최가네촌국수,부산광역시 금정구 장전동 598-11,5,9:50,20:50,,,,,,,,,,,
최가네촌국수,부산광역시 금정구 장전동 598-11,6,9:50,20:50,,,,,,,,,,,
임랑회전초밥,부산광역시 금정구 장전동 598-12,0,11:30,21:00,15:00,17:00,,,,,,,,,
임랑회전초밥,부산광역시 금정구 장전동 598-12,1,11:30,21:00,15:00,17:00,,,,,,,,,
임랑회전초밥,부산광역시 금정구 장전동 598-12,2,11:30,21:00,15:00,17:00,,,,,,,,,
임랑회전초밥,부산광역시 금정구 장전동 598-12,3,11:30,21:00,15:00,17:00,,,,,,,,,
임랑회전초밥,부산광역시 금정구 장전동 598-12,4,11:30,21:00,15:00,17:00,,,,,,,,,
임랑회전초밥,부산광역시 금정구 장전동 598-12,5,11:30,21:00,15:00,17:00,,,,,,,,,
임랑회전초밥,부산광역시 금정구 장전동 598-12,6,11:30,21:00,15:00,17:00,,,,,,,,,
대성관초밥,부산광역시 금정구 장전동 598-8,0,11:30,21:30,14:30,16:30,,,,,,,,,
대성관초밥,부산광역시 금정구 장전동 598-8,1,11:30,21:30,14:30,16:30,,,,,,,,,
대성관초밥,부산광역시 금정구 장전동 598-8,2,11:30,21:30,14:30,16:30,,,,,,,,,
대성관초밥,부산광역시 금정구 장전동 598-8,3,11:30,21:30,14:30,16:30,,,,,,,,,
대성관초밥,부산광역시 금정구 장전동 598-8,4,11:30,21:30,14:30,16:30,,,,,,,,,
대성관초밥,부산광역시 금정구 장전동 598-8,5,11:30,21:30,14:30,16:30,,,,,,,,,
대성관초밥,부산광역시 금정구 장전동 598-8,6,11:30,21:30,14:30,16:30,,,,,,,,,
포차천국 온천점,부산광역시 금정구 장전동 599-18,0,17:00,3:00,,,,,,,,,,,
포차천국 온천점,부산광역시 금정구 장전동 599-18,1,17:00,3:00,,,,,,,,,,,
포차천국 온천점,부산광역시 금정구 장전동 599-18,2,17:00,3:00,,,,,,,,,,,
포차천국 온천점,부산광역시 금정구 장전동 599-18,3,17:00,3:00,,,,,,,,,,,
포차천국 온천점,부산광역시 금정구 장전동 599-18,4,17:00,3:00,,,,,,,,,,,
포차천국 온천점,부산광역시 금정구 장전동 599-18,5,17:00,3:00,,,,,,,,,,,
포차천국 온천점,부산광역시 금정구 장전동 599-18,6,17:00,3:00,,,,,,,,,,,
경주박가국밥,부산광역시 금정구 장전동 601-11,0,,,,,,,,,,,,,
경주박가국밥,부산광역시 금정구 장전동 601-11,1,,,,,,,,,,,,,
경주박가국밥,부산광역시 금정구 장전동 601-11,2,,,,,,,,,,,,,
경주박가국밥,부산광역시 금정구 장전동 601-11,3,,,,,,,,,,,,,
경주박가국밥,부산광역시 금정구 장전동 601-11,4,,,,,,,,,,,,,
경주박가국밥,부산광역시 금정구 장전동 601-11,5,,,,,,,,,,,,,
경주박가국밥,부산광역시 금정구 장전동 601-11,6,,,,,,,,,,,,,
만서리이가네막국수,부산광역시 금정구 장전동 604-19,0,11:00,21:00,15:00,17:00,,,,,,,,,
만서리이가네막국수,부산광역시 금정구 장전동 604-19,1,11:00,21:00,15:00,17:00,,,,,,,,,
만서리이가네막국수,부산광역시 금정구 장전동 604-19,2,11:00,21:00,15:00,17:00,,,,,,,,,
만서리이가네막국수,부산광역시 금정구 장전동 604-19,3,11:00,21:00,15:00,17:00,,,,,,,,,
만서리이가네막국수,부산광역시 금정구 장전동 604-19,4,11:00,21:00,15:00,17:00,,,,,,,,,
만서리이가네막국수,부산광역시 금정구 장전동 604-19,5,11:00,21:00,15:00,17:00,,,,,,,,,
만서리이가네막국수,부산광역시 금정구 장전동 604-19,6,11:00,21:00,15:00,17:00,,,,,,,,,
진부령황태탕,부산광역시 금정구 장전동 60-5,0,,,,,,,,,,,,,
진부령황태탕,부산광역시 금정구 장전동 60-5,1,,15:00,,,,,,,,,,,
진부령황태탕,부산광역시 금정구 장전동 60-5,2,,15:00,,,,,,,,,,,
진부령황태탕,부산광역시 금정구 장전동 60-5,3,,15:00,,,,,,,,,,,
진부령황태탕,부산광역시 금정구 장전동 60-5,4,,15:00,,,,,,,,,,,
진부령황태탕,부산광역시 금정구 장전동 60-5,5,,15:00,,,,,,,,,,,
진부령황태탕,부산광역시 금정구 장전동 60-5,6,,,,,,,,,,,,,
조선화로집 장전점,부산광역시 금정구 장전동 605-1,0,,,,,,,,,,,,,
조선화로집 장전점,부산광역시 금정구 장전동 605-1,1,,,,,,,,,,,,,
조선화로집 장전점,부산광역시 금정구 장전동 605-1,2,,,,,,,,,,,,,
조선화로집 장전점,부산광역시 금정구 장전동 605-1,3,,,,,,,,,,,,,
조선화로집 장전점,부산광역시 금정구 장전동 605-1,4,,,,,,,,,,,,,
조선화로집 장전점,부산광역시 금정구 장전동 605-1,5,,,,,,,,,,,,,
조선화로집 장전점,부산광역시 금정구 장전동 605-1,6,,,,,,,,,,,,,
팔구제면소,부산광역시 금정구 장전동 605-1,0,11:00,21:00,15:30,17:30,20:30,,,,,,,,
팔구제면소,부산광역시 금정구 장전동 605-1,1,11:00,21:00,15:30,17:30,20:30,,,,,,,,
팔구제면소,부산광역시 금정구 장전동 605-1,2,11:00,21:00,15:30,17:30,20:30,,,,,,,,
팔구제면소,부산광역시 금정구 장전동 605-1,3,11:00,21:00,15:30,17:30,20:30,,,,,,,,
팔구제면소,부산광역시 금정구 장전동 605-1,4,11:00,21:00,15:30,17:30,20:30,,,,,,,,
팔구제면소,부산광역시 금정구 장전동 605-1,5,11:00,21:00,15:30,17:30,20:30,,,,,,,,
팔구제면소,부산광역시 금정구 장전동 605-1,6,11:00,21:00,15:30,17:30,20:30,,,,,,,,
갓지동 부산장전점,부산광역시 금정구 장전동 607-37,0,11:00,21:30,,,21:00,,,,,,,,
갓지동 부산장전점,부산광역시 금정구 장전동 607-37,1,11:00,21:30,,,21:00,,,,,,,,
갓지동 부산장전점,부산광역시 금정구 장전동 607-37,2,11:00,21:30,,,21:00,,,,,,,,
갓지동 부산장전점,부산광역시 금정구 장전동 607-37,3,11:00,21:30,,,21:00,,,,,,,,
갓지동 부산장전점,부산광역시 금정구 장전동 607-37,4,11:00,21:30,,,21:00,,,,,,,,
갓지동 부산장전점,부산광역시 금정구 장전동 607-37,5,11:00,21:30,,,21:00,,,,,,,,
갓지동 부산장전점,부산광역시 금정구 장전동 607-37,6,11:00,21:30,,,21:00,,,,,,,,
푸라닭부산장전점,부산광역시 금정구 장전동 608-104,0,,,,,,,,,,,,,
푸라닭부산장전점,부산광역시 금정구 장전동 608-104,1,,,,,,,,,,,,,
푸라닭부산장전점,부산광역시 금정구 장전동 608-104,2,,,,,,,,,,,,,
푸라닭부산장전점,부산광역시 금정구 장전동 608-104,3,,,,,,,,,,,,,
푸라닭부산장전점,부산광역시 금정구 장전동 608-104,4,,,,,,,,,,,,,
푸라닭부산장전점,부산광역시 금정구 장전동 608-104,5,,,,,,,,,,,,,
푸라닭부산장전점,부산광역시 금정구 장전동 608-104,6,,,,,,,,,,,,,
지대루 참숯왕소금구이,부산광역시 금정구 장전동 609-15,0,16:00,2:00,,,,,,,,,,,
지대루 참숯왕소금구이,부산광역시 금정구 장전동 609-15,1,16:00,2:00,,,,,,,,,,,
지대루 참숯왕소금구이,부산광역시 금정구 장전동 609-15,2,16:00,2:00,,,,,,,,,,,
지대루 참숯왕소금구이,부산광역시 금정구 장전동 609-15,3,16:00,2:00,,,,,,,,,,,
지대루 참숯왕소금구이,부산광역시 금정구 장전동 609-15,4,16:00,2:00,,,,,,,,,,,
지대루 참숯왕소금구이,부산광역시 금정구 장전동 609-15,5,16:00,2:00,,,,,,,,,,,
지대루 참숯왕소금구이,부산광역시 금정구 장전동 609-15,6,16:00,2:00,,,,,,,,,,,
지대루홍게&대게day,부산광역시 금정구 장전동 610-14,0,,,,,,,,,,,,,
지대루홍게&대게day,부산광역시 금정구 장전동 610-14,1,,,,,,,,,,,,,
지대루홍게&대게day,부산광역시 금정구 장전동 610-14,2,,,,,,,,,,,,,
지대루홍게&대게day,부산광역시 금정구 장전동 610-14,3,,,,,,,,,,,,,
지대루홍게&대게day,부산광역시 금정구 장전동 610-14,4,,,,,,,,,,,,,
지대루홍게&대게day,부산광역시 금정구 장전동 610-14,5,,,,,,,,,,,,,
지대루홍게&대게day,부산광역시 금정구 장전동 610-14,6,,,,,,,,,,,,,
예담,부산광역시 금정구 장전동 612-9,0,14:00,0:00,,,,,,,,,,,
예담,부산광역시 금정구 장전동 612-9,1,14:00,0:00,,,,,,,,,,,
예담,부산광역시 금정구 장전동 612-9,2,14:00,0:00,,,,,,,,,,,
예담,부산광역시 금정구 장전동 612-9,3,14:00,0:00,,,,,,,,,,,
예담,부산광역시 금정구 장전동 612-9,4,14:00,0:00,,,,,,,,,,,
예담,부산광역시 금정구 장전동 612-9,5,14:00,0:00,,,,,,,,,,,
예담,부산광역시 금정구 장전동 612-9,6,14:00,0:00,,,,,,,,,,,
영주동할매복국 온천점,부산광역시 금정구 장전동 613-14,0,,,,,,,,,,,,,
영주동할매복국 온천점,부산광역시 금정구 장전동 613-14,1,,,,,,,,,,,,,
영주동할매복국 온천점,부산광역시 금정구 장전동 613-14,2,,,,,,,,,,,,,
영주동할매복국 온천점,부산광역시 금정구 장전동 613-14,3,,,,,,,,,,,,,
영주동할매복국 온천점,부산광역시 금정구 장전동 613-14,4,,,,,,,,,,,,,
영주동할매복국 온천점,부산광역시 금정구 장전동 613-14,5,,,,,,,,,,,,,
영주동할매복국 온천점,부산광역시 금정구 장전동 613-14,6,,,,,,,,,,,,,
고향식당,부산광역시 금정구 장전동 613-21,0,,,,,,,,,,,,,
고향식당,부산광역시 금정구 장전동 613-21,1,,,,,,,,,,,,,
고향식당,부산광역시 금정구 장전동 613-21,2,,,,,,,,,,,,,
고향식당,부산광역시 금정구 장전동 613-21,3,,,,,,,,,,,,,
고향식당,부산광역시 금정구 장전동 613-21,4,,,,,,,,,,,,,
고향식당,부산광역시 금정구 장전동 613-21,5,,,,,,,,,,,,,
고향식당,부산광역시 금정구 장전동 613-21,6,,,,,,,,,,,,,
미가참치,부산광역시 금정구 장전동 614-12,0,,,,,,,,,,,,,
미가참치,부산광역시 금정구 장전동 614-12,1,,,,,,,,,,,,,
미가참치,부산광역시 금정구 장전동 614-12,2,,,,,,,,,,,,,
미가참치,부산광역시 금정구 장전동 614-12,3,,,,,,,,,,,,,
미가참치,부산광역시 금정구 장전동 614-12,4,,,,,,,,,,,,,
미가참치,부산광역시 금정구 장전동 614-12,5,,,,,,,,,,,,,
미가참치,부산광역시 금정구 장전동 614-12,6,,,,,,,,,,,,,
오색연 갈비탕,부산광역시 금정구 장전동 617-13,0,11:00,21:00,,,20:00,,,,,,,,
오색연 갈비탕,부산광역시 금정구 장전동 617-13,1,11:00,21:00,,,20:00,,,,,,,,
오색연 갈비탕,부산광역시 금정구 장전동 617-13,2,11:00,21:00,,,20:00,,,,,,,,
오색연 갈비탕,부산광역시 금정구 장전동 617-13,3,11:00,21:00,,,20:00,,,,,,,,
오색연 갈비탕,부산광역시 금정구 장전동 617-13,4,11:00,21:00,,,20:00,,,,,,,,
오색연 갈비탕,부산광역시 금정구 장전동 617-13,5,11:00,21:00,,,20:00,,,,,,,,
오색연 갈비탕,부산광역시 금정구 장전동 617-13,6,11:00,21:00,,,20:00,,,,,,,,
지리돈 본점,부산광역시 금정구 장전동 617-16,0,16:00,0:00,,,,,,,,,,,
지리돈 본점,부산광역시 금정구 장전동 617-16,1,16:00,0:00,,,,,,,,,,,
지리돈 본점,부산광역시 금정구 장전동 617-16,2,16:00,0:00,,,,,,,,,,,
지리돈 본점,부산광역시 금정구 장전동 617-16,3,16:00,0:00,,,,,,,,,,,
지리돈 본점,부산광역시 금정구 장전동 617-16,4,16:00,0:00,,,,,,,,,,,
지리돈 본점,부산광역시 금정구 장전동 617-16,5,16:00,0:00,,,,,,,,,,,
지리돈 본점,부산광역시 금정구 장전동 617-16,6,16:00,0:00,,,,,,,,,,,
굿돼지,부산광역시 금정구 장전동 617-17,0,16:00,0:00,,,,,,,,,,,
굿돼지,부산광역시 금정구 장전동 617-17,1,16:00,0:00,,,,,,,,,,,
굿돼지,부산광역시 금정구 장전동 617-17,2,16:00,0:00,,,,,,,,,,,
굿돼지,부산광역시 금정구 장전동 617-17,3,16:00,0:00,,,,,,,,,,,
굿돼지,부산광역시 금정구 장전동 617-17,4,16:00,0:00,,,,,,,,,,,
굿돼지,부산광역시 금정구 장전동 617-17,5,16:00,0:00,,,,,,,,,,,
굿돼지,부산광역시 금정구 장전동 617-17,6,16:00,0:00,,,,,,,,,,,
장수돌곱창,부산광역시 금정구 장전동 617-17,0,10:00,0:00,,,,,,,,,,,
장수돌곱창,부산광역시 금정구 장전동 617-17,1,10:00,0:00,,,,,,,,,,,
장수돌곱창,부산광역시 금정구 장전동 617-17,2,10:00,0:00,,,,,,,,,,,
장수돌곱창,부산광역시 금정구 장전동 617-17,3,10:00,0:00,,,,,,,,,,,
장수돌곱창,부산광역시 금정구 장전동 617-17,4,10:00,0:00,,,,,,,,,,,
장수돌곱창,부산광역시 금정구 장전동 617-17,5,10:00,0:00,,,,,,,,,,,
장수돌곱창,부산광역시 금정구 장전동 617-17,6,10:00,0:00,,,,,,,,,,,
풍원,부산광역시 금정구 장전동 617-26,0,11:00,22:00,,,,,,,,,,,
풍원,부산광역시 금정구 장전동 617-26,1,11:00,22:00,,,,,,,,,,,
풍원,부산광역시 금정구 장전동 617-26,2,11:00,22:00,,,,,,,,,,,
풍원,부산광역시 금정구 장전동 617-26,3,11:00,22:00,,,,,,,,,,,
풍원,부산광역시 금정구 장전동 617-26,4,11:00,22:00,,,,,,,,,,,
풍원,부산광역시 금정구 장전동 617-26,5,11:00,22:00,,,,,,,,,,,
풍원,부산광역시 금정구 장전동 617-26,6,11:00,22:00,,,,,,,,,,,
다가치통닭,부산광역시 금정구 장전동 617-30,0,13:00,0:00,,,23:00,,,,,,,,
다가치통닭,부산광역시 금정구 장전동 617-30,1,13:00,0:00,,,23:00,,,,,,,,
다가치통닭,부산광역시 금정구 장전동 617-30,2,13:00,0:00,,,23:00,,,,,,,,
다가치통닭,부산광역시 금정구 장전동 617-30,3,13:00,0:00,,,23:00,,,,,,,,
다가치통닭,부산광역시 금정구 장전동 617-30,4,13:00,0:00,,,23:00,,,,,,,,
다가치통닭,부산광역시 금정구 장전동 617-30,5,13:00,0:00,,,23:00,,,,,,,,
다가치통닭,부산광역시 금정구 장전동 617-30,6,13:00,0:00,,,23:00,,,,,,,,
청년감자탕순대국 부산장전점,부산광역시 금정구 장전동 619-11,0,,,,,,,,,,,,,
청년감자탕순대국 부산장전점,부산광역시 금정구 장전동 619-11,1,,,,,,,,,,,,,
청년감자탕순대국 부산장전점,부산광역시 금정구 장전동 619-11,2,,,,,,,,,,,,,
청년감자탕순대국 부산장전점,부산광역시 금정구 장전동 619-11,3,,,,,,,,,,,,,
청년감자탕순대국 부산장전점,부산광역시 금정구 장전동 619-11,4,,,,,,,,,,,,,
청년감자탕순대국 부산장전점,부산광역시 금정구 장전동 619-11,5,,,,,,,,,,,,,
청년감자탕순대국 부산장전점,부산광역시 금정구 장전동 619-11,6,,,,,,,,,,,,,
천미식당,부산광역시 금정구 장전동 621-10,0,,,,,,,,,,,,,
천미식당,부산광역시 금정구 장전동 621-10,1,,,,,,,,,,,,,
천미식당,부산광역시 금정구 장전동 621-10,2,,,,,,,,,,,,,
천미식당,부산광역시 금정구 장전동 621-10,3,,,,,,,,,,,,,
천미식당,부산광역시 금정구 장전동 621-10,4,,,,,,,,,,,,,
천미식당,부산광역시 금정구 장전동 621-10,5,,,,,,,,,,,,,
천미식당,부산광역시 금정구 장전동 621-10,6,,,,,,,,,,,,,
종하뷔페식당,부산광역시 금정구 장전동 621-18,0,11:30,14:00,,,,,,,,,,,
종하뷔페식당,부산광역시 금정구 장전동 621-18,1,11:30,14:00,,,,,,,,,,,
종하뷔페식당,부산광역시 금정구 장전동 621-18,2,11:30,14:00,,,,,,,,,,,
종하뷔페식당,부산광역시 금정구 장전동 621-18,3,11:30,14:00,,,,,,,,,,,
종하뷔페식당,부산광역시 금정구 장전동 621-18,4,11:30,14:00,,,,,,,,,,,
종하뷔페식당,부산광역시 금정구 장전동 621-18,5,11:30,14:00,,,,,,,,,,,
종하뷔페식당,부산광역시 금정구 장전동 621-18,6,11:30,14:00,,,,,,,,,,,
낙원식당,부산광역시 금정구 장전동 621-18 ,0,11:30,21:00,,,,,,,,,,,
낙원식당,부산광역시 금정구 장전동 621-18 ,1,11:30,21:00,,,,,,,,,,,
낙원식당,부산광역시 금정구 장전동 621-18 ,2,11:30,21:00,,,,,,,,,,,
낙원식당,부산광역시 금정구 장전동 621-18 ,3,11:30,21:00,,,,,,,,,,,
낙원식당,부산광역시 금정구 장전동 621-18 ,4,11:30,21:00,,,,,,,,,,,
낙원식당,부산광역시 금정구 장전동 621-18 ,5,11:30,21:00,,,,,,,,,,,
낙원식당,부산광역시 금정구 장전동 621-18 ,6,11:30,21:00,,,,,,,,,,,
맛있는고기에솜씨를더하다,부산광역시 금정구 장전동 621-34,0,,,,,,,,,,,,,
맛있는고기에솜씨를더하다,부산광역시 금정구 장전동 621-34,1,,,,,,,,,,,,,
맛있는고기에솜씨를더하다,부산광역시 금정구 장전동 621-34,2,,,,,,,,,,,,,
맛있는고기에솜씨를더하다,부산광역시 금정구 장전동 621-34,3,,,,,,,,,,,,,
맛있는고기에솜씨를더하다,부산광역시 금정구 장전동 621-34,4,,,,,,,,,,,,,
맛있는고기에솜씨를더하다,부산광역시 금정구 장전동 621-34,5,,,,,,,,,,,,,
맛있는고기에솜씨를더하다,부산광역시 금정구 장전동 621-34,6,,,,,,,,,,,,,
진땡이 코다리찜,부산광역시 금정구 장전동 622-8,0,,,,,,,,,,,,,
진땡이 코다리찜,부산광역시 금정구 장전동 622-8,1,,,,,,,,,,,,,
진땡이 코다리찜,부산광역시 금정구 장전동 622-8,2,,,,,,,,,,,,,
진땡이 코다리찜,부산광역시 금정구 장전동 622-8,3,,,,,,,,,,,,,
진땡이 코다리찜,부산광역시 금정구 장전동 622-8,4,,,,,,,,,,,,,
진땡이 코다리찜,부산광역시 금정구 장전동 622-8,5,,,,,,,,,,,,,
진땡이 코다리찜,부산광역시 금정구 장전동 622-8,6,,,,,,,,,,,,,
한옥마을김치찜,부산광역시 금정구 장전동 622-8,0,11:00,22:00,,,,,,,,,,,
한옥마을김치찜,부산광역시 금정구 장전동 622-8,1,11:00,22:00,,,,,,,,,,,
한옥마을김치찜,부산광역시 금정구 장전동 622-8,2,11:00,22:00,,,,,,,,,,,
한옥마을김치찜,부산광역시 금정구 장전동 622-8,3,11:00,22:00,,,,,,,,,,,
한옥마을김치찜,부산광역시 금정구 장전동 622-8,4,11:00,22:00,,,,,,,,,,,
한옥마을김치찜,부산광역시 금정구 장전동 622-8,5,11:00,22:00,,,,,,,,,,,
한옥마을김치찜,부산광역시 금정구 장전동 622-8,6,11:00,22:00,,,,,,,,,,,
울띠모키친,부산광역시 금정구 장전동 623-9,0,,,,,,,,,,,,,
울띠모키친,부산광역시 금정구 장전동 623-9,1,,,,,,,,,,,,,
울띠모키친,부산광역시 금정구 장전동 623-9,2,,,,,,,,,,,,,
울띠모키친,부산광역시 금정구 장전동 623-9,3,,,,,,,,,,,,,
울띠모키친,부산광역시 금정구 장전동 623-9,4,,,,,,,,,,,,,
울띠모키친,부산광역시 금정구 장전동 623-9,5,,,,,,,,,,,,,
울띠모키친,부산광역시 금정구 장전동 623-9,6,,,,,,,,,,,,,
진진횟집,부산광역시 금정구 장전동 623-9,0,11:30,21:40,15:00,17:00,,,,,,,,,
진진횟집,부산광역시 금정구 장전동 623-9,1,11:30,21:40,15:00,17:00,,,,,,,,,
진진횟집,부산광역시 금정구 장전동 623-9,2,11:30,21:40,15:00,17:00,,,,,,,,,
진진횟집,부산광역시 금정구 장전동 623-9,3,11:30,21:40,15:00,17:00,,,,,,,,,
진진횟집,부산광역시 금정구 장전동 623-9,4,11:30,21:40,15:00,17:00,,,,,,,,,
진진횟집,부산광역시 금정구 장전동 623-9,5,11:30,21:40,15:00,17:00,,,,,,,,,
진진횟집,부산광역시 금정구 장전동 623-9,6,11:30,21:40,15:00,17:00,,,,,,,,,
우디,부산광역시 금정구 장전동 628-66,0,11:30,21:00,15:00,17:00,,,,,,,,,
우디,부산광역시 금정구 장전동 628-66,1,11:30,21:00,15:00,17:00,,,,,,,,,
우디,부산광역시 금정구 장전동 628-66,2,11:30,21:00,15:00,17:00,,,,,,,,,
우디,부산광역시 금정구 장전동 628-66,3,11:30,21:00,15:00,17:00,,,,,,,,,
우디,부산광역시 금정구 장전동 628-66,4,11:30,21:00,15:00,17:00,,,,,,,,,
우디,부산광역시 금정구 장전동 628-66,5,11:30,21:00,15:00,17:00,,,,,,,,,
우디,부산광역시 금정구 장전동 628-66,6,11:30,21:00,15:00,17:00,,,,,,,,,
코다하우스,부산광역시 금정구 장전동 629-17,0,,,,,,,,,,,,,
코다하우스,부산광역시 금정구 장전동 629-17,1,,,,,,,,,,,,,
코다하우스,부산광역시 금정구 장전동 629-17,2,,,,,,,,,,,,,
코다하우스,부산광역시 금정구 장전동 629-17,3,,,,,,,,,,,,,
코다하우스,부산광역시 금정구 장전동 629-17,4,,,,,,,,,,,,,
코다하우스,부산광역시 금정구 장전동 629-17,5,,,,,,,,,,,,,
코다하우스,부산광역시 금정구 장전동 629-17,6,,,,,,,,,,,,,
쉐기욤,부산광역시 금정구 장전동 632-14,0,10:00,21:00,,,,,,,,,,,
쉐기욤,부산광역시 금정구 장전동 632-14,1,10:00,21:00,,,,,,,,,,,
쉐기욤,부산광역시 금정구 장전동 632-14,2,10:00,21:00,,,,,,,,,,,
쉐기욤,부산광역시 금정구 장전동 632-14,3,10:00,21:00,,,,,,,,,,,
쉐기욤,부산광역시 금정구 장전동 632-14,4,10:00,21:00,,,,,,,,,,,
쉐기욤,부산광역시 금정구 장전동 632-14,5,10:00,21:00,,,,,,,,,,,
쉐기욤,부산광역시 금정구 장전동 632-14,6,10:00,15:00,,,,,,,,,,,
명륜진사갈비 구서점,부산광역시 금정구 장전동 63-4,0,,,,,,,,,,,,,
명륜진사갈비 구서점,부산광역시 금정구 장전동 63-4,1,,,,,,,,,,,,,
명륜진사갈비 구서점,부산광역시 금정구 장전동 63-4,2,,,,,,,,,,,,,
명륜진사갈비 구서점,부산광역시 금정구 장전동 63-4,3,,,,,,,,,,,,,
명륜진사갈비 구서점,부산광역시 금정구 장전동 63-4,4,,,,,,,,,,,,,
명륜진사갈비 구서점,부산광역시 금정구 장전동 63-4,5,,,,,,,,,,,,,
명륜진사갈비 구서점,부산광역시 금정구 장전동 63-4,6,,,,,,,,,,,,,
한바다횟집,부산광역시 금정구 장전동 636-13,0,,,,,,,,,,,,,
한바다횟집,부산광역시 금정구 장전동 636-13,1,,,,,,,,,,,,,
한바다횟집,부산광역시 금정구 장전동 636-13,2,,,,,,,,,,,,,
한바다횟집,부산광역시 금정구 장전동 636-13,3,,,,,,,,,,,,,
한바다횟집,부산광역시 금정구 장전동 636-13,4,,,,,,,,,,,,,
한바다횟집,부산광역시 금정구 장전동 636-13,5,,,,,,,,,,,,,
한바다횟집,부산광역시 금정구 장전동 636-13,6,,,,,,,,,,,,,
올바른가게,부산광역시 금정구 장전동 636-40,0,,,,,,,,,,,,,
올바른가게,부산광역시 금정구 장전동 636-40,1,,,,,,,,,,,,,
올바른가게,부산광역시 금정구 장전동 636-40,2,,,,,,,,,,,,,
올바른가게,부산광역시 금정구 장전동 636-40,3,,,,,,,,,,,,,
올바른가게,부산광역시 금정구 장전동 636-40,4,,,,,,,,,,,,,
올바른가게,부산광역시 금정구 장전동 636-40,5,,,,,,,,,,,,,
올바른가게,부산광역시 금정구 장전동 636-40,6,,,,,,,,,,,,,
연화리,부산광역시 금정구 장전동 643-110,0,17:00,2:00,,,,,,,,,,,
연화리,부산광역시 금정구 장전동 643-110,1,17:00,2:00,,,,,,,,,,,
연화리,부산광역시 금정구 장전동 643-110,2,17:00,2:00,,,,,,,,,,,
연화리,부산광역시 금정구 장전동 643-110,3,17:00,2:00,,,,,,,,,,,
연화리,부산광역시 금정구 장전동 643-110,4,17:00,2:00,,,,,,,,,,,
연화리,부산광역시 금정구 장전동 643-110,5,17:00,2:00,,,,,,,,,,,
연화리,부산광역시 금정구 장전동 643-110,6,17:00,2:00,,,,,,,,,,,
구름다리,부산광역시 금정구 장전동 643-117,0,11:30,21:00,14:30,17:00,20:00,,,,,,,,
구름다리,부산광역시 금정구 장전동 643-117,1,11:30,21:00,14:30,17:00,20:00,,,,,,,,
구름다리,부산광역시 금정구 장전동 643-117,2,11:30,21:00,14:30,17:00,20:00,,,,,,,,
구름다리,부산광역시 금정구 장전동 643-117,3,11:30,21:00,14:30,17:00,20:00,,,,,,,,
구름다리,부산광역시 금정구 장전동 643-117,4,11:30,21:00,14:30,17:00,20:00,,,,,,,,
구름다리,부산광역시 금정구 장전동 643-117,5,11:30,21:00,14:30,17:00,20:00,,,,,,,,
구름다리,부산광역시 금정구 장전동 643-117,6,11:30,21:00,14:30,17:00,20:00,,,,,,,,
까르보네,부산광역시 금정구 장전동 643-117,0,11:30,20:30,,,,,,,,,,,
까르보네,부산광역시 금정구 장전동 643-117,1,11:30,20:30,,,,,,,,,,,
까르보네,부산광역시 금정구 장전동 643-117,2,11:30,20:30,,,,,,,,,,,
까르보네,부산광역시 금정구 장전동 643-117,3,11:30,20:30,,,,,,,,,,,
까르보네,부산광역시 금정구 장전동 643-117,4,11:30,20:30,,,,,,,,,,,
까르보네,부산광역시 금정구 장전동 643-117,5,11:30,20:30,,,,,,,,,,,
까르보네,부산광역시 금정구 장전동 643-117,6,11:30,20:30,,,,,,,,,,,
샤브향 부산대점,부산광역시 금정구 장전동 643-117,0,,,,,,,,,,,,,
샤브향 부산대점,부산광역시 금정구 장전동 643-117,1,,,,,,,,,,,,,
샤브향 부산대점,부산광역시 금정구 장전동 643-117,2,,,,,,,,,,,,,
샤브향 부산대점,부산광역시 금정구 장전동 643-117,3,,,,,,,,,,,,,
샤브향 부산대점,부산광역시 금정구 장전동 643-117,4,,,,,,,,,,,,,
샤브향 부산대점,부산광역시 금정구 장전동 643-117,5,,,,,,,,,,,,,
샤브향 부산대점,부산광역시 금정구 장전동 643-117,6,,,,,,,,,,,,,
프랭크버거 부산대점,부산광역시 금정구 장전동 643-117,0,,,,,,,,,,,,,
프랭크버거 부산대점,부산광역시 금정구 장전동 643-117,1,,,,,,,,,,,,,
프랭크버거 부산대점,부산광역시 금정구 장전동 643-117,2,,,,,,,,,,,,,
프랭크버거 부산대점,부산광역시 금정구 장전동 643-117,3,,,,,,,,,,,,,
프랭크버거 부산대점,부산광역시 금정구 장전동 643-117,4,,,,,,,,,,,,,
프랭크버거 부산대점,부산광역시 금정구 장전동 643-117,5,,,,,,,,,,,,,
프랭크버거 부산대점,부산광역시 금정구 장전동 643-117,6,,,,,,,,,,,,,
정성상회,부산광역시 금정구 장전동 643-241,0,12:00,16:00,,,,,,,,,,,
정성상회,부산광역시 금정구 장전동 643-241,1,13:00,17:00,,,,,,,,,,,
정성상회,부산광역시 금정구 장전동 643-241,2,13:00,17:00,,,,,,,,,,,
정성상회,부산광역시 금정구 장전동 643-241,3,13:00,17:00,,,,,,,,,,,
정성상회,부산광역시 금정구 장전동 643-241,4,13:00,17:00,,,,,,,,,,,
정성상회,부산광역시 금정구 장전동 643-241,5,14:00,17:00,,,,,,,,,,,
정성상회,부산광역시 금정구 장전동 643-241,6,14:00,17:00,,,,,,,,,,,
다복집,부산광역시 금정구 장전동 643-282,0,16:00,1:00,,,,,,,,,,,
다복집,부산광역시 금정구 장전동 643-282,1,15:00,1:00,,,,,,,,,,,
다복집,부산광역시 금정구 장전동 643-282,2,15:00,1:00,,,,,,,,,,,
다복집,부산광역시 금정구 장전동 643-282,3,15:00,1:00,,,,,,,,,,,
다복집,부산광역시 금정구 장전동 643-282,4,15:00,1:00,,,,,,,,,,,
다복집,부산광역시 금정구 장전동 643-282,5,15:00,2:00,,,,,,,,,,,
다복집,부산광역시 금정구 장전동 643-282,6,15:00,2:00,,,,,,,,,,,
도야지면옥,부산광역시 금정구 장전동 643-289,0,11:30,20:40,,,,,,,,,,,
도야지면옥,부산광역시 금정구 장전동 643-289,1,11:30,20:40,,,,,,,,,,,
도야지면옥,부산광역시 금정구 장전동 643-289,2,11:30,20:40,,,,,,,,,,,
도야지면옥,부산광역시 금정구 장전동 643-289,3,11:30,20:40,,,,,,,,,,,
도야지면옥,부산광역시 금정구 장전동 643-289,4,11:30,20:40,,,,,,,,,,,
도야지면옥,부산광역시 금정구 장전동 643-289,5,11:30,20:40,,,,,,,,,,,
도야지면옥,부산광역시 금정구 장전동 643-289,6,11:30,20:40,,,,,,,,,,,
카페T,부산광역시 금정구 장전동 643-291,0,10:30,22:00,,,,,,,,,,,
카페T,부산광역시 금정구 장전동 643-291,1,10:30,22:00,,,,,,,,,,,
카페T,부산광역시 금정구 장전동 643-291,2,10:30,22:00,,,,,,,,,,,
카페T,부산광역시 금정구 장전동 643-291,3,10:30,22:00,,,,,,,,,,,
카페T,부산광역시 금정구 장전동 643-291,4,10:30,22:00,,,,,,,,,,,
카페T,부산광역시 금정구 장전동 643-291,5,10:30,22:00,,,,,,,,,,,
카페T,부산광역시 금정구 장전동 643-291,6,10:30,22:00,,,,,,,,,,,
마켓990 부산대점,부산광역시 금정구 장전동 643-3,0,12:00,,,,,,,,,,,,
마켓990 부산대점,부산광역시 금정구 장전동 643-3,1,12:00,,,,,,,,,,,,
마켓990 부산대점,부산광역시 금정구 장전동 643-3,2,12:00,,,,,,,,,,,,
마켓990 부산대점,부산광역시 금정구 장전동 643-3,3,12:00,,,,,,,,,,,,
마켓990 부산대점,부산광역시 금정구 장전동 643-3,4,12:00,,,,,,,,,,,,
마켓990 부산대점,부산광역시 금정구 장전동 643-3,5,12:00,,,,,,,,,,,,
마켓990 부산대점,부산광역시 금정구 장전동 643-3,6,12:00,,,,,,,,,,,,
호빙,부산광역시 금정구 장전동 643-3,0,,,,,,,,,,,,,
호빙,부산광역시 금정구 장전동 643-3,1,,,,,,,,,,,,,
호빙,부산광역시 금정구 장전동 643-3,2,,,,,,,,,,,,,
호빙,부산광역시 금정구 장전동 643-3,3,,,,,,,,,,,,,
호빙,부산광역시 금정구 장전동 643-3,4,,,,,,,,,,,,,
호빙,부산광역시 금정구 장전동 643-3,5,,,,,,,,,,,,,
호빙,부산광역시 금정구 장전동 643-3,6,,,,,,,,,,,,,
우연그고깃집,부산광역시 금정구 장전동 643-333,0,16:30,2:00,,,,,,,,,,,
우연그고깃집,부산광역시 금정구 장전동 643-333,1,16:30,2:00,,,,,,,,,,,
우연그고깃집,부산광역시 금정구 장전동 643-333,2,16:30,2:00,,,,,,,,,,,
우연그고깃집,부산광역시 금정구 장전동 643-333,3,16:30,2:00,,,,,,,,,,,
우연그고깃집,부산광역시 금정구 장전동 643-333,4,16:30,2:00,,,,,,,,,,,
우연그고깃집,부산광역시 금정구 장전동 643-333,5,16:30,2:00,,,,,,,,,,,
우연그고깃집,부산광역시 금정구 장전동 643-333,6,16:30,2:00,,,,,,,,,,,
타코노유메,부산광역시 금정구 장전동 643-333,0,16:00,1:00,,,,,,,,,,,
타코노유메,부산광역시 금정구 장전동 643-333,1,16:00,1:00,,,,,,,,,,,
타코노유메,부산광역시 금정구 장전동 643-333,2,16:00,1:00,,,,,,,,,,,
타코노유메,부산광역시 금정구 장전동 643-333,3,16:00,1:00,,,,,,,,,,,
타코노유메,부산광역시 금정구 장전동 643-333,4,16:00,1:00,,,,,,,,,,,
타코노유메,부산광역시 금정구 장전동 643-333,5,16:00,2:00,,,,,,,,,,,
타코노유메,부산광역시 금정구 장전동 643-333,6,16:00,2:00,,,,,,,,,,,
배씨집,부산광역시 금정구 장전동 643-336,0,,,,,,,,,,,,,
배씨집,부산광역시 금정구 장전동 643-336,1,,,,,,,,,,,,,
배씨집,부산광역시 금정구 장전동 643-336,2,,,,,,,,,,,,,
배씨집,부산광역시 금정구 장전동 643-336,3,,,,,,,,,,,,,
배씨집,부산광역시 금정구 장전동 643-336,4,,,,,,,,,,,,,
배씨집,부산광역시 금정구 장전동 643-336,5,,,,,,,,,,,,,
배씨집,부산광역시 금정구 장전동 643-336,6,,,,,,,,,,,,,
어항,부산광역시 금정구 장전동 643-4,0,16:30,2:00,,,,,,,,,,,
어항,부산광역시 금정구 장전동 643-4,1,16:30,3:00,,,,,,,,,,,
어항,부산광역시 금정구 장전동 643-4,2,16:30,3:00,,,,,,,,,,,
어항,부산광역시 금정구 장전동 643-4,3,16:30,3:00,,,,,,,,,,,
어항,부산광역시 금정구 장전동 643-4,4,16:30,3:00,,,,,,,,,,,
어항,부산광역시 금정구 장전동 643-4,5,16:30,3:00,,,,,,,,,,,
어항,부산광역시 금정구 장전동 643-4,6,16:30,3:00,,,,,,,,,,,
새로움,부산광역시 금정구 장전동 646-55,0,11:00,22:00,,,,,,,,,,,
새로움,부산광역시 금정구 장전동 646-55,1,11:00,22:00,,,,,,,,,,,
새로움,부산광역시 금정구 장전동 646-55,2,11:00,22:00,,,,,,,,,,,
새로움,부산광역시 금정구 장전동 646-55,3,11:00,22:00,,,,,,,,,,,
새로움,부산광역시 금정구 장전동 646-55,4,11:00,22:00,,,,,,,,,,,
새로움,부산광역시 금정구 장전동 646-55,5,11:00,22:00,,,,,,,,,,,
새로움,부산광역시 금정구 장전동 646-55,6,11:00,22:00,,,,,,,,,,,
앵그리웍,부산광역시 금정구 장전동 646-58,0,11:30,21:30,15:00,17:00,,,,,,,,,
앵그리웍,부산광역시 금정구 장전동 646-58,1,11:30,21:30,15:00,17:00,,,,,,,,,
앵그리웍,부산광역시 금정구 장전동 646-58,2,11:30,21:30,15:00,17:00,,,,,,,,,
앵그리웍,부산광역시 금정구 장전동 646-58,3,11:30,21:30,15:00,17:00,,,,,,,,,
앵그리웍,부산광역시 금정구 장전동 646-58,4,11:30,21:30,15:00,17:00,,,,,,,,,
앵그리웍,부산광역시 금정구 장전동 646-58,5,11:30,21:30,15:00,17:00,,,,,,,,,
앵그리웍,부산광역시 금정구 장전동 646-58,6,11:30,21:30,15:00,17:00,,,,,,,,,
골목산곰장어추어탕,부산광역시 금정구 장전동 646-59,0,11:00,22:00,,,,,,,,,,,
골목산곰장어추어탕,부산광역시 금정구 장전동 646-59,1,11:00,22:00,,,,,,,,,,,
골목산곰장어추어탕,부산광역시 금정구 장전동 646-59,2,11:00,22:00,,,,,,,,,,,
골목산곰장어추어탕,부산광역시 금정구 장전동 646-59,3,11:00,22:00,,,,,,,,,,,
골목산곰장어추어탕,부산광역시 금정구 장전동 646-59,4,11:00,22:00,,,,,,,,,,,
골목산곰장어추어탕,부산광역시 금정구 장전동 646-59,5,11:00,22:00,,,,,,,,,,,
골목산곰장어추어탕,부산광역시 금정구 장전동 646-59,6,11:00,22:00,,,,,,,,,,,
정담숯불돼지갈비,부산광역시 금정구 장전동 646-59,0,,,,,,,,,,,,,
정담숯불돼지갈비,부산광역시 금정구 장전동 646-59,1,,,,,,,,,,,,,
정담숯불돼지갈비,부산광역시 금정구 장전동 646-59,2,,,,,,,,,,,,,
정담숯불돼지갈비,부산광역시 금정구 장전동 646-59,3,,,,,,,,,,,,,
정담숯불돼지갈비,부산광역시 금정구 장전동 646-59,4,,,,,,,,,,,,,
정담숯불돼지갈비,부산광역시 금정구 장전동 646-59,5,,,,,,,,,,,,,
정담숯불돼지갈비,부산광역시 금정구 장전동 646-59,6,,,,,,,,,,,,,
기분좋은하루,부산광역시 금정구 장전동 649-27,0,12:00,23:00,,,,,,,,,,,
기분좋은하루,부산광역시 금정구 장전동 649-27,1,15:00,23:00,,,,,,,,,,,
기분좋은하루,부산광역시 금정구 장전동 649-27,2,12:00,23:00,,,,,,,,,,,
기분좋은하루,부산광역시 금정구 장전동 649-27,3,12:00,23:00,,,,,,,,,,,
기분좋은하루,부산광역시 금정구 장전동 649-27,4,12:00,23:00,,,,,,,,,,,
기분좋은하루,부산광역시 금정구 장전동 649-27,5,12:00,23:00,,,,,,,,,,,
기분좋은하루,부산광역시 금정구 장전동 649-27,6,12:00,23:00,,,,,,,,,,,
보리통,부산광역시 금정구 장전동 649-31,0,9:00,21:00,15:00,17:00,,,,,,,,,
보리통,부산광역시 금정구 장전동 649-31,1,9:00,21:00,15:00,17:00,,,,,,,,,
보리통,부산광역시 금정구 장전동 649-31,2,9:00,21:00,15:00,17:00,,,,,,,,,
보리통,부산광역시 금정구 장전동 649-31,3,9:00,21:00,15:00,17:00,,,,,,,,,
보리통,부산광역시 금정구 장전동 649-31,4,9:00,21:00,15:00,17:00,,,,,,,,,
보리통,부산광역시 금정구 장전동 649-31,5,9:00,21:00,15:00,17:00,,,,,,,,,
보리통,부산광역시 금정구 장전동 649-31,6,9:00,21:00,15:00,17:00,,,,,,,,,
태영아구찜,부산광역시 금정구 장전동 65-1,0,11:00,21:30,,,,,,,,,,,
태영아구찜,부산광역시 금정구 장전동 65-1,1,11:00,21:30,,,,,,,,,,,
태영아구찜,부산광역시 금정구 장전동 65-1,2,11:00,21:30,,,,,,,,,,,
태영아구찜,부산광역시 금정구 장전동 65-1,3,11:00,21:30,,,,,,,,,,,
태영아구찜,부산광역시 금정구 장전동 65-1,4,11:00,21:30,,,,,,,,,,,
태영아구찜,부산광역시 금정구 장전동 65-1,5,11:00,21:30,,,,,,,,,,,
태영아구찜,부산광역시 금정구 장전동 65-1,6,11:00,21:30,,,,,,,,,,,
친절한푸드,부산광역시 금정구 장전동 651-54,0,,,,,,,,,,,,,
친절한푸드,부산광역시 금정구 장전동 651-54,1,,,,,,,,,,,,,
친절한푸드,부산광역시 금정구 장전동 651-54,2,,,,,,,,,,,,,
친절한푸드,부산광역시 금정구 장전동 651-54,3,,,,,,,,,,,,,
친절한푸드,부산광역시 금정구 장전동 651-54,4,,,,,,,,,,,,,
친절한푸드,부산광역시 금정구 장전동 651-54,5,,,,,,,,,,,,,
친절한푸드,부산광역시 금정구 장전동 651-54,6,,,,,,,,,,,,,
화삼덕,부산광역시 금정구 장전동 651-62,0,,,,,,,,,,,,,
화삼덕,부산광역시 금정구 장전동 651-62,1,,,,,,,,,,,,,
화삼덕,부산광역시 금정구 장전동 651-62,2,,,,,,,,,,,,,
화삼덕,부산광역시 금정구 장전동 651-62,3,,,,,,,,,,,,,
화삼덕,부산광역시 금정구 장전동 651-62,4,,,,,,,,,,,,,
화삼덕,부산광역시 금정구 장전동 651-62,5,,,,,,,,,,,,,
화삼덕,부산광역시 금정구 장전동 651-62,6,,,,,,,,,,,,,
여기 제주도,부산광역시 금정구 장전동 65-2,0,12:00,0:00,,,,,,,,,,,
여기 제주도,부산광역시 금정구 장전동 65-2,1,16:00,0:00,,,,,,,,,,,
여기 제주도,부산광역시 금정구 장전동 65-2,2,16:00,0:00,,,,,,,,,,,
여기 제주도,부산광역시 금정구 장전동 65-2,3,16:00,0:00,,,,,,,,,,,
여기 제주도,부산광역시 금정구 장전동 65-2,4,16:00,0:00,,,,,,,,,,,
여기 제주도,부산광역시 금정구 장전동 65-2,5,16:00,0:00,,,,,,,,,,,
여기 제주도,부산광역시 금정구 장전동 65-2,6,16:00,0:00,,,,,,,,,,,
달궈진불판집 온천직영점,부산광역시 금정구 장전동 652-76,0,11:00,23:00,,,,,,,,,,,
달궈진불판집 온천직영점,부산광역시 금정구 장전동 652-76,1,11:00,23:00,,,,,,,,,,,
달궈진불판집 온천직영점,부산광역시 금정구 장전동 652-76,2,11:00,23:00,,,,,,,,,,,
달궈진불판집 온천직영점,부산광역시 금정구 장전동 652-76,3,11:00,23:00,,,,,,,,,,,
달궈진불판집 온천직영점,부산광역시 금정구 장전동 652-76,4,11:00,23:00,,,,,,,,,,,
달궈진불판집 온천직영점,부산광역시 금정구 장전동 652-76,5,11:00,23:00,,,,,,,,,,,
달궈진불판집 온천직영점,부산광역시 금정구 장전동 652-76,6,11:00,23:00,,,,,,,,,,,
울진이모네,부산광역시 금정구 장전동 653-16,0,11:30,20:00,,,,,,,,,,,
울진이모네,부산광역시 금정구 장전동 653-16,1,11:30,20:00,,,,,,,,,,,
울진이모네,부산광역시 금정구 장전동 653-16,2,11:30,20:00,,,,,,,,,,,
울진이모네,부산광역시 금정구 장전동 653-16,3,11:30,20:00,,,,,,,,,,,
울진이모네,부산광역시 금정구 장전동 653-16,4,11:30,20:00,,,,,,,,,,,
울진이모네,부산광역시 금정구 장전동 653-16,5,11:30,20:00,,,,,,,,,,,
울진이모네,부산광역시 금정구 장전동 653-16,6,11:30,20:00,,,,,,,,,,,
영월 곤드레밥,부산광역시 금정구 장전동 653-16 ,0,11:30,21:00,,,,,,,,,,,
영월 곤드레밥,부산광역시 금정구 장전동 653-16 ,1,11:30,21:00,,,,,,,,,,,
영월 곤드레밥,부산광역시 금정구 장전동 653-16 ,2,11:30,21:00,,,,,,,,,,,
영월 곤드레밥,부산광역시 금정구 장전동 653-16 ,3,11:30,21:00,,,,,,,,,,,
영월 곤드레밥,부산광역시 금정구 장전동 653-16 ,4,11:30,21:00,,,,,,,,,,,
영월 곤드레밥,부산광역시 금정구 장전동 653-16 ,5,11:30,21:00,,,,,,,,,,,
영월 곤드레밥,부산광역시 금정구 장전동 653-16 ,6,11:30,21:00,,,,,,,,,,,
화로마루,부산광역시 금정구 장전동 653-32,0,15:00,0:00,,,,,,,,,,,
화로마루,부산광역시 금정구 장전동 653-32,1,17:00,0:00,,,,,,,,,,,
화로마루,부산광역시 금정구 장전동 653-32,2,17:00,0:00,,,,,,,,,,,
화로마루,부산광역시 금정구 장전동 653-32,3,17:00,0:00,,,,,,,,,,,
화로마루,부산광역시 금정구 장전동 653-32,4,17:00,0:00,,,,,,,,,,,
화로마루,부산광역시 금정구 장전동 653-32,5,17:00,0:00,,,,,,,,,,,
화로마루,부산광역시 금정구 장전동 653-32,6,15:00,0:00,,,,,,,,,,,
가야포차수구레국밥 온천장점,부산광역시 금정구 장전동 653-46,0,7:00,0:00,,,,,,,,,,,
가야포차수구레국밥 온천장점,부산광역시 금정구 장전동 653-46,1,7:00,0:00,,,,,,,,,,,
가야포차수구레국밥 온천장점,부산광역시 금정구 장전동 653-46,2,7:00,0:00,,,,,,,,,,,
가야포차수구레국밥 온천장점,부산광역시 금정구 장전동 653-46,3,7:00,0:00,,,,,,,,,,,
가야포차수구레국밥 온천장점,부산광역시 금정구 장전동 653-46,4,7:00,0:00,,,,,,,,,,,
가야포차수구레국밥 온천장점,부산광역시 금정구 장전동 653-46,5,7:00,0:00,,,,,,,,,,,
가야포차수구레국밥 온천장점,부산광역시 금정구 장전동 653-46,6,7:00,0:00,,,,,,,,,,,
썬더치킨 온천1호점,부산광역시 금정구 장전동 654-20,0,,,,,,,,,,,,,
썬더치킨 온천1호점,부산광역시 금정구 장전동 654-20,1,,,,,,,,,,,,,
썬더치킨 온천1호점,부산광역시 금정구 장전동 654-20,2,,,,,,,,,,,,,
썬더치킨 온천1호점,부산광역시 금정구 장전동 654-20,3,,,,,,,,,,,,,
썬더치킨 온천1호점,부산광역시 금정구 장전동 654-20,4,,,,,,,,,,,,,
썬더치킨 온천1호점,부산광역시 금정구 장전동 654-20,5,,,,,,,,,,,,,
썬더치킨 온천1호점,부산광역시 금정구 장전동 654-20,6,,,,,,,,,,,,,
송카츠,부산광역시 금정구 장전동 65-6,0,11:00,21:00,,,,,,,,,,,
송카츠,부산광역시 금정구 장전동 65-6,1,11:00,21:00,,,,,,,,,,,
송카츠,부산광역시 금정구 장전동 65-6,2,11:00,21:00,,,,,,,,,,,
송카츠,부산광역시 금정구 장전동 65-6,3,11:00,21:00,,,,,,,,,,,
송카츠,부산광역시 금정구 장전동 65-6,4,11:00,21:00,,,,,,,,,,,
송카츠,부산광역시 금정구 장전동 65-6,5,11:00,21:00,,,,,,,,,,,
송카츠,부산광역시 금정구 장전동 65-6,6,11:00,21:00,,,,,,,,,,,
김종구식맛치킨전기바베큐옛날통닭 장전점,부산광역시 금정구 장전동 682-4,0,11:00,0:00,,,,,,,,,,,
김종구식맛치킨전기바베큐옛날통닭 장전점,부산광역시 금정구 장전동 682-4,1,16:00,0:00,,,,,,,,,,,
김종구식맛치킨전기바베큐옛날통닭 장전점,부산광역시 금정구 장전동 682-4,2,16:00,0:00,,,,,,,,,,,
김종구식맛치킨전기바베큐옛날통닭 장전점,부산광역시 금정구 장전동 682-4,3,16:00,0:00,,,,,,,,,,,
김종구식맛치킨전기바베큐옛날통닭 장전점,부산광역시 금정구 장전동 682-4,4,16:00,0:00,,,,,,,,,,,
김종구식맛치킨전기바베큐옛날통닭 장전점,부산광역시 금정구 장전동 682-4,5,11:00,0:00,,,,,,,,,,,
김종구식맛치킨전기바베큐옛날통닭 장전점,부산광역시 금정구 장전동 682-4,6,11:00,0:00,,,,,,,,,,,
삼대가국수집딸,부산광역시 금정구 장전동 686-7,0,,,,,,,,,,,,,
삼대가국수집딸,부산광역시 금정구 장전동 686-7,1,,,,,,,,,,,,,
삼대가국수집딸,부산광역시 금정구 장전동 686-7,2,,,,,,,,,,,,,
삼대가국수집딸,부산광역시 금정구 장전동 686-7,3,,,,,,,,,,,,,
삼대가국수집딸,부산광역시 금정구 장전동 686-7,4,,,,,,,,,,,,,
삼대가국수집딸,부산광역시 금정구 장전동 686-7,5,,,,,,,,,,,,,
삼대가국수집딸,부산광역시 금정구 장전동 686-7,6,,,,,,,,,,,,,
처갓집양념치킨 금정산SK점,부산광역시 금정구 장전동 713,0,,,,,,,,,,,,,
처갓집양념치킨 금정산SK점,부산광역시 금정구 장전동 713,1,,,,,,,,,,,,,
처갓집양념치킨 금정산SK점,부산광역시 금정구 장전동 713,2,,,,,,,,,,,,,
처갓집양념치킨 금정산SK점,부산광역시 금정구 장전동 713,3,,,,,,,,,,,,,
처갓집양념치킨 금정산SK점,부산광역시 금정구 장전동 713,4,,,,,,,,,,,,,
처갓집양념치킨 금정산SK점,부산광역시 금정구 장전동 713,5,,,,,,,,,,,,,
처갓집양념치킨 금정산SK점,부산광역시 금정구 장전동 713,6,,,,,,,,,,,,,
피자와썹,부산광역시 금정구 장전동 718,0,11:00,2:50,,,,,,,,,,,
피자와썹,부산광역시 금정구 장전동 718,1,11:00,2:50,,,,,,,,,,,
피자와썹,부산광역시 금정구 장전동 718,2,11:00,2:50,,,,,,,,,,,
피자와썹,부산광역시 금정구 장전동 718,3,11:00,2:50,,,,,,,,,,,
피자와썹,부산광역시 금정구 장전동 718,4,11:00,2:50,,,,,,,,,,,
피자와썹,부산광역시 금정구 장전동 718,5,11:00,2:50,,,,,,,,,,,
피자와썹,부산광역시 금정구 장전동 718,6,11:00,2:50,,,,,,,,,,,
비비큐치킨,부산광역시 금정구 장전동 722,0,,,,,,,,,,,,,
비비큐치킨,부산광역시 금정구 장전동 722,1,,,,,,,,,,,,,
비비큐치킨,부산광역시 금정구 장전동 722,2,,,,,,,,,,,,,
비비큐치킨,부산광역시 금정구 장전동 722,3,,,,,,,,,,,,,
비비큐치킨,부산광역시 금정구 장전동 722,4,,,,,,,,,,,,,
비비큐치킨,부산광역시 금정구 장전동 722,5,,,,,,,,,,,,,
비비큐치킨,부산광역시 금정구 장전동 722,6,,,,,,,,,,,,,
끼니매운갈비찜&김치찜,부산광역시 금정구 장전동 739,0,,,,,,,,,,,,,
끼니매운갈비찜&김치찜,부산광역시 금정구 장전동 739,1,,,,,,,,,,,,,
끼니매운갈비찜&김치찜,부산광역시 금정구 장전동 739,2,,,,,,,,,,,,,
끼니매운갈비찜&김치찜,부산광역시 금정구 장전동 739,3,,,,,,,,,,,,,
끼니매운갈비찜&김치찜,부산광역시 금정구 장전동 739,4,,,,,,,,,,,,,
끼니매운갈비찜&김치찜,부산광역시 금정구 장전동 739,5,,,,,,,,,,,,,
끼니매운갈비찜&김치찜,부산광역시 금정구 장전동 739,6,,,,,,,,,,,,,
비비큐 금정점,부산광역시 금정구 장전동 739,0,,,,,,,,,,,,,
비비큐 금정점,부산광역시 금정구 장전동 739,1,,,,,,,,,,,,,
비비큐 금정점,부산광역시 금정구 장전동 739,2,,,,,,,,,,,,,
비비큐 금정점,부산광역시 금정구 장전동 739,3,,,,,,,,,,,,,
비비큐 금정점,부산광역시 금정구 장전동 739,4,,,,,,,,,,,,,
비비큐 금정점,부산광역시 금정구 장전동 739,5,,,,,,,,,,,,,
비비큐 금정점,부산광역시 금정구 장전동 739,6,,,,,,,,,,,,,
순살만공격 부산대점,부산광역시 금정구 장전동 739,0,,,,,,,,,,,,,
순살만공격 부산대점,부산광역시 금정구 장전동 739,1,,,,,,,,,,,,,
순살만공격 부산대점,부산광역시 금정구 장전동 739,2,,,,,,,,,,,,,
순살만공격 부산대점,부산광역시 금정구 장전동 739,3,,,,,,,,,,,,,
순살만공격 부산대점,부산광역시 금정구 장전동 739,4,,,,,,,,,,,,,
순살만공격 부산대점,부산광역시 금정구 장전동 739,5,,,,,,,,,,,,,
순살만공격 부산대점,부산광역시 금정구 장전동 739,6,,,,,,,,,,,,,
땅스부대찌개 장전점,부산광역시 금정구 장전동 745,0,,,,,,,,,,,,,
땅스부대찌개 장전점,부산광역시 금정구 장전동 745,1,,,,,,,,,,,,,
땅스부대찌개 장전점,부산광역시 금정구 장전동 745,2,,,,,,,,,,,,,
땅스부대찌개 장전점,부산광역시 금정구 장전동 745,3,,,,,,,,,,,,,
땅스부대찌개 장전점,부산광역시 금정구 장전동 745,4,,,,,,,,,,,,,
땅스부대찌개 장전점,부산광역시 금정구 장전동 745,5,,,,,,,,,,,,,
땅스부대찌개 장전점,부산광역시 금정구 장전동 745,6,,,,,,,,,,,,,
술25 장전래미안점,부산광역시 금정구 장전동 745,0,11:00,21:00,,,,,,,,,,,
술25 장전래미안점,부산광역시 금정구 장전동 745,1,11:00,21:00,,,,,,,,,,,
술25 장전래미안점,부산광역시 금정구 장전동 745,2,11:00,21:00,,,,,,,,,,,
술25 장전래미안점,부산광역시 금정구 장전동 745,3,11:00,21:00,,,,,,,,,,,
술25 장전래미안점,부산광역시 금정구 장전동 745,4,11:00,21:00,,,,,,,,,,,
술25 장전래미안점,부산광역시 금정구 장전동 745,5,11:00,21:00,,,,,,,,,,,
술25 장전래미안점,부산광역시 금정구 장전동 745,6,11:00,21:00,,,,,,,,,,,
홍보성,부산광역시 금정구 장전동 96-11,0,,,,,,,,,,,,,
홍보성,부산광역시 금정구 장전동 96-11,1,,,,,,,,,,,,,
홍보성,부산광역시 금정구 장전동 96-11,2,,,,,,,,,,,,,
홍보성,부산광역시 금정구 장전동 96-11,3,,,,,,,,,,,,,
홍보성,부산광역시 금정구 장전동 96-11,4,,,,,,,,,,,,,
홍보성,부산광역시 금정구 장전동 96-11,5,,,,,,,,,,,,,
홍보성,부산광역시 금정구 장전동 96-11,6,,,,,,,,,,,,,
딜리버리쿡,부산광역시 금정구 장전동 96-21,0,,,,,,,,,,,,,
딜리버리쿡,부산광역시 금정구 장전동 96-21,1,,,,,,,,,,,,,
딜리버리쿡,부산광역시 금정구 장전동 96-21,2,,,,,,,,,,,,,
딜리버리쿡,부산광역시 금정구 장전동 96-21,3,,,,,,,,,,,,,
딜리버리쿡,부산광역시 금정구 장전동 96-21,4,,,,,,,,,,,,,
딜리버리쿡,부산광역시 금정구 장전동 96-21,5,,,,,,,,,,,,,
딜리버리쿡,부산광역시 금정구 장전동 96-21,6,,,,,,,,,,,,,
약선진가,부산광역시 금정구 장전동 96-26,0,,,,,,,,,,,,,
약선진가,부산광역시 금정구 장전동 96-26,1,,,,,,,,,,,,,
약선진가,부산광역시 금정구 장전동 96-26,2,,,,,,,,,,,,,
약선진가,부산광역시 금정구 장전동 96-26,3,,,,,,,,,,,,,
약선진가,부산광역시 금정구 장전동 96-26,4,,,,,,,,,,,,,
약선진가,부산광역시 금정구 장전동 96-26,5,,,,,,,,,,,,,
약선진가,부산광역시 금정구 장전동 96-26,6,,,,,,,,,,,,,
대게마당,부산광역시 금정구 장전동 96-27,0,,,,,,,,,,,,,
대게마당,부산광역시 금정구 장전동 96-27,1,,,,,,,,,,,,,
대게마당,부산광역시 금정구 장전동 96-27,2,,,,,,,,,,,,,
대게마당,부산광역시 금정구 장전동 96-27,3,,,,,,,,,,,,,
대게마당,부산광역시 금정구 장전동 96-27,4,,,,,,,,,,,,,
대게마당,부산광역시 금정구 장전동 96-27,5,,,,,,,,,,,,,
대게마당,부산광역시 금정구 장전동 96-27,6,,,,,,,,,,,,,
손짜장,부산광역시 금정구 장전동 96-4 ,0,11:00,23:00,,,,,,,,,,,
손짜장,부산광역시 금정구 장전동 96-4 ,1,11:00,23:00,,,,,,,,,,,
손짜장,부산광역시 금정구 장전동 96-4 ,2,11:00,23:00,,,,,,,,,,,
손짜장,부산광역시 금정구 장전동 96-4 ,3,11:00,23:00,,,,,,,,,,,
손짜장,부산광역시 금정구 장전동 96-4 ,4,11:00,23:00,,,,,,,,,,,
손짜장,부산광역시 금정구 장전동 96-4 ,5,11:00,23:00,,,,,,,,,,,
손짜장,부산광역시 금정구 장전동 96-4 ,6,11:00,23:00,,,,,,,,,,,
부산산오징어,부산광역시 금정구 장전동 96-5,0,14:00,23:00,,,,,,,,,,,
부산산오징어,부산광역시 금정구 장전동 96-5,1,14:00,23:00,,,,,,,,,,,
부산산오징어,부산광역시 금정구 장전동 96-5,2,14:00,23:00,,,,,,,,,,,
부산산오징어,부산광역시 금정구 장전동 96-5,3,14:00,23:00,,,,,,,,,,,
부산산오징어,부산광역시 금정구 장전동 96-5,4,14:00,23:00,,,,,,,,,,,
부산산오징어,부산광역시 금정구 장전동 96-5,5,14:00,23:00,,,,,,,,,,,
부산산오징어,부산광역시 금정구 장전동 96-5,6,14:00,23:00,,,,,,,,,,,
그린그린,부산광역시 금정구 장전동 97-37,0,10:00,22:00,,,21:30,,,,,,,,
그린그린,부산광역시 금정구 장전동 97-37,1,10:00,22:00,,,21:30,,,,,,,,
그린그린,부산광역시 금정구 장전동 97-37,2,10:00,22:00,,,21:30,,,,,,,,
그린그린,부산광역시 금정구 장전동 97-37,3,10:00,22:00,,,21:30,,,,,,,,
그린그린,부산광역시 금정구 장전동 97-37,4,10:00,22:00,,,21:30,,,,,,,,
그린그린,부산광역시 금정구 장전동 97-37,5,10:00,22:00,,,21:30,,,,,,,,
그린그린,부산광역시 금정구 장전동 97-37,6,10:00,22:00,,,21:30,,,,,,,,
솔밭집,부산광역시 금정구 장전동 산 29-4,0,10:00,20:00,,,,,,,,,,,
솔밭집,부산광역시 금정구 장전동 산 29-4,1,10:00,20:00,,,,,,,,,,,
솔밭집,부산광역시 금정구 장전동 산 29-4,2,10:00,20:00,,,,,,,,,,,
솔밭집,부산광역시 금정구 장전동 산 29-4,3,10:00,20:00,,,,,,,,,,,
솔밭집,부산광역시 금정구 장전동 산 29-4,4,10:00,20:00,,,,,,,,,,,
솔밭집,부산광역시 금정구 장전동 산 29-4,5,10:00,20:00,,,,,,,,,,,
솔밭집,부산광역시 금정구 장전동 산 29-4,6,10:00,20:00,,,,,,,,,,,
모름지기,부산광역시 동래구 명륜동 10-12,0,12:00,23:30,,,,,,,,,,,
모름지기,부산광역시 동래구 명륜동 10-12,1,15:00,23:30,,,,,,,,,,,
모름지기,부산광역시 동래구 명륜동 10-12,2,15:00,23:30,,,,,,,,,,,
모름지기,부산광역시 동래구 명륜동 10-12,3,15:00,23:30,,,,,,,,,,,
모름지기,부산광역시 동래구 명륜동 10-12,4,15:00,23:30,,,,,,,,,,,
모름지기,부산광역시 동래구 명륜동 10-12,5,15:00,23:30,,,,,,,,,,,
모름지기,부산광역시 동래구 명륜동 10-12,6,12:00,23:30,,,,,,,,,,,
60계온천명륜점,부산광역시 동래구 명륜동 10-6,0,,,,,,,,,,,,,
60계온천명륜점,부산광역시 동래구 명륜동 10-6,1,,,,,,,,,,,,,
60계온천명륜점,부산광역시 동래구 명륜동 10-6,2,,,,,,,,,,,,,
60계온천명륜점,부산광역시 동래구 명륜동 10-6,3,,,,,,,,,,,,,
60계온천명륜점,부산광역시 동래구 명륜동 10-6,4,,,,,,,,,,,,,
60계온천명륜점,부산광역시 동래구 명륜동 10-6,5,,,,,,,,,,,,,
60계온천명륜점,부산광역시 동래구 명륜동 10-6,6,,,,,,,,,,,,,
지우펀,부산광역시 동래구 명륜동 11-18,0,11:30,21:30,,,,,,,,,,,
지우펀,부산광역시 동래구 명륜동 11-18,1,11:30,21:30,,,,,,,,,,,
지우펀,부산광역시 동래구 명륜동 11-18,2,11:30,21:30,,,,,,,,,,,
지우펀,부산광역시 동래구 명륜동 11-18,3,11:30,21:30,,,,,,,,,,,
지우펀,부산광역시 동래구 명륜동 11-18,4,11:30,21:30,,,,,,,,,,,
지우펀,부산광역시 동래구 명륜동 11-18,5,11:30,21:30,,,,,,,,,,,
지우펀,부산광역시 동래구 명륜동 11-18,6,11:30,21:30,,,,,,,,,,,
푸라닭명륜점,부산광역시 동래구 명륜동 15-15,0,,,,,,,,,,,,,
푸라닭명륜점,부산광역시 동래구 명륜동 15-15,1,,,,,,,,,,,,,
푸라닭명륜점,부산광역시 동래구 명륜동 15-15,2,,,,,,,,,,,,,
푸라닭명륜점,부산광역시 동래구 명륜동 15-15,3,,,,,,,,,,,,,
푸라닭명륜점,부산광역시 동래구 명륜동 15-15,4,,,,,,,,,,,,,
푸라닭명륜점,부산광역시 동래구 명륜동 15-15,5,,,,,,,,,,,,,
푸라닭명륜점,부산광역시 동래구 명륜동 15-15,6,,,,,,,,,,,,,
나댕디,부산광역시 동래구 명륜동 2-28,0,11:30,20:30,,,,,,,,,,,
나댕디,부산광역시 동래구 명륜동 2-28,1,,,,,,TRUE,,,,,,,
나댕디,부산광역시 동래구 명륜동 2-28,2,11:30,20:30,,,,,,,,,,,
나댕디,부산광역시 동래구 명륜동 2-28,3,11:30,20:30,,,,,,,,,,,
나댕디,부산광역시 동래구 명륜동 2-28,4,11:30,20:30,,,,,,,,,,,
나댕디,부산광역시 동래구 명륜동 2-28,5,11:30,20:30,,,,,,,,,,,
나댕디,부산광역시 동래구 명륜동 2-28,6,11:30,20:30,,,,,,,,,,,
비비큐수안스마트점,부산광역시 동래구 명륜동 233-3,0,,,,,,,,,,,,,
비비큐수안스마트점,부산광역시 동래구 명륜동 233-3,1,,,,,,,,,,,,,
비비큐수안스마트점,부산광역시 동래구 명륜동 233-3,2,,,,,,,,,,,,,
비비큐수안스마트점,부산광역시 동래구 명륜동 233-3,3,,,,,,,,,,,,,
비비큐수안스마트점,부산광역시 동래구 명륜동 233-3,4,,,,,,,,,,,,,
비비큐수안스마트점,부산광역시 동래구 명륜동 233-3,5,,,,,,,,,,,,,
비비큐수안스마트점,부산광역시 동래구 명륜동 233-3,6,,,,,,,,,,,,,
소갈집,부산광역시 동래구 명륜동 2-63,0,15:00,23:00,,,,,,,,,,,
소갈집,부산광역시 동래구 명륜동 2-63,1,15:00,23:00,,,,,,,,,,,
소갈집,부산광역시 동래구 명륜동 2-63,2,15:00,23:00,,,,,,,,,,,
소갈집,부산광역시 동래구 명륜동 2-63,3,15:00,23:00,,,,,,,,,,,
소갈집,부산광역시 동래구 명륜동 2-63,4,15:00,23:00,,,,,,,,,,,
소갈집,부산광역시 동래구 명륜동 2-63,5,15:00,23:00,,,,,,,,,,,
소갈집,부산광역시 동래구 명륜동 2-63,6,15:00,23:00,,,,,,,,,,,
미진축산온천장점,부산광역시 동래구 명륜동 2-64,0,14:00,23:00,,,,,,,,,,,
미진축산온천장점,부산광역시 동래구 명륜동 2-64,1,14:00,23:00,,,,,,,,,,,
미진축산온천장점,부산광역시 동래구 명륜동 2-64,2,14:00,23:00,,,,,,,,,,,
미진축산온천장점,부산광역시 동래구 명륜동 2-64,3,14:00,23:00,,,,,,,,,,,
미진축산온천장점,부산광역시 동래구 명륜동 2-64,4,14:00,23:00,,,,,,,,,,,
미진축산온천장점,부산광역시 동래구 명륜동 2-64,5,14:00,23:00,,,,,,,,,,,
미진축산온천장점,부산광역시 동래구 명륜동 2-64,6,14:00,23:00,,,,,,,,,,,
여왕곰장어,부산광역시 동래구 명륜동 2-65,0,10:00,0:00,,,,,,,,,,,
여왕곰장어,부산광역시 동래구 명륜동 2-65,1,10:00,0:00,,,,,,,,,,,
여왕곰장어,부산광역시 동래구 명륜동 2-65,2,10:00,0:00,,,,,,,,,,,
여왕곰장어,부산광역시 동래구 명륜동 2-65,3,10:00,0:00,,,,,,,,,,,
여왕곰장어,부산광역시 동래구 명륜동 2-65,4,10:00,0:00,,,,,,,,,,,
여왕곰장어,부산광역시 동래구 명륜동 2-65,5,10:00,0:00,,,,,,,,,,,
여왕곰장어,부산광역시 동래구 명륜동 2-65,6,10:00,0:00,,,,,,,,,,,
제일통닭,부산광역시 동래구 명륜동 29,0,10:00,22:00,,,,,,,,,,,
제일통닭,부산광역시 동래구 명륜동 29,1,10:00,22:00,,,,,,,,,,,
제일통닭,부산광역시 동래구 명륜동 29,2,10:00,22:00,,,,,,,,,,,
제일통닭,부산광역시 동래구 명륜동 29,3,10:00,22:00,,,,,,,,,,,
제일통닭,부산광역시 동래구 명륜동 29,4,10:00,22:00,,,,,,,,,,,
제일통닭,부산광역시 동래구 명륜동 29,5,10:00,22:00,,,,,,,,,,,
제일통닭,부산광역시 동래구 명륜동 29,6,10:00,22:00,,,,,,,,,,,
부부한방밀면,부산광역시 동래구 명륜동 321,0,10:00,21:00,,,,,,,,,,,
부부한방밀면,부산광역시 동래구 명륜동 321,1,10:00,21:00,,,,,,,,,,,
부부한방밀면,부산광역시 동래구 명륜동 321,2,10:00,21:00,,,,,,,,,,,
부부한방밀면,부산광역시 동래구 명륜동 321,3,10:00,21:00,,,,,,,,,,,
부부한방밀면,부산광역시 동래구 명륜동 321,4,10:00,21:00,,,,,,,,,,,
부부한방밀면,부산광역시 동래구 명륜동 321,5,10:00,21:00,,,,,,,,,,,
부부한방밀면,부산광역시 동래구 명륜동 321,6,10:00,21:00,,,,,,,,,,,
고성메기탕,부산광역시 동래구 명륜동 339-1,0,,,,,,,,,,,,,
고성메기탕,부산광역시 동래구 명륜동 339-1,1,,,,,,,,,,,,,
고성메기탕,부산광역시 동래구 명륜동 339-1,2,,,,,,,,,,,,,
고성메기탕,부산광역시 동래구 명륜동 339-1,3,,,,,,,,,,,,,
고성메기탕,부산광역시 동래구 명륜동 339-1,4,,,,,,,,,,,,,
고성메기탕,부산광역시 동래구 명륜동 339-1,5,,,,,,,,,,,,,
고성메기탕,부산광역시 동래구 명륜동 339-1,6,,,,,,,,,,,,,
마산식당,부산광역시 동래구 명륜동 339-10,0,,,,,,,,,,,,,
마산식당,부산광역시 동래구 명륜동 339-10,1,,,,,,,,,,,,,
마산식당,부산광역시 동래구 명륜동 339-10,2,,,,,,,,,,,,,
마산식당,부산광역시 동래구 명륜동 339-10,3,,,,,,,,,,,,,
마산식당,부산광역시 동래구 명륜동 339-10,4,,,,,,,,,,,,,
마산식당,부산광역시 동래구 명륜동 339-10,5,,,,,,,,,,,,,
마산식당,부산광역시 동래구 명륜동 339-10,6,,,,,,,,,,,,,
술렁,부산광역시 동래구 명륜동 339-6,0,,,,,,,,,,,,,
술렁,부산광역시 동래구 명륜동 339-6,1,,,,,,,,,,,,,
술렁,부산광역시 동래구 명륜동 339-6,2,,,,,,,,,,,,,
술렁,부산광역시 동래구 명륜동 339-6,3,,,,,,,,,,,,,
술렁,부산광역시 동래구 명륜동 339-6,4,,,,,,,,,,,,,
술렁,부산광역시 동래구 명륜동 339-6,5,,,,,,,,,,,,,
술렁,부산광역시 동래구 명륜동 339-6,6,,,,,,,,,,,,,
구포촌국수동래 구청점,부산광역시 동래구 명륜동 339-7,0,,,,,,,,,,,,,
구포촌국수동래 구청점,부산광역시 동래구 명륜동 339-7,1,,,,,,,,,,,,,
구포촌국수동래 구청점,부산광역시 동래구 명륜동 339-7,2,,,,,,,,,,,,,
구포촌국수동래 구청점,부산광역시 동래구 명륜동 339-7,3,,,,,,,,,,,,,
구포촌국수동래 구청점,부산광역시 동래구 명륜동 339-7,4,,,,,,,,,,,,,
구포촌국수동래 구청점,부산광역시 동래구 명륜동 339-7,5,,,,,,,,,,,,,
구포촌국수동래 구청점,부산광역시 동래구 명륜동 339-7,6,,,,,,,,,,,,,
황궁쟁반짜장,부산광역시 동래구 명륜동 344-1,0,10:30,22:00,,,,,,,,,,,
황궁쟁반짜장,부산광역시 동래구 명륜동 344-1,1,10:30,22:00,,,,,,,,,,,
황궁쟁반짜장,부산광역시 동래구 명륜동 344-1,2,10:30,22:00,,,,,,,,,,,
황궁쟁반짜장,부산광역시 동래구 명륜동 344-1,3,10:30,22:00,,,,,,,,,,,
황궁쟁반짜장,부산광역시 동래구 명륜동 344-1,4,10:30,22:00,,,,,,,,,,,
황궁쟁반짜장,부산광역시 동래구 명륜동 344-1,5,10:30,22:00,,,,,,,,,,,
황궁쟁반짜장,부산광역시 동래구 명륜동 344-1,6,10:30,22:00,,,,,,,,,,,
미오,부산광역시 동래구 명륜동 350-1,0,17:00,0:00,,,,,,,,,,,
미오,부산광역시 동래구 명륜동 350-1,1,17:30,0:00,,,,,,,,,,,
미오,부산광역시 동래구 명륜동 350-1,2,17:30,0:00,,,,,,,,,,,
미오,부산광역시 동래구 명륜동 350-1,3,17:30,0:00,,,,,,,,,,,
미오,부산광역시 동래구 명륜동 350-1,4,17:30,0:00,,,,,,,,,,,
미오,부산광역시 동래구 명륜동 350-1,5,17:30,0:00,,,,,,,,,,,
미오,부산광역시 동래구 명륜동 350-1,6,17:30,0:00,,,,,,,,,,,
소소정 본점,부산광역시 동래구 명륜동 353,0,10:00,22:00,,,,,,,,,,,
소소정 본점,부산광역시 동래구 명륜동 353,1,10:00,22:00,,,,,,,,,,,
소소정 본점,부산광역시 동래구 명륜동 353,2,10:00,22:00,,,,,,,,,,,
소소정 본점,부산광역시 동래구 명륜동 353,3,10:00,22:00,,,,,,,,,,,
소소정 본점,부산광역시 동래구 명륜동 353,4,10:00,22:00,,,,,,,,,,,
소소정 본점,부산광역시 동래구 명륜동 353,5,10:00,22:00,,,,,,,,,,,
소소정 본점,부산광역시 동래구 명륜동 353,6,10:00,22:00,,,,,,,,,,,
참뷔페,부산광역시 동래구 명륜동 355,0,11:00,15:00,,,,,,,,,,,
참뷔페,부산광역시 동래구 명륜동 355,1,11:00,15:00,,,,,,,,,,,
참뷔페,부산광역시 동래구 명륜동 355,2,11:00,15:00,,,,,,,,,,,
참뷔페,부산광역시 동래구 명륜동 355,3,11:00,15:00,,,,,,,,,,,
참뷔페,부산광역시 동래구 명륜동 355,4,11:00,15:00,,,,,,,,,,,
참뷔페,부산광역시 동래구 명륜동 355,5,11:00,15:00,,,,,,,,,,,
참뷔페,부산광역시 동래구 명륜동 355,6,11:00,15:00,,,,,,,,,,,
해송,부산광역시 동래구 명륜동 382,0,,,,,,TRUE,,,,,,,
해송,부산광역시 동래구 명륜동 382,1,10:00,21:00,,,,,,,,,,,
해송,부산광역시 동래구 명륜동 382,2,10:00,21:00,,,,,,,,,,,
해송,부산광역시 동래구 명륜동 382,3,10:00,21:00,,,,,,,,,,,
해송,부산광역시 동래구 명륜동 382,4,10:00,21:00,,,,,,,,,,,
해송,부산광역시 동래구 명륜동 382,5,10:00,21:00,,,,,,,,,,,
해송,부산광역시 동래구 명륜동 382,6,10:00,21:00,,,,,,,,,,,
일성식당,부산광역시 동래구 명륜동 399-4,0,11:30,8:00,,,,,,,,,,,
일성식당,부산광역시 동래구 명륜동 399-4,1,11:30,8:00,,,,,,,,,,,
일성식당,부산광역시 동래구 명륜동 399-4,2,11:30,8:00,,,,,,,,,,,
일성식당,부산광역시 동래구 명륜동 399-4,3,11:30,8:00,,,,,,,,,,,
일성식당,부산광역시 동래구 명륜동 399-4,4,11:30,8:00,,,,,,,,,,,
일성식당,부산광역시 동래구 명륜동 399-4,5,11:30,8:00,,,,,,,,,,,
일성식당,부산광역시 동래구 명륜동 399-4,6,11:30,8:00,,,,,,,,,,,
구조방낙지,부산광역시 동래구 명륜동 399-5,0,10:00,21:00,,,,,,,,,,,
구조방낙지,부산광역시 동래구 명륜동 399-5,1,,,,,,TRUE,,,,,,,
구조방낙지,부산광역시 동래구 명륜동 399-5,2,10:00,21:00,,,,,,,,,,,
구조방낙지,부산광역시 동래구 명륜동 399-5,3,10:00,21:00,,,,,,,,,,,
구조방낙지,부산광역시 동래구 명륜동 399-5,4,10:00,21:00,,,,,,,,,,,
구조방낙지,부산광역시 동래구 명륜동 399-5,5,10:00,21:00,,,,,,,,,,,
구조방낙지,부산광역시 동래구 명륜동 399-5,6,10:00,21:00,,,,,,,,,,,
원조조방낙지,부산광역시 동래구 명륜동 400-1,0,11:00,21:00,15:00,17:00,,,,,,,,,
원조조방낙지,부산광역시 동래구 명륜동 400-1,1,,,,,,TRUE,,,,,,,
원조조방낙지,부산광역시 동래구 명륜동 400-1,2,11:00,21:00,15:00,17:00,,,,,,,,,
원조조방낙지,부산광역시 동래구 명륜동 400-1,3,11:00,21:00,15:00,17:00,,,,,,,,,
원조조방낙지,부산광역시 동래구 명륜동 400-1,4,11:00,21:00,15:00,17:00,,,,,,,,,
원조조방낙지,부산광역시 동래구 명륜동 400-1,5,11:00,21:00,15:00,17:00,,,,,,,,,
원조조방낙지,부산광역시 동래구 명륜동 400-1,6,11:00,21:00,15:00,17:00,,,,,,,,,
본가조방할매낙지,부산광역시 동래구 명륜동 401,0,,,,,,,,,,,,,
본가조방할매낙지,부산광역시 동래구 명륜동 401,1,,,,,,,,,,,,,
본가조방할매낙지,부산광역시 동래구 명륜동 401,2,,,,,,,,,,,,,
본가조방할매낙지,부산광역시 동래구 명륜동 401,3,,,,,,,,,,,,,
본가조방할매낙지,부산광역시 동래구 명륜동 401,4,,,,,,,,,,,,,
본가조방할매낙지,부산광역시 동래구 명륜동 401,5,,,,,,,,,,,,,
본가조방할매낙지,부산광역시 동래구 명륜동 401,6,,,,,,,,,,,,,
보광유황한방오리,부산광역시 동래구 명륜동 401-10,0,,,,,,,,,,,,,
보광유황한방오리,부산광역시 동래구 명륜동 401-10,1,,,,,,,,,,,,,
보광유황한방오리,부산광역시 동래구 명륜동 401-10,2,,,,,,,,,,,,,
보광유황한방오리,부산광역시 동래구 명륜동 401-10,3,,,,,,,,,,,,,
보광유황한방오리,부산광역시 동래구 명륜동 401-10,4,,,,,,,,,,,,,
보광유황한방오리,부산광역시 동래구 명륜동 401-10,5,,,,,,,,,,,,,
보광유황한방오리,부산광역시 동래구 명륜동 401-10,6,,,,,,TRUE,,,,,,,
스시시로,부산광역시 동래구 명륜동 401-10,0,12:00,22:00,15:30,18:00,,,가기 전 사전 예약 필요,,,,,,
스시시로,부산광역시 동래구 명륜동 401-10,1,12:00,22:00,15:30,18:00,,,,,,,,,
스시시로,부산광역시 동래구 명륜동 401-10,2,12:00,22:00,15:30,18:00,,,,,,,,,
스시시로,부산광역시 동래구 명륜동 401-10,3,12:00,22:00,15:30,18:00,,,,,,,,,
스시시로,부산광역시 동래구 명륜동 401-10,4,12:00,22:00,15:30,18:00,,,,,,,,,
스시시로,부산광역시 동래구 명륜동 401-10,5,12:00,22:00,15:30,18:00,,,,,,,,,
스시시로,부산광역시 동래구 명륜동 401-10,6,12:00,22:00,15:30,18:00,,,,,,,,,
동래고기국수,부산광역시 동래구 명륜동 401-12,0,,,,,,TRUE,,,,,,,
동래고기국수,부산광역시 동래구 명륜동 401-12,1,11:00,20:00,14:40,16:00,,,,,,,,,
동래고기국수,부산광역시 동래구 명륜동 401-12,2,11:00,20:00,14:40,16:00,,,,,,,,,
동래고기국수,부산광역시 동래구 명륜동 401-12,3,11:00,20:00,14:40,16:00,,,,,,,,,
동래고기국수,부산광역시 동래구 명륜동 401-12,4,11:00,20:00,14:40,16:00,,,,,,,,,
동래고기국수,부산광역시 동래구 명륜동 401-12,5,11:00,20:00,14:40,16:00,,,,,,,,,
동래고기국수,부산광역시 동래구 명륜동 401-12,6,11:00,20:00,14:40,16:00,,,,,,,,,
와류카츠,부산광역시 동래구 명륜동 401-13,0,,,,,,TRUE,,,,,,,
와류카츠,부산광역시 동래구 명륜동 401-13,1,11:00,20:00,15:00,17:00,19:50,,,,,,,,
와류카츠,부산광역시 동래구 명륜동 401-13,2,11:00,20:00,15:00,17:00,19:50,,,,,,,,
와류카츠,부산광역시 동래구 명륜동 401-13,3,11:00,20:00,15:00,17:00,19:50,,,,,,,,
와류카츠,부산광역시 동래구 명륜동 401-13,4,11:00,20:00,15:00,17:00,19:50,,,,,,,,
와류카츠,부산광역시 동래구 명륜동 401-13,5,11:00,20:00,15:00,17:00,19:50,,,,,,,,
와류카츠,부산광역시 동래구 명륜동 401-13,6,11:00,20:00,15:00,17:00,19:50,,,,,,,,
고향소갈비찜,부산광역시 동래구 명륜동 401-9,0,,,,,,TRUE,,,,,,,
고향소갈비찜,부산광역시 동래구 명륜동 401-9,1,11:00,21:00,15:00,16:30,,,,,,,,,
고향소갈비찜,부산광역시 동래구 명륜동 401-9,2,11:00,21:00,15:00,16:30,,,,,,,,,
고향소갈비찜,부산광역시 동래구 명륜동 401-9,3,11:00,21:00,15:00,16:30,,,,,,,,,
고향소갈비찜,부산광역시 동래구 명륜동 401-9,4,11:00,21:00,15:00,16:30,,,,,,,,,
고향소갈비찜,부산광역시 동래구 명륜동 401-9,5,11:00,21:00,15:00,16:30,,,,,,,,,
고향소갈비찜,부산광역시 동래구 명륜동 401-9,6,11:00,21:00,15:00,16:30,,,,,,,,,
목동버거 동래수안점,부산광역시 동래구 명륜동 401-9,0,,,,,,,,,,,,,
목동버거 동래수안점,부산광역시 동래구 명륜동 401-9,1,,,,,,,,,,,,,
목동버거 동래수안점,부산광역시 동래구 명륜동 401-9,2,,,,,,,,,,,,,
목동버거 동래수안점,부산광역시 동래구 명륜동 401-9,3,,,,,,,,,,,,,
목동버거 동래수안점,부산광역시 동래구 명륜동 401-9,4,,,,,,,,,,,,,
목동버거 동래수안점,부산광역시 동래구 명륜동 401-9,5,,,,,,,,,,,,,
목동버거 동래수안점,부산광역시 동래구 명륜동 401-9,6,,,,,,,,,,,,,
오꼬식당,부산광역시 동래구 명륜동 401-9,0,11:30,21:00,15:00,17:00,,,,,,,,,
오꼬식당,부산광역시 동래구 명륜동 401-9,1,11:30,21:00,15:00,17:00,,,,,,,,,
오꼬식당,부산광역시 동래구 명륜동 401-9,2,11:30,21:00,15:00,17:00,,,,,,,,,
오꼬식당,부산광역시 동래구 명륜동 401-9,3,,,,,,TRUE,,,,,,,
오꼬식당,부산광역시 동래구 명륜동 401-9,4,11:30,21:00,15:00,17:00,,,,,,,,,
오꼬식당,부산광역시 동래구 명륜동 401-9,5,11:30,21:00,15:00,17:00,,,,,,,,,
오꼬식당,부산광역시 동래구 명륜동 401-9,6,11:30,21:00,15:00,17:00,,,,,,,,,
긴자료코부산 동래점,부산광역시 동래구 명륜동 405-1,0,,,,,,,,,,,,,
긴자료코부산 동래점,부산광역시 동래구 명륜동 405-1,1,,,,,,,,,,,,,
긴자료코부산 동래점,부산광역시 동래구 명륜동 405-1,2,,,,,,,,,,,,,
긴자료코부산 동래점,부산광역시 동래구 명륜동 405-1,3,,,,,,,,,,,,,
긴자료코부산 동래점,부산광역시 동래구 명륜동 405-1,4,,,,,,,,,,,,,
긴자료코부산 동래점,부산광역시 동래구 명륜동 405-1,5,,,,,,,,,,,,,
긴자료코부산 동래점,부산광역시 동래구 명륜동 405-1,6,,,,,,,,,,,,,
명가국수,부산광역시 동래구 명륜동 405-1,0,12:00,,,,,,,,,,,,
명가국수,부산광역시 동래구 명륜동 405-1,1,12:00,,,,,,,,,,,,
명가국수,부산광역시 동래구 명륜동 405-1,2,12:00,,,,,,,,,,,,
명가국수,부산광역시 동래구 명륜동 405-1,3,12:00,,,,,,,,,,,,
명가국수,부산광역시 동래구 명륜동 405-1,4,12:00,,,,,,,,,,,,
명가국수,부산광역시 동래구 명륜동 405-1,5,12:00,,,,,,,,,,,,
명가국수,부산광역시 동래구 명륜동 405-1,6,12:00,,,,,,,,,,,,
팥쥐고모,부산광역시 동래구 명륜동 405-1,0,12:00,20:00,,,,,,,,,,,
팥쥐고모,부산광역시 동래구 명륜동 405-1,1,,,,,,TRUE,,,,,,,
팥쥐고모,부산광역시 동래구 명륜동 405-1,2,,,,,,,,,,,,,
팥쥐고모,부산광역시 동래구 명륜동 405-1,3,12:00,20:00,,,,,,,,,,,
팥쥐고모,부산광역시 동래구 명륜동 405-1,4,12:00,20:00,,,,,,,,,,,
팥쥐고모,부산광역시 동래구 명륜동 405-1,5,12:00,20:00,,,,,,,,,,,
팥쥐고모,부산광역시 동래구 명륜동 405-1,6,12:00,20:00,,,,,,,,,,,
가마치통닭 동래점,부산광역시 동래구 명륜동 414-2,0,15:00,0:00,,,,,,,,,,,
가마치통닭 동래점,부산광역시 동래구 명륜동 414-2,1,15:00,0:00,,,,,,,,,,,
가마치통닭 동래점,부산광역시 동래구 명륜동 414-2,2,15:00,0:00,,,,,,,,,,,
가마치통닭 동래점,부산광역시 동래구 명륜동 414-2,3,15:00,0:00,,,,,,,,,,,
가마치통닭 동래점,부산광역시 동래구 명륜동 414-2,4,15:00,0:00,,,,,,,,,,,
가마치통닭 동래점,부산광역시 동래구 명륜동 414-2,5,15:00,0:00,,,,,,,,,,,
가마치통닭 동래점,부산광역시 동래구 명륜동 414-2,6,15:00,0:00,,,,,,,,,,,
뼈큰감자탕,부산광역시 동래구 명륜동 418,0,12:00,,,,,,,,,,,,
뼈큰감자탕,부산광역시 동래구 명륜동 418,1,12:00,,,,,,,,,,,,
뼈큰감자탕,부산광역시 동래구 명륜동 418,2,12:00,,,,,,,,,,,,
뼈큰감자탕,부산광역시 동래구 명륜동 418,3,12:00,,,,,,,,,,,,
뼈큰감자탕,부산광역시 동래구 명륜동 418,4,12:00,,,,,,,,,,,,
뼈큰감자탕,부산광역시 동래구 명륜동 418,5,12:00,,,,,,,,,,,,
뼈큰감자탕,부산광역시 동래구 명륜동 418,6,12:00,,,,,,,,,,,,
카츠텐시,부산광역시 동래구 명륜동 430-1,0,11:30,21:00,15:00,17:00,,,,,,,,,
카츠텐시,부산광역시 동래구 명륜동 430-1,1,,,,,,TRUE,,,,,,,
카츠텐시,부산광역시 동래구 명륜동 430-1,2,11:30,21:00,15:00,17:00,,,,,,,,,
카츠텐시,부산광역시 동래구 명륜동 430-1,3,11:30,21:00,15:00,17:00,,,,,,,,,
카츠텐시,부산광역시 동래구 명륜동 430-1,4,11:30,21:00,15:00,17:00,,,,,,,,,
카츠텐시,부산광역시 동래구 명륜동 430-1,5,11:30,21:00,15:00,17:00,,,,,,,,,
카츠텐시,부산광역시 동래구 명륜동 430-1,6,11:30,21:00,15:00,17:00,,,,,,,,,
타라코소바 동래점,부산광역시 동래구 명륜동 430-1,0,,,,,,TRUE,,,,,,,
타라코소바 동래점,부산광역시 동래구 명륜동 430-1,1,11:20,20:20,,,20:00,,,,,,,,
타라코소바 동래점,부산광역시 동래구 명륜동 430-1,2,11:20,20:20,,,20:00,,,,,,,,
타라코소바 동래점,부산광역시 동래구 명륜동 430-1,3,11:20,20:20,,,20:00,,,,,,,,
타라코소바 동래점,부산광역시 동래구 명륜동 430-1,4,11:20,20:20,,,20:00,,,,,,,,
타라코소바 동래점,부산광역시 동래구 명륜동 430-1,5,11:20,20:20,,,20:00,,,,,,,,
타라코소바 동래점,부산광역시 동래구 명륜동 430-1,6,11:20,20:20,,,20:00,,,,,,,,
샤브올데이부산명륜점,부산광역시 동래구 명륜동 433-10,0,,,,,,,,,,,,,
샤브올데이부산명륜점,부산광역시 동래구 명륜동 433-10,1,,,,,,,,,,,,,
샤브올데이부산명륜점,부산광역시 동래구 명륜동 433-10,2,,,,,,,,,,,,,
샤브올데이부산명륜점,부산광역시 동래구 명륜동 433-10,3,,,,,,,,,,,,,
샤브올데이부산명륜점,부산광역시 동래구 명륜동 433-10,4,,,,,,,,,,,,,
샤브올데이부산명륜점,부산광역시 동래구 명륜동 433-10,5,,,,,,,,,,,,,
샤브올데이부산명륜점,부산광역시 동래구 명륜동 433-10,6,,,,,,,,,,,,,
함경면옥,부산광역시 동래구 명륜동 433-10,0,11:00,21:30,,,,,,,,,,,
함경면옥,부산광역시 동래구 명륜동 433-10,1,11:00,21:30,,,,,,,,,,,
함경면옥,부산광역시 동래구 명륜동 433-10,2,11:00,21:30,,,,,,,,,,,
함경면옥,부산광역시 동래구 명륜동 433-10,3,11:00,21:30,,,,,,,,,,,
함경면옥,부산광역시 동래구 명륜동 433-10,4,11:00,21:30,,,,,,,,,,,
함경면옥,부산광역시 동래구 명륜동 433-10,5,11:00,21:30,,,,,,,,,,,
함경면옥,부산광역시 동래구 명륜동 433-10,6,11:00,21:30,,,,,,,,,,,
순곱이네동래 본점,부산광역시 동래구 명륜동 433-4,0,,,,,,TRUE,,,,,,,
순곱이네동래 본점,부산광역시 동래구 명륜동 433-4,1,16:30,0:00,,,,,,,,,,,
순곱이네동래 본점,부산광역시 동래구 명륜동 433-4,2,16:30,0:00,,,,,,,,,,,
순곱이네동래 본점,부산광역시 동래구 명륜동 433-4,3,16:30,0:00,,,,,,,,,,,
순곱이네동래 본점,부산광역시 동래구 명륜동 433-4,4,16:30,0:00,,,,,,,,,,,
순곱이네동래 본점,부산광역시 동래구 명륜동 433-4,5,16:30,0:00,,,,,,,,,,,
순곱이네동래 본점,부산광역시 동래구 명륜동 433-4,6,16:30,0:00,,,,,,,,,,,
노브랜드버거부산 동래역점,부산광역시 동래구 명륜동 447-1,0,,,,,,,,,,,,,
노브랜드버거부산 동래역점,부산광역시 동래구 명륜동 447-1,1,,,,,,,,,,,,,
노브랜드버거부산 동래역점,부산광역시 동래구 명륜동 447-1,2,,,,,,,,,,,,,
노브랜드버거부산 동래역점,부산광역시 동래구 명륜동 447-1,3,,,,,,,,,,,,,
노브랜드버거부산 동래역점,부산광역시 동래구 명륜동 447-1,4,,,,,,,,,,,,,
노브랜드버거부산 동래역점,부산광역시 동래구 명륜동 447-1,5,,,,,,,,,,,,,
노브랜드버거부산 동래역점,부산광역시 동래구 명륜동 447-1,6,,,,,,,,,,,,,
언양닭칼국수,부산광역시 동래구 명륜동 449-3,0,,,,,,TRUE,,,,,,,
언양닭칼국수,부산광역시 동래구 명륜동 449-3,1,11:30,19:50,14:50,16:00,19:30,,,,,,,,
언양닭칼국수,부산광역시 동래구 명륜동 449-3,2,11:30,19:50,14:50,16:00,19:30,,,,,,,,
언양닭칼국수,부산광역시 동래구 명륜동 449-3,3,11:30,19:50,14:50,16:00,19:30,,,,,,,,
언양닭칼국수,부산광역시 동래구 명륜동 449-3,4,11:30,19:50,14:50,16:00,19:30,,,,,,,,
언양닭칼국수,부산광역시 동래구 명륜동 449-3,5,11:30,19:50,14:50,16:00,19:30,,,,,,,,
언양닭칼국수,부산광역시 동래구 명륜동 449-3,6,11:30,19:50,14:50,16:00,19:30,,,,,,,,
돌샘돼지국밥,부산광역시 동래구 명륜동 450-14,0,,,,,,TRUE,,,,,,,
돌샘돼지국밥,부산광역시 동래구 명륜동 450-14,1,10:00,22:00,,,21:30,,,,,,,,
돌샘돼지국밥,부산광역시 동래구 명륜동 450-14,2,10:00,22:00,,,21:30,,,,,,,,
돌샘돼지국밥,부산광역시 동래구 명륜동 450-14,3,10:00,22:00,,,21:30,,,,,,,,
돌샘돼지국밥,부산광역시 동래구 명륜동 450-14,4,10:00,22:00,,,21:30,,,,,,,,
돌샘돼지국밥,부산광역시 동래구 명륜동 450-14,5,10:00,22:00,,,21:30,,,,,,,,
돌샘돼지국밥,부산광역시 동래구 명륜동 450-14,6,10:00,22:00,,,21:30,,,,,,,,
동래콩나물국밥,부산광역시 동래구 명륜동 450-18,0,,,,,,,,,,,,,
동래콩나물국밥,부산광역시 동래구 명륜동 450-18,1,,,,,,,,,,,,,
동래콩나물국밥,부산광역시 동래구 명륜동 450-18,2,,,,,,,,,,,,,
동래콩나물국밥,부산광역시 동래구 명륜동 450-18,3,,,,,,,,,,,,,
동래콩나물국밥,부산광역시 동래구 명륜동 450-18,4,,,,,,,,,,,,,
동래콩나물국밥,부산광역시 동래구 명륜동 450-18,5,,,,,,,,,,,,,
동래콩나물국밥,부산광역시 동래구 명륜동 450-18,6,,,,,,,,,,,,,
베트남쌀국수라이옥,부산광역시 동래구 명륜동 450-30,0,10:30,21:00,,,20:30,,,,,,,,
베트남쌀국수라이옥,부산광역시 동래구 명륜동 450-30,1,,,,,,TRUE,,,,,,,
베트남쌀국수라이옥,부산광역시 동래구 명륜동 450-30,2,10:30,21:00,,,20:30,,,,,,,,
베트남쌀국수라이옥,부산광역시 동래구 명륜동 450-30,3,10:30,21:00,,,20:30,,,,,,,,
베트남쌀국수라이옥,부산광역시 동래구 명륜동 450-30,4,10:30,21:00,,,20:30,,,,,,,,
베트남쌀국수라이옥,부산광역시 동래구 명륜동 450-30,5,10:30,21:00,,,20:30,,,,,,,,
베트남쌀국수라이옥,부산광역시 동래구 명륜동 450-30,6,10:30,21:00,,,20:30,,,,,,,,
육밀도,부산광역시 동래구 명륜동 450-37,0,11:00,23:00,,,,,,,,,,,
육밀도,부산광역시 동래구 명륜동 450-37,1,11:00,23:00,,,,,,,,,,,
육밀도,부산광역시 동래구 명륜동 450-37,2,11:00,23:00,,,,,,,,,,,
육밀도,부산광역시 동래구 명륜동 450-37,3,11:00,23:00,,,,,,,,,,,
육밀도,부산광역시 동래구 명륜동 450-37,4,11:00,23:00,,,,,,,,,,,
육밀도,부산광역시 동래구 명륜동 450-37,5,11:00,23:00,,,,,,,,,,,
육밀도,부산광역시 동래구 명륜동 450-37,6,11:00,23:00,,,,,,,,,,,
동래재첩국,부산광역시 동래구 명륜동 450-39,0,6:00,21:00,,,,,,,,,,,
동래재첩국,부산광역시 동래구 명륜동 450-39,1,6:00,21:00,,,,,,,,,,,
동래재첩국,부산광역시 동래구 명륜동 450-39,2,6:00,21:00,,,,,,,,,,,
동래재첩국,부산광역시 동래구 명륜동 450-39,3,6:00,21:00,,,,,,,,,,,
동래재첩국,부산광역시 동래구 명륜동 450-39,4,6:00,21:00,,,,,,,,,,,
동래재첩국,부산광역시 동래구 명륜동 450-39,5,6:00,21:00,,,,,,,,,,,
동래재첩국,부산광역시 동래구 명륜동 450-39,6,6:00,21:00,,,,,,,,,,,
본죽앤비빔밥 동래점,부산광역시 동래구 명륜동 450-39,0,,,,,,,,,,,,,
본죽앤비빔밥 동래점,부산광역시 동래구 명륜동 450-39,1,,,,,,,,,,,,,
본죽앤비빔밥 동래점,부산광역시 동래구 명륜동 450-39,2,,,,,,,,,,,,,
본죽앤비빔밥 동래점,부산광역시 동래구 명륜동 450-39,3,,,,,,,,,,,,,
본죽앤비빔밥 동래점,부산광역시 동래구 명륜동 450-39,4,,,,,,,,,,,,,
본죽앤비빔밥 동래점,부산광역시 동래구 명륜동 450-39,5,,,,,,,,,,,,,
본죽앤비빔밥 동래점,부산광역시 동래구 명륜동 450-39,6,,,,,,,,,,,,,
39도시락 동래점,부산광역시 동래구 명륜동 450-4,0,9:00,22:00,,,,,,,,,,,
39도시락 동래점,부산광역시 동래구 명륜동 450-4,1,9:00,22:00,,,,,,,,,,,
39도시락 동래점,부산광역시 동래구 명륜동 450-4,2,9:00,22:00,,,,,,,,,,,
39도시락 동래점,부산광역시 동래구 명륜동 450-4,3,9:00,22:00,,,,,,,,,,,
39도시락 동래점,부산광역시 동래구 명륜동 450-4,4,9:00,22:00,,,,,,,,,,,
39도시락 동래점,부산광역시 동래구 명륜동 450-4,5,9:00,22:00,,,,,,,,,,,
39도시락 동래점,부산광역시 동래구 명륜동 450-4,6,9:00,22:00,,,,,,,,,,,
엄용백낙돈,부산광역시 동래구 명륜동 450-4,0,11:30,23:00,,,22:00,,,,,,,,
엄용백낙돈,부산광역시 동래구 명륜동 450-4,1,11:30,23:00,,,22:00,,,,,,,,
엄용백낙돈,부산광역시 동래구 명륜동 450-4,2,11:30,23:00,,,22:00,,,,,,,,
엄용백낙돈,부산광역시 동래구 명륜동 450-4,3,11:30,23:00,,,22:00,,,,,,,,
엄용백낙돈,부산광역시 동래구 명륜동 450-4,4,11:30,23:00,,,22:00,,,,,,,,
엄용백낙돈,부산광역시 동래구 명륜동 450-4,5,11:30,23:00,,,22:00,,,,,,,,
엄용백낙돈,부산광역시 동래구 명륜동 450-4,6,11:30,23:00,,,22:00,,,,,,,,
젓가락질 잘해야만 밥을 먹나요(동래점),부산광역시 동래구 명륜동 450-4,0,,,,,,TRUE,,,,,,,
젓가락질 잘해야만 밥을 먹나요(동래점),부산광역시 동래구 명륜동 450-4,1,9:50,20:00,,,,,,,,,,,
젓가락질 잘해야만 밥을 먹나요(동래점),부산광역시 동래구 명륜동 450-4,2,9:50,20:00,,,,,,,,,,,
젓가락질 잘해야만 밥을 먹나요(동래점),부산광역시 동래구 명륜동 450-4,3,9:50,20:00,,,,,,,,,,,
젓가락질 잘해야만 밥을 먹나요(동래점),부산광역시 동래구 명륜동 450-4,4,9:50,20:00,,,,,,,,,,,
젓가락질 잘해야만 밥을 먹나요(동래점),부산광역시 동래구 명륜동 450-4,5,9:50,20:00,,,,,,,,,,,
젓가락질 잘해야만 밥을 먹나요(동래점),부산광역시 동래구 명륜동 450-4,6,9:50,14:00,,,,,,,,,,,
제일칼국수 동래점,부산광역시 동래구 명륜동 450-4,0,11:00,20:30,,,,,,,,,,,
제일칼국수 동래점,부산광역시 동래구 명륜동 450-4,1,11:00,20:30,,,,,,,,,,,
제일칼국수 동래점,부산광역시 동래구 명륜동 450-4,2,11:00,20:30,,,,,,,,,,,
제일칼국수 동래점,부산광역시 동래구 명륜동 450-4,3,11:00,20:30,,,,,,,,,,,
제일칼국수 동래점,부산광역시 동래구 명륜동 450-4,4,11:00,20:30,,,,,,,,,,,
제일칼국수 동래점,부산광역시 동래구 명륜동 450-4,5,11:00,20:30,,,,,,,,,,,
제일칼국수 동래점,부산광역시 동래구 명륜동 450-4,6,11:00,20:30,,,,,,,,,,,
부산참치상회,부산광역시 동래구 명륜동 450-5,0,11:30,22:00,14:30,16:30,,,,,,,,,
부산참치상회,부산광역시 동래구 명륜동 450-5,1,11:30,22:00,14:30,16:30,,,,,,,,,
부산참치상회,부산광역시 동래구 명륜동 450-5,2,11:30,22:00,14:30,16:30,,,,,,,,,
부산참치상회,부산광역시 동래구 명륜동 450-5,3,11:30,22:00,14:30,16:30,,,,,,,,,
부산참치상회,부산광역시 동래구 명륜동 450-5,4,11:30,22:00,14:30,16:30,,,,,,,,,
부산참치상회,부산광역시 동래구 명륜동 450-5,5,11:30,22:00,14:30,16:30,,,,,,,,,
부산참치상회,부산광역시 동래구 명륜동 450-5,6,11:30,22:00,14:30,16:30,,,,,,,,,
키치마루,부산광역시 동래구 명륜동 450-5,0,11:30,22:00,15:00,17:00,,,,,,,,,
키치마루,부산광역시 동래구 명륜동 450-5,1,11:30,22:00,15:00,17:00,,,,,,,,,
키치마루,부산광역시 동래구 명륜동 450-5,2,11:30,22:00,15:00,17:00,,,,,,,,,
키치마루,부산광역시 동래구 명륜동 450-5,3,11:30,22:00,15:00,17:00,,,,,,,,,
키치마루,부산광역시 동래구 명륜동 450-5,4,11:30,22:00,15:00,17:00,,,,,,,,,
키치마루,부산광역시 동래구 명륜동 450-5,5,11:30,21:00,15:00,17:00,,,,,,,,,
키치마루,부산광역시 동래구 명륜동 450-5,6,11:30,21:00,15:00,17:00,,,,,,,,,
우적동래 직영점,부산광역시 동래구 명륜동 450-9,0,12:00,22:00,,,21:10,,,,,,,,
우적동래 직영점,부산광역시 동래구 명륜동 450-9,1,12:00,22:00,,,21:10,,,,,,,,
우적동래 직영점,부산광역시 동래구 명륜동 450-9,2,12:00,22:00,,,21:10,,,,,,,,
우적동래 직영점,부산광역시 동래구 명륜동 450-9,3,12:00,22:00,,,21:10,,,,,,,,
우적동래 직영점,부산광역시 동래구 명륜동 450-9,4,12:00,22:00,,,21:10,,,,,,,,
우적동래 직영점,부산광역시 동래구 명륜동 450-9,5,12:00,22:00,,,21:10,,,,,,,,
우적동래 직영점,부산광역시 동래구 명륜동 450-9,6,12:00,22:00,,,21:10,,,,,,,,
동양사라다,부산광역시 동래구 명륜동 451-14,0,11:00,17:00,,,,,,,,,,,
동양사라다,부산광역시 동래구 명륜동 451-14,1,,,,,,TRUE,,,,,,,
동양사라다,부산광역시 동래구 명륜동 451-14,2,11:00,17:00,,,,,,,,,,,
동양사라다,부산광역시 동래구 명륜동 451-14,3,11:00,17:00,,,,,,,,,,,
동양사라다,부산광역시 동래구 명륜동 451-14,4,11:00,17:00,,,,,,,,,,,
동양사라다,부산광역시 동래구 명륜동 451-14,5,11:00,17:00,,,,,,,,,,,
동양사라다,부산광역시 동래구 명륜동 451-14,6,11:00,17:00,,,,,,,,,,,
예원한정식,부산광역시 동래구 명륜동 451-3,0,12:00,22:00,,,,,,,,,,,
예원한정식,부산광역시 동래구 명륜동 451-3,1,12:00,22:00,,,,,,,,,,,
예원한정식,부산광역시 동래구 명륜동 451-3,2,12:00,22:00,,,,,,,,,,,
예원한정식,부산광역시 동래구 명륜동 451-3,3,12:00,22:00,,,,,,,,,,,
예원한정식,부산광역시 동래구 명륜동 451-3,4,12:00,22:00,,,,,,,,,,,
예원한정식,부산광역시 동래구 명륜동 451-3,5,12:00,22:00,,,,,,,,,,,
예원한정식,부산광역시 동래구 명륜동 451-3,6,12:00,22:00,,,,,,,,,,,
어가코다리,부산광역시 동래구 명륜동 451-5,0,11:00,21:30,,,20:30,,,,,,,,
어가코다리,부산광역시 동래구 명륜동 451-5,1,11:00,21:30,,,20:30,,,,,,,,
어가코다리,부산광역시 동래구 명륜동 451-5,2,11:00,21:30,,,20:30,,,,,,,,
어가코다리,부산광역시 동래구 명륜동 451-5,3,11:00,21:30,,,20:30,,,,,,,,
어가코다리,부산광역시 동래구 명륜동 451-5,4,11:00,21:30,,,20:30,,,,,,,,
어가코다리,부산광역시 동래구 명륜동 451-5,5,11:00,21:30,,,20:30,,,,,,,,
어가코다리,부산광역시 동래구 명륜동 451-5,6,11:00,21:30,,,20:30,,,,,,,,
라홍방마라탕 동래점,부산광역시 동래구 명륜동 451-9,0,,,,,,,,,,,,,
라홍방마라탕 동래점,부산광역시 동래구 명륜동 451-9,1,,,,,,,,,,,,,
라홍방마라탕 동래점,부산광역시 동래구 명륜동 451-9,2,,,,,,,,,,,,,
라홍방마라탕 동래점,부산광역시 동래구 명륜동 451-9,3,,,,,,,,,,,,,
라홍방마라탕 동래점,부산광역시 동래구 명륜동 451-9,4,,,,,,,,,,,,,
라홍방마라탕 동래점,부산광역시 동래구 명륜동 451-9,5,,,,,,,,,,,,,
라홍방마라탕 동래점,부산광역시 동래구 명륜동 451-9,6,,,,,,,,,,,,,
정성식당,부산광역시 동래구 명륜동 465-1,0,,,,,,TRUE,,,,,,,
정성식당,부산광역시 동래구 명륜동 465-1,1,10:00,21:00,,,,,,,,,,,
정성식당,부산광역시 동래구 명륜동 465-1,2,10:00,21:00,,,,,,,,,,,
정성식당,부산광역시 동래구 명륜동 465-1,3,10:00,21:00,,,,,,,,,,,
정성식당,부산광역시 동래구 명륜동 465-1,4,10:00,21:00,,,,,,,,,,,
정성식당,부산광역시 동래구 명륜동 465-1,5,10:00,21:00,,,,,,,,,,,
정성식당,부산광역시 동래구 명륜동 465-1,6,10:00,21:00,,,,,,,,,,,
삼환축산,부산광역시 동래구 명륜동 472-2,0,13:00,,,,,,,,,,,,
삼환축산,부산광역시 동래구 명륜동 472-2,1,15:00,,,,,,,,,,,,
삼환축산,부산광역시 동래구 명륜동 472-2,2,15:00,,,,,,,,,,,,
삼환축산,부산광역시 동래구 명륜동 472-2,3,15:00,,,,,,,,,,,,
삼환축산,부산광역시 동래구 명륜동 472-2,4,15:00,,,,,,,,,,,,
삼환축산,부산광역시 동래구 명륜동 472-2,5,15:00,,,,,,,,,,,,
삼환축산,부산광역시 동래구 명륜동 472-2,6,13:00,,,,,,,,,,,,
동래지코바,부산광역시 동래구 명륜동 473,0,11:00,1:00,,,0:40,,,,,,,,
동래지코바,부산광역시 동래구 명륜동 473,1,11:00,1:00,,,0:40,,,,,,,,
동래지코바,부산광역시 동래구 명륜동 473,2,11:00,1:00,,,0:40,,,,,,,,
동래지코바,부산광역시 동래구 명륜동 473,3,11:00,1:00,,,0:40,,,,,,,,
동래지코바,부산광역시 동래구 명륜동 473,4,11:00,1:00,,,0:40,,,,,,,,
동래지코바,부산광역시 동래구 명륜동 473,5,11:00,1:00,,,0:40,,,,,,,,
동래지코바,부산광역시 동래구 명륜동 473,6,11:00,1:00,,,0:40,,,,,,,,
일일양 동래점,부산광역시 동래구 명륜동 485-1,0,17:00,22:00,,,,,,,,,,,
일일양 동래점,부산광역시 동래구 명륜동 485-1,1,16:00,23:00,,,,,,,,,,,
일일양 동래점,부산광역시 동래구 명륜동 485-1,2,16:00,23:00,,,,,,,,,,,
일일양 동래점,부산광역시 동래구 명륜동 485-1,3,16:00,23:00,,,,,,,,,,,
일일양 동래점,부산광역시 동래구 명륜동 485-1,4,16:00,23:00,,,,,,,,,,,
일일양 동래점,부산광역시 동래구 명륜동 485-1,5,16:00,23:00,,,,,,,,,,,
일일양 동래점,부산광역시 동래구 명륜동 485-1,6,16:00,23:00,,,,,,,,,,,
크래프트치킨 동래점,부산광역시 동래구 명륜동 485-9,0,11:00,3:00,,,,,,,,,,,
크래프트치킨 동래점,부산광역시 동래구 명륜동 485-9,1,11:00,3:00,,,,,,,,,,,
크래프트치킨 동래점,부산광역시 동래구 명륜동 485-9,2,11:00,3:00,,,,,,,,,,,
크래프트치킨 동래점,부산광역시 동래구 명륜동 485-9,3,11:00,3:00,,,,,,,,,,,
크래프트치킨 동래점,부산광역시 동래구 명륜동 485-9,4,11:00,3:00,,,,,,,,,,,
크래프트치킨 동래점,부산광역시 동래구 명륜동 485-9,5,11:00,3:00,,,,,,,,,,,
크래프트치킨 동래점,부산광역시 동래구 명륜동 485-9,6,11:00,3:00,,,,,,,,,,,
하동각,부산광역시 동래구 명륜동 487-1,0,,,,,,,,,,,,,
하동각,부산광역시 동래구 명륜동 487-1,1,11:00,21:30,14:45,16:00,21:00,,,,,,,,
하동각,부산광역시 동래구 명륜동 487-1,2,11:00,21:30,14:45,16:00,21:00,,,,,,,,
하동각,부산광역시 동래구 명륜동 487-1,3,11:00,21:30,14:45,16:00,21:00,,,,,,,,
하동각,부산광역시 동래구 명륜동 487-1,4,11:00,21:30,14:45,16:00,21:00,,,,,,,,
하동각,부산광역시 동래구 명륜동 487-1,5,11:00,21:30,14:45,16:00,21:00,,,,,,,,
하동각,부산광역시 동래구 명륜동 487-1,6,11:00,21:30,14:45,16:00,21:00,,,,,,,,
공담,부산광역시 동래구 명륜동 49-1,0,11:00,21:00,15:30,17:00,,,,,,,,,
공담,부산광역시 동래구 명륜동 49-1,1,11:00,21:00,15:30,17:00,,,,,,,,,
공담,부산광역시 동래구 명륜동 49-1,2,11:00,21:00,15:30,17:00,,,,,,,,,
공담,부산광역시 동래구 명륜동 49-1,3,11:00,21:00,15:30,17:00,,,,,,,,,
공담,부산광역시 동래구 명륜동 49-1,4,11:00,21:00,15:30,17:00,,,,,,,,,
공담,부산광역시 동래구 명륜동 49-1,5,11:00,21:00,15:30,17:00,,,,,,,,,
공담,부산광역시 동래구 명륜동 49-1,6,11:00,21:00,15:30,17:00,,,,,,,,,
오케이도매횟집 동래역점,부산광역시 동래구 명륜동 492,0,11:30,23:40,15:00,16:00,,,,,,,,,
오케이도매횟집 동래역점,부산광역시 동래구 명륜동 492,1,11:30,23:40,15:00,16:00,,,,,,,,,
오케이도매횟집 동래역점,부산광역시 동래구 명륜동 492,2,11:30,23:40,15:00,16:00,,,,,,,,,
오케이도매횟집 동래역점,부산광역시 동래구 명륜동 492,3,11:30,23:40,15:00,16:00,,,,,,,,,
오케이도매횟집 동래역점,부산광역시 동래구 명륜동 492,4,11:30,23:40,15:00,16:00,,,,,,,,,
오케이도매횟집 동래역점,부산광역시 동래구 명륜동 492,5,11:30,23:40,15:00,16:00,,,,,,,,,
오케이도매횟집 동래역점,부산광역시 동래구 명륜동 492,6,11:30,23:40,15:00,16:00,,,,,,,,,
산골수육,부산광역시 동래구 명륜동 494,0,,,,,,TRUE,,,,,,,
산골수육,부산광역시 동래구 명륜동 494,1,11:00,23:00,,,22:30,,,,,,,,
산골수육,부산광역시 동래구 명륜동 494,2,11:00,23:00,,,22:30,,,,,,,,
산골수육,부산광역시 동래구 명륜동 494,3,11:00,23:00,,,22:30,,,,,,,,
산골수육,부산광역시 동래구 명륜동 494,4,11:00,23:00,,,22:30,,,,,,,,
산골수육,부산광역시 동래구 명륜동 494,5,11:00,23:00,,,22:30,,,,,,,,
산골수육,부산광역시 동래구 명륜동 494,6,11:00,23:00,,,22:30,,,,,,,,
라라,부산광역시 동래구 명륜동 500-3,0,,,,,,TRUE,,,,,,,
라라,부산광역시 동래구 명륜동 500-3,1,20:00,3:00,,,,,,,,,,,
라라,부산광역시 동래구 명륜동 500-3,2,20:00,3:00,,,,,,,,,,,
라라,부산광역시 동래구 명륜동 500-3,3,20:00,3:00,,,,,,,,,,,
라라,부산광역시 동래구 명륜동 500-3,4,20:00,3:00,,,,,,,,,,,
라라,부산광역시 동래구 명륜동 500-3,5,20:00,3:00,,,,,,,,,,,
라라,부산광역시 동래구 명륜동 500-3,6,20:00,3:00,,,,,,,,,,,
목촌돼지국밥 동래점,부산광역시 동래구 명륜동 501-3,0,7:00,0:00,,,,,,,,,,,
목촌돼지국밥 동래점,부산광역시 동래구 명륜동 501-3,1,7:00,0:00,,,,,,,,,,,
목촌돼지국밥 동래점,부산광역시 동래구 명륜동 501-3,2,7:00,0:00,,,,,,,,,,,
목촌돼지국밥 동래점,부산광역시 동래구 명륜동 501-3,3,7:00,0:00,,,,,,,,,,,
목촌돼지국밥 동래점,부산광역시 동래구 명륜동 501-3,4,7:00,0:00,,,,,,,,,,,
목촌돼지국밥 동래점,부산광역시 동래구 명륜동 501-3,5,7:00,5:00,,,,,,,,,,,
목촌돼지국밥 동래점,부산광역시 동래구 명륜동 501-3,6,7:00,5:00,,,,,,,,,,,
숯불에닭 동래점,부산광역시 동래구 명륜동 501-7,0,,,,,,,,,,,,,
숯불에닭 동래점,부산광역시 동래구 명륜동 501-7,1,,,,,,,,,,,,,
숯불에닭 동래점,부산광역시 동래구 명륜동 501-7,2,,,,,,,,,,,,,
숯불에닭 동래점,부산광역시 동래구 명륜동 501-7,3,,,,,,,,,,,,,
숯불에닭 동래점,부산광역시 동래구 명륜동 501-7,4,,,,,,,,,,,,,
숯불에닭 동래점,부산광역시 동래구 명륜동 501-7,5,,,,,,,,,,,,,
숯불에닭 동래점,부산광역시 동래구 명륜동 501-7,6,,,,,,,,,,,,,
몬스시,부산광역시 동래구 명륜동 502-13,0,,,,,,TRUE,,,,,,,
몬스시,부산광역시 동래구 명륜동 502-13,1,16:00,23:00,,,,,,,,,,,
몬스시,부산광역시 동래구 명륜동 502-13,2,16:00,23:00,,,,,,,,,,,
몬스시,부산광역시 동래구 명륜동 502-13,3,16:00,23:00,,,,,,,,,,,
몬스시,부산광역시 동래구 명륜동 502-13,4,16:00,23:00,,,,,,,,,,,
몬스시,부산광역시 동래구 명륜동 502-13,5,16:00,23:00,,,,,,,,,,,
몬스시,부산광역시 동래구 명륜동 502-13,6,16:00,23:00,,,,,,,,,,,
유가네닭갈비 동래역점,부산광역시 동래구 명륜동 502-13,0,11:00,0:00,,,,,,,,,,,
유가네닭갈비 동래역점,부산광역시 동래구 명륜동 502-13,1,11:00,0:00,,,,,,,,,,,
유가네닭갈비 동래역점,부산광역시 동래구 명륜동 502-13,2,11:00,0:00,,,,,,,,,,,
유가네닭갈비 동래역점,부산광역시 동래구 명륜동 502-13,3,11:00,0:00,,,,,,,,,,,
유가네닭갈비 동래역점,부산광역시 동래구 명륜동 502-13,4,11:00,0:00,,,,,,,,,,,
유가네닭갈비 동래역점,부산광역시 동래구 명륜동 502-13,5,11:00,0:00,,,,,,,,,,,
유가네닭갈비 동래역점,부산광역시 동래구 명륜동 502-13,6,11:00,0:00,,,,,,,,,,,
종로빈대떡,부산광역시 동래구 명륜동 502-5,0,,,,,,,,,,,,,
종로빈대떡,부산광역시 동래구 명륜동 502-5,1,,,,,,,,,,,,,
종로빈대떡,부산광역시 동래구 명륜동 502-5,2,,,,,,,,,,,,,
종로빈대떡,부산광역시 동래구 명륜동 502-5,3,,,,,,,,,,,,,
종로빈대떡,부산광역시 동래구 명륜동 502-5,4,,,,,,,,,,,,,
종로빈대떡,부산광역시 동래구 명륜동 502-5,5,,,,,,,,,,,,,
종로빈대떡,부산광역시 동래구 명륜동 502-5,6,,,,,,,,,,,,,
동경오리온,부산광역시 동래구 명륜동 502-6,0,,,,,,TRUE,,,,,,,
동경오리온,부산광역시 동래구 명륜동 502-6,1,17:00,1:00,,,,,,,,,,,
동경오리온,부산광역시 동래구 명륜동 502-6,2,17:00,1:00,,,,,,,,,,,
동경오리온,부산광역시 동래구 명륜동 502-6,3,17:00,1:00,,,,,,,,,,,
동경오리온,부산광역시 동래구 명륜동 502-6,4,17:00,1:00,,,,,,,,,,,
동경오리온,부산광역시 동래구 명륜동 502-6,5,17:00,1:00,,,,,,,,,,,
동경오리온,부산광역시 동래구 명륜동 502-6,6,17:00,1:00,,,,,,,,,,,
제일향어횟집,부산광역시 동래구 명륜동 502-6,0,14:00,22:00,,,21:30,,,,,,,,
제일향어횟집,부산광역시 동래구 명륜동 502-6,1,14:00,22:00,,,21:30,,,,,,,,
제일향어횟집,부산광역시 동래구 명륜동 502-6,2,14:00,22:00,,,21:30,,,,,,,,
제일향어횟집,부산광역시 동래구 명륜동 502-6,3,14:00,22:00,,,21:30,,,,,,,,
제일향어횟집,부산광역시 동래구 명륜동 502-6,4,14:00,22:00,,,21:30,,,,,,,,
제일향어횟집,부산광역시 동래구 명륜동 502-6,5,14:00,22:00,,,21:30,,,,,,,,
제일향어횟집,부산광역시 동래구 명륜동 502-6,6,14:00,22:00,,,21:30,,,,,,,,
단골해물,부산광역시 동래구 명륜동 502-7,0,15:00,3:00,,,,,,,,,,,
단골해물,부산광역시 동래구 명륜동 502-7,1,15:00,3:00,,,,,,,,,,,
단골해물,부산광역시 동래구 명륜동 502-7,2,15:00,3:00,,,,,,,,,,,
단골해물,부산광역시 동래구 명륜동 502-7,3,15:00,3:00,,,,,,,,,,,
단골해물,부산광역시 동래구 명륜동 502-7,4,15:00,3:00,,,,,,,,,,,
단골해물,부산광역시 동래구 명륜동 502-7,5,15:00,3:00,,,,,,,,,,,
단골해물,부산광역시 동래구 명륜동 502-7,6,15:00,3:00,,,,,,,,,,,
동래84,부산광역시 동래구 명륜동 502-7,0,18:00,1:00,,,,,,,,,,,
동래84,부산광역시 동래구 명륜동 502-7,1,18:00,1:00,,,,,,,,,,,
동래84,부산광역시 동래구 명륜동 502-7,2,18:00,1:00,,,,,,,,,,,
동래84,부산광역시 동래구 명륜동 502-7,3,18:00,1:00,,,,,,,,,,,
동래84,부산광역시 동래구 명륜동 502-7,4,18:00,1:00,,,,,,,,,,,
동래84,부산광역시 동래구 명륜동 502-7,5,18:00,1:00,,,,,,,,,,,
동래84,부산광역시 동래구 명륜동 502-7,6,18:00,1:00,,,,,,,,,,,
동래양곱창,부산광역시 동래구 명륜동 502-7,0,14:00,1:00,,,,,,,,,,,
동래양곱창,부산광역시 동래구 명륜동 502-7,1,14:00,1:00,,,,,,,,,,,
동래양곱창,부산광역시 동래구 명륜동 502-7,2,14:00,1:00,,,,,,,,,,,
동래양곱창,부산광역시 동래구 명륜동 502-7,3,14:00,1:00,,,,,,,,,,,
동래양곱창,부산광역시 동래구 명륜동 502-7,4,14:00,1:00,,,,,,,,,,,
동래양곱창,부산광역시 동래구 명륜동 502-7,5,14:00,1:00,,,,,,,,,,,
동래양곱창,부산광역시 동래구 명륜동 502-7,6,14:00,1:00,,,,,,,,,,,
산청양곱창,부산광역시 동래구 명륜동 502-7,0,,,,,,,,,,,,,
산청양곱창,부산광역시 동래구 명륜동 502-7,1,,,,,,,,,,,,,
산청양곱창,부산광역시 동래구 명륜동 502-7,2,,,,,,,,,,,,,
산청양곱창,부산광역시 동래구 명륜동 502-7,3,,,,,,,,,,,,,
산청양곱창,부산광역시 동래구 명륜동 502-7,4,,,,,,,,,,,,,
산청양곱창,부산광역시 동래구 명륜동 502-7,5,,,,,,,,,,,,,
산청양곱창,부산광역시 동래구 명륜동 502-7,6,,,,,,,,,,,,,
시골돼지국밥,부산광역시 동래구 명륜동 502-7,0,,,,,,,,,,,,,
시골돼지국밥,부산광역시 동래구 명륜동 502-7,1,,,,,,,,,,,,,
시골돼지국밥,부산광역시 동래구 명륜동 502-7,2,,,,,,,,,,,,,
시골돼지국밥,부산광역시 동래구 명륜동 502-7,3,,,,,,,,,,,,,
시골돼지국밥,부산광역시 동래구 명륜동 502-7,4,,,,,,,,,,,,,
시골돼지국밥,부산광역시 동래구 명륜동 502-7,5,,,,,,,,,,,,,
시골돼지국밥,부산광역시 동래구 명륜동 502-7,6,,,,,,,,,,,,,
자갈치몰,부산광역시 동래구 명륜동 502-7,0,,,,,,,,,,,,,
자갈치몰,부산광역시 동래구 명륜동 502-7,1,,,,,,,,,,,,,
자갈치몰,부산광역시 동래구 명륜동 502-7,2,,,,,,,,,,,,,
자갈치몰,부산광역시 동래구 명륜동 502-7,3,,,,,,,,,,,,,
자갈치몰,부산광역시 동래구 명륜동 502-7,4,,,,,,,,,,,,,
자갈치몰,부산광역시 동래구 명륜동 502-7,5,,,,,,,,,,,,,
자갈치몰,부산광역시 동래구 명륜동 502-7,6,,,,,,,,,,,,,
은신처 동래점,부산광역시 동래구 명륜동 503-6,0,17:00,1:00,,,,,,,,,,,
은신처 동래점,부산광역시 동래구 명륜동 503-6,1,17:00,1:00,,,,,,,,,,,
은신처 동래점,부산광역시 동래구 명륜동 503-6,2,17:00,1:00,,,,,,,,,,,
은신처 동래점,부산광역시 동래구 명륜동 503-6,3,17:00,1:00,,,,,,,,,,,
은신처 동래점,부산광역시 동래구 명륜동 503-6,4,17:00,1:00,,,,,,,,,,,
은신처 동래점,부산광역시 동래구 명륜동 503-6,5,17:00,1:00,,,,,,,,,,,
은신처 동래점,부산광역시 동래구 명륜동 503-6,6,17:00,1:00,,,,,,,,,,,
바:이브,부산광역시 동래구 명륜동 503-7,0,,,,,,,,,,,,,
바:이브,부산광역시 동래구 명륜동 503-7,1,,,,,,,,,,,,,
바:이브,부산광역시 동래구 명륜동 503-7,2,,,,,,,,,,,,,
바:이브,부산광역시 동래구 명륜동 503-7,3,,,,,,,,,,,,,
바:이브,부산광역시 동래구 명륜동 503-7,4,,,,,,,,,,,,,
바:이브,부산광역시 동래구 명륜동 503-7,5,,,,,,,,,,,,,
바:이브,부산광역시 동래구 명륜동 503-7,6,,,,,,,,,,,,,
달래해장부산 동래점,부산광역시 동래구 명륜동 503-8,0,,,,,,,,,,,,,
달래해장부산 동래점,부산광역시 동래구 명륜동 503-8,1,,,,,,,,,,,,,
달래해장부산 동래점,부산광역시 동래구 명륜동 503-8,2,,,,,,,,,,,,,
달래해장부산 동래점,부산광역시 동래구 명륜동 503-8,3,,,,,,,,,,,,,
달래해장부산 동래점,부산광역시 동래구 명륜동 503-8,4,,,,,,,,,,,,,
달래해장부산 동래점,부산광역시 동래구 명륜동 503-8,5,,,,,,,,,,,,,
달래해장부산 동래점,부산광역시 동래구 명륜동 503-8,6,,,,,,,,,,,,,
블렌딩,부산광역시 동래구 명륜동 503-8,0,19:00,2:00,,,,,,,,,,,
블렌딩,부산광역시 동래구 명륜동 503-8,1,19:00,2:00,,,,,,,,,,,
블렌딩,부산광역시 동래구 명륜동 503-8,2,19:00,2:00,,,,,,,,,,,
블렌딩,부산광역시 동래구 명륜동 503-8,3,,,,,,TRUE,,,,,,,
블렌딩,부산광역시 동래구 명륜동 503-8,4,19:00,2:00,,,,,,,,,,,
블렌딩,부산광역시 동래구 명륜동 503-8,5,19:00,2:00,,,,,,,,,,,
블렌딩,부산광역시 동래구 명륜동 503-8,6,,,,,,TRUE,,,,,,,
그날이후불타는삼겹살,부산광역시 동래구 명륜동 505-4,0,11:00,2:00,,,,,,,,,,,
그날이후불타는삼겹살,부산광역시 동래구 명륜동 505-4,1,11:00,23:00,,,,,,,,,,,
그날이후불타는삼겹살,부산광역시 동래구 명륜동 505-4,2,11:00,23:00,,,,,,,,,,,
그날이후불타는삼겹살,부산광역시 동래구 명륜동 505-4,3,11:00,23:00,,,,,,,,,,,
그날이후불타는삼겹살,부산광역시 동래구 명륜동 505-4,4,11:00,23:00,,,,,,,,,,,
그날이후불타는삼겹살,부산광역시 동래구 명륜동 505-4,5,11:00,2:00,,,,,,,,,,,
그날이후불타는삼겹살,부산광역시 동래구 명륜동 505-4,6,11:00,2:00,,,,,,,,,,,
동방축산동래메가점,부산광역시 동래구 명륜동 505-6,0,17:00,5:00,,,,,,,,,,,
동방축산동래메가점,부산광역시 동래구 명륜동 505-6,1,17:00,5:00,,,,,,,,,,,
동방축산동래메가점,부산광역시 동래구 명륜동 505-6,2,17:00,5:00,,,,,,,,,,,
동방축산동래메가점,부산광역시 동래구 명륜동 505-6,3,17:00,5:00,,,,,,,,,,,
동방축산동래메가점,부산광역시 동래구 명륜동 505-6,4,17:00,5:00,,,,,,,,,,,
동방축산동래메가점,부산광역시 동래구 명륜동 505-6,5,17:00,5:00,,,,,,,,,,,
동방축산동래메가점,부산광역시 동래구 명륜동 505-6,6,17:00,5:00,,,,,,,,,,,
비케이알버거킹부산수안역점,부산광역시 동래구 명륜동 506-13,0,,,,,,,,,,,,,
비케이알버거킹부산수안역점,부산광역시 동래구 명륜동 506-13,1,,,,,,,,,,,,,
비케이알버거킹부산수안역점,부산광역시 동래구 명륜동 506-13,2,,,,,,,,,,,,,
비케이알버거킹부산수안역점,부산광역시 동래구 명륜동 506-13,3,,,,,,,,,,,,,
비케이알버거킹부산수안역점,부산광역시 동래구 명륜동 506-13,4,,,,,,,,,,,,,
비케이알버거킹부산수안역점,부산광역시 동래구 명륜동 506-13,5,,,,,,,,,,,,,
비케이알버거킹부산수안역점,부산광역시 동래구 명륜동 506-13,6,,,,,,,,,,,,,
국수면가,부산광역시 동래구 명륜동 506-3,0,6:00,22:00,,,,,,,,,,,
국수면가,부산광역시 동래구 명륜동 506-3,1,6:00,22:00,,,,,,,,,,,
국수면가,부산광역시 동래구 명륜동 506-3,2,6:00,22:00,,,,,,,,,,,
국수면가,부산광역시 동래구 명륜동 506-3,3,6:00,22:00,,,,,,,,,,,
국수면가,부산광역시 동래구 명륜동 506-3,4,6:00,22:00,,,,,,,,,,,
국수면가,부산광역시 동래구 명륜동 506-3,5,6:00,22:00,,,,,,,,,,,
국수면가,부산광역시 동래구 명륜동 506-3,6,6:00,22:00,,,,,,,,,,,
롯데리아메가마트 동래점,부산광역시 동래구 명륜동 506-3,0,,,,,,,,,,,,,
롯데리아메가마트 동래점,부산광역시 동래구 명륜동 506-3,1,,,,,,,,,,,,,
롯데리아메가마트 동래점,부산광역시 동래구 명륜동 506-3,2,,,,,,,,,,,,,
롯데리아메가마트 동래점,부산광역시 동래구 명륜동 506-3,3,,,,,,,,,,,,,
롯데리아메가마트 동래점,부산광역시 동래구 명륜동 506-3,4,,,,,,,,,,,,,
롯데리아메가마트 동래점,부산광역시 동래구 명륜동 506-3,5,,,,,,,,,,,,,
롯데리아메가마트 동래점,부산광역시 동래구 명륜동 506-3,6,,,,,,,,,,,,,
브라운에프엔비메가마트 동래점,부산광역시 동래구 명륜동 506-3,0,,,,,,,,,,,,,
브라운에프엔비메가마트 동래점,부산광역시 동래구 명륜동 506-3,1,,,,,,,,,,,,,
브라운에프엔비메가마트 동래점,부산광역시 동래구 명륜동 506-3,2,,,,,,,,,,,,,
브라운에프엔비메가마트 동래점,부산광역시 동래구 명륜동 506-3,3,,,,,,,,,,,,,
브라운에프엔비메가마트 동래점,부산광역시 동래구 명륜동 506-3,4,,,,,,,,,,,,,
브라운에프엔비메가마트 동래점,부산광역시 동래구 명륜동 506-3,5,,,,,,,,,,,,,
브라운에프엔비메가마트 동래점,부산광역시 동래구 명륜동 506-3,6,,,,,,,,,,,,,
삼진식품메가마트 동래점,부산광역시 동래구 명륜동 506-3,0,,,,,,,,,,,,,
삼진식품메가마트 동래점,부산광역시 동래구 명륜동 506-3,1,,,,,,,,,,,,,
삼진식품메가마트 동래점,부산광역시 동래구 명륜동 506-3,2,,,,,,,,,,,,,
삼진식품메가마트 동래점,부산광역시 동래구 명륜동 506-3,3,,,,,,,,,,,,,
삼진식품메가마트 동래점,부산광역시 동래구 명륜동 506-3,4,,,,,,,,,,,,,
삼진식품메가마트 동래점,부산광역시 동래구 명륜동 506-3,5,,,,,,,,,,,,,
삼진식품메가마트 동래점,부산광역시 동래구 명륜동 506-3,6,,,,,,,,,,,,,
수백당메가마트 동래점,부산광역시 동래구 명륜동 506-3,0,,,,,,,,,,,,,
수백당메가마트 동래점,부산광역시 동래구 명륜동 506-3,1,,,,,,,,,,,,,
수백당메가마트 동래점,부산광역시 동래구 명륜동 506-3,2,,,,,,,,,,,,,
수백당메가마트 동래점,부산광역시 동래구 명륜동 506-3,3,,,,,,,,,,,,,
수백당메가마트 동래점,부산광역시 동래구 명륜동 506-3,4,,,,,,,,,,,,,
수백당메가마트 동래점,부산광역시 동래구 명륜동 506-3,5,,,,,,,,,,,,,
수백당메가마트 동래점,부산광역시 동래구 명륜동 506-3,6,,,,,,,,,,,,,
하루꽃돈,부산광역시 동래구 명륜동 512-2,0,,,,,,TRUE,,,,,,,
하루꽃돈,부산광역시 동래구 명륜동 512-2,1,16:00,22:00,,,,,,,,,,,
하루꽃돈,부산광역시 동래구 명륜동 512-2,2,16:00,22:00,,,,,,,,,,,
하루꽃돈,부산광역시 동래구 명륜동 512-2,3,16:00,22:00,,,,,,,,,,,
하루꽃돈,부산광역시 동래구 명륜동 512-2,4,16:00,22:00,,,,,,,,,,,
하루꽃돈,부산광역시 동래구 명륜동 512-2,5,16:00,22:00,,,,,,,,,,,
하루꽃돈,부산광역시 동래구 명륜동 512-2,6,16:00,22:00,,,,,,,,,,,
내고향추어탕,부산광역시 동래구 명륜동 515-43,0,,,,,,,,,,,,,
내고향추어탕,부산광역시 동래구 명륜동 515-43,1,,,,,,,,,,,,,
내고향추어탕,부산광역시 동래구 명륜동 515-43,2,,,,,,,,,,,,,
내고향추어탕,부산광역시 동래구 명륜동 515-43,3,,,,,,,,,,,,,
내고향추어탕,부산광역시 동래구 명륜동 515-43,4,,,,,,,,,,,,,
내고향추어탕,부산광역시 동래구 명륜동 515-43,5,,,,,,,,,,,,,
내고향추어탕,부산광역시 동래구 명륜동 515-43,6,,,,,,,,,,,,,
부리나치킨,부산광역시 동래구 명륜동 520,0,,,,,,,,,,,,,
부리나치킨,부산광역시 동래구 명륜동 520,1,,,,,,,,,,,,,
부리나치킨,부산광역시 동래구 명륜동 520,2,,,,,,,,,,,,,
부리나치킨,부산광역시 동래구 명륜동 520,3,,,,,,,,,,,,,
부리나치킨,부산광역시 동래구 명륜동 520,4,,,,,,,,,,,,,
부리나치킨,부산광역시 동래구 명륜동 520,5,,,,,,,,,,,,,
부리나치킨,부산광역시 동래구 명륜동 520,6,,,,,,,,,,,,,
정담아구찜,부산광역시 동래구 명륜동 521-1,0,10:30,22:00,,,,,,,,,,,
정담아구찜,부산광역시 동래구 명륜동 521-1,1,10:30,22:00,,,,,,,,,,,
정담아구찜,부산광역시 동래구 명륜동 521-1,2,10:30,22:00,,,,,,,,,,,
정담아구찜,부산광역시 동래구 명륜동 521-1,3,10:30,22:00,,,,,,,,,,,
정담아구찜,부산광역시 동래구 명륜동 521-1,4,10:30,22:00,,,,,,,,,,,
정담아구찜,부산광역시 동래구 명륜동 521-1,5,10:30,22:00,,,,,,,,,,,
정담아구찜,부산광역시 동래구 명륜동 521-1,6,10:30,22:00,,,,,,,,,,,
동보성,부산광역시 동래구 명륜동 525-4,0,11:00,21:30,,,,,,,,,,,
동보성,부산광역시 동래구 명륜동 525-4,1,,,,,,TRUE,,,,,,,
동보성,부산광역시 동래구 명륜동 525-4,2,11:00,21:30,,,,,,,,,,,
동보성,부산광역시 동래구 명륜동 525-4,3,11:00,21:30,,,,,,,,,,,
동보성,부산광역시 동래구 명륜동 525-4,4,11:00,21:30,,,,,,,,,,,
동보성,부산광역시 동래구 명륜동 525-4,5,11:00,21:30,,,,,,,,,,,
동보성,부산광역시 동래구 명륜동 525-4,6,11:00,21:30,,,,,,,,,,,
세남자스시,부산광역시 동래구 명륜동 529-4,0,,,,,,TRUE,,,,,,,
세남자스시,부산광역시 동래구 명륜동 529-4,1,11:00,22:30,15:00,17:00,,,,,,,,,
세남자스시,부산광역시 동래구 명륜동 529-4,2,11:00,22:30,15:00,17:00,,,,,,,,,
세남자스시,부산광역시 동래구 명륜동 529-4,3,11:00,22:30,15:00,17:00,,,,,,,,,
세남자스시,부산광역시 동래구 명륜동 529-4,4,11:00,22:30,15:00,17:00,,,,,,,,,
세남자스시,부산광역시 동래구 명륜동 529-4,5,11:00,22:30,15:00,17:00,,,,,,,,,
세남자스시,부산광역시 동래구 명륜동 529-4,6,11:00,22:30,15:00,17:00,,,,,,,,,
델루나,부산광역시 동래구 명륜동 532-11,0,20:00,3:00,,,,,,,,,,,
델루나,부산광역시 동래구 명륜동 532-11,1,20:00,3:00,,,,,,,,,,,
델루나,부산광역시 동래구 명륜동 532-11,2,20:00,3:00,,,,,,,,,,,
델루나,부산광역시 동래구 명륜동 532-11,3,20:00,3:00,,,,,,,,,,,
델루나,부산광역시 동래구 명륜동 532-11,4,20:00,3:00,,,,,,,,,,,
델루나,부산광역시 동래구 명륜동 532-11,5,20:00,3:00,,,,,,,,,,,
델루나,부산광역시 동래구 명륜동 532-11,6,20:00,3:00,,,,,,,,,,,
아웃닭,부산광역시 동래구 명륜동 532-11,0,16:00,2:00,,,,,,,,,,,
아웃닭,부산광역시 동래구 명륜동 532-11,1,17:00,2:00,,,,,,,,,,,
아웃닭,부산광역시 동래구 명륜동 532-11,2,17:00,2:00,,,,,,,,,,,
아웃닭,부산광역시 동래구 명륜동 532-11,3,17:00,2:00,,,,,,,,,,,
아웃닭,부산광역시 동래구 명륜동 532-11,4,17:00,2:00,,,,,,,,,,,
아웃닭,부산광역시 동래구 명륜동 532-11,5,17:00,2:00,,,,,,,,,,,
아웃닭,부산광역시 동래구 명륜동 532-11,6,16:00,2:00,,,,,,,,,,,
해성막창집,부산광역시 동래구 명륜동 532-28,0,13:00,0:00,,,,,,,,,,,
해성막창집,부산광역시 동래구 명륜동 532-28,1,13:00,0:00,,,,,,,,,,,
해성막창집,부산광역시 동래구 명륜동 532-28,2,13:00,0:00,,,,,,,,,,,
해성막창집,부산광역시 동래구 명륜동 532-28,3,13:00,0:00,,,,,,,,,,,
해성막창집,부산광역시 동래구 명륜동 532-28,4,13:00,0:00,,,,,,,,,,,
해성막창집,부산광역시 동래구 명륜동 532-28,5,13:00,1:00,,,,,,,,,,,
해성막창집,부산광역시 동래구 명륜동 532-28,6,13:00,1:00,,,,,,,,,,,
대박통명륜점,부산광역시 동래구 명륜동 533-100,0,16:00,2:00,,,,,,,,,,,
대박통명륜점,부산광역시 동래구 명륜동 533-100,1,16:00,2:00,,,,,,,,,,,
대박통명륜점,부산광역시 동래구 명륜동 533-100,2,16:00,2:00,,,,,,,,,,,
대박통명륜점,부산광역시 동래구 명륜동 533-100,3,16:00,2:00,,,,,,,,,,,
대박통명륜점,부산광역시 동래구 명륜동 533-100,4,16:00,2:00,,,,,,,,,,,
대박통명륜점,부산광역시 동래구 명륜동 533-100,5,16:00,2:00,,,,,,,,,,,
대박통명륜점,부산광역시 동래구 명륜동 533-100,6,16:00,2:00,,,,,,,,,,,
돌섬도매횟집,부산광역시 동래구 명륜동 533-101,0,11:00,23:30,,,,,,,,,,,
돌섬도매횟집,부산광역시 동래구 명륜동 533-101,1,11:00,23:30,,,,,,,,,,,
돌섬도매횟집,부산광역시 동래구 명륜동 533-101,2,11:00,23:30,,,,,,,,,,,
돌섬도매횟집,부산광역시 동래구 명륜동 533-101,3,11:00,23:30,,,,,,,,,,,
돌섬도매횟집,부산광역시 동래구 명륜동 533-101,4,11:00,23:30,,,,,,,,,,,
돌섬도매횟집,부산광역시 동래구 명륜동 533-101,5,11:00,23:30,,,,,,,,,,,
돌섬도매횟집,부산광역시 동래구 명륜동 533-101,6,11:00,23:30,,,,,,,,,,,
시월달,부산광역시 동래구 명륜동 533-101,0,,,,,,TRUE,,,,,,,
시월달,부산광역시 동래구 명륜동 533-101,1,17:00,0:00,,,,,,,,,,,
시월달,부산광역시 동래구 명륜동 533-101,2,17:00,0:00,,,,,,,,,,,
시월달,부산광역시 동래구 명륜동 533-101,3,17:00,0:00,,,,,,,,,,,
시월달,부산광역시 동래구 명륜동 533-101,4,17:00,0:00,,,,,,,,,,,
시월달,부산광역시 동래구 명륜동 533-101,5,17:00,3:00,,,,,,,,,,,
시월달,부산광역시 동래구 명륜동 533-101,6,17:00,3:00,,,,,,,,,,,
주화담,부산광역시 동래구 명륜동 533-101,0,17:00,1:50,,,,,,,,,,,
주화담,부산광역시 동래구 명륜동 533-101,1,17:00,1:50,,,,,,,,,,,
주화담,부산광역시 동래구 명륜동 533-101,2,17:00,1:50,,,,,,,,,,,
주화담,부산광역시 동래구 명륜동 533-101,3,17:00,1:50,,,,,,,,,,,
주화담,부산광역시 동래구 명륜동 533-101,4,17:00,1:50,,,,,,,,,,,
주화담,부산광역시 동래구 명륜동 533-101,5,17:00,2:50,,,,,,,,,,,
주화담,부산광역시 동래구 명륜동 533-101,6,17:00,2:50,,,,,,,,,,,
청아양꼬치,부산광역시 동래구 명륜동 533-101,0,17:00,2:00,,,1:00,,,,,,,,
청아양꼬치,부산광역시 동래구 명륜동 533-101,1,17:00,2:00,,,1:00,,,,,,,,
청아양꼬치,부산광역시 동래구 명륜동 533-101,2,17:00,2:00,,,1:00,,,,,,,,
청아양꼬치,부산광역시 동래구 명륜동 533-101,3,17:00,2:00,,,1:00,,,,,,,,
청아양꼬치,부산광역시 동래구 명륜동 533-101,4,17:00,2:00,,,1:00,,,,,,,,
청아양꼬치,부산광역시 동래구 명륜동 533-101,5,17:00,2:00,,,1:00,,,,,,,,
청아양꼬치,부산광역시 동래구 명륜동 533-101,6,17:00,2:00,,,1:00,,,,,,,,
틴트바,부산광역시 동래구 명륜동 533-101,0,,,,,,TRUE,,,,,,,
틴트바,부산광역시 동래구 명륜동 533-101,1,20:00,2:00,,,1:00,,,,,,,,
틴트바,부산광역시 동래구 명륜동 533-101,2,20:00,2:00,,,1:00,,,,,,,,
틴트바,부산광역시 동래구 명륜동 533-101,3,20:00,2:00,,,1:00,,,,,,,,
틴트바,부산광역시 동래구 명륜동 533-101,4,20:00,2:00,,,1:00,,,,,,,,
틴트바,부산광역시 동래구 명륜동 533-101,5,20:00,2:00,,,1:00,,,,,,,,
틴트바,부산광역시 동래구 명륜동 533-101,6,20:00,2:00,,,1:00,,,,,,,,
야시장,부산광역시 동래구 명륜동 533-104,0,,,,,,TRUE,,,,,,,
야시장,부산광역시 동래구 명륜동 533-104,1,17:00,2:00,,,,,,,,,,,
야시장,부산광역시 동래구 명륜동 533-104,2,17:00,2:00,,,,,,,,,,,
야시장,부산광역시 동래구 명륜동 533-104,3,17:00,2:00,,,,,,,,,,,
야시장,부산광역시 동래구 명륜동 533-104,4,17:00,2:00,,,,,,,,,,,
야시장,부산광역시 동래구 명륜동 533-104,5,17:00,4:00,,,,,,,,,,,
야시장,부산광역시 동래구 명륜동 533-104,6,17:00,4:00,,,,,,,,,,,
양문부산 동래점,부산광역시 동래구 명륜동 533-104,0,12:00,,,,23:00,,,,,,,,
양문부산 동래점,부산광역시 동래구 명륜동 533-104,1,12:00,,,,23:00,,,,,,,,
양문부산 동래점,부산광역시 동래구 명륜동 533-104,2,12:00,,,,23:00,,,,,,,,
양문부산 동래점,부산광역시 동래구 명륜동 533-104,3,12:00,,,,23:00,,,,,,,,
양문부산 동래점,부산광역시 동래구 명륜동 533-104,4,12:00,,,,23:00,,,,,,,,
양문부산 동래점,부산광역시 동래구 명륜동 533-104,5,12:00,,,,23:00,,,,,,,,
양문부산 동래점,부산광역시 동래구 명륜동 533-104,6,12:00,,,,23:00,,,,,,,,
갈비명가,부산광역시 동래구 명륜동 533-115,0,11:30,22:00,,,21:30,,,,,,,,
갈비명가,부산광역시 동래구 명륜동 533-115,1,11:30,22:00,,,21:30,,,,,,,,
갈비명가,부산광역시 동래구 명륜동 533-115,2,11:30,22:00,,,21:30,,,,,,,,
갈비명가,부산광역시 동래구 명륜동 533-115,3,11:30,22:00,,,21:30,,,,,,,,
갈비명가,부산광역시 동래구 명륜동 533-115,4,11:30,22:00,,,21:30,,,,,,,,
갈비명가,부산광역시 동래구 명륜동 533-115,5,11:30,22:00,,,21:30,,,,,,,,
갈비명가,부산광역시 동래구 명륜동 533-115,6,11:30,22:00,,,21:30,,,,,,,,
핵밥부산 동래점,부산광역시 동래구 명륜동 533-13,0,,,,,,,,,,,,,
핵밥부산 동래점,부산광역시 동래구 명륜동 533-13,1,,,,,,,,,,,,,
핵밥부산 동래점,부산광역시 동래구 명륜동 533-13,2,,,,,,,,,,,,,
핵밥부산 동래점,부산광역시 동래구 명륜동 533-13,3,,,,,,,,,,,,,
핵밥부산 동래점,부산광역시 동래구 명륜동 533-13,4,,,,,,,,,,,,,
핵밥부산 동래점,부산광역시 동래구 명륜동 533-13,5,,,,,,,,,,,,,
핵밥부산 동래점,부산광역시 동래구 명륜동 533-13,6,,,,,,,,,,,,,
우럭만공격,부산광역시 동래구 명륜동 533-158,0,17:00,0:00,,,,,,,,,,,
우럭만공격,부산광역시 동래구 명륜동 533-158,1,17:00,0:00,,,,,,,,,,,
우럭만공격,부산광역시 동래구 명륜동 533-158,2,17:00,0:00,,,,,,,,,,,
우럭만공격,부산광역시 동래구 명륜동 533-158,3,17:00,0:00,,,,,,,,,,,
우럭만공격,부산광역시 동래구 명륜동 533-158,4,17:00,0:00,,,,,,,,,,,
우럭만공격,부산광역시 동래구 명륜동 533-158,5,17:00,1:00,,,,,,,,,,,
우럭만공격,부산광역시 동래구 명륜동 533-158,6,17:00,1:00,,,,,,,,,,,
나누리포차,부산광역시 동래구 명륜동 533-164,0,17:00,4:00,,,,,,,,,,,
나누리포차,부산광역시 동래구 명륜동 533-164,1,,,,,,TRUE,,,,,,,
나누리포차,부산광역시 동래구 명륜동 533-164,2,17:00,4:00,,,,,,,,,,,
나누리포차,부산광역시 동래구 명륜동 533-164,3,17:00,4:00,,,,,,,,,,,
나누리포차,부산광역시 동래구 명륜동 533-164,4,17:00,4:00,,,,,,,,,,,
나누리포차,부산광역시 동래구 명륜동 533-164,5,17:00,4:00,,,,,,,,,,,
나누리포차,부산광역시 동래구 명륜동 533-164,6,17:00,4:00,,,,,,,,,,,
스케치,부산광역시 동래구 명륜동 533-171,0,11:30,22:00,,,,,,,,,,,
스케치,부산광역시 동래구 명륜동 533-171,1,,,,,,TRUE,,,,,,,
스케치,부산광역시 동래구 명륜동 533-171,2,11:30,22:00,,,,,,,,,,,
스케치,부산광역시 동래구 명륜동 533-171,3,11:30,22:00,,,,,,,,,,,
스케치,부산광역시 동래구 명륜동 533-171,4,11:30,22:00,,,,,,,,,,,
스케치,부산광역시 동래구 명륜동 533-171,5,11:30,22:00,,,,,,,,,,,
스케치,부산광역시 동래구 명륜동 533-171,6,11:30,22:00,,,,,,,,,,,
소이만,부산광역시 동래구 명륜동 533-175,0,,,,,,TRUE,,,,,,,
소이만,부산광역시 동래구 명륜동 533-175,1,17:00,2:00,,,,,,,,,,,
소이만,부산광역시 동래구 명륜동 533-175,2,17:00,2:00,,,,,,,,,,,
소이만,부산광역시 동래구 명륜동 533-175,3,17:00,2:00,,,,,,,,,,,
소이만,부산광역시 동래구 명륜동 533-175,4,17:00,2:00,,,,,,,,,,,
소이만,부산광역시 동래구 명륜동 533-175,5,17:00,2:00,,,,,,,,,,,
소이만,부산광역시 동래구 명륜동 533-175,6,17:00,2:00,,,,,,,,,,,
빡돈불탄술집,부산광역시 동래구 명륜동 533-178,0,17:00,2:00,,,,,,,,,,,
빡돈불탄술집,부산광역시 동래구 명륜동 533-178,1,17:00,2:00,,,,,,,,,,,
빡돈불탄술집,부산광역시 동래구 명륜동 533-178,2,17:00,2:00,,,,,,,,,,,
빡돈불탄술집,부산광역시 동래구 명륜동 533-178,3,17:00,2:00,,,,,,,,,,,
빡돈불탄술집,부산광역시 동래구 명륜동 533-178,4,17:00,2:00,,,,,,,,,,,
빡돈불탄술집,부산광역시 동래구 명륜동 533-178,5,17:00,2:00,,,,,,,,,,,
빡돈불탄술집,부산광역시 동래구 명륜동 533-178,6,17:00,2:00,,,,,,,,,,,
하루엔소쿠 동래역점,부산광역시 동래구 명륜동 533-216,0,,,,,,,,,,,,,
하루엔소쿠 동래역점,부산광역시 동래구 명륜동 533-216,1,,,,,,,,,,,,,
하루엔소쿠 동래역점,부산광역시 동래구 명륜동 533-216,2,,,,,,,,,,,,,
하루엔소쿠 동래역점,부산광역시 동래구 명륜동 533-216,3,,,,,,,,,,,,,
하루엔소쿠 동래역점,부산광역시 동래구 명륜동 533-216,4,,,,,,,,,,,,,
하루엔소쿠 동래역점,부산광역시 동래구 명륜동 533-216,5,,,,,,,,,,,,,
하루엔소쿠 동래역점,부산광역시 동래구 명륜동 533-216,6,,,,,,,,,,,,,
가마로강정 동래점,부산광역시 동래구 명륜동 533-229,0,,,,,,,,,,,,,
가마로강정 동래점,부산광역시 동래구 명륜동 533-229,1,,,,,,,,,,,,,
가마로강정 동래점,부산광역시 동래구 명륜동 533-229,2,,,,,,,,,,,,,
가마로강정 동래점,부산광역시 동래구 명륜동 533-229,3,,,,,,,,,,,,,
가마로강정 동래점,부산광역시 동래구 명륜동 533-229,4,,,,,,,,,,,,,
가마로강정 동래점,부산광역시 동래구 명륜동 533-229,5,,,,,,,,,,,,,
가마로강정 동래점,부산광역시 동래구 명륜동 533-229,6,,,,,,,,,,,,,
수영냉삼 동래점,부산광역시 동래구 명륜동 533-229,0,15:00,23:30,,,22:30,,,,,,,,
수영냉삼 동래점,부산광역시 동래구 명륜동 533-229,1,15:00,23:30,,,22:30,,,,,,,,
수영냉삼 동래점,부산광역시 동래구 명륜동 533-229,2,15:00,23:30,,,22:30,,,,,,,,
수영냉삼 동래점,부산광역시 동래구 명륜동 533-229,3,15:00,23:30,,,22:30,,,,,,,,
수영냉삼 동래점,부산광역시 동래구 명륜동 533-229,4,15:00,23:30,,,22:30,,,,,,,,
수영냉삼 동래점,부산광역시 동래구 명륜동 533-229,5,15:00,23:30,,,22:30,,,,,,,,
수영냉삼 동래점,부산광역시 동래구 명륜동 533-229,6,15:00,23:30,,,22:30,,,,,,,,
수유리우동집 동래역점,부산광역시 동래구 명륜동 533-229,0,,,,,,,,,,,,,
수유리우동집 동래역점,부산광역시 동래구 명륜동 533-229,1,,,,,,,,,,,,,
수유리우동집 동래역점,부산광역시 동래구 명륜동 533-229,2,,,,,,,,,,,,,
수유리우동집 동래역점,부산광역시 동래구 명륜동 533-229,3,,,,,,,,,,,,,
수유리우동집 동래역점,부산광역시 동래구 명륜동 533-229,4,,,,,,,,,,,,,
수유리우동집 동래역점,부산광역시 동래구 명륜동 533-229,5,,,,,,,,,,,,,
수유리우동집 동래역점,부산광역시 동래구 명륜동 533-229,6,,,,,,,,,,,,,
용이초밥 동래점,부산광역시 동래구 명륜동 533-229,0,11:00,22:00,,,,,,,,,,,
용이초밥 동래점,부산광역시 동래구 명륜동 533-229,1,11:00,22:00,,,,,,,,,,,
용이초밥 동래점,부산광역시 동래구 명륜동 533-229,2,11:00,22:00,,,,,,,,,,,
용이초밥 동래점,부산광역시 동래구 명륜동 533-229,3,11:00,22:00,,,,,,,,,,,
용이초밥 동래점,부산광역시 동래구 명륜동 533-229,4,11:00,22:00,,,,,,,,,,,
용이초밥 동래점,부산광역시 동래구 명륜동 533-229,5,11:00,22:00,,,,,,,,,,,
용이초밥 동래점,부산광역시 동래구 명륜동 533-229,6,11:00,22:00,,,,,,,,,,,
카츠키읔치읓,부산광역시 동래구 명륜동 533-229,0,11:00,22:00,15:30,17:00,21:30,,,,,,,,
카츠키읔치읓,부산광역시 동래구 명륜동 533-229,1,11:00,22:00,15:30,17:00,21:30,,,,,,,,
카츠키읔치읓,부산광역시 동래구 명륜동 533-229,2,11:00,22:00,15:30,17:00,21:30,,,,,,,,
카츠키읔치읓,부산광역시 동래구 명륜동 533-229,3,11:00,22:00,15:30,17:00,21:30,,,,,,,,
카츠키읔치읓,부산광역시 동래구 명륜동 533-229,4,11:00,22:00,15:30,17:00,21:30,,,,,,,,
카츠키읔치읓,부산광역시 동래구 명륜동 533-229,5,11:00,22:00,15:30,17:00,21:30,,,,,,,,
카츠키읔치읓,부산광역시 동래구 명륜동 533-229,6,11:00,22:00,15:30,17:00,21:30,,,,,,,,
코지하우스,부산광역시 동래구 명륜동 533-229,0,11:30,22:00,15:00,17:00,,,,,,,,,
코지하우스,부산광역시 동래구 명륜동 533-229,1,11:30,22:00,15:00,17:00,,,,,,,,,
코지하우스,부산광역시 동래구 명륜동 533-229,2,11:30,22:00,15:00,17:00,,,,,,,,,
코지하우스,부산광역시 동래구 명륜동 533-229,3,11:30,22:00,15:00,17:00,,,,,,,,,
코지하우스,부산광역시 동래구 명륜동 533-229,4,11:30,22:00,15:00,17:00,,,,,,,,,
코지하우스,부산광역시 동래구 명륜동 533-229,5,11:30,22:00,15:00,17:00,,,,,,,,,
코지하우스,부산광역시 동래구 명륜동 533-229,6,11:30,22:00,15:00,17:00,,,,,,,,,
한국탕화쿵푸마라탕,부산광역시 동래구 명륜동 533-27,0,,,,,,,,,,,,,
한국탕화쿵푸마라탕,부산광역시 동래구 명륜동 533-27,1,,,,,,,,,,,,,
한국탕화쿵푸마라탕,부산광역시 동래구 명륜동 533-27,2,,,,,,,,,,,,,
한국탕화쿵푸마라탕,부산광역시 동래구 명륜동 533-27,3,,,,,,,,,,,,,
한국탕화쿵푸마라탕,부산광역시 동래구 명륜동 533-27,4,,,,,,,,,,,,,
한국탕화쿵푸마라탕,부산광역시 동래구 명륜동 533-27,5,,,,,,,,,,,,,
한국탕화쿵푸마라탕,부산광역시 동래구 명륜동 533-27,6,,,,,,,,,,,,,
대양곱창연탄구이;대양곱창화덕구이,부산광역시 동래구 명륜동 533-30,0,,,,,,TRUE,,,,,,,
대양곱창연탄구이;대양곱창화덕구이,부산광역시 동래구 명륜동 533-30,1,16:00,0:00,,,,,,,,,,,
대양곱창연탄구이;대양곱창화덕구이,부산광역시 동래구 명륜동 533-30,2,16:00,0:00,,,,,,,,,,,
대양곱창연탄구이;대양곱창화덕구이,부산광역시 동래구 명륜동 533-30,3,16:00,0:00,,,,,,,,,,,
대양곱창연탄구이;대양곱창화덕구이,부산광역시 동래구 명륜동 533-30,4,16:00,0:00,,,,,,,,,,,
대양곱창연탄구이;대양곱창화덕구이,부산광역시 동래구 명륜동 533-30,5,16:00,0:00,,,,,,,,,,,
대양곱창연탄구이;대양곱창화덕구이,부산광역시 동래구 명륜동 533-30,6,16:00,0:00,,,,,,,,,,,
동래멸치국수,부산광역시 동래구 명륜동 533-31,0,,,,,,,,,,,,,
동래멸치국수,부산광역시 동래구 명륜동 533-31,1,,,,,,,,,,,,,
동래멸치국수,부산광역시 동래구 명륜동 533-31,2,,,,,,,,,,,,,
동래멸치국수,부산광역시 동래구 명륜동 533-31,3,,,,,,,,,,,,,
동래멸치국수,부산광역시 동래구 명륜동 533-31,4,,,,,,,,,,,,,
동래멸치국수,부산광역시 동래구 명륜동 533-31,5,,,,,,,,,,,,,
동래멸치국수,부산광역시 동래구 명륜동 533-31,6,,,,,,,,,,,,,
세종횟집,부산광역시 동래구 명륜동 533-41,0,,,,,,TRUE,,,,,,,
세종횟집,부산광역시 동래구 명륜동 533-41,1,11:30,22:00,,,,,,,,,,,
세종횟집,부산광역시 동래구 명륜동 533-41,2,11:30,22:00,,,,,,,,,,,
세종횟집,부산광역시 동래구 명륜동 533-41,3,11:30,22:00,,,,,,,,,,,
세종횟집,부산광역시 동래구 명륜동 533-41,4,11:30,22:00,,,,,,,,,,,
세종횟집,부산광역시 동래구 명륜동 533-41,5,11:30,22:00,,,,,,,,,,,
세종횟집,부산광역시 동래구 명륜동 533-41,6,11:30,22:00,,,,,,,,,,,
이홍델,부산광역시 동래구 명륜동 533-41,0,10:00,18:00,,,,,,,,,,,
이홍델,부산광역시 동래구 명륜동 533-41,1,10:00,15:30,,,,,,,,,,,
이홍델,부산광역시 동래구 명륜동 533-41,2,,,,,,TRUE,,,,,,,
이홍델,부산광역시 동래구 명륜동 533-41,3,10:00,18:00,,,,,,,,,,,
이홍델,부산광역시 동래구 명륜동 533-41,4,10:00,18:00,,,,,,,,,,,
이홍델,부산광역시 동래구 명륜동 533-41,5,10:00,18:00,,,,,,,,,,,
이홍델,부산광역시 동래구 명륜동 533-41,6,10:00,18:00,,,,,,,,,,,
동래수림갈비,부산광역시 동래구 명륜동 533-55,0,16:00,22:00,,,,,,,,,,,
동래수림갈비,부산광역시 동래구 명륜동 533-55,1,,,,,,TRUE,,,,,,,
동래수림갈비,부산광역시 동래구 명륜동 533-55,2,16:00,22:00,,,,,,,,,,,
동래수림갈비,부산광역시 동래구 명륜동 533-55,3,16:00,22:00,,,,,,,,,,,
동래수림갈비,부산광역시 동래구 명륜동 533-55,4,16:00,22:00,,,,,,,,,,,
동래수림갈비,부산광역시 동래구 명륜동 533-55,5,16:00,22:00,,,,,,,,,,,
동래수림갈비,부산광역시 동래구 명륜동 533-55,6,16:00,22:00,,,,,,,,,,,
심야식당홍,부산광역시 동래구 명륜동 533-57,0,18:00,6:00,,,,,,,,,,,
심야식당홍,부산광역시 동래구 명륜동 533-57,1,18:00,6:00,,,,,,,,,,,
심야식당홍,부산광역시 동래구 명륜동 533-57,2,18:00,6:00,,,,,,,,,,,
심야식당홍,부산광역시 동래구 명륜동 533-57,3,18:00,6:00,,,,,,,,,,,
심야식당홍,부산광역시 동래구 명륜동 533-57,4,18:00,6:00,,,,,,,,,,,
심야식당홍,부산광역시 동래구 명륜동 533-57,5,18:00,6:00,,,,,,,,,,,
심야식당홍,부산광역시 동래구 명륜동 533-57,6,18:00,6:00,,,,,,,,,,,
걍부산,부산광역시 동래구 명륜동 533-64,0,,,,,,,,,,,,,
걍부산,부산광역시 동래구 명륜동 533-64,1,,,,,,,,,,,,,
걍부산,부산광역시 동래구 명륜동 533-64,2,,,,,,,,,,,,,
걍부산,부산광역시 동래구 명륜동 533-64,3,,,,,,,,,,,,,
걍부산,부산광역시 동래구 명륜동 533-64,4,,,,,,,,,,,,,
걍부산,부산광역시 동래구 명륜동 533-64,5,,,,,,,,,,,,,
걍부산,부산광역시 동래구 명륜동 533-64,6,,,,,,,,,,,,,
골목오뎅빠 동래점,부산광역시 동래구 명륜동 533-66,0,17:00,1:00,,,,,,,,,,,
골목오뎅빠 동래점,부산광역시 동래구 명륜동 533-66,1,17:00,3:00,,,,,,,,,,,
골목오뎅빠 동래점,부산광역시 동래구 명륜동 533-66,2,17:00,3:00,,,,,,,,,,,
골목오뎅빠 동래점,부산광역시 동래구 명륜동 533-66,3,17:00,3:00,,,,,,,,,,,
골목오뎅빠 동래점,부산광역시 동래구 명륜동 533-66,4,17:00,3:00,,,,,,,,,,,
골목오뎅빠 동래점,부산광역시 동래구 명륜동 533-66,5,17:00,3:00,,,,,,,,,,,
골목오뎅빠 동래점,부산광역시 동래구 명륜동 533-66,6,17:00,3:00,,,,,,,,,,,
스지고집,부산광역시 동래구 명륜동 533-77,0,,,,,,TRUE,,,,,,,
스지고집,부산광역시 동래구 명륜동 533-77,1,17:00,23:00,,,,,,,,,,,
스지고집,부산광역시 동래구 명륜동 533-77,2,17:00,23:00,,,,,,,,,,,
스지고집,부산광역시 동래구 명륜동 533-77,3,17:00,23:00,,,,,,,,,,,
스지고집,부산광역시 동래구 명륜동 533-77,4,17:00,23:00,,,,,,,,,,,
스지고집,부산광역시 동래구 명륜동 533-77,5,17:00,23:00,,,,,,,,,,,
스지고집,부산광역시 동래구 명륜동 533-77,6,17:00,23:00,,,,,,,,,,,
착한동태아구찜,부산광역시 동래구 명륜동 533-79,0,,,,,,TRUE,,,,,,,
착한동태아구찜,부산광역시 동래구 명륜동 533-79,1,11:00,22:00,,,,,,,,,,,
착한동태아구찜,부산광역시 동래구 명륜동 533-79,2,11:00,22:00,,,,,,,,,,,
착한동태아구찜,부산광역시 동래구 명륜동 533-79,3,11:00,22:00,,,,,,,,,,,
착한동태아구찜,부산광역시 동래구 명륜동 533-79,4,11:00,22:00,,,,,,,,,,,
착한동태아구찜,부산광역시 동래구 명륜동 533-79,5,11:00,22:00,,,,,,,,,,,
착한동태아구찜,부산광역시 동래구 명륜동 533-79,6,11:00,22:00,,,,,,,,,,,
이자카야만디,부산광역시 동래구 명륜동 533-81,0,,,,,,TRUE,,,,,,,
이자카야만디,부산광역시 동래구 명륜동 533-81,1,18:00,0:00,,,,,,,,,,,
이자카야만디,부산광역시 동래구 명륜동 533-81,2,18:00,0:00,,,,,,,,,,,
이자카야만디,부산광역시 동래구 명륜동 533-81,3,18:00,0:00,,,,,,,,,,,
이자카야만디,부산광역시 동래구 명륜동 533-81,4,18:00,0:00,,,,,,,,,,,
이자카야만디,부산광역시 동래구 명륜동 533-81,5,18:00,0:00,,,,,,,,,,,
이자카야만디,부산광역시 동래구 명륜동 533-81,6,18:00,0:00,,,,,,,,,,,
로지오뎅 동래점,부산광역시 동래구 명륜동 533-97,0,,,,,,,,,,,,,
로지오뎅 동래점,부산광역시 동래구 명륜동 533-97,1,,,,,,,,,,,,,
로지오뎅 동래점,부산광역시 동래구 명륜동 533-97,2,,,,,,,,,,,,,
로지오뎅 동래점,부산광역시 동래구 명륜동 533-97,3,,,,,,,,,,,,,
로지오뎅 동래점,부산광역시 동래구 명륜동 533-97,4,,,,,,,,,,,,,
로지오뎅 동래점,부산광역시 동래구 명륜동 533-97,5,,,,,,,,,,,,,
로지오뎅 동래점,부산광역시 동래구 명륜동 533-97,6,,,,,,,,,,,,,
싱싱도매횟집,부산광역시 동래구 명륜동 533-97,0,16:00,0:00,,,,,,,,,,,
싱싱도매횟집,부산광역시 동래구 명륜동 533-97,1,16:00,0:00,,,,,,,,,,,
싱싱도매횟집,부산광역시 동래구 명륜동 533-97,2,16:00,0:00,,,,,,,,,,,
싱싱도매횟집,부산광역시 동래구 명륜동 533-97,3,16:00,0:00,,,,,,,,,,,
싱싱도매횟집,부산광역시 동래구 명륜동 533-97,4,16:00,0:00,,,,,,,,,,,
싱싱도매횟집,부산광역시 동래구 명륜동 533-97,5,16:00,0:00,,,,,,,,,,,
싱싱도매횟집,부산광역시 동래구 명륜동 533-97,6,16:00,0:00,,,,,,,,,,,
고촌;보쌈돼지국밥,부산광역시 동래구 명륜동 533-98,0,10:00,22:00,,,,,,,,,,,
고촌;보쌈돼지국밥,부산광역시 동래구 명륜동 533-98,1,10:00,22:00,,,,,,,,,,,
고촌;보쌈돼지국밥,부산광역시 동래구 명륜동 533-98,2,10:00,22:00,,,,,,,,,,,
고촌;보쌈돼지국밥,부산광역시 동래구 명륜동 533-98,3,10:00,22:00,,,,,,,,,,,
고촌;보쌈돼지국밥,부산광역시 동래구 명륜동 533-98,4,10:00,22:00,,,,,,,,,,,
고촌;보쌈돼지국밥,부산광역시 동래구 명륜동 533-98,5,10:00,22:00,,,,,,,,,,,
고촌;보쌈돼지국밥,부산광역시 동래구 명륜동 533-98,6,10:00,22:00,,,,,,,,,,,
153구포국수 동래역점,부산광역시 동래구 명륜동 535-2,0,12:00,,,,,,,,,,,,
153구포국수 동래역점,부산광역시 동래구 명륜동 535-2,1,12:00,,,,,,,,,,,,
153구포국수 동래역점,부산광역시 동래구 명륜동 535-2,2,12:00,,,,,,,,,,,,
153구포국수 동래역점,부산광역시 동래구 명륜동 535-2,3,12:00,,,,,,,,,,,,
153구포국수 동래역점,부산광역시 동래구 명륜동 535-2,4,12:00,,,,,,,,,,,,
153구포국수 동래역점,부산광역시 동래구 명륜동 535-2,5,12:00,,,,,,,,,,,,
153구포국수 동래역점,부산광역시 동래구 명륜동 535-2,6,12:00,,,,,,,,,,,,
맛나감자탕 동래점,부산광역시 동래구 명륜동 537,0,,,,,,,,,,,,,
맛나감자탕 동래점,부산광역시 동래구 명륜동 537,1,,,,,,,,,,,,,
맛나감자탕 동래점,부산광역시 동래구 명륜동 537,2,,,,,,,,,,,,,
맛나감자탕 동래점,부산광역시 동래구 명륜동 537,3,,,,,,,,,,,,,
맛나감자탕 동래점,부산광역시 동래구 명륜동 537,4,,,,,,,,,,,,,
맛나감자탕 동래점,부산광역시 동래구 명륜동 537,5,,,,,,,,,,,,,
맛나감자탕 동래점,부산광역시 동래구 명륜동 537,6,,,,,,,,,,,,,
오케이돼지국밥,부산광역시 동래구 명륜동 537,0,12:00,,,,,,,,,,,,
오케이돼지국밥,부산광역시 동래구 명륜동 537,1,12:00,,,,,,,,,,,,
오케이돼지국밥,부산광역시 동래구 명륜동 537,2,12:00,,,,,,,,,,,,
오케이돼지국밥,부산광역시 동래구 명륜동 537,3,12:00,,,,,,,,,,,,
오케이돼지국밥,부산광역시 동래구 명륜동 537,4,12:00,,,,,,,,,,,,
오케이돼지국밥,부산광역시 동래구 명륜동 537,5,12:00,,,,,,,,,,,,
오케이돼지국밥,부산광역시 동래구 명륜동 537,6,12:00,,,,,,,,,,,,
중경식객 동래점,부산광역시 동래구 명륜동 537,0,11:00,23:00,,,22:00,,,,,,,,
중경식객 동래점,부산광역시 동래구 명륜동 537,1,11:00,23:00,,,22:00,,,,,,,,
중경식객 동래점,부산광역시 동래구 명륜동 537,2,11:00,23:00,,,22:00,,,,,,,,
중경식객 동래점,부산광역시 동래구 명륜동 537,3,11:00,23:00,,,22:00,,,,,,,,
중경식객 동래점,부산광역시 동래구 명륜동 537,4,11:00,23:00,,,22:00,,,,,,,,
중경식객 동래점,부산광역시 동래구 명륜동 537,5,11:00,23:00,,,22:00,,,,,,,,
중경식객 동래점,부산광역시 동래구 명륜동 537,6,11:00,23:00,,,22:00,,,,,,,,
단술,부산광역시 동래구 명륜동 539-3,0,18:00,2:30,,,1:30,,,,,,,,
단술,부산광역시 동래구 명륜동 539-3,1,18:00,2:30,,,1:30,,,,,,,,
단술,부산광역시 동래구 명륜동 539-3,2,18:00,2:30,,,1:30,,,,,,,,
단술,부산광역시 동래구 명륜동 539-3,3,18:00,2:30,,,1:30,,,,,,,,
단술,부산광역시 동래구 명륜동 539-3,4,18:00,2:30,,,1:30,,,,,,,,
단술,부산광역시 동래구 명륜동 539-3,5,18:00,2:30,,,1:30,,,,,,,,
단술,부산광역시 동래구 명륜동 539-3,6,18:00,2:30,,,1:30,,,,,,,,
구구구양꼬치 동래점,부산광역시 동래구 명륜동 540,0,,,,,,TRUE,,,,,,,
구구구양꼬치 동래점,부산광역시 동래구 명륜동 540,1,16:00,1:00,,,,,,,,,,,
구구구양꼬치 동래점,부산광역시 동래구 명륜동 540,2,16:00,1:00,,,,,,,,,,,
구구구양꼬치 동래점,부산광역시 동래구 명륜동 540,3,16:00,1:00,,,,,,,,,,,
구구구양꼬치 동래점,부산광역시 동래구 명륜동 540,4,16:00,1:00,,,,,,,,,,,
구구구양꼬치 동래점,부산광역시 동래구 명륜동 540,5,16:00,1:00,,,,,,,,,,,
구구구양꼬치 동래점,부산광역시 동래구 명륜동 540,6,16:00,1:00,,,,,,,,,,,
잭팟,부산광역시 동래구 명륜동 540,0,17:00,3:00,,,1:50,,,,,,,,
잭팟,부산광역시 동래구 명륜동 540,1,,,,,,TRUE,,,,,,,
잭팟,부산광역시 동래구 명륜동 540,2,17:00,3:00,,,1:50,,,,,,,,
잭팟,부산광역시 동래구 명륜동 540,3,17:00,3:00,,,1:50,,,,,,,,
잭팟,부산광역시 동래구 명륜동 540,4,17:00,3:00,,,1:50,,,,,,,,
잭팟,부산광역시 동래구 명륜동 540,5,17:00,3:00,,,1:50,,,,,,,,
잭팟,부산광역시 동래구 명륜동 540,6,17:00,3:00,,,1:50,,,,,,,,
단성무이부산 동래점,부산광역시 동래구 명륜동 540-12,0,16:30,3:00,,,,,,,,,,,
단성무이부산 동래점,부산광역시 동래구 명륜동 540-12,1,16:30,2:00,,,,,,,,,,,
단성무이부산 동래점,부산광역시 동래구 명륜동 540-12,2,16:30,2:00,,,,,,,,,,,
단성무이부산 동래점,부산광역시 동래구 명륜동 540-12,3,16:30,2:00,,,,,,,,,,,
단성무이부산 동래점,부산광역시 동래구 명륜동 540-12,4,16:30,2:00,,,,,,,,,,,
단성무이부산 동래점,부산광역시 동래구 명륜동 540-12,5,16:30,2:00,,,,,,,,,,,
단성무이부산 동래점,부산광역시 동래구 명륜동 540-12,6,16:30,3:00,,,,,,,,,,,
별난불닭,부산광역시 동래구 명륜동 540-12,0,16:00,2:00,,,,,,,,,,,
별난불닭,부산광역시 동래구 명륜동 540-12,1,16:00,2:00,,,,,,,,,,,
별난불닭,부산광역시 동래구 명륜동 540-12,2,16:00,2:00,,,,,,,,,,,
별난불닭,부산광역시 동래구 명륜동 540-12,3,16:00,2:00,,,,,,,,,,,
별난불닭,부산광역시 동래구 명륜동 540-12,4,16:00,2:00,,,,,,,,,,,
별난불닭,부산광역시 동래구 명륜동 540-12,5,16:00,2:00,,,,,,,,,,,
별난불닭,부산광역시 동래구 명륜동 540-12,6,16:00,2:00,,,,,,,,,,,
대장군한우로스구이,부산광역시 동래구 명륜동 540-14,0,16:00,1:00,,,,,,,,,,,
대장군한우로스구이,부산광역시 동래구 명륜동 540-14,1,16:00,1:00,,,,,,,,,,,
대장군한우로스구이,부산광역시 동래구 명륜동 540-14,2,16:00,1:00,,,,,,,,,,,
대장군한우로스구이,부산광역시 동래구 명륜동 540-14,3,16:00,1:00,,,,,,,,,,,
대장군한우로스구이,부산광역시 동래구 명륜동 540-14,4,16:00,1:00,,,,,,,,,,,
대장군한우로스구이,부산광역시 동래구 명륜동 540-14,5,16:00,1:00,,,,,,,,,,,
대장군한우로스구이,부산광역시 동래구 명륜동 540-14,6,16:00,1:00,,,,,,,,,,,
한앤둘치킨,부산광역시 동래구 명륜동 540-15,0,,,,,,,,,,,,,
한앤둘치킨,부산광역시 동래구 명륜동 540-15,1,,,,,,,,,,,,,
한앤둘치킨,부산광역시 동래구 명륜동 540-15,2,,,,,,,,,,,,,
한앤둘치킨,부산광역시 동래구 명륜동 540-15,3,,,,,,,,,,,,,
한앤둘치킨,부산광역시 동래구 명륜동 540-15,4,,,,,,,,,,,,,
한앤둘치킨,부산광역시 동래구 명륜동 540-15,5,,,,,,,,,,,,,
한앤둘치킨,부산광역시 동래구 명륜동 540-15,6,,,,,,,,,,,,,
한경족발등뼈감자탕,부산광역시 동래구 명륜동 540-2,0,16:30,23:30,,,,,,,,,,,
한경족발등뼈감자탕,부산광역시 동래구 명륜동 540-2,1,16:30,23:30,,,,,,,,,,,
한경족발등뼈감자탕,부산광역시 동래구 명륜동 540-2,2,16:30,23:30,,,,,,,,,,,
한경족발등뼈감자탕,부산광역시 동래구 명륜동 540-2,3,16:30,23:30,,,,,,,,,,,
한경족발등뼈감자탕,부산광역시 동래구 명륜동 540-2,4,16:30,23:30,,,,,,,,,,,
한경족발등뼈감자탕,부산광역시 동래구 명륜동 540-2,5,16:30,23:30,,,,,,,,,,,
한경족발등뼈감자탕,부산광역시 동래구 명륜동 540-2,6,16:30,23:30,,,,,,,,,,,
한신포차 동래역점,부산광역시 동래구 명륜동 540-3,0,18:00,2:00,,,1:00,,,,,,,,
한신포차 동래역점,부산광역시 동래구 명륜동 540-3,1,18:00,2:00,,,1:00,,,,,,,,
한신포차 동래역점,부산광역시 동래구 명륜동 540-3,2,18:00,2:00,,,1:00,,,,,,,,
한신포차 동래역점,부산광역시 동래구 명륜동 540-3,3,18:00,2:00,,,1:00,,,,,,,,
한신포차 동래역점,부산광역시 동래구 명륜동 540-3,4,18:00,2:00,,,1:00,,,,,,,,
한신포차 동래역점,부산광역시 동래구 명륜동 540-3,5,18:00,2:00,,,1:00,,,,,,,,
한신포차 동래역점,부산광역시 동래구 명륜동 540-3,6,18:00,2:00,,,1:00,,,,,,,,
우리동네아쿠아리움 동래역점,부산광역시 동래구 명륜동 541-2,0,12:00,2:00,,,1:00,,,,,,,,
우리동네아쿠아리움 동래역점,부산광역시 동래구 명륜동 541-2,1,12:00,2:00,,,1:00,,,,,,,,
우리동네아쿠아리움 동래역점,부산광역시 동래구 명륜동 541-2,2,12:00,2:00,,,1:00,,,,,,,,
우리동네아쿠아리움 동래역점,부산광역시 동래구 명륜동 541-2,3,12:00,2:00,,,1:00,,,,,,,,
우리동네아쿠아리움 동래역점,부산광역시 동래구 명륜동 541-2,4,12:00,2:00,,,1:00,,,,,,,,
우리동네아쿠아리움 동래역점,부산광역시 동래구 명륜동 541-2,5,12:00,2:00,,,1:00,,,,,,,,
우리동네아쿠아리움 동래역점,부산광역시 동래구 명륜동 541-2,6,12:00,2:00,,,1:00,,,,,,,,
독도꽃새우,부산광역시 동래구 명륜동 542-1,0,17:00,0:00,,,23:20,,,,,,,,
독도꽃새우,부산광역시 동래구 명륜동 542-1,1,17:00,0:00,,,23:20,,,,,,,,
독도꽃새우,부산광역시 동래구 명륜동 542-1,2,17:00,0:00,,,23:20,,,,,,,,
독도꽃새우,부산광역시 동래구 명륜동 542-1,3,17:00,0:00,,,23:20,,,,,,,,
독도꽃새우,부산광역시 동래구 명륜동 542-1,4,17:00,0:00,,,23:20,,,,,,,,
독도꽃새우,부산광역시 동래구 명륜동 542-1,5,17:00,0:00,,,23:20,,,,,,,,
독도꽃새우,부산광역시 동래구 명륜동 542-1,6,17:00,0:00,,,23:20,,,,,,,,
월천장어,부산광역시 동래구 명륜동 542-1,0,16:00,1:00,,,,,,,,,,,
월천장어,부산광역시 동래구 명륜동 542-1,1,16:00,1:00,,,,,,,,,,,
월천장어,부산광역시 동래구 명륜동 542-1,2,16:00,1:00,,,,,,,,,,,
월천장어,부산광역시 동래구 명륜동 542-1,3,16:00,1:00,,,,,,,,,,,
월천장어,부산광역시 동래구 명륜동 542-1,4,16:00,1:00,,,,,,,,,,,
월천장어,부산광역시 동래구 명륜동 542-1,5,16:00,1:00,,,,,,,,,,,
월천장어,부산광역시 동래구 명륜동 542-1,6,16:00,1:00,,,,,,,,,,,
동래참치,부산광역시 동래구 명륜동 542-6,0,,,,,,TRUE,,,,,,,
동래참치,부산광역시 동래구 명륜동 542-6,1,16:30,0:00,,,,,,,,,,,
동래참치,부산광역시 동래구 명륜동 542-6,2,16:30,0:00,,,,,,,,,,,
동래참치,부산광역시 동래구 명륜동 542-6,3,16:30,0:00,,,,,,,,,,,
동래참치,부산광역시 동래구 명륜동 542-6,4,16:30,0:00,,,,,,,,,,,
동래참치,부산광역시 동래구 명륜동 542-6,5,16:30,1:00,,,,,,,,,,,
동래참치,부산광역시 동래구 명륜동 542-6,6,16:30,1:00,,,,,,,,,,,
루아,부산광역시 동래구 명륜동 542-6,0,20:00,2:00,,,,,,,,,,,
루아,부산광역시 동래구 명륜동 542-6,1,20:00,2:00,,,,,,,,,,,
루아,부산광역시 동래구 명륜동 542-6,2,20:00,2:00,,,,,,,,,,,
루아,부산광역시 동래구 명륜동 542-6,3,20:00,2:00,,,,,,,,,,,
루아,부산광역시 동래구 명륜동 542-6,4,20:00,2:00,,,,,,,,,,,
루아,부산광역시 동래구 명륜동 542-6,5,20:00,2:00,,,,,,,,,,,
루아,부산광역시 동래구 명륜동 542-6,6,20:00,2:00,,,,,,,,,,,
춘리마라탕 동래점,부산광역시 동래구 명륜동 542-6,0,,,,,,,,,,,,,
춘리마라탕 동래점,부산광역시 동래구 명륜동 542-6,1,,,,,,,,,,,,,
춘리마라탕 동래점,부산광역시 동래구 명륜동 542-6,2,,,,,,,,,,,,,
춘리마라탕 동래점,부산광역시 동래구 명륜동 542-6,3,,,,,,,,,,,,,
춘리마라탕 동래점,부산광역시 동래구 명륜동 542-6,4,,,,,,,,,,,,,
춘리마라탕 동래점,부산광역시 동래구 명륜동 542-6,5,,,,,,,,,,,,,
춘리마라탕 동래점,부산광역시 동래구 명륜동 542-6,6,,,,,,,,,,,,,
매운찜,부산광역시 동래구 명륜동 542-8,0,,,,,,,,,,,,,
매운찜,부산광역시 동래구 명륜동 542-8,1,,,,,,,,,,,,,
매운찜,부산광역시 동래구 명륜동 542-8,2,,,,,,,,,,,,,
매운찜,부산광역시 동래구 명륜동 542-8,3,,,,,,,,,,,,,
매운찜,부산광역시 동래구 명륜동 542-8,4,,,,,,,,,,,,,
매운찜,부산광역시 동래구 명륜동 542-8,5,,,,,,,,,,,,,
매운찜,부산광역시 동래구 명륜동 542-8,6,,,,,,,,,,,,,
동래석쇠갈비,부산광역시 동래구 명륜동 542-9,0,16:00,0:00,,,,,,,,,,,
동래석쇠갈비,부산광역시 동래구 명륜동 542-9,1,16:00,0:00,,,,,,,,,,,
동래석쇠갈비,부산광역시 동래구 명륜동 542-9,2,16:00,0:00,,,,,,,,,,,
동래석쇠갈비,부산광역시 동래구 명륜동 542-9,3,16:00,0:00,,,,,,,,,,,
동래석쇠갈비,부산광역시 동래구 명륜동 542-9,4,16:00,0:00,,,,,,,,,,,
동래석쇠갈비,부산광역시 동래구 명륜동 542-9,5,16:00,1:00,,,,,,,,,,,
동래석쇠갈비,부산광역시 동래구 명륜동 542-9,6,16:00,1:00,,,,,,,,,,,
제주옥탑,부산광역시 동래구 명륜동 542-9,0,12:00,23:30,,,,,,,,,,,
제주옥탑,부산광역시 동래구 명륜동 542-9,1,15:00,23:30,,,,,,,,,,,
제주옥탑,부산광역시 동래구 명륜동 542-9,2,15:00,23:30,,,,,,,,,,,
제주옥탑,부산광역시 동래구 명륜동 542-9,3,15:00,23:30,,,,,,,,,,,
제주옥탑,부산광역시 동래구 명륜동 542-9,4,15:00,23:30,,,,,,,,,,,
제주옥탑,부산광역시 동래구 명륜동 542-9,5,15:00,23:30,,,,,,,,,,,
제주옥탑,부산광역시 동래구 명륜동 542-9,6,12:00,23:30,,,,,,,,,,,
곱창이야기,부산광역시 동래구 명륜동 548-15,0,15:00,4:00,,,,,,,,,,,
곱창이야기,부산광역시 동래구 명륜동 548-15,1,15:00,4:00,,,,,,,,,,,
곱창이야기,부산광역시 동래구 명륜동 548-15,2,15:00,4:00,,,,,,,,,,,
곱창이야기,부산광역시 동래구 명륜동 548-15,3,15:00,4:00,,,,,,,,,,,
곱창이야기,부산광역시 동래구 명륜동 548-15,4,15:00,4:00,,,,,,,,,,,
곱창이야기,부산광역시 동래구 명륜동 548-15,5,15:00,4:00,,,,,,,,,,,
곱창이야기,부산광역시 동래구 명륜동 548-15,6,15:00,4:00,,,,,,,,,,,
지존소곱창,부산광역시 동래구 명륜동 548-26,0,14:00,2:00,,,,,,,,,,,
지존소곱창,부산광역시 동래구 명륜동 548-26,1,14:00,2:00,,,,,,,,,,,
지존소곱창,부산광역시 동래구 명륜동 548-26,2,14:00,2:00,,,,,,,,,,,
지존소곱창,부산광역시 동래구 명륜동 548-26,3,14:00,2:00,,,,,,,,,,,
지존소곱창,부산광역시 동래구 명륜동 548-26,4,14:00,2:00,,,,,,,,,,,
지존소곱창,부산광역시 동래구 명륜동 548-26,5,14:00,2:00,,,,,,,,,,,
지존소곱창,부산광역시 동래구 명륜동 548-26,6,14:00,2:00,,,,,,,,,,,
대패가조아,부산광역시 동래구 명륜동 548-28,0,14:00,0:00,,,,,,,,,,,
대패가조아,부산광역시 동래구 명륜동 548-28,1,14:00,0:00,,,,,,,,,,,
대패가조아,부산광역시 동래구 명륜동 548-28,2,14:00,0:00,,,,,,,,,,,
대패가조아,부산광역시 동래구 명륜동 548-28,3,14:00,0:00,,,,,,,,,,,
대패가조아,부산광역시 동래구 명륜동 548-28,4,14:00,0:00,,,,,,,,,,,
대패가조아,부산광역시 동래구 명륜동 548-28,5,14:00,0:00,,,,,,,,,,,
대패가조아,부산광역시 동래구 명륜동 548-28,6,14:00,0:00,,,,,,,,,,,
독도꽃새우,부산광역시 동래구 명륜동 548-30,0,16:00,1:00,,,0:40,,,,,,,,
독도꽃새우,부산광역시 동래구 명륜동 548-30,1,16:00,1:00,,,0:40,,,,,,,,
독도꽃새우,부산광역시 동래구 명륜동 548-30,2,16:00,1:00,,,0:40,,,,,,,,
독도꽃새우,부산광역시 동래구 명륜동 548-30,3,16:00,1:00,,,0:40,,,,,,,,
독도꽃새우,부산광역시 동래구 명륜동 548-30,4,16:00,1:00,,,0:40,,,,,,,,
독도꽃새우,부산광역시 동래구 명륜동 548-30,5,16:00,1:00,,,0:40,,,,,,,,
독도꽃새우,부산광역시 동래구 명륜동 548-30,6,16:00,1:00,,,0:40,,,,,,,,
오리향식당,부산광역시 동래구 명륜동 548-31,0,11:00,23:00,,,,,,,,,,,
오리향식당,부산광역시 동래구 명륜동 548-31,1,11:00,23:00,,,,,,,,,,,
오리향식당,부산광역시 동래구 명륜동 548-31,2,11:00,23:00,,,,,,,,,,,
오리향식당,부산광역시 동래구 명륜동 548-31,3,11:00,23:00,,,,,,,,,,,
오리향식당,부산광역시 동래구 명륜동 548-31,4,11:00,23:00,,,,,,,,,,,
오리향식당,부산광역시 동래구 명륜동 548-31,5,11:00,23:00,,,,,,,,,,,
오리향식당,부산광역시 동래구 명륜동 548-31,6,11:00,23:00,,,,,,,,,,,
세계맥주비어마트,부산광역시 동래구 명륜동 548-32,0,,,,,,TRUE,,,,,,,
세계맥주비어마트,부산광역시 동래구 명륜동 548-32,1,17:00,3:00,,,,,,,,,,,
세계맥주비어마트,부산광역시 동래구 명륜동 548-32,2,17:00,3:00,,,,,,,,,,,
세계맥주비어마트,부산광역시 동래구 명륜동 548-32,3,17:00,3:00,,,,,,,,,,,
세계맥주비어마트,부산광역시 동래구 명륜동 548-32,4,17:00,3:00,,,,,,,,,,,
세계맥주비어마트,부산광역시 동래구 명륜동 548-32,5,17:00,3:00,,,,,,,,,,,
세계맥주비어마트,부산광역시 동래구 명륜동 548-32,6,17:00,3:00,,,,,,,,,,,
초필살돼지구이 동래점,부산광역시 동래구 명륜동 548-38,0,16:00,1:00,,,,,,,,,,,
초필살돼지구이 동래점,부산광역시 동래구 명륜동 548-38,1,16:00,1:00,,,,,,,,,,,
초필살돼지구이 동래점,부산광역시 동래구 명륜동 548-38,2,16:00,1:00,,,,,,,,,,,
초필살돼지구이 동래점,부산광역시 동래구 명륜동 548-38,3,16:00,1:00,,,,,,,,,,,
초필살돼지구이 동래점,부산광역시 동래구 명륜동 548-38,4,16:00,1:00,,,,,,,,,,,
초필살돼지구이 동래점,부산광역시 동래구 명륜동 548-38,5,16:00,1:00,,,,,,,,,,,
초필살돼지구이 동래점,부산광역시 동래구 명륜동 548-38,6,16:00,1:00,,,,,,,,,,,
호란,부산광역시 동래구 명륜동 548-38,0,,,,,,,,,,,,,
호란,부산광역시 동래구 명륜동 548-38,1,,,,,,,,,,,,,
호란,부산광역시 동래구 명륜동 548-38,2,,,,,,,,,,,,,
호란,부산광역시 동래구 명륜동 548-38,3,,,,,,,,,,,,,
호란,부산광역시 동래구 명륜동 548-38,4,,,,,,,,,,,,,
호란,부산광역시 동래구 명륜동 548-38,5,,,,,,,,,,,,,
호란,부산광역시 동래구 명륜동 548-38,6,,,,,,,,,,,,,
디케이동키치킨 동래점,부산광역시 동래구 명륜동 548-39,0,18:00,2:00,,,,,,,,,,,
디케이동키치킨 동래점,부산광역시 동래구 명륜동 548-39,1,18:00,2:00,,,,,,,,,,,
디케이동키치킨 동래점,부산광역시 동래구 명륜동 548-39,2,18:00,2:00,,,,,,,,,,,
디케이동키치킨 동래점,부산광역시 동래구 명륜동 548-39,3,18:00,2:00,,,,,,,,,,,
디케이동키치킨 동래점,부산광역시 동래구 명륜동 548-39,4,18:00,2:00,,,,,,,,,,,
디케이동키치킨 동래점,부산광역시 동래구 명륜동 548-39,5,18:00,3:00,,,,,,,,,,,
디케이동키치킨 동래점,부산광역시 동래구 명륜동 548-39,6,18:00,3:00,,,,,,,,,,,
동래참치가게,부산광역시 동래구 명륜동 548-6,0,16:30,0:00,,,,,,,,,,,
동래참치가게,부산광역시 동래구 명륜동 548-6,1,16:30,0:00,,,,,,,,,,,
동래참치가게,부산광역시 동래구 명륜동 548-6,2,16:30,0:00,,,,,,,,,,,
동래참치가게,부산광역시 동래구 명륜동 548-6,3,16:30,0:00,,,,,,,,,,,
동래참치가게,부산광역시 동래구 명륜동 548-6,4,16:30,0:00,,,,,,,,,,,
동래참치가게,부산광역시 동래구 명륜동 548-6,5,16:30,0:00,,,,,,,,,,,
동래참치가게,부산광역시 동래구 명륜동 548-6,6,16:30,0:00,,,,,,,,,,,
사번출구,부산광역시 동래구 명륜동 548-6,0,17:30,1:00,,,,,,,,,,,
사번출구,부산광역시 동래구 명륜동 548-6,1,17:30,1:00,,,,,,,,,,,
사번출구,부산광역시 동래구 명륜동 548-6,2,17:30,1:00,,,,,,,,,,,
사번출구,부산광역시 동래구 명륜동 548-6,3,17:30,1:00,,,,,,,,,,,
사번출구,부산광역시 동래구 명륜동 548-6,4,17:30,1:00,,,,,,,,,,,
사번출구,부산광역시 동래구 명륜동 548-6,5,17:30,1:00,,,,,,,,,,,
사번출구,부산광역시 동래구 명륜동 548-6,6,17:30,1:00,,,,,,,,,,,
툰,부산광역시 동래구 명륜동 548-6,0,,,,,,,,,,,,,
툰,부산광역시 동래구 명륜동 548-6,1,,,,,,,,,,,,,
툰,부산광역시 동래구 명륜동 548-6,2,,,,,,,,,,,,,
툰,부산광역시 동래구 명륜동 548-6,3,,,,,,,,,,,,,
툰,부산광역시 동래구 명륜동 548-6,4,,,,,,,,,,,,,
툰,부산광역시 동래구 명륜동 548-6,5,,,,,,,,,,,,,
툰,부산광역시 동래구 명륜동 548-6,6,,,,,,,,,,,,,
고하순,부산광역시 동래구 명륜동 549-1,0,11:30,0:00,,,,,,,,,,,
고하순,부산광역시 동래구 명륜동 549-1,1,14:00,0:00,,,,,,,,,,,
고하순,부산광역시 동래구 명륜동 549-1,2,14:00,0:00,,,,,,,,,,,
고하순,부산광역시 동래구 명륜동 549-1,3,14:00,0:00,,,,,,,,,,,
고하순,부산광역시 동래구 명륜동 549-1,4,14:00,0:00,,,,,,,,,,,
고하순,부산광역시 동래구 명륜동 549-1,5,14:00,0:00,,,,,,,,,,,
고하순,부산광역시 동래구 명륜동 549-1,6,11:30,0:00,,,,,,,,,,,
공담,부산광역시 동래구 명륜동 549-13,0,11:30,22:00,15:30,17:10,,,,,,,,,
공담,부산광역시 동래구 명륜동 549-13,1,11:30,22:00,15:30,17:10,,,,,,,,,
공담,부산광역시 동래구 명륜동 549-13,2,11:30,22:00,15:30,17:10,,,,,,,,,
공담,부산광역시 동래구 명륜동 549-13,3,11:30,22:00,15:30,17:10,,,,,,,,,
공담,부산광역시 동래구 명륜동 549-13,4,11:30,22:00,15:30,17:10,,,,,,,,,
공담,부산광역시 동래구 명륜동 549-13,5,11:30,22:00,15:30,17:10,,,,,,,,,
공담,부산광역시 동래구 명륜동 549-13,6,11:30,22:00,15:30,17:10,,,,,,,,,
박대포소금구이,부산광역시 동래구 명륜동 549-7,0,,,,,,TRUE,,,,,,,
박대포소금구이,부산광역시 동래구 명륜동 549-7,1,17:00,23:40,,,,,,,,,,,
박대포소금구이,부산광역시 동래구 명륜동 549-7,2,17:00,23:40,,,,,,,,,,,
박대포소금구이,부산광역시 동래구 명륜동 549-7,3,17:00,23:40,,,,,,,,,,,
박대포소금구이,부산광역시 동래구 명륜동 549-7,4,17:00,23:40,,,,,,,,,,,
박대포소금구이,부산광역시 동래구 명륜동 549-7,5,17:00,23:40,,,,,,,,,,,
박대포소금구이,부산광역시 동래구 명륜동 549-7,6,17:00,23:40,,,,,,,,,,,
라운지목화동래관,부산광역시 동래구 명륜동 550-14,0,,,,,,TRUE,,,,,,,
라운지목화동래관,부산광역시 동래구 명륜동 550-14,1,17:00,1:00,,,,,,,,,,,
라운지목화동래관,부산광역시 동래구 명륜동 550-14,2,17:00,1:00,,,,,,,,,,,
라운지목화동래관,부산광역시 동래구 명륜동 550-14,3,17:00,1:00,,,,,,,,,,,
라운지목화동래관,부산광역시 동래구 명륜동 550-14,4,17:00,1:00,,,,,,,,,,,
라운지목화동래관,부산광역시 동래구 명륜동 550-14,5,17:00,2:00,,,,,,,,,,,
라운지목화동래관,부산광역시 동래구 명륜동 550-14,6,17:00,2:00,,,,,,,,,,,
올리브장작,부산광역시 동래구 명륜동 550-8,0,11:40,21:30,15:30,17:00,,,,,,,,,
올리브장작,부산광역시 동래구 명륜동 550-8,1,11:40,21:30,15:30,17:00,,,,,,,,,
올리브장작,부산광역시 동래구 명륜동 550-8,2,11:40,21:30,15:30,17:00,,,,,,,,,
올리브장작,부산광역시 동래구 명륜동 550-8,3,11:40,21:30,15:30,17:00,,,,,,,,,
올리브장작,부산광역시 동래구 명륜동 550-8,4,11:40,21:30,15:30,17:00,,,,,,,,,
올리브장작,부산광역시 동래구 명륜동 550-8,5,11:40,21:30,15:30,17:00,,,,,,,,,
올리브장작,부산광역시 동래구 명륜동 550-8,6,11:40,21:30,15:30,17:00,,,,,,,,,
홍고기집,부산광역시 동래구 명륜동 551-1,0,16:00,1:00,,,,,,,,,,,
홍고기집,부산광역시 동래구 명륜동 551-1,1,16:00,1:00,,,,,,,,,,,
홍고기집,부산광역시 동래구 명륜동 551-1,2,16:00,1:00,,,,,,,,,,,
홍고기집,부산광역시 동래구 명륜동 551-1,3,16:00,1:00,,,,,,,,,,,
홍고기집,부산광역시 동래구 명륜동 551-1,4,16:00,1:00,,,,,,,,,,,
홍고기집,부산광역시 동래구 명륜동 551-1,5,16:00,1:00,,,,,,,,,,,
홍고기집,부산광역시 동래구 명륜동 551-1,6,16:00,1:00,,,,,,,,,,,
소담,부산광역시 동래구 명륜동 551-11,0,19:00,2:00,,,,,,,,,,,
소담,부산광역시 동래구 명륜동 551-11,1,,,,,,TRUE,,,,,,,
소담,부산광역시 동래구 명륜동 551-11,2,19:00,2:00,,,,,,,,,,,
소담,부산광역시 동래구 명륜동 551-11,3,19:00,2:00,,,,,,,,,,,
소담,부산광역시 동래구 명륜동 551-11,4,19:00,2:00,,,,,,,,,,,
소담,부산광역시 동래구 명륜동 551-11,5,19:00,2:00,,,,,,,,,,,
소담,부산광역시 동래구 명륜동 551-11,6,19:00,2:00,,,,,,,,,,,
산장1988,부산광역시 동래구 명륜동 551-12,0,17:30,2:00,,,,,,,,,,,
산장1988,부산광역시 동래구 명륜동 551-12,1,17:30,2:00,,,,,,,,,,,
산장1988,부산광역시 동래구 명륜동 551-12,2,17:30,2:00,,,,,,,,,,,
산장1988,부산광역시 동래구 명륜동 551-12,3,17:30,2:00,,,,,,,,,,,
산장1988,부산광역시 동래구 명륜동 551-12,4,17:30,2:00,,,,,,,,,,,
산장1988,부산광역시 동래구 명륜동 551-12,5,17:30,2:00,,,,,,,,,,,
산장1988,부산광역시 동래구 명륜동 551-12,6,17:30,2:00,,,,,,,,,,,
논두렁추어탕,부산광역시 동래구 명륜동 551-13,0,8:00,20:00,,,,,,,,,,,
논두렁추어탕,부산광역시 동래구 명륜동 551-13,1,8:00,20:00,,,,,,,,,,,
논두렁추어탕,부산광역시 동래구 명륜동 551-13,2,8:00,20:00,,,,,,,,,,,
논두렁추어탕,부산광역시 동래구 명륜동 551-13,3,8:00,20:00,,,,,,,,,,,
논두렁추어탕,부산광역시 동래구 명륜동 551-13,4,8:00,20:00,,,,,,,,,,,
논두렁추어탕,부산광역시 동래구 명륜동 551-13,5,8:00,20:00,,,,,,,,,,,
논두렁추어탕,부산광역시 동래구 명륜동 551-13,6,8:00,20:00,,,,,,,,,,,
귀인,부산광역시 동래구 명륜동 551-14,0,16:00,0:00,,,,,,,,,,,
귀인,부산광역시 동래구 명륜동 551-14,1,16:00,0:00,,,,,,,,,,,
귀인,부산광역시 동래구 명륜동 551-14,2,16:00,0:00,,,,,,,,,,,
귀인,부산광역시 동래구 명륜동 551-14,3,16:00,0:00,,,,,,,,,,,
귀인,부산광역시 동래구 명륜동 551-14,4,16:00,0:00,,,,,,,,,,,
귀인,부산광역시 동래구 명륜동 551-14,5,16:00,0:00,,,,,,,,,,,
귀인,부산광역시 동래구 명륜동 551-14,6,16:00,0:00,,,,,,,,,,,
만복국수,부산광역시 동래구 명륜동 551-17,0,,,,,,,,,,,,,
만복국수,부산광역시 동래구 명륜동 551-17,1,,,,,,,,,,,,,
만복국수,부산광역시 동래구 명륜동 551-17,2,,,,,,,,,,,,,
만복국수,부산광역시 동래구 명륜동 551-17,3,,,,,,,,,,,,,
만복국수,부산광역시 동래구 명륜동 551-17,4,,,,,,,,,,,,,
만복국수,부산광역시 동래구 명륜동 551-17,5,,,,,,,,,,,,,
만복국수,부산광역시 동래구 명륜동 551-17,6,,,,,,,,,,,,,
로바타탄요,부산광역시 동래구 명륜동 551-2,0,17:00,0:00,,,,,,,,,,,
로바타탄요,부산광역시 동래구 명륜동 551-2,1,17:00,0:00,,,,,,,,,,,
로바타탄요,부산광역시 동래구 명륜동 551-2,2,17:00,0:00,,,,,,,,,,,
로바타탄요,부산광역시 동래구 명륜동 551-2,3,17:00,0:00,,,,,,,,,,,
로바타탄요,부산광역시 동래구 명륜동 551-2,4,17:00,0:00,,,,,,,,,,,
로바타탄요,부산광역시 동래구 명륜동 551-2,5,17:00,0:00,,,,,,,,,,,
로바타탄요,부산광역시 동래구 명륜동 551-2,6,17:00,0:00,,,,,,,,,,,
주도락부산 동래점,부산광역시 동래구 명륜동 551-23,0,,,,,,,,,,,,,
주도락부산 동래점,부산광역시 동래구 명륜동 551-23,1,,,,,,,,,,,,,
주도락부산 동래점,부산광역시 동래구 명륜동 551-23,2,,,,,,,,,,,,,
주도락부산 동래점,부산광역시 동래구 명륜동 551-23,3,,,,,,,,,,,,,
주도락부산 동래점,부산광역시 동래구 명륜동 551-23,4,,,,,,,,,,,,,
주도락부산 동래점,부산광역시 동래구 명륜동 551-23,5,,,,,,,,,,,,,
주도락부산 동래점,부산광역시 동래구 명륜동 551-23,6,,,,,,,,,,,,,
삼바리,부산광역시 동래구 명륜동 551-26,0,16:20,3:00,,,,,,,,,,,
삼바리,부산광역시 동래구 명륜동 551-26,1,16:20,2:00,,,,,,,,,,,
삼바리,부산광역시 동래구 명륜동 551-26,2,16:20,2:00,,,,,,,,,,,
삼바리,부산광역시 동래구 명륜동 551-26,3,16:20,2:00,,,,,,,,,,,
삼바리,부산광역시 동래구 명륜동 551-26,4,16:20,2:00,,,,,,,,,,,
삼바리,부산광역시 동래구 명륜동 551-26,5,16:20,2:00,,,,,,,,,,,
삼바리,부산광역시 동래구 명륜동 551-26,6,16:20,3:00,,,,,,,,,,,
동래황소야,부산광역시 동래구 명륜동 551-29,0,15:00,1:00,,,,,,,,,,,
동래황소야,부산광역시 동래구 명륜동 551-29,1,15:00,1:00,,,,,,,,,,,
동래황소야,부산광역시 동래구 명륜동 551-29,2,15:00,1:00,,,,,,,,,,,
동래황소야,부산광역시 동래구 명륜동 551-29,3,15:00,1:00,,,,,,,,,,,
동래황소야,부산광역시 동래구 명륜동 551-29,4,15:00,1:00,,,,,,,,,,,
동래황소야,부산광역시 동래구 명륜동 551-29,5,15:00,1:00,,,,,,,,,,,
동래황소야,부산광역시 동래구 명륜동 551-29,6,14:00,1:00,,,,,,,,,,,
파치파치,부산광역시 동래구 명륜동 551-3,0,18:00,0:00,,,,,,,,,,,
파치파치,부산광역시 동래구 명륜동 551-3,1,18:00,0:00,,,,,,,,,,,
파치파치,부산광역시 동래구 명륜동 551-3,2,18:00,0:00,,,,,,,,,,,
파치파치,부산광역시 동래구 명륜동 551-3,3,18:00,0:00,,,,,,,,,,,
파치파치,부산광역시 동래구 명륜동 551-3,4,18:00,0:00,,,,,,,,,,,
파치파치,부산광역시 동래구 명륜동 551-3,5,18:00,1:00,,,,,,,,,,,
파치파치,부산광역시 동래구 명륜동 551-3,6,18:00,1:00,,,,,,,,,,,
낭만장작 동래점,부산광역시 동래구 명륜동 551-30,0,16:30,23:30,,,,,,,,,,,
낭만장작 동래점,부산광역시 동래구 명륜동 551-30,1,16:30,23:30,,,,,,,,,,,
낭만장작 동래점,부산광역시 동래구 명륜동 551-30,2,16:30,23:30,,,,,,,,,,,
낭만장작 동래점,부산광역시 동래구 명륜동 551-30,3,16:30,23:30,,,,,,,,,,,
낭만장작 동래점,부산광역시 동래구 명륜동 551-30,4,16:30,23:30,,,,,,,,,,,
낭만장작 동래점,부산광역시 동래구 명륜동 551-30,5,16:30,23:30,,,,,,,,,,,
낭만장작 동래점,부산광역시 동래구 명륜동 551-30,6,16:30,23:30,,,,,,,,,,,
족다귀,부산광역시 동래구 명륜동 551-32,0,17:00,1:00,,,,,,,,,,,
족다귀,부산광역시 동래구 명륜동 551-32,1,17:00,1:00,,,,,,,,,,,
족다귀,부산광역시 동래구 명륜동 551-32,2,17:00,1:00,,,,,,,,,,,
족다귀,부산광역시 동래구 명륜동 551-32,3,17:00,1:00,,,,,,,,,,,
족다귀,부산광역시 동래구 명륜동 551-32,4,17:00,1:00,,,,,,,,,,,
족다귀,부산광역시 동래구 명륜동 551-32,5,17:00,1:00,,,,,,,,,,,
족다귀,부산광역시 동래구 명륜동 551-32,6,17:00,1:00,,,,,,,,,,,
메이드인 코리아,부산광역시 동래구 명륜동 551-33,0,16:00,1:00,,,0:00,,,,,,,,
메이드인 코리아,부산광역시 동래구 명륜동 551-33,1,16:00,1:00,,,0:00,,,,,,,,
메이드인 코리아,부산광역시 동래구 명륜동 551-33,2,16:00,1:00,,,0:00,,,,,,,,
메이드인 코리아,부산광역시 동래구 명륜동 551-33,3,16:00,1:00,,,0:00,,,,,,,,
메이드인 코리아,부산광역시 동래구 명륜동 551-33,4,16:00,1:00,,,0:00,,,,,,,,
메이드인 코리아,부산광역시 동래구 명륜동 551-33,5,16:00,1:00,,,0:00,,,,,,,,
메이드인 코리아,부산광역시 동래구 명륜동 551-33,6,16:00,1:00,,,0:00,,,,,,,,
이모카세,부산광역시 동래구 명륜동 551-4,0,,,,,,,,,,,,,
이모카세,부산광역시 동래구 명륜동 551-4,1,,,,,,,,,,,,,
이모카세,부산광역시 동래구 명륜동 551-4,2,,,,,,,,,,,,,
이모카세,부산광역시 동래구 명륜동 551-4,3,,,,,,,,,,,,,
이모카세,부산광역시 동래구 명륜동 551-4,4,,,,,,,,,,,,,
이모카세,부산광역시 동래구 명륜동 551-4,5,,,,,,,,,,,,,
이모카세,부산광역시 동래구 명륜동 551-4,6,,,,,,,,,,,,,
한우장터,부산광역시 동래구 명륜동 551-5,0,,,,,,TRUE,,,,,,,
한우장터,부산광역시 동래구 명륜동 551-5,1,16:00,12:00,,,,,,,,,,,
한우장터,부산광역시 동래구 명륜동 551-5,2,16:00,12:00,,,,,,,,,,,
한우장터,부산광역시 동래구 명륜동 551-5,3,16:00,12:00,,,,,,,,,,,
한우장터,부산광역시 동래구 명륜동 551-5,4,16:00,12:00,,,,,,,,,,,
한우장터,부산광역시 동래구 명륜동 551-5,5,16:00,12:00,,,,,,,,,,,
한우장터,부산광역시 동래구 명륜동 551-5,6,16:00,12:00,,,,,,,,,,,
불난불족,부산광역시 동래구 명륜동 551-6,0,15:00,2:00,,,,,,,,,,,
불난불족,부산광역시 동래구 명륜동 551-6,1,15:00,2:00,,,,,,,,,,,
불난불족,부산광역시 동래구 명륜동 551-6,2,15:00,2:00,,,,,,,,,,,
불난불족,부산광역시 동래구 명륜동 551-6,3,15:00,2:00,,,,,,,,,,,
불난불족,부산광역시 동래구 명륜동 551-6,4,15:00,2:00,,,,,,,,,,,
불난불족,부산광역시 동래구 명륜동 551-6,5,15:00,2:00,,,,,,,,,,,
불난불족,부산광역시 동래구 명륜동 551-6,6,15:00,2:00,,,,,,,,,,,
숯불치킨이닭,부산광역시 동래구 명륜동 551-6,0,16:00,2:00,,,,,,,,,,,
숯불치킨이닭,부산광역시 동래구 명륜동 551-6,1,,,,,,TRUE,,,,,,,
숯불치킨이닭,부산광역시 동래구 명륜동 551-6,2,16:00,2:00,,,,,,,,,,,
숯불치킨이닭,부산광역시 동래구 명륜동 551-6,3,16:00,2:00,,,,,,,,,,,
숯불치킨이닭,부산광역시 동래구 명륜동 551-6,4,16:00,2:00,,,,,,,,,,,
숯불치킨이닭,부산광역시 동래구 명륜동 551-6,5,16:00,2:00,,,,,,,,,,,
숯불치킨이닭,부산광역시 동래구 명륜동 551-6,6,16:00,2:00,,,,,,,,,,,
만벽서화,부산광역시 동래구 명륜동 551-7,0,17:00,5:00,,,,,,,,,,,
만벽서화,부산광역시 동래구 명륜동 551-7,1,17:00,2:00,,,,,,,,,,,
만벽서화,부산광역시 동래구 명륜동 551-7,2,17:00,2:00,,,,,,,,,,,
만벽서화,부산광역시 동래구 명륜동 551-7,3,17:00,2:00,,,,,,,,,,,
만벽서화,부산광역시 동래구 명륜동 551-7,4,17:00,2:00,,,,,,,,,,,
만벽서화,부산광역시 동래구 명륜동 551-7,5,17:00,2:00,,,,,,,,,,,
만벽서화,부산광역시 동래구 명륜동 551-7,6,17:00,5:00,,,,,,,,,,,
그집뱃살,부산광역시 동래구 명륜동 551-8,0,16:30,1:00,,,,,,,,,,,
그집뱃살,부산광역시 동래구 명륜동 551-8,1,16:30,1:00,,,,,,,,,,,
그집뱃살,부산광역시 동래구 명륜동 551-8,2,,,,,,TRUE,,,,,,,
그집뱃살,부산광역시 동래구 명륜동 551-8,3,16:30,1:00,,,,,,,,,,,
그집뱃살,부산광역시 동래구 명륜동 551-8,4,16:30,1:00,,,,,,,,,,,
그집뱃살,부산광역시 동래구 명륜동 551-8,5,16:30,2:00,,,,,,,,,,,
그집뱃살,부산광역시 동래구 명륜동 551-8,6,16:30,2:00,,,,,,,,,,,
군자대한곱창 동래점,부산광역시 동래구 명륜동 553-12,0,16:00,1:00,,,,,,,,,,,
군자대한곱창 동래점,부산광역시 동래구 명륜동 553-12,1,16:00,1:00,,,,,,,,,,,
군자대한곱창 동래점,부산광역시 동래구 명륜동 553-12,2,16:00,1:00,,,,,,,,,,,
군자대한곱창 동래점,부산광역시 동래구 명륜동 553-12,3,16:00,1:00,,,,,,,,,,,
군자대한곱창 동래점,부산광역시 동래구 명륜동 553-12,4,16:00,1:00,,,,,,,,,,,
군자대한곱창 동래점,부산광역시 동래구 명륜동 553-12,5,16:00,1:00,,,,,,,,,,,
군자대한곱창 동래점,부산광역시 동래구 명륜동 553-12,6,16:00,1:00,,,,,,,,,,,
육대빵 동래점,부산광역시 동래구 명륜동 553-12,0,,,,,,TRUE,,,,,,,
육대빵 동래점,부산광역시 동래구 명륜동 553-12,1,17:00,0:00,,,23:00,,,,,,,,
육대빵 동래점,부산광역시 동래구 명륜동 553-12,2,17:00,0:00,,,23:00,,,,,,,,
육대빵 동래점,부산광역시 동래구 명륜동 553-12,3,17:00,0:00,,,23:00,,,,,,,,
육대빵 동래점,부산광역시 동래구 명륜동 553-12,4,17:00,0:00,,,23:00,,,,,,,,
육대빵 동래점,부산광역시 동래구 명륜동 553-12,5,17:00,0:00,,,23:00,,,,,,,,
육대빵 동래점,부산광역시 동래구 명륜동 553-12,6,17:00,0:00,,,23:00,,,,,,,,
제일횟집,부산광역시 동래구 명륜동 553-12,0,14:00,22:00,,,,,,,,,,,
제일횟집,부산광역시 동래구 명륜동 553-12,1,14:00,22:00,,,,,,,,,,,
제일횟집,부산광역시 동래구 명륜동 553-12,2,14:00,22:00,,,,,,,,,,,
제일횟집,부산광역시 동래구 명륜동 553-12,3,14:00,22:00,,,,,,,,,,,
제일횟집,부산광역시 동래구 명륜동 553-12,4,14:00,22:00,,,,,,,,,,,
제일횟집,부산광역시 동래구 명륜동 553-12,5,14:00,22:00,,,,,,,,,,,
제일횟집,부산광역시 동래구 명륜동 553-12,6,14:00,22:00,,,,,,,,,,,
조선화로집 동래점,부산광역시 동래구 명륜동 553-12,0,11:30,2:00,,,,,,,,,,,
조선화로집 동래점,부산광역시 동래구 명륜동 553-12,1,11:30,2:00,,,,,,,,,,,
조선화로집 동래점,부산광역시 동래구 명륜동 553-12,2,11:30,2:00,,,,,,,,,,,
조선화로집 동래점,부산광역시 동래구 명륜동 553-12,3,11:30,2:00,,,,,,,,,,,
조선화로집 동래점,부산광역시 동래구 명륜동 553-12,4,11:30,2:00,,,,,,,,,,,
조선화로집 동래점,부산광역시 동래구 명륜동 553-12,5,11:30,2:00,,,,,,,,,,,
조선화로집 동래점,부산광역시 동래구 명륜동 553-12,6,11:30,2:00,,,,,,,,,,,
쭈꾸미국민삼겹,부산광역시 동래구 명륜동 553-12,0,,,,,,,,,,,,,
쭈꾸미국민삼겹,부산광역시 동래구 명륜동 553-12,1,,,,,,,,,,,,,
쭈꾸미국민삼겹,부산광역시 동래구 명륜동 553-12,2,,,,,,,,,,,,,
쭈꾸미국민삼겹,부산광역시 동래구 명륜동 553-12,3,,,,,,,,,,,,,
쭈꾸미국민삼겹,부산광역시 동래구 명륜동 553-12,4,,,,,,,,,,,,,
쭈꾸미국민삼겹,부산광역시 동래구 명륜동 553-12,5,,,,,,,,,,,,,
쭈꾸미국민삼겹,부산광역시 동래구 명륜동 553-12,6,,,,,,,,,,,,,
밀보스79,부산광역시 동래구 명륜동 553-16,0,12:00,2:00,,,,,,,,,,,
밀보스79,부산광역시 동래구 명륜동 553-16,1,12:00,2:00,,,,,,,,,,,
밀보스79,부산광역시 동래구 명륜동 553-16,2,12:00,2:00,,,,,,,,,,,
밀보스79,부산광역시 동래구 명륜동 553-16,3,12:00,2:00,,,,,,,,,,,
밀보스79,부산광역시 동래구 명륜동 553-16,4,12:00,2:00,,,,,,,,,,,
밀보스79,부산광역시 동래구 명륜동 553-16,5,12:00,2:00,,,,,,,,,,,
밀보스79,부산광역시 동래구 명륜동 553-16,6,12:00,2:00,,,,,,,,,,,
오전집,부산광역시 동래구 명륜동 553-20,0,16:00,3:00,,,,,,,,,,,
오전집,부산광역시 동래구 명륜동 553-20,1,16:00,3:00,,,,,,,,,,,
오전집,부산광역시 동래구 명륜동 553-20,2,16:00,3:00,,,,,,,,,,,
오전집,부산광역시 동래구 명륜동 553-20,3,16:00,3:00,,,,,,,,,,,
오전집,부산광역시 동래구 명륜동 553-20,4,16:00,3:00,,,,,,,,,,,
오전집,부산광역시 동래구 명륜동 553-20,5,16:00,3:00,,,,,,,,,,,
오전집,부산광역시 동래구 명륜동 553-20,6,16:00,3:00,,,,,,,,,,,
신세계,부산광역시 동래구 명륜동 553-21,0,,,,,,,,,,,,,
신세계,부산광역시 동래구 명륜동 553-21,1,,,,,,,,,,,,,
신세계,부산광역시 동래구 명륜동 553-21,2,,,,,,,,,,,,,
신세계,부산광역시 동래구 명륜동 553-21,3,,,,,,,,,,,,,
신세계,부산광역시 동래구 명륜동 553-21,4,,,,,,,,,,,,,
신세계,부산광역시 동래구 명륜동 553-21,5,,,,,,,,,,,,,
신세계,부산광역시 동래구 명륜동 553-21,6,,,,,,,,,,,,,
대패1900 동래점,부산광역시 동래구 명륜동 553-23,0,12:00,,,,,,,,,,,,
대패1900 동래점,부산광역시 동래구 명륜동 553-23,1,11:30,8:30,,,,,,,,,,,
대패1900 동래점,부산광역시 동래구 명륜동 553-23,2,11:30,8:30,,,,,,,,,,,
대패1900 동래점,부산광역시 동래구 명륜동 553-23,3,11:30,8:30,,,,,,,,,,,
대패1900 동래점,부산광역시 동래구 명륜동 553-23,4,11:30,8:30,,,,,,,,,,,
대패1900 동래점,부산광역시 동래구 명륜동 553-23,5,11:30,8:30,,,,,,,,,,,
대패1900 동래점,부산광역시 동래구 명륜동 553-23,6,12:00,,,,,,,,,,,,
그숲 동래점,부산광역시 동래구 명륜동 553-24,0,17:00,2:00,,,,,,,,,,,
그숲 동래점,부산광역시 동래구 명륜동 553-24,1,17:00,2:00,,,,,,,,,,,
그숲 동래점,부산광역시 동래구 명륜동 553-24,2,17:00,2:00,,,,,,,,,,,
그숲 동래점,부산광역시 동래구 명륜동 553-24,3,17:00,2:00,,,,,,,,,,,
그숲 동래점,부산광역시 동래구 명륜동 553-24,4,17:00,2:00,,,,,,,,,,,
그숲 동래점,부산광역시 동래구 명륜동 553-24,5,17:00,3:00,,,,,,,,,,,
그숲 동래점,부산광역시 동래구 명륜동 553-24,6,17:00,3:00,,,,,,,,,,,
월하주방,부산광역시 동래구 명륜동 553-24,0,17:00,2:00,,,,,,,,,,,
월하주방,부산광역시 동래구 명륜동 553-24,1,17:00,2:00,,,,,,,,,,,
월하주방,부산광역시 동래구 명륜동 553-24,2,17:00,2:00,,,,,,,,,,,
월하주방,부산광역시 동래구 명륜동 553-24,3,17:00,2:00,,,,,,,,,,,
월하주방,부산광역시 동래구 명륜동 553-24,4,17:00,2:00,,,,,,,,,,,
월하주방,부산광역시 동래구 명륜동 553-24,5,17:00,3:00,,,,,,,,,,,
월하주방,부산광역시 동래구 명륜동 553-24,6,17:00,3:00,,,,,,,,,,,
꾸석지돌판한우동래 직영점,부산광역시 동래구 명륜동 553-37,0,,,,,,,,,,,,,
꾸석지돌판한우동래 직영점,부산광역시 동래구 명륜동 553-37,1,,,,,,,,,,,,,
꾸석지돌판한우동래 직영점,부산광역시 동래구 명륜동 553-37,2,,,,,,,,,,,,,
꾸석지돌판한우동래 직영점,부산광역시 동래구 명륜동 553-37,3,,,,,,,,,,,,,
꾸석지돌판한우동래 직영점,부산광역시 동래구 명륜동 553-37,4,,,,,,,,,,,,,
꾸석지돌판한우동래 직영점,부산광역시 동래구 명륜동 553-37,5,,,,,,,,,,,,,
꾸석지돌판한우동래 직영점,부산광역시 동래구 명륜동 553-37,6,,,,,,,,,,,,,
철인7호,부산광역시 동래구 명륜동 553-37,0,16:00,2:00,,,,,,,,,,,
철인7호,부산광역시 동래구 명륜동 553-37,1,16:00,2:00,,,,,,,,,,,
철인7호,부산광역시 동래구 명륜동 553-37,2,16:00,2:00,,,,,,,,,,,
철인7호,부산광역시 동래구 명륜동 553-37,3,16:00,2:00,,,,,,,,,,,
철인7호,부산광역시 동래구 명륜동 553-37,4,16:00,2:00,,,,,,,,,,,
철인7호,부산광역시 동래구 명륜동 553-37,5,16:00,2:00,,,,,,,,,,,
철인7호,부산광역시 동래구 명륜동 553-37,6,16:00,2:00,,,,,,,,,,,
세광양대창부산 동래점,부산광역시 동래구 명륜동 553-40,0,,,,,,,,,,,,,
세광양대창부산 동래점,부산광역시 동래구 명륜동 553-40,1,,,,,,,,,,,,,
세광양대창부산 동래점,부산광역시 동래구 명륜동 553-40,2,,,,,,,,,,,,,
세광양대창부산 동래점,부산광역시 동래구 명륜동 553-40,3,,,,,,,,,,,,,
세광양대창부산 동래점,부산광역시 동래구 명륜동 553-40,4,,,,,,,,,,,,,
세광양대창부산 동래점,부산광역시 동래구 명륜동 553-40,5,,,,,,,,,,,,,
세광양대창부산 동래점,부산광역시 동래구 명륜동 553-40,6,,,,,,,,,,,,,
하얀집 오징어,부산광역시 동래구 명륜동 553-41,0,16:00,3:00,,,,,,,,,,,
하얀집 오징어,부산광역시 동래구 명륜동 553-41,1,16:00,3:00,,,,,,,,,,,
하얀집 오징어,부산광역시 동래구 명륜동 553-41,2,16:00,3:00,,,,,,,,,,,
하얀집 오징어,부산광역시 동래구 명륜동 553-41,3,16:00,3:00,,,,,,,,,,,
하얀집 오징어,부산광역시 동래구 명륜동 553-41,4,16:00,3:00,,,,,,,,,,,
하얀집 오징어,부산광역시 동래구 명륜동 553-41,5,16:00,3:00,,,,,,,,,,,
하얀집 오징어,부산광역시 동래구 명륜동 553-41,6,16:00,3:00,,,,,,,,,,,
이자카야우규 동래점,부산광역시 동래구 명륜동 553-43,0,,,,,,,,,,,,,
이자카야우규 동래점,부산광역시 동래구 명륜동 553-43,1,,,,,,,,,,,,,
이자카야우규 동래점,부산광역시 동래구 명륜동 553-43,2,,,,,,,,,,,,,
이자카야우규 동래점,부산광역시 동래구 명륜동 553-43,3,,,,,,,,,,,,,
이자카야우규 동래점,부산광역시 동래구 명륜동 553-43,4,,,,,,,,,,,,,
이자카야우규 동래점,부산광역시 동래구 명륜동 553-43,5,,,,,,,,,,,,,
이자카야우규 동래점,부산광역시 동래구 명륜동 553-43,6,,,,,,,,,,,,,
참치가게,부산광역시 동래구 명륜동 553-43,0,,,,,,TRUE,,,,,,,
참치가게,부산광역시 동래구 명륜동 553-43,1,16:30,0:00,,,,,,,,,,,
참치가게,부산광역시 동래구 명륜동 553-43,2,16:30,0:00,,,,,,,,,,,
참치가게,부산광역시 동래구 명륜동 553-43,3,16:30,0:00,,,,,,,,,,,
참치가게,부산광역시 동래구 명륜동 553-43,4,16:30,0:00,,,,,,,,,,,
참치가게,부산광역시 동래구 명륜동 553-43,5,16:30,1:00,,,,,,,,,,,
참치가게,부산광역시 동래구 명륜동 553-43,6,16:30,1:00,,,,,,,,,,,
바른국수,부산광역시 동래구 명륜동 553-5,0,1:00,22:00,,,,,,,,,,,
바른국수,부산광역시 동래구 명륜동 553-5,1,12:00,22:00,,,,,,,,,,,
바른국수,부산광역시 동래구 명륜동 553-5,2,12:00,22:00,,,,,,,,,,,
바른국수,부산광역시 동래구 명륜동 553-5,3,12:00,22:00,,,,,,,,,,,
바른국수,부산광역시 동래구 명륜동 553-5,4,12:00,22:00,,,,,,,,,,,
바른국수,부산광역시 동래구 명륜동 553-5,5,12:00,22:00,,,,,,,,,,,
바른국수,부산광역시 동래구 명륜동 553-5,6,12:00,22:00,,,,,,,,,,,
진심회담,부산광역시 동래구 명륜동 553-5,0,11:30,22:00,14:30,17:00,20:30,,,,,,,,
진심회담,부산광역시 동래구 명륜동 553-5,1,11:30,22:00,14:30,17:00,20:30,,,,,,,,
진심회담,부산광역시 동래구 명륜동 553-5,2,11:30,22:00,14:30,17:00,20:30,,,,,,,,
진심회담,부산광역시 동래구 명륜동 553-5,3,11:30,22:00,14:30,17:00,20:30,,,,,,,,
진심회담,부산광역시 동래구 명륜동 553-5,4,11:30,22:00,14:30,17:00,20:30,,,,,,,,
진심회담,부산광역시 동래구 명륜동 553-5,5,11:30,22:00,14:30,17:00,20:30,,,,,,,,
진심회담,부산광역시 동래구 명륜동 553-5,6,11:30,22:00,14:30,17:00,20:30,,,,,,,,
초량화성갈비,부산광역시 동래구 명륜동 553-5,0,12:00,,,,,,,,,,,,
초량화성갈비,부산광역시 동래구 명륜동 553-5,1,12:00,,,,,,,,,,,,
초량화성갈비,부산광역시 동래구 명륜동 553-5,2,12:00,,,,,,,,,,,,
초량화성갈비,부산광역시 동래구 명륜동 553-5,3,12:00,,,,,,,,,,,,
초량화성갈비,부산광역시 동래구 명륜동 553-5,4,12:00,,,,,,,,,,,,
초량화성갈비,부산광역시 동래구 명륜동 553-5,5,12:00,,,,,,,,,,,,
초량화성갈비,부산광역시 동래구 명륜동 553-5,6,12:00,,,,,,,,,,,,
림스치킨,부산광역시 동래구 명륜동 553-6,0,,,,,,,,,,,,,
림스치킨,부산광역시 동래구 명륜동 553-6,1,,,,,,,,,,,,,
림스치킨,부산광역시 동래구 명륜동 553-6,2,,,,,,,,,,,,,
림스치킨,부산광역시 동래구 명륜동 553-6,3,,,,,,,,,,,,,
림스치킨,부산광역시 동래구 명륜동 553-6,4,,,,,,,,,,,,,
림스치킨,부산광역시 동래구 명륜동 553-6,5,,,,,,,,,,,,,
림스치킨,부산광역시 동래구 명륜동 553-6,6,,,,,,,,,,,,,
밀회관 동래점,부산광역시 동래구 명륜동 553-62,0,,,,,,,,,,,,,
밀회관 동래점,부산광역시 동래구 명륜동 553-62,1,,,,,,,,,,,,,
밀회관 동래점,부산광역시 동래구 명륜동 553-62,2,,,,,,,,,,,,,
밀회관 동래점,부산광역시 동래구 명륜동 553-62,3,,,,,,,,,,,,,
밀회관 동래점,부산광역시 동래구 명륜동 553-62,4,,,,,,,,,,,,,
밀회관 동래점,부산광역시 동래구 명륜동 553-62,5,,,,,,,,,,,,,
밀회관 동래점,부산광역시 동래구 명륜동 553-62,6,,,,,,,,,,,,,
야끼야끼,부산광역시 동래구 명륜동 553-66,0,17:00,2:00,,,,,,,,,,,
야끼야끼,부산광역시 동래구 명륜동 553-66,1,17:00,2:00,,,,,,,,,,,
야끼야끼,부산광역시 동래구 명륜동 553-66,2,17:00,2:00,,,,,,,,,,,
야끼야끼,부산광역시 동래구 명륜동 553-66,3,17:00,2:00,,,,,,,,,,,
야끼야끼,부산광역시 동래구 명륜동 553-66,4,17:00,2:00,,,,,,,,,,,
야끼야끼,부산광역시 동래구 명륜동 553-66,5,17:00,2:00,,,,,,,,,,,
야끼야끼,부산광역시 동래구 명륜동 553-66,6,17:00,2:00,,,,,,,,,,,
일동실비 동래점,부산광역시 동래구 명륜동 553-66,0,17:00,1:00,,,0:30,,,,,,,,
일동실비 동래점,부산광역시 동래구 명륜동 553-66,1,17:00,1:00,,,0:30,,,,,,,,
일동실비 동래점,부산광역시 동래구 명륜동 553-66,2,17:00,1:00,,,0:30,,,,,,,,
일동실비 동래점,부산광역시 동래구 명륜동 553-66,3,17:00,1:00,,,0:30,,,,,,,,
일동실비 동래점,부산광역시 동래구 명륜동 553-66,4,17:00,1:00,,,0:30,,,,,,,,
일동실비 동래점,부산광역시 동래구 명륜동 553-66,5,17:00,1:00,,,0:30,,,,,,,,
일동실비 동래점,부산광역시 동래구 명륜동 553-66,6,17:00,1:00,,,0:30,,,,,,,,
김금자숯불갈비 동래 직영점,부산광역시 동래구 명륜동 554-10,0,15:00,2:00,,,1:00,,,,,,,,
김금자숯불갈비 동래 직영점,부산광역시 동래구 명륜동 554-10,1,15:00,2:00,,,1:00,,,,,,,,
김금자숯불갈비 동래 직영점,부산광역시 동래구 명륜동 554-10,2,15:00,2:00,,,1:00,,,,,,,,
김금자숯불갈비 동래 직영점,부산광역시 동래구 명륜동 554-10,3,15:00,2:00,,,1:00,,,,,,,,
김금자숯불갈비 동래 직영점,부산광역시 동래구 명륜동 554-10,4,15:00,2:00,,,1:00,,,,,,,,
김금자숯불갈비 동래 직영점,부산광역시 동래구 명륜동 554-10,5,15:00,2:00,,,1:00,,,,,,,,
김금자숯불갈비 동래 직영점,부산광역시 동래구 명륜동 554-10,6,15:00,2:00,,,1:00,,,,,,,,
그양양꼬치,부산광역시 동래구 명륜동 554-15,0,16:30,0:00,,,,,,,,,,,
그양양꼬치,부산광역시 동래구 명륜동 554-15,1,16:30,0:00,,,,,,,,,,,
그양양꼬치,부산광역시 동래구 명륜동 554-15,2,16:30,0:00,,,,,,,,,,,
그양양꼬치,부산광역시 동래구 명륜동 554-15,3,16:30,0:00,,,,,,,,,,,
그양양꼬치,부산광역시 동래구 명륜동 554-15,4,16:30,0:00,,,,,,,,,,,
그양양꼬치,부산광역시 동래구 명륜동 554-15,5,16:30,0:00,,,,,,,,,,,
그양양꼬치,부산광역시 동래구 명륜동 554-15,6,16:30,0:00,,,,,,,,,,,
하남돼지집,부산광역시 동래구 명륜동 554-18,0,,,,,,,,,,,,,
하남돼지집,부산광역시 동래구 명륜동 554-18,1,,,,,,,,,,,,,
하남돼지집,부산광역시 동래구 명륜동 554-18,2,,,,,,,,,,,,,
하남돼지집,부산광역시 동래구 명륜동 554-18,3,,,,,,,,,,,,,
하남돼지집,부산광역시 동래구 명륜동 554-18,4,,,,,,,,,,,,,
하남돼지집,부산광역시 동래구 명륜동 554-18,5,,,,,,,,,,,,,
하남돼지집,부산광역시 동래구 명륜동 554-18,6,,,,,,,,,,,,,
83해치 동래점,부산광역시 동래구 명륜동 554-6,0,16:00,0:30,,,23:40,,,,,,,,
83해치 동래점,부산광역시 동래구 명륜동 554-6,1,16:00,0:30,,,23:40,,,,,,,,
83해치 동래점,부산광역시 동래구 명륜동 554-6,2,16:00,0:30,,,23:40,,,,,,,,
83해치 동래점,부산광역시 동래구 명륜동 554-6,3,16:00,0:30,,,23:40,,,,,,,,
83해치 동래점,부산광역시 동래구 명륜동 554-6,4,16:00,0:30,,,23:40,,,,,,,,
83해치 동래점,부산광역시 동래구 명륜동 554-6,5,16:00,0:30,,,23:40,,,,,,,,
83해치 동래점,부산광역시 동래구 명륜동 554-6,6,16:00,0:30,,,23:40,,,,,,,,
모토이시 동래점,부산광역시 동래구 명륜동 555-10,0,13:30,2:00,,,1:00,,,,,,,,
모토이시 동래점,부산광역시 동래구 명륜동 555-10,1,13:30,2:00,,,1:00,,,,,,,,
모토이시 동래점,부산광역시 동래구 명륜동 555-10,2,13:30,2:00,,,1:00,,,,,,,,
모토이시 동래점,부산광역시 동래구 명륜동 555-10,3,13:30,2:00,,,1:00,,,,,,,,
모토이시 동래점,부산광역시 동래구 명륜동 555-10,4,13:30,2:00,,,1:00,,,,,,,,
모토이시 동래점,부산광역시 동래구 명륜동 555-10,5,13:30,2:00,,,1:00,,,,,,,,
모토이시 동래점,부산광역시 동래구 명륜동 555-10,6,13:30,2:00,,,1:00,,,,,,,,
봉봉숯불생고기,부산광역시 동래구 명륜동 555-2,0,16:00,23:00,,,,,,,,,,,
봉봉숯불생고기,부산광역시 동래구 명륜동 555-2,1,16:00,23:00,,,,,,,,,,,
봉봉숯불생고기,부산광역시 동래구 명륜동 555-2,2,16:00,23:00,,,,,,,,,,,
봉봉숯불생고기,부산광역시 동래구 명륜동 555-2,3,16:00,23:00,,,,,,,,,,,
봉봉숯불생고기,부산광역시 동래구 명륜동 555-2,4,16:00,23:00,,,,,,,,,,,
봉봉숯불생고기,부산광역시 동래구 명륜동 555-2,5,16:00,23:00,,,,,,,,,,,
봉봉숯불생고기,부산광역시 동래구 명륜동 555-2,6,16:00,23:00,,,,,,,,,,,
청춘삼겹,부산광역시 동래구 명륜동 555-4,0,14:00,0:00,,,,,,,,,,,
청춘삼겹,부산광역시 동래구 명륜동 555-4,1,14:00,0:00,,,,,,,,,,,
청춘삼겹,부산광역시 동래구 명륜동 555-4,2,14:00,0:00,,,,,,,,,,,
청춘삼겹,부산광역시 동래구 명륜동 555-4,3,14:00,0:00,,,,,,,,,,,
청춘삼겹,부산광역시 동래구 명륜동 555-4,4,14:00,0:00,,,,,,,,,,,
청춘삼겹,부산광역시 동래구 명륜동 555-4,5,14:00,1:00,,,,,,,,,,,
청춘삼겹,부산광역시 동래구 명륜동 555-4,6,14:00,1:00,,,,,,,,,,,
고기굽는남자,부산광역시 동래구 명륜동 557-10,0,,,,,,,,,,,,,
고기굽는남자,부산광역시 동래구 명륜동 557-10,1,,,,,,,,,,,,,
고기굽는남자,부산광역시 동래구 명륜동 557-10,2,,,,,,,,,,,,,
고기굽는남자,부산광역시 동래구 명륜동 557-10,3,,,,,,,,,,,,,
고기굽는남자,부산광역시 동래구 명륜동 557-10,4,,,,,,,,,,,,,
고기굽는남자,부산광역시 동래구 명륜동 557-10,5,,,,,,,,,,,,,
고기굽는남자,부산광역시 동래구 명륜동 557-10,6,,,,,,,,,,,,,
동래옥탑,부산광역시 동래구 명륜동 557-12,0,11:30,1:00,14:30,17:30,,,,,,,,,
동래옥탑,부산광역시 동래구 명륜동 557-12,1,11:30,1:00,14:30,17:30,,,,,,,,,
동래옥탑,부산광역시 동래구 명륜동 557-12,2,11:30,1:00,14:30,17:30,,,,,,,,,
동래옥탑,부산광역시 동래구 명륜동 557-12,3,11:30,1:00,14:30,17:30,,,,,,,,,
동래옥탑,부산광역시 동래구 명륜동 557-12,4,11:30,1:00,14:30,17:30,,,,,,,,,
동래옥탑,부산광역시 동래구 명륜동 557-12,5,11:30,1:00,14:30,17:30,,,,,,,,,
동래옥탑,부산광역시 동래구 명륜동 557-12,6,11:30,1:00,14:30,17:30,,,,,,,,,
생마차,부산광역시 동래구 명륜동 557-6,0,,,,,,,,,,,,,
생마차,부산광역시 동래구 명륜동 557-6,1,,,,,,,,,,,,,
생마차,부산광역시 동래구 명륜동 557-6,2,,,,,,,,,,,,,
생마차,부산광역시 동래구 명륜동 557-6,3,,,,,,,,,,,,,
생마차,부산광역시 동래구 명륜동 557-6,4,,,,,,,,,,,,,
생마차,부산광역시 동래구 명륜동 557-6,5,,,,,,,,,,,,,
생마차,부산광역시 동래구 명륜동 557-6,6,,,,,,,,,,,,,
술취한문어,부산광역시 동래구 명륜동 557-7,0,,,,,,,,,,,,,
술취한문어,부산광역시 동래구 명륜동 557-7,1,,,,,,,,,,,,,
술취한문어,부산광역시 동래구 명륜동 557-7,2,,,,,,,,,,,,,
술취한문어,부산광역시 동래구 명륜동 557-7,3,,,,,,,,,,,,,
술취한문어,부산광역시 동래구 명륜동 557-7,4,,,,,,,,,,,,,
술취한문어,부산광역시 동래구 명륜동 557-7,5,,,,,,,,,,,,,
술취한문어,부산광역시 동래구 명륜동 557-7,6,,,,,,,,,,,,,
육회의전당 동래점,부산광역시 동래구 명륜동 557-7,0,16:00,3:00,,,,,,,,,,,
육회의전당 동래점,부산광역시 동래구 명륜동 557-7,1,16:30,2:00,,,,,,,,,,,
육회의전당 동래점,부산광역시 동래구 명륜동 557-7,2,16:30,2:00,,,,,,,,,,,
육회의전당 동래점,부산광역시 동래구 명륜동 557-7,3,16:30,2:00,,,,,,,,,,,
육회의전당 동래점,부산광역시 동래구 명륜동 557-7,4,16:30,2:00,,,,,,,,,,,
육회의전당 동래점,부산광역시 동래구 명륜동 557-7,5,16:30,2:00,,,,,,,,,,,
육회의전당 동래점,부산광역시 동래구 명륜동 557-7,6,16:00,3:00,,,,,,,,,,,
제주명란돼지1,부산광역시 동래구 명륜동 557-9,0,15:00,3:00,,,,,,,,,,,
제주명란돼지1,부산광역시 동래구 명륜동 557-9,1,15:00,3:00,,,,,,,,,,,
제주명란돼지1,부산광역시 동래구 명륜동 557-9,2,15:00,3:00,,,,,,,,,,,
제주명란돼지1,부산광역시 동래구 명륜동 557-9,3,15:00,3:00,,,,,,,,,,,
제주명란돼지1,부산광역시 동래구 명륜동 557-9,4,15:00,3:00,,,,,,,,,,,
제주명란돼지1,부산광역시 동래구 명륜동 557-9,5,15:00,3:00,,,,,,,,,,,
제주명란돼지1,부산광역시 동래구 명륜동 557-9,6,15:00,3:00,,,,,,,,,,,
동래양꼬치,부산광역시 동래구 명륜동 558-9,0,16:00,0:00,,,,,,,,,,,
동래양꼬치,부산광역시 동래구 명륜동 558-9,1,16:00,0:00,,,,,,,,,,,
동래양꼬치,부산광역시 동래구 명륜동 558-9,2,16:00,0:00,,,,,,,,,,,
동래양꼬치,부산광역시 동래구 명륜동 558-9,3,16:00,0:00,,,,,,,,,,,
동래양꼬치,부산광역시 동래구 명륜동 558-9,4,16:00,0:00,,,,,,,,,,,
동래양꼬치,부산광역시 동래구 명륜동 558-9,5,16:00,1:00,,,,,,,,,,,
동래양꼬치,부산광역시 동래구 명륜동 558-9,6,16:00,1:00,,,,,,,,,,,
진이자카야,부산광역시 동래구 명륜동 559-10,0,,,,,,TRUE,,,,,,,
진이자카야,부산광역시 동래구 명륜동 559-10,1,17:00,2:00,,,1:00,,,,,,,,
진이자카야,부산광역시 동래구 명륜동 559-10,2,17:00,2:00,,,1:00,,,,,,,,
진이자카야,부산광역시 동래구 명륜동 559-10,3,17:00,2:00,,,1:00,,,,,,,,
진이자카야,부산광역시 동래구 명륜동 559-10,4,17:00,2:00,,,1:00,,,,,,,,
진이자카야,부산광역시 동래구 명륜동 559-10,5,17:00,2:00,,,1:00,,,,,,,,
진이자카야,부산광역시 동래구 명륜동 559-10,6,17:00,2:00,,,1:00,,,,,,,,
쭈닭,부산광역시 동래구 명륜동 559-12,0,17:00,0:00,,,,,,,,,,,
쭈닭,부산광역시 동래구 명륜동 559-12,1,17:00,0:00,,,,,,,,,,,
쭈닭,부산광역시 동래구 명륜동 559-12,2,17:00,0:00,,,,,,,,,,,
쭈닭,부산광역시 동래구 명륜동 559-12,3,17:00,0:00,,,,,,,,,,,
쭈닭,부산광역시 동래구 명륜동 559-12,4,17:00,0:00,,,,,,,,,,,
쭈닭,부산광역시 동래구 명륜동 559-12,5,17:00,2:00,,,,,,,,,,,
쭈닭,부산광역시 동래구 명륜동 559-12,6,17:00,2:00,,,,,,,,,,,
조선칼국수통막걸리,부산광역시 동래구 명륜동 559-13,0,16:00,3:00,,,,,,,,,,,
조선칼국수통막걸리,부산광역시 동래구 명륜동 559-13,1,16:00,3:00,,,,,,,,,,,
조선칼국수통막걸리,부산광역시 동래구 명륜동 559-13,2,16:00,3:00,,,,,,,,,,,
조선칼국수통막걸리,부산광역시 동래구 명륜동 559-13,3,16:00,3:00,,,,,,,,,,,
조선칼국수통막걸리,부산광역시 동래구 명륜동 559-13,4,16:00,3:00,,,,,,,,,,,
조선칼국수통막걸리,부산광역시 동래구 명륜동 559-13,5,16:00,3:00,,,,,,,,,,,
조선칼국수통막걸리,부산광역시 동래구 명륜동 559-13,6,16:00,3:00,,,,,,,,,,,
미식가의연어 동래점,부산광역시 동래구 명륜동 559-18,0,17:00,1:00,,,,,,,,,,,
미식가의연어 동래점,부산광역시 동래구 명륜동 559-18,1,17:00,3:00,,,,,,,,,,,
미식가의연어 동래점,부산광역시 동래구 명륜동 559-18,2,17:00,3:00,,,,,,,,,,,
미식가의연어 동래점,부산광역시 동래구 명륜동 559-18,3,17:00,3:00,,,,,,,,,,,
미식가의연어 동래점,부산광역시 동래구 명륜동 559-18,4,17:00,3:00,,,,,,,,,,,
미식가의연어 동래점,부산광역시 동래구 명륜동 559-18,5,17:00,3:00,,,,,,,,,,,
미식가의연어 동래점,부산광역시 동래구 명륜동 559-18,6,17:00,3:00,,,,,,,,,,,
더83비프,부산광역시 동래구 명륜동 559-19,0,16:00,2:00,,,,,,,,,,,
더83비프,부산광역시 동래구 명륜동 559-19,1,16:00,2:00,,,,,,,,,,,
더83비프,부산광역시 동래구 명륜동 559-19,2,16:00,2:00,,,,,,,,,,,
더83비프,부산광역시 동래구 명륜동 559-19,3,16:00,2:00,,,,,,,,,,,
더83비프,부산광역시 동래구 명륜동 559-19,4,16:00,2:00,,,,,,,,,,,
더83비프,부산광역시 동래구 명륜동 559-19,5,16:00,2:00,,,,,,,,,,,
더83비프,부산광역시 동래구 명륜동 559-19,6,16:00,2:00,,,,,,,,,,,
태영생막창 동래점,부산광역시 동래구 명륜동 559-24,0,16:00,0:00,,,23:00,,,,,,,,
태영생막창 동래점,부산광역시 동래구 명륜동 559-24,1,,,,,,TRUE,,,,,,,
태영생막창 동래점,부산광역시 동래구 명륜동 559-24,2,16:00,23:00,,,22:00,,,,,,,,
태영생막창 동래점,부산광역시 동래구 명륜동 559-24,3,16:00,23:00,,,22:00,,,,,,,,
태영생막창 동래점,부산광역시 동래구 명륜동 559-24,4,16:00,23:00,,,22:00,,,,,,,,
태영생막창 동래점,부산광역시 동래구 명륜동 559-24,5,16:00,23:00,,,22:00,,,,,,,,
태영생막창 동래점,부산광역시 동래구 명륜동 559-24,6,16:00,0:00,,,23:00,,,,,,,,
몽萌중식주점,부산광역시 동래구 명륜동 559-26,0,,,,,,TRUE,,,,,,,
몽萌중식주점,부산광역시 동래구 명륜동 559-26,1,18:00,1:00,,,0:00,,,,,,,,
몽萌중식주점,부산광역시 동래구 명륜동 559-26,2,18:00,1:00,,,0:00,,,,,,,,
몽萌중식주점,부산광역시 동래구 명륜동 559-26,3,18:00,1:00,,,0:00,,,,,,,,
몽萌중식주점,부산광역시 동래구 명륜동 559-26,4,18:00,1:00,,,0:00,,,,,,,,
몽萌중식주점,부산광역시 동래구 명륜동 559-26,5,18:00,1:00,,,0:00,,,,,,,,
몽萌중식주점,부산광역시 동래구 명륜동 559-26,6,18:00,1:00,,,0:00,,,,,,,,
좋아중식당,부산광역시 동래구 명륜동 559-30,0,10:40,22:00,,,,,,,,,,,
좋아중식당,부산광역시 동래구 명륜동 559-30,1,10:40,22:00,,,,,,,,,,,
좋아중식당,부산광역시 동래구 명륜동 559-30,2,10:40,22:00,,,,,,,,,,,
좋아중식당,부산광역시 동래구 명륜동 559-30,3,10:40,22:00,,,,,,,,,,,
좋아중식당,부산광역시 동래구 명륜동 559-30,4,10:40,22:00,,,,,,,,,,,
좋아중식당,부산광역시 동래구 명륜동 559-30,5,10:40,22:00,,,,,,,,,,,
좋아중식당,부산광역시 동래구 명륜동 559-30,6,10:40,22:00,,,,,,,,,,,
우향,부산광역시 동래구 명륜동 559-5,0,11:00,22:00,,,,,,,,,,,
우향,부산광역시 동래구 명륜동 559-5,1,11:00,22:00,,,,,,,,,,,
우향,부산광역시 동래구 명륜동 559-5,2,11:00,22:00,,,,,,,,,,,
우향,부산광역시 동래구 명륜동 559-5,3,11:00,22:00,,,,,,,,,,,
우향,부산광역시 동래구 명륜동 559-5,4,11:00,22:00,,,,,,,,,,,
우향,부산광역시 동래구 명륜동 559-5,5,11:00,22:00,,,,,,,,,,,
우향,부산광역시 동래구 명륜동 559-5,6,11:00,22:00,,,,,,,,,,,
맘스터치동래메가점,부산광역시 동래구 명륜동 560-6,0,,,,,,,,,,,,,
맘스터치동래메가점,부산광역시 동래구 명륜동 560-6,1,,,,,,,,,,,,,
맘스터치동래메가점,부산광역시 동래구 명륜동 560-6,2,,,,,,,,,,,,,
맘스터치동래메가점,부산광역시 동래구 명륜동 560-6,3,,,,,,,,,,,,,
맘스터치동래메가점,부산광역시 동래구 명륜동 560-6,4,,,,,,,,,,,,,
맘스터치동래메가점,부산광역시 동래구 명륜동 560-6,5,,,,,,,,,,,,,
맘스터치동래메가점,부산광역시 동래구 명륜동 560-6,6,,,,,,,,,,,,,
삼사오 동래점,부산광역시 동래구 명륜동 561-23,0,,,,,,,,,,,,,
삼사오 동래점,부산광역시 동래구 명륜동 561-23,1,,,,,,,,,,,,,
삼사오 동래점,부산광역시 동래구 명륜동 561-23,2,,,,,,,,,,,,,
삼사오 동래점,부산광역시 동래구 명륜동 561-23,3,,,,,,,,,,,,,
삼사오 동래점,부산광역시 동래구 명륜동 561-23,4,,,,,,,,,,,,,
삼사오 동래점,부산광역시 동래구 명륜동 561-23,5,,,,,,,,,,,,,
삼사오 동래점,부산광역시 동래구 명륜동 561-23,6,,,,,,,,,,,,,
글램,부산광역시 동래구 명륜동 564-12,0,19:30,3:00,,,,,,,,,,,
글램,부산광역시 동래구 명륜동 564-12,1,19:30,2:30,,,,,,,,,,,
글램,부산광역시 동래구 명륜동 564-12,2,19:30,2:30,,,,,,,,,,,
글램,부산광역시 동래구 명륜동 564-12,3,19:30,2:30,,,,,,,,,,,
글램,부산광역시 동래구 명륜동 564-12,4,19:30,2:30,,,,,,,,,,,
글램,부산광역시 동래구 명륜동 564-12,5,19:30,2:30,,,,,,,,,,,
글램,부산광역시 동래구 명륜동 564-12,6,19:30,3:00,,,,,,,,,,,
금빛코다리 동래점,부산광역시 동래구 명륜동 564-15,0,11:00,22:00,,,,,,,,,,,
금빛코다리 동래점,부산광역시 동래구 명륜동 564-15,1,11:00,22:00,,,,,,,,,,,
금빛코다리 동래점,부산광역시 동래구 명륜동 564-15,2,11:00,22:00,,,,,,,,,,,
금빛코다리 동래점,부산광역시 동래구 명륜동 564-15,3,11:00,22:00,,,,,,,,,,,
금빛코다리 동래점,부산광역시 동래구 명륜동 564-15,4,11:00,22:00,,,,,,,,,,,
금빛코다리 동래점,부산광역시 동래구 명륜동 564-15,5,11:00,22:00,,,,,,,,,,,
금빛코다리 동래점,부산광역시 동래구 명륜동 564-15,6,11:00,22:00,,,,,,,,,,,
삼다진족,부산광역시 동래구 명륜동 564-15,0,12:00,23:30,,,,,,,,,,,
삼다진족,부산광역시 동래구 명륜동 564-15,1,12:00,23:30,,,,,,,,,,,
삼다진족,부산광역시 동래구 명륜동 564-15,2,12:00,23:30,,,,,,,,,,,
삼다진족,부산광역시 동래구 명륜동 564-15,3,12:00,23:30,,,,,,,,,,,
삼다진족,부산광역시 동래구 명륜동 564-15,4,12:00,23:30,,,,,,,,,,,
삼다진족,부산광역시 동래구 명륜동 564-15,5,12:00,23:30,,,,,,,,,,,
삼다진족,부산광역시 동래구 명륜동 564-15,6,12:00,23:30,,,,,,,,,,,
두끼부산 동래점,부산광역시 동래구 명륜동 564-29,0,,,,,,,,,,,,,
두끼부산 동래점,부산광역시 동래구 명륜동 564-29,1,,,,,,,,,,,,,
두끼부산 동래점,부산광역시 동래구 명륜동 564-29,2,,,,,,,,,,,,,
두끼부산 동래점,부산광역시 동래구 명륜동 564-29,3,,,,,,,,,,,,,
두끼부산 동래점,부산광역시 동래구 명륜동 564-29,4,,,,,,,,,,,,,
두끼부산 동래점,부산광역시 동래구 명륜동 564-29,5,,,,,,,,,,,,,
두끼부산 동래점,부산광역시 동래구 명륜동 564-29,6,,,,,,,,,,,,,
동래블루스,부산광역시 동래구 명륜동 564-9,0,,,,,,,,,,,,,
동래블루스,부산광역시 동래구 명륜동 564-9,1,,,,,,,,,,,,,
동래블루스,부산광역시 동래구 명륜동 564-9,2,,,,,,,,,,,,,
동래블루스,부산광역시 동래구 명륜동 564-9,3,,,,,,,,,,,,,
동래블루스,부산광역시 동래구 명륜동 564-9,4,,,,,,,,,,,,,
동래블루스,부산광역시 동래구 명륜동 564-9,5,,,,,,,,,,,,,
동래블루스,부산광역시 동래구 명륜동 564-9,6,,,,,,,,,,,,,
동래이층,부산광역시 동래구 명륜동 564-9,0,,,,,,TRUE,,,,,,,
동래이층,부산광역시 동래구 명륜동 564-9,1,17:00,0:00,,,,,,,,,,,
동래이층,부산광역시 동래구 명륜동 564-9,2,17:00,0:00,,,,,,,,,,,
동래이층,부산광역시 동래구 명륜동 564-9,3,17:00,0:00,,,,,,,,,,,
동래이층,부산광역시 동래구 명륜동 564-9,4,17:00,0:00,,,,,,,,,,,
동래이층,부산광역시 동래구 명륜동 564-9,5,17:00,0:00,,,,,,,,,,,
동래이층,부산광역시 동래구 명륜동 564-9,6,17:00,0:00,,,,,,,,,,,
산성식육점,부산광역시 동래구 명륜동 564-9,0,12:00,22:30,15:00,16:30,,,,,,,,,
산성식육점,부산광역시 동래구 명륜동 564-9,1,12:00,22:30,15:00,16:30,,,,,,,,,
산성식육점,부산광역시 동래구 명륜동 564-9,2,12:00,22:30,15:00,16:30,,,,,,,,,
산성식육점,부산광역시 동래구 명륜동 564-9,3,12:00,22:30,15:00,16:30,,,,,,,,,
산성식육점,부산광역시 동래구 명륜동 564-9,4,12:00,22:30,15:00,16:30,,,,,,,,,
산성식육점,부산광역시 동래구 명륜동 564-9,5,12:00,22:30,15:00,16:30,,,,,,,,,
산성식육점,부산광역시 동래구 명륜동 564-9,6,12:00,22:30,15:00,16:30,,,,,,,,,
상무초밥부산 동래점,부산광역시 동래구 명륜동 568-6,0,,,,,,,,,,,,,
상무초밥부산 동래점,부산광역시 동래구 명륜동 568-6,1,,,,,,,,,,,,,
상무초밥부산 동래점,부산광역시 동래구 명륜동 568-6,2,,,,,,,,,,,,,
상무초밥부산 동래점,부산광역시 동래구 명륜동 568-6,3,,,,,,,,,,,,,
상무초밥부산 동래점,부산광역시 동래구 명륜동 568-6,4,,,,,,,,,,,,,
상무초밥부산 동래점,부산광역시 동래구 명륜동 568-6,5,,,,,,,,,,,,,
상무초밥부산 동래점,부산광역시 동래구 명륜동 568-6,6,,,,,,,,,,,,,
유명진의육미정담,부산광역시 동래구 명륜동 568-6,0,11:00,3:00,,,,,,,,,,,
유명진의육미정담,부산광역시 동래구 명륜동 568-6,1,11:00,3:00,,,,,,,,,,,
유명진의육미정담,부산광역시 동래구 명륜동 568-6,2,11:00,3:00,,,,,,,,,,,
유명진의육미정담,부산광역시 동래구 명륜동 568-6,3,11:00,3:00,,,,,,,,,,,
유명진의육미정담,부산광역시 동래구 명륜동 568-6,4,11:00,3:00,,,,,,,,,,,
유명진의육미정담,부산광역시 동래구 명륜동 568-6,5,11:00,3:00,,,,,,,,,,,
유명진의육미정담,부산광역시 동래구 명륜동 568-6,6,11:00,3:00,,,,,,,,,,,
더바른식당 동래점,부산광역시 동래구 명륜동 569-1,0,11:00,23:00,,,,,,,,,,,
더바른식당 동래점,부산광역시 동래구 명륜동 569-1,1,11:00,23:00,,,,,,,,,,,
더바른식당 동래점,부산광역시 동래구 명륜동 569-1,2,11:00,23:00,,,,,,,,,,,
더바른식당 동래점,부산광역시 동래구 명륜동 569-1,3,11:00,23:00,,,,,,,,,,,
더바른식당 동래점,부산광역시 동래구 명륜동 569-1,4,11:00,23:00,,,,,,,,,,,
더바른식당 동래점,부산광역시 동래구 명륜동 569-1,5,11:00,23:00,,,,,,,,,,,
더바른식당 동래점,부산광역시 동래구 명륜동 569-1,6,11:00,23:00,,,,,,,,,,,
상구네돼지구이 동래점,부산광역시 동래구 명륜동 569-1,0,,,,,,,,,,,,,
상구네돼지구이 동래점,부산광역시 동래구 명륜동 569-1,1,,,,,,,,,,,,,
상구네돼지구이 동래점,부산광역시 동래구 명륜동 569-1,2,,,,,,,,,,,,,
상구네돼지구이 동래점,부산광역시 동래구 명륜동 569-1,3,,,,,,,,,,,,,
상구네돼지구이 동래점,부산광역시 동래구 명륜동 569-1,4,,,,,,,,,,,,,
상구네돼지구이 동래점,부산광역시 동래구 명륜동 569-1,5,,,,,,,,,,,,,
상구네돼지구이 동래점,부산광역시 동래구 명륜동 569-1,6,,,,,,,,,,,,,
석암생소금구이부산 동래점,부산광역시 동래구 명륜동 569-1,0,,,,,,,,,,,,,
석암생소금구이부산 동래점,부산광역시 동래구 명륜동 569-1,1,,,,,,,,,,,,,
석암생소금구이부산 동래점,부산광역시 동래구 명륜동 569-1,2,,,,,,,,,,,,,
석암생소금구이부산 동래점,부산광역시 동래구 명륜동 569-1,3,,,,,,,,,,,,,
석암생소금구이부산 동래점,부산광역시 동래구 명륜동 569-1,4,,,,,,,,,,,,,
석암생소금구이부산 동래점,부산광역시 동래구 명륜동 569-1,5,,,,,,,,,,,,,
석암생소금구이부산 동래점,부산광역시 동래구 명륜동 569-1,6,,,,,,,,,,,,,
샤브향 동래점,부산광역시 동래구 명륜동 569-10,0,,,,,,,,,,,,,
샤브향 동래점,부산광역시 동래구 명륜동 569-10,1,,,,,,,,,,,,,
샤브향 동래점,부산광역시 동래구 명륜동 569-10,2,,,,,,,,,,,,,
샤브향 동래점,부산광역시 동래구 명륜동 569-10,3,,,,,,,,,,,,,
샤브향 동래점,부산광역시 동래구 명륜동 569-10,4,,,,,,,,,,,,,
샤브향 동래점,부산광역시 동래구 명륜동 569-10,5,,,,,,,,,,,,,
샤브향 동래점,부산광역시 동래구 명륜동 569-10,6,,,,,,,,,,,,,
꽃돼지식당,부산광역시 동래구 명륜동 569-12,0,,,,,,,,,,,,,
꽃돼지식당,부산광역시 동래구 명륜동 569-12,1,,,,,,,,,,,,,
꽃돼지식당,부산광역시 동래구 명륜동 569-12,2,,,,,,,,,,,,,
꽃돼지식당,부산광역시 동래구 명륜동 569-12,3,,,,,,,,,,,,,
꽃돼지식당,부산광역시 동래구 명륜동 569-12,4,,,,,,,,,,,,,
꽃돼지식당,부산광역시 동래구 명륜동 569-12,5,,,,,,,,,,,,,
꽃돼지식당,부산광역시 동래구 명륜동 569-12,6,,,,,,,,,,,,,
조마루감자탕식당,부산광역시 동래구 명륜동 569-15,0,,,,,,,,,,,,,
조마루감자탕식당,부산광역시 동래구 명륜동 569-15,1,,,,,,,,,,,,,
조마루감자탕식당,부산광역시 동래구 명륜동 569-15,2,,,,,,,,,,,,,
조마루감자탕식당,부산광역시 동래구 명륜동 569-15,3,,,,,,,,,,,,,
조마루감자탕식당,부산광역시 동래구 명륜동 569-15,4,,,,,,,,,,,,,
조마루감자탕식당,부산광역시 동래구 명륜동 569-15,5,,,,,,,,,,,,,
조마루감자탕식당,부산광역시 동래구 명륜동 569-15,6,,,,,,,,,,,,,
징기스 하나비 동래점,부산광역시 동래구 명륜동 569-5,0,17:00,0:00,,,23:00,,,,,,,,
징기스 하나비 동래점,부산광역시 동래구 명륜동 569-5,1,17:00,0:00,,,23:00,,,,,,,,
징기스 하나비 동래점,부산광역시 동래구 명륜동 569-5,2,17:00,0:00,,,23:00,,,,,,,,
징기스 하나비 동래점,부산광역시 동래구 명륜동 569-5,3,17:00,0:00,,,23:00,,,,,,,,
징기스 하나비 동래점,부산광역시 동래구 명륜동 569-5,4,17:00,0:00,,,23:00,,,,,,,,
징기스 하나비 동래점,부산광역시 동래구 명륜동 569-5,5,17:00,0:00,,,23:00,,,,,,,,
징기스 하나비 동래점,부산광역시 동래구 명륜동 569-5,6,17:00,0:00,,,23:00,,,,,,,,
영남식육식당 동래점,부산광역시 동래구 명륜동 570,0,11:40,22:30,14:30,16:30,,,,,,,,,
영남식육식당 동래점,부산광역시 동래구 명륜동 570,1,11:40,22:30,14:30,16:30,,,,,,,,,
영남식육식당 동래점,부산광역시 동래구 명륜동 570,2,11:40,22:30,14:30,16:30,,,,,,,,,
영남식육식당 동래점,부산광역시 동래구 명륜동 570,3,11:40,22:30,14:30,16:30,,,,,,,,,
영남식육식당 동래점,부산광역시 동래구 명륜동 570,4,11:40,22:30,14:30,16:30,,,,,,,,,
영남식육식당 동래점,부산광역시 동래구 명륜동 570,5,11:40,22:30,14:30,16:30,,,,,,,,,
영남식육식당 동래점,부산광역시 동래구 명륜동 570,6,11:40,22:30,14:30,16:30,,,,,,,,,
아재빈대떡,부산광역시 동래구 명륜동 584-1,0,,,,,,TRUE,,,,,,,
아재빈대떡,부산광역시 동래구 명륜동 584-1,1,17:00,0:00,,,,,,,,,,,
아재빈대떡,부산광역시 동래구 명륜동 584-1,2,17:00,0:00,,,,,,,,,,,
아재빈대떡,부산광역시 동래구 명륜동 584-1,3,17:00,0:00,,,,,,,,,,,
아재빈대떡,부산광역시 동래구 명륜동 584-1,4,17:00,0:00,,,,,,,,,,,
아재빈대떡,부산광역시 동래구 명륜동 584-1,5,17:00,0:00,,,,,,,,,,,
아재빈대떡,부산광역시 동래구 명륜동 584-1,6,17:00,0:00,,,,,,,,,,,
내공초밥동래 직영점,부산광역시 동래구 명륜동 614-3,0,10:40,21:30,,,,,,,,,,,
내공초밥동래 직영점,부산광역시 동래구 명륜동 614-3,1,10:40,21:30,,,,,,,,,,,
내공초밥동래 직영점,부산광역시 동래구 명륜동 614-3,2,10:40,21:30,,,,,,,,,,,
내공초밥동래 직영점,부산광역시 동래구 명륜동 614-3,3,10:40,21:30,,,,,,,,,,,
내공초밥동래 직영점,부산광역시 동래구 명륜동 614-3,4,10:40,21:30,,,,,,,,,,,
내공초밥동래 직영점,부산광역시 동래구 명륜동 614-3,5,10:40,21:30,,,,,,,,,,,
내공초밥동래 직영점,부산광역시 동래구 명륜동 614-3,6,10:40,21:30,,,,,,,,,,,
오노고로,부산광역시 동래구 명륜동 616-1,0,11:30,23:00,15:00,17:00,22:00,,,,,,,,
오노고로,부산광역시 동래구 명륜동 616-1,1,,,,,,TRUE,,,,,,,
오노고로,부산광역시 동래구 명륜동 616-1,2,11:30,23:00,15:00,17:00,22:00,,,,,,,,
오노고로,부산광역시 동래구 명륜동 616-1,3,11:30,23:00,15:00,17:00,22:00,,,,,,,,
오노고로,부산광역시 동래구 명륜동 616-1,4,11:30,23:00,15:00,17:00,22:00,,,,,,,,
오노고로,부산광역시 동래구 명륜동 616-1,5,11:30,23:00,15:00,17:00,22:00,,,,,,,,
오노고로,부산광역시 동래구 명륜동 616-1,6,11:30,23:00,15:00,17:00,22:00,,,,,,,,
7번가피자 동래점,부산광역시 동래구 명륜동 637-5,0,,,,,,,,,,,,,
7번가피자 동래점,부산광역시 동래구 명륜동 637-5,1,,,,,,,,,,,,,
7번가피자 동래점,부산광역시 동래구 명륜동 637-5,2,,,,,,,,,,,,,
7번가피자 동래점,부산광역시 동래구 명륜동 637-5,3,,,,,,,,,,,,,
7번가피자 동래점,부산광역시 동래구 명륜동 637-5,4,,,,,,,,,,,,,
7번가피자 동래점,부산광역시 동래구 명륜동 637-5,5,,,,,,,,,,,,,
7번가피자 동래점,부산광역시 동래구 명륜동 637-5,6,,,,,,,,,,,,,
프랭크버거부산명륜점,부산광역시 동래구 명륜동 637-5,0,,,,,,,,,,,,,
프랭크버거부산명륜점,부산광역시 동래구 명륜동 637-5,1,,,,,,,,,,,,,
프랭크버거부산명륜점,부산광역시 동래구 명륜동 637-5,2,,,,,,,,,,,,,
프랭크버거부산명륜점,부산광역시 동래구 명륜동 637-5,3,,,,,,,,,,,,,
프랭크버거부산명륜점,부산광역시 동래구 명륜동 637-5,4,,,,,,,,,,,,,
프랭크버거부산명륜점,부산광역시 동래구 명륜동 637-5,5,,,,,,,,,,,,,
프랭크버거부산명륜점,부산광역시 동래구 명륜동 637-5,6,,,,,,,,,,,,,
유나커피.맥주,부산광역시 동래구 명륜동 638-19,0,,,,,,,,,,,,,
유나커피.맥주,부산광역시 동래구 명륜동 638-19,1,,,,,,,,,,,,,
유나커피.맥주,부산광역시 동래구 명륜동 638-19,2,,,,,,,,,,,,,
유나커피.맥주,부산광역시 동래구 명륜동 638-19,3,,,,,,,,,,,,,
유나커피.맥주,부산광역시 동래구 명륜동 638-19,4,,,,,,,,,,,,,
유나커피.맥주,부산광역시 동래구 명륜동 638-19,5,,,,,,,,,,,,,
유나커피.맥주,부산광역시 동래구 명륜동 638-19,6,,,,,,,,,,,,,
동래안집숯불갈비,부산광역시 동래구 명륜동 644-4,0,11:00,22:00,,,21:10,,,,,,,,
동래안집숯불갈비,부산광역시 동래구 명륜동 644-4,1,11:00,22:00,,,21:10,,,,,,,,
동래안집숯불갈비,부산광역시 동래구 명륜동 644-4,2,,,,,,TRUE,,,,,,,
동래안집숯불갈비,부산광역시 동래구 명륜동 644-4,3,11:00,22:00,,,21:10,,,,,,,,
동래안집숯불갈비,부산광역시 동래구 명륜동 644-4,4,11:00,22:00,,,21:10,,,,,,,,
동래안집숯불갈비,부산광역시 동래구 명륜동 644-4,5,11:00,22:00,,,21:10,,,,,,,,
동래안집숯불갈비,부산광역시 동래구 명륜동 644-4,6,11:00,22:00,,,21:10,,,,,,,,
이대로에프앤비,부산광역시 동래구 명륜동 644-4,0,,,,,,,,,,,,,
이대로에프앤비,부산광역시 동래구 명륜동 644-4,1,,,,,,,,,,,,,
이대로에프앤비,부산광역시 동래구 명륜동 644-4,2,,,,,,,,,,,,,
이대로에프앤비,부산광역시 동래구 명륜동 644-4,3,,,,,,,,,,,,,
이대로에프앤비,부산광역시 동래구 명륜동 644-4,4,,,,,,,,,,,,,
이대로에프앤비,부산광역시 동래구 명륜동 644-4,5,,,,,,,,,,,,,
이대로에프앤비,부산광역시 동래구 명륜동 644-4,6,,,,,,,,,,,,,
고고365,부산광역시 동래구 명륜동 644-8,0,11:00,22:00,,,21:00,,,,,,,,
고고365,부산광역시 동래구 명륜동 644-8,1,11:00,22:00,,,21:00,,,,,,,,
고고365,부산광역시 동래구 명륜동 644-8,2,11:00,22:00,,,21:00,,,,,,,,
고고365,부산광역시 동래구 명륜동 644-8,3,11:00,22:00,,,21:00,,,,,,,,
고고365,부산광역시 동래구 명륜동 644-8,4,11:00,22:00,,,21:00,,,,,,,,
고고365,부산광역시 동래구 명륜동 644-8,5,11:00,22:00,,,21:00,,,,,,,,
고고365,부산광역시 동래구 명륜동 644-8,6,11:00,22:00,,,21:00,,,,,,,,
교촌치킨명륜점,부산광역시 동래구 명륜동 644-9,0,,,,,,,,,,,,,
교촌치킨명륜점,부산광역시 동래구 명륜동 644-9,1,,,,,,,,,,,,,
교촌치킨명륜점,부산광역시 동래구 명륜동 644-9,2,,,,,,,,,,,,,
교촌치킨명륜점,부산광역시 동래구 명륜동 644-9,3,,,,,,,,,,,,,
교촌치킨명륜점,부산광역시 동래구 명륜동 644-9,4,,,,,,,,,,,,,
교촌치킨명륜점,부산광역시 동래구 명륜동 644-9,5,,,,,,,,,,,,,
교촌치킨명륜점,부산광역시 동래구 명륜동 644-9,6,,,,,,,,,,,,,
아웃백딜리버리부산명륜점,부산광역시 동래구 명륜동 644-9,0,,,,,,,,,,,,,
아웃백딜리버리부산명륜점,부산광역시 동래구 명륜동 644-9,1,,,,,,,,,,,,,
아웃백딜리버리부산명륜점,부산광역시 동래구 명륜동 644-9,2,,,,,,,,,,,,,
아웃백딜리버리부산명륜점,부산광역시 동래구 명륜동 644-9,3,,,,,,,,,,,,,
아웃백딜리버리부산명륜점,부산광역시 동래구 명륜동 644-9,4,,,,,,,,,,,,,
아웃백딜리버리부산명륜점,부산광역시 동래구 명륜동 644-9,5,,,,,,,,,,,,,
아웃백딜리버리부산명륜점,부산광역시 동래구 명륜동 644-9,6,,,,,,,,,,,,,
유안집,부산광역시 동래구 명륜동 651-4,0,17:00,1:00,,,,,,,,,,,
유안집,부산광역시 동래구 명륜동 651-4,1,,,,,,TRUE,,,,,,,
유안집,부산광역시 동래구 명륜동 651-4,2,17:00,1:00,,,,,,,,,,,
유안집,부산광역시 동래구 명륜동 651-4,3,17:00,1:00,,,,,,,,,,,
유안집,부산광역시 동래구 명륜동 651-4,4,17:00,1:00,,,,,,,,,,,
유안집,부산광역시 동래구 명륜동 651-4,5,17:00,1:00,,,,,,,,,,,
유안집,부산광역시 동래구 명륜동 651-4,6,17:00,1:00,,,,,,,,,,,
로드사이드,부산광역시 동래구 명륜동 65-34,0,,,,,,TRUE,,,,,,,
로드사이드,부산광역시 동래구 명륜동 65-34,1,11:00,21:00,,,20:00,,,,,,,,
로드사이드,부산광역시 동래구 명륜동 65-34,2,11:00,21:00,,,20:00,,,,,,,,
로드사이드,부산광역시 동래구 명륜동 65-34,3,11:00,21:00,,,20:00,,,,,,,,
로드사이드,부산광역시 동래구 명륜동 65-34,4,11:00,21:00,,,20:00,,,,,,,,
로드사이드,부산광역시 동래구 명륜동 65-34,5,11:00,21:00,,,20:00,,,,,,,,
로드사이드,부산광역시 동래구 명륜동 65-34,6,11:00,21:00,,,20:00,,,,,,,,
오시게크래프트,부산광역시 동래구 명륜동 669-11,0,18:00,1:00,,,,,,,,,,,
오시게크래프트,부산광역시 동래구 명륜동 669-11,1,18:00,1:00,,,,,,,,,,,
오시게크래프트,부산광역시 동래구 명륜동 669-11,2,18:00,1:00,,,,,,,,,,,
오시게크래프트,부산광역시 동래구 명륜동 669-11,3,18:00,1:00,,,,,,,,,,,
오시게크래프트,부산광역시 동래구 명륜동 669-11,4,18:00,1:00,,,,,,,,,,,
오시게크래프트,부산광역시 동래구 명륜동 669-11,5,18:00,1:00,,,,,,,,,,,
오시게크래프트,부산광역시 동래구 명륜동 669-11,6,18:00,1:00,,,,,,,,,,,
더라온,부산광역시 동래구 명륜동 669-14,0,10:30,21:00,,,,,,,,,,,
더라온,부산광역시 동래구 명륜동 669-14,1,10:30,21:00,,,,,,,,,,,
더라온,부산광역시 동래구 명륜동 669-14,2,10:30,21:00,,,,,,,,,,,
더라온,부산광역시 동래구 명륜동 669-14,3,10:30,21:00,,,,,,,,,,,
더라온,부산광역시 동래구 명륜동 669-14,4,10:30,21:00,,,,,,,,,,,
더라온,부산광역시 동래구 명륜동 669-14,5,10:30,21:00,,,,,,,,,,,
더라온,부산광역시 동래구 명륜동 669-14,6,10:30,21:00,,,,,,,,,,,
최고의맛&가성비귀족향1등 본점,부산광역시 동래구 명륜동 669-17,0,11:00,2:50,,,,,,,,,,,
최고의맛&가성비귀족향1등 본점,부산광역시 동래구 명륜동 669-17,1,16:30,1:00,,,,,,,,,,,
최고의맛&가성비귀족향1등 본점,부산광역시 동래구 명륜동 669-17,2,16:30,1:00,,,,,,,,,,,
최고의맛&가성비귀족향1등 본점,부산광역시 동래구 명륜동 669-17,3,16:30,1:00,,,,,,,,,,,
최고의맛&가성비귀족향1등 본점,부산광역시 동래구 명륜동 669-17,4,,,,,,TRUE,,,,,,,
최고의맛&가성비귀족향1등 본점,부산광역시 동래구 명륜동 669-17,5,16:00,1:50,,,,,,,,,,,
최고의맛&가성비귀족향1등 본점,부산광역시 동래구 명륜동 669-17,6,11:00,2:50,,,,,,,,,,,
오다,부산광역시 동래구 명륜동 671-13,0,,,,,,TRUE,,,,,,,
오다,부산광역시 동래구 명륜동 671-13,1,17:00,23:00,,,,,,,,,,,
오다,부산광역시 동래구 명륜동 671-13,2,17:00,23:00,,,,,,,,,,,
오다,부산광역시 동래구 명륜동 671-13,3,17:00,23:00,,,,,,,,,,,
오다,부산광역시 동래구 명륜동 671-13,4,17:00,23:00,,,,,,,,,,,
오다,부산광역시 동래구 명륜동 671-13,5,17:00,23:00,,,,,,,,,,,
오다,부산광역시 동래구 명륜동 671-13,6,17:00,23:00,,,,,,,,,,,
명륜고려삼계탕,부산광역시 동래구 명륜동 671-7,0,10:30,21:00,,,,,,,,,,,
명륜고려삼계탕,부산광역시 동래구 명륜동 671-7,1,10:30,21:00,,,,,,,,,,,
명륜고려삼계탕,부산광역시 동래구 명륜동 671-7,2,10:30,21:00,,,,,,,,,,,
명륜고려삼계탕,부산광역시 동래구 명륜동 671-7,3,10:30,21:00,,,,,,,,,,,
명륜고려삼계탕,부산광역시 동래구 명륜동 671-7,4,10:30,21:00,,,,,,,,,,,
명륜고려삼계탕,부산광역시 동래구 명륜동 671-7,5,10:30,21:00,,,,,,,,,,,
명륜고려삼계탕,부산광역시 동래구 명륜동 671-7,6,10:30,21:00,,,,,,,,,,,
고은날칼국수,부산광역시 동래구 명륜동 672-13,0,,,,,,TRUE,,,,,,,
고은날칼국수,부산광역시 동래구 명륜동 672-13,1,9:30,0:00,,,,,,,,,,,
고은날칼국수,부산광역시 동래구 명륜동 672-13,2,9:30,0:00,,,,,,,,,,,
고은날칼국수,부산광역시 동래구 명륜동 672-13,3,9:30,0:00,,,,,,,,,,,
고은날칼국수,부산광역시 동래구 명륜동 672-13,4,9:30,0:00,,,,,,,,,,,
고은날칼국수,부산광역시 동래구 명륜동 672-13,5,9:30,0:00,,,,,,,,,,,
고은날칼국수,부산광역시 동래구 명륜동 672-13,6,9:30,0:00,,,,,,,,,,,
만옥당,부산광역시 동래구 명륜동 672-18,0,11:00,20:00,,,19:40,,,,,,,,
만옥당,부산광역시 동래구 명륜동 672-18,1,11:00,20:00,,,19:40,,,,,,,,
만옥당,부산광역시 동래구 명륜동 672-18,2,11:00,20:00,,,19:40,,,,,,,,
만옥당,부산광역시 동래구 명륜동 672-18,3,11:00,20:00,,,19:40,,,,,,,,
만옥당,부산광역시 동래구 명륜동 672-18,4,11:00,20:00,,,19:40,,,,,,,,
만옥당,부산광역시 동래구 명륜동 672-18,5,11:00,20:00,,,19:40,,,,,,,,
만옥당,부산광역시 동래구 명륜동 672-18,6,11:00,20:00,,,19:40,,,,,,,,
화계숯불구이,부산광역시 동래구 명륜동 672-19,0,16:00,1:00,,,,,,,,,,,
화계숯불구이,부산광역시 동래구 명륜동 672-19,1,16:00,1:00,,,,,,,,,,,
화계숯불구이,부산광역시 동래구 명륜동 672-19,2,16:00,1:00,,,,,,,,,,,
화계숯불구이,부산광역시 동래구 명륜동 672-19,3,16:00,1:00,,,,,,,,,,,
화계숯불구이,부산광역시 동래구 명륜동 672-19,4,16:00,1:00,,,,,,,,,,,
화계숯불구이,부산광역시 동래구 명륜동 672-19,5,16:00,1:00,,,,,,,,,,,
화계숯불구이,부산광역시 동래구 명륜동 672-19,6,16:00,1:00,,,,,,,,,,,
비비큐부산명륜점,부산광역시 동래구 명륜동 673-12,0,,,,,,,,,,,,,
비비큐부산명륜점,부산광역시 동래구 명륜동 673-12,1,,,,,,,,,,,,,
비비큐부산명륜점,부산광역시 동래구 명륜동 673-12,2,,,,,,,,,,,,,
비비큐부산명륜점,부산광역시 동래구 명륜동 673-12,3,,,,,,,,,,,,,
비비큐부산명륜점,부산광역시 동래구 명륜동 673-12,4,,,,,,,,,,,,,
비비큐부산명륜점,부산광역시 동래구 명륜동 673-12,5,,,,,,,,,,,,,
비비큐부산명륜점,부산광역시 동래구 명륜동 673-12,6,,,,,,,,,,,,,
용감한식당 동래점,부산광역시 동래구 명륜동 673-8,0,,,,,,TRUE,,,,,,,
용감한식당 동래점,부산광역시 동래구 명륜동 673-8,1,11:00,20:00,15:00,16:00,,,,,,,,,
용감한식당 동래점,부산광역시 동래구 명륜동 673-8,2,11:00,20:00,15:00,16:00,,,,,,,,,
용감한식당 동래점,부산광역시 동래구 명륜동 673-8,3,11:00,20:00,15:00,16:00,,,,,,,,,
용감한식당 동래점,부산광역시 동래구 명륜동 673-8,4,11:00,20:00,15:00,16:00,,,,,,,,,
용감한식당 동래점,부산광역시 동래구 명륜동 673-8,5,11:00,20:00,15:00,16:00,,,,,,,,,
용감한식당 동래점,부산광역시 동래구 명륜동 673-8,6,11:00,20:00,15:00,16:00,,,,,,,,,
굽네치킨명륜점,부산광역시 동래구 명륜동 676-101,0,,,,,,,,,,,,,
굽네치킨명륜점,부산광역시 동래구 명륜동 676-101,1,,,,,,,,,,,,,
굽네치킨명륜점,부산광역시 동래구 명륜동 676-101,2,,,,,,,,,,,,,
굽네치킨명륜점,부산광역시 동래구 명륜동 676-101,3,,,,,,,,,,,,,
굽네치킨명륜점,부산광역시 동래구 명륜동 676-101,4,,,,,,,,,,,,,
굽네치킨명륜점,부산광역시 동래구 명륜동 676-101,5,,,,,,,,,,,,,
굽네치킨명륜점,부산광역시 동래구 명륜동 676-101,6,,,,,,,,,,,,,
달달술잔,부산광역시 동래구 명륜동 676-15,0,,,,,,TRUE,,,,,,,
달달술잔,부산광역시 동래구 명륜동 676-15,1,17:30,0:00,,,,,,,,,,,
달달술잔,부산광역시 동래구 명륜동 676-15,2,17:30,0:00,,,,,,,,,,,
달달술잔,부산광역시 동래구 명륜동 676-15,3,17:30,0:00,,,,,,,,,,,
달달술잔,부산광역시 동래구 명륜동 676-15,4,17:30,0:00,,,,,,,,,,,
달달술잔,부산광역시 동래구 명륜동 676-15,5,17:30,0:00,,,,,,,,,,,
달달술잔,부산광역시 동래구 명륜동 676-15,6,17:30,0:00,,,,,,,,,,,
크루아타이,부산광역시 동래구 명륜동 676-25,0,,,,,,TRUE,,,,,,,
크루아타이,부산광역시 동래구 명륜동 676-25,1,10:50,20:30,15:00,17:00,20:00,,,,,,,,
크루아타이,부산광역시 동래구 명륜동 676-25,2,10:50,20:30,15:00,17:00,20:00,,,,,,,,
크루아타이,부산광역시 동래구 명륜동 676-25,3,10:50,20:30,15:00,17:00,20:00,,,,,,,,
크루아타이,부산광역시 동래구 명륜동 676-25,4,10:50,20:30,15:00,17:00,20:00,,,,,,,,
크루아타이,부산광역시 동래구 명륜동 676-25,5,10:50,20:30,15:00,17:00,20:00,,,,,,,,
크루아타이,부산광역시 동래구 명륜동 676-25,6,10:50,20:30,15:00,17:00,20:00,,,,,,,,
미스터피자 동래점,부산광역시 동래구 명륜동 676-96,0,,,,,,,,,,,,,
미스터피자 동래점,부산광역시 동래구 명륜동 676-96,1,,,,,,,,,,,,,
미스터피자 동래점,부산광역시 동래구 명륜동 676-96,2,,,,,,,,,,,,,
미스터피자 동래점,부산광역시 동래구 명륜동 676-96,3,,,,,,,,,,,,,
미스터피자 동래점,부산광역시 동래구 명륜동 676-96,4,,,,,,,,,,,,,
미스터피자 동래점,부산광역시 동래구 명륜동 676-96,5,,,,,,,,,,,,,
미스터피자 동래점,부산광역시 동래구 명륜동 676-96,6,,,,,,,,,,,,,
노마진두마리치킨명륜점,부산광역시 동래구 명륜동 67-8,0,,,,,,,,,,,,,
노마진두마리치킨명륜점,부산광역시 동래구 명륜동 67-8,1,,,,,,,,,,,,,
노마진두마리치킨명륜점,부산광역시 동래구 명륜동 67-8,2,,,,,,,,,,,,,
노마진두마리치킨명륜점,부산광역시 동래구 명륜동 67-8,3,,,,,,,,,,,,,
노마진두마리치킨명륜점,부산광역시 동래구 명륜동 67-8,4,,,,,,,,,,,,,
노마진두마리치킨명륜점,부산광역시 동래구 명륜동 67-8,5,,,,,,,,,,,,,
노마진두마리치킨명륜점,부산광역시 동래구 명륜동 67-8,6,,,,,,,,,,,,,
여섯개장,부산광역시 동래구 명륜동 679-6,0,10:00,20:00,,,,,,,,,,,
여섯개장,부산광역시 동래구 명륜동 679-6,1,10:00,20:00,,,,,,,,,,,
여섯개장,부산광역시 동래구 명륜동 679-6,2,10:00,20:00,,,,,,,,,,,
여섯개장,부산광역시 동래구 명륜동 679-6,3,10:00,20:00,,,,,,,,,,,
여섯개장,부산광역시 동래구 명륜동 679-6,4,10:00,20:00,,,,,,,,,,,
여섯개장,부산광역시 동래구 명륜동 679-6,5,10:00,20:00,,,,,,,,,,,
여섯개장,부산광역시 동래구 명륜동 679-6,6,10:00,20:00,,,,,,,,,,,
외식365 대게좋은날,부산광역시 동래구 명륜동 680-16,0,11:30,22:00,,,,,,,,,,,
외식365 대게좋은날,부산광역시 동래구 명륜동 680-16,1,11:30,22:00,,,,,,,,,,,
외식365 대게좋은날,부산광역시 동래구 명륜동 680-16,2,11:30,22:00,,,,,,,,,,,
외식365 대게좋은날,부산광역시 동래구 명륜동 680-16,3,11:30,22:00,,,,,,,,,,,
외식365 대게좋은날,부산광역시 동래구 명륜동 680-16,4,11:30,22:00,,,,,,,,,,,
외식365 대게좋은날,부산광역시 동래구 명륜동 680-16,5,11:30,22:00,,,,,,,,,,,
외식365 대게좋은날,부산광역시 동래구 명륜동 680-16,6,11:30,22:00,,,,,,,,,,,
왕뼈왕오리,부산광역시 동래구 명륜동 680-20,0,11:00,21:30,15:30,17:00,21:00,,,,,,,,
왕뼈왕오리,부산광역시 동래구 명륜동 680-20,1,11:00,21:30,15:30,17:00,21:00,,격주 월요일 휴무,,,,,,
왕뼈왕오리,부산광역시 동래구 명륜동 680-20,2,11:00,21:30,15:30,17:00,21:00,,,,,,,,
왕뼈왕오리,부산광역시 동래구 명륜동 680-20,3,11:00,21:30,15:30,17:00,21:00,,,,,,,,
왕뼈왕오리,부산광역시 동래구 명륜동 680-20,4,11:00,21:30,15:30,17:00,21:00,,,,,,,,
왕뼈왕오리,부산광역시 동래구 명륜동 680-20,5,11:00,21:30,15:30,17:00,21:00,,,,,,,,
왕뼈왕오리,부산광역시 동래구 명륜동 680-20,6,11:00,21:30,15:30,17:00,21:00,,,,,,,,
푸짐한횟집,부산광역시 동래구 명륜동 680-23,0,16:00,0:00,,,,,,,,,,,
푸짐한횟집,부산광역시 동래구 명륜동 680-23,1,16:00,0:00,,,,,,,,,,,
푸짐한횟집,부산광역시 동래구 명륜동 680-23,2,16:00,0:00,,,,,,,,,,,
푸짐한횟집,부산광역시 동래구 명륜동 680-23,3,16:00,0:00,,,,,,,,,,,
푸짐한횟집,부산광역시 동래구 명륜동 680-23,4,16:00,0:00,,,,,,,,,,,
푸짐한횟집,부산광역시 동래구 명륜동 680-23,5,16:00,0:00,,,,,,,,,,,
푸짐한횟집,부산광역시 동래구 명륜동 680-23,6,16:00,0:00,,,,,,,,,,,
화화돼지왕갈비명륜점,부산광역시 동래구 명륜동 680-3,0,,,,,,,,,,,,,
화화돼지왕갈비명륜점,부산광역시 동래구 명륜동 680-3,1,,,,,,,,,,,,,
화화돼지왕갈비명륜점,부산광역시 동래구 명륜동 680-3,2,,,,,,,,,,,,,
화화돼지왕갈비명륜점,부산광역시 동래구 명륜동 680-3,3,,,,,,,,,,,,,
화화돼지왕갈비명륜점,부산광역시 동래구 명륜동 680-3,4,,,,,,,,,,,,,
화화돼지왕갈비명륜점,부산광역시 동래구 명륜동 680-3,5,,,,,,,,,,,,,
화화돼지왕갈비명륜점,부산광역시 동래구 명륜동 680-3,6,,,,,,,,,,,,,
새청하루,부산광역시 동래구 명륜동 680-8,0,11:00,20:00,,,,,,,,,,,
새청하루,부산광역시 동래구 명륜동 680-8,1,11:00,20:00,,,,,,,,,,,
새청하루,부산광역시 동래구 명륜동 680-8,2,11:00,20:00,,,,,"첫째 주, 셋째 주 화요일은 휴무",,,,,,
새청하루,부산광역시 동래구 명륜동 680-8,3,11:00,20:00,,,,,,,,,,,
새청하루,부산광역시 동래구 명륜동 680-8,4,11:00,20:00,,,,,,,,,,,
새청하루,부산광역시 동래구 명륜동 680-8,5,11:00,20:00,,,,,,,,,,,
새청하루,부산광역시 동래구 명륜동 680-8,6,11:00,20:00,,,,,,,,,,,
온천입구기장곰장어,부산광역시 동래구 명륜동 6-9,0,11:00,21:00,,,20:00,,,,,,,,
온천입구기장곰장어,부산광역시 동래구 명륜동 6-9,1,11:00,21:00,,,20:00,,,,,,,,
온천입구기장곰장어,부산광역시 동래구 명륜동 6-9,2,11:00,21:00,,,20:00,,,,,,,,
온천입구기장곰장어,부산광역시 동래구 명륜동 6-9,3,11:00,21:00,,,20:00,,,,,,,,
온천입구기장곰장어,부산광역시 동래구 명륜동 6-9,4,11:00,21:00,,,20:00,,,,,,,,
온천입구기장곰장어,부산광역시 동래구 명륜동 6-9,5,11:00,21:00,,,20:00,,,,,,,,
온천입구기장곰장어,부산광역시 동래구 명륜동 6-9,6,11:00,21:00,,,20:00,,,,,,,,
가마치통닭명륜점,부산광역시 동래구 명륜동 691-10,0,15:00,0:00,,,,,,,,,,,
가마치통닭명륜점,부산광역시 동래구 명륜동 691-10,1,15:00,0:00,,,,,,,,,,,
가마치통닭명륜점,부산광역시 동래구 명륜동 691-10,2,15:00,0:00,,,,,,,,,,,
가마치통닭명륜점,부산광역시 동래구 명륜동 691-10,3,15:00,0:00,,,,,,,,,,,
가마치통닭명륜점,부산광역시 동래구 명륜동 691-10,4,15:00,0:00,,,,,,,,,,,
가마치통닭명륜점,부산광역시 동래구 명륜동 691-10,5,15:00,0:00,,,,,,,,,,,
가마치통닭명륜점,부산광역시 동래구 명륜동 691-10,6,15:00,0:00,,,,,,,,,,,
제이크,부산광역시 동래구 명륜동 691-6,0,,,,,,TRUE,,,,,,,
제이크,부산광역시 동래구 명륜동 691-6,1,12:00,23:00,15:00,17:30,,,,,,,,,
제이크,부산광역시 동래구 명륜동 691-6,2,12:00,23:00,15:00,17:30,,,,,,,,,
제이크,부산광역시 동래구 명륜동 691-6,3,12:00,23:00,15:00,17:30,,,,,,,,,
제이크,부산광역시 동래구 명륜동 691-6,4,12:00,23:00,15:00,17:30,,,,,,,,,
제이크,부산광역시 동래구 명륜동 691-6,5,12:00,23:00,15:00,17:30,,,,,,,,,
제이크,부산광역시 동래구 명륜동 691-6,6,12:00,23:00,15:00,17:30,,,,,,,,,
본도시락동래 온천점,부산광역시 동래구 명륜동 696-118,0,,,,,,,,,,,,,
본도시락동래 온천점,부산광역시 동래구 명륜동 696-118,1,,,,,,,,,,,,,
본도시락동래 온천점,부산광역시 동래구 명륜동 696-118,2,,,,,,,,,,,,,
본도시락동래 온천점,부산광역시 동래구 명륜동 696-118,3,,,,,,,,,,,,,
본도시락동래 온천점,부산광역시 동래구 명륜동 696-118,4,,,,,,,,,,,,,
본도시락동래 온천점,부산광역시 동래구 명륜동 696-118,5,,,,,,,,,,,,,
본도시락동래 온천점,부산광역시 동래구 명륜동 696-118,6,,,,,,,,,,,,,
동래한바퀴,부산광역시 동래구 명륜동 696-121,0,,,,,,,,,,,,,
동래한바퀴,부산광역시 동래구 명륜동 696-121,1,,,,,,,,,,,,,
동래한바퀴,부산광역시 동래구 명륜동 696-121,2,,,,,,,,,,,,,
동래한바퀴,부산광역시 동래구 명륜동 696-121,3,,,,,,,,,,,,,
동래한바퀴,부산광역시 동래구 명륜동 696-121,4,,,,,,,,,,,,,
동래한바퀴,부산광역시 동래구 명륜동 696-121,5,,,,,,,,,,,,,
동래한바퀴,부산광역시 동래구 명륜동 696-121,6,,,,,,,,,,,,,
피자알볼로명륜점,부산광역시 동래구 명륜동 696-17,0,,,,,,,,,,,,,
피자알볼로명륜점,부산광역시 동래구 명륜동 696-17,1,,,,,,,,,,,,,
피자알볼로명륜점,부산광역시 동래구 명륜동 696-17,2,,,,,,,,,,,,,
피자알볼로명륜점,부산광역시 동래구 명륜동 696-17,3,,,,,,,,,,,,,
피자알볼로명륜점,부산광역시 동래구 명륜동 696-17,4,,,,,,,,,,,,,
피자알볼로명륜점,부산광역시 동래구 명륜동 696-17,5,,,,,,,,,,,,,
피자알볼로명륜점,부산광역시 동래구 명륜동 696-17,6,,,,,,,,,,,,,
등촌샤브칼국수,부산광역시 동래구 명륜동 696-30,0,,,,,,,,,,,,,
등촌샤브칼국수,부산광역시 동래구 명륜동 696-30,1,,,,,,,,,,,,,
등촌샤브칼국수,부산광역시 동래구 명륜동 696-30,2,,,,,,,,,,,,,
등촌샤브칼국수,부산광역시 동래구 명륜동 696-30,3,,,,,,,,,,,,,
등촌샤브칼국수,부산광역시 동래구 명륜동 696-30,4,,,,,,,,,,,,,
등촌샤브칼국수,부산광역시 동래구 명륜동 696-30,5,,,,,,,,,,,,,
등촌샤브칼국수,부산광역시 동래구 명륜동 696-30,6,,,,,,,,,,,,,
베이징798,부산광역시 동래구 명륜동 696-58,0,11:00,22:00,15:00,16:00,,,,,,,,,
베이징798,부산광역시 동래구 명륜동 696-58,1,,,,,,TRUE,,,,,,,
베이징798,부산광역시 동래구 명륜동 696-58,2,11:00,22:00,15:00,16:00,,,,,,,,,
베이징798,부산광역시 동래구 명륜동 696-58,3,11:00,22:00,15:00,16:00,,,,,,,,,
베이징798,부산광역시 동래구 명륜동 696-58,4,11:00,22:00,15:00,16:00,,,,,,,,,
베이징798,부산광역시 동래구 명륜동 696-58,5,11:00,22:00,15:00,16:00,,,,,,,,,
베이징798,부산광역시 동래구 명륜동 696-58,6,11:00,22:00,15:00,16:00,,,,,,,,,
심우장,부산광역시 동래구 명륜동 696-65,0,10:00,22:00,,,,,,,,,,,
심우장,부산광역시 동래구 명륜동 696-65,1,10:00,22:00,,,,,,,,,,,
심우장,부산광역시 동래구 명륜동 696-65,2,10:00,22:00,,,,,,,,,,,
심우장,부산광역시 동래구 명륜동 696-65,3,10:00,22:00,,,,,,,,,,,
심우장,부산광역시 동래구 명륜동 696-65,4,10:00,22:00,,,,,,,,,,,
심우장,부산광역시 동래구 명륜동 696-65,5,10:00,22:00,,,,,,,,,,,
심우장,부산광역시 동래구 명륜동 696-65,6,10:00,22:00,,,,,,,,,,,
석이추어탕,부산광역시 동래구 명륜동 696-85,0,,,,,,TRUE,,,,,,,
석이추어탕,부산광역시 동래구 명륜동 696-85,1,11:00,20:00,,,,,,,,,,,
석이추어탕,부산광역시 동래구 명륜동 696-85,2,11:00,20:00,,,,,,,,,,,
석이추어탕,부산광역시 동래구 명륜동 696-85,3,11:00,20:00,,,,,,,,,,,
석이추어탕,부산광역시 동래구 명륜동 696-85,4,11:00,20:00,,,,,,,,,,,
석이추어탕,부산광역시 동래구 명륜동 696-85,5,11:00,20:00,,,,,,,,,,,
석이추어탕,부산광역시 동래구 명륜동 696-85,6,11:00,20:00,,,,,,,,,,,
수칼국수,부산광역시 동래구 명륜동 696-91,0,,,,,,TRUE,,,,,,,
수칼국수,부산광역시 동래구 명륜동 696-91,1,11:00,20:00,,,,,,,,,,,
수칼국수,부산광역시 동래구 명륜동 696-91,2,11:00,20:00,,,,,,,,,,,
수칼국수,부산광역시 동래구 명륜동 696-91,3,11:00,20:00,,,,,,,,,,,
수칼국수,부산광역시 동래구 명륜동 696-91,4,11:00,20:00,,,,,,,,,,,
수칼국수,부산광역시 동래구 명륜동 696-91,5,11:00,20:00,,,,,,,,,,,
수칼국수,부산광역시 동래구 명륜동 696-91,6,11:00,20:00,,,,,,,,,,,
더담은,부산광역시 동래구 명륜동 700-130,0,,,,,,,,,,,,,
더담은,부산광역시 동래구 명륜동 700-130,1,,,,,,,,,,,,,
더담은,부산광역시 동래구 명륜동 700-130,2,,,,,,,,,,,,,
더담은,부산광역시 동래구 명륜동 700-130,3,,,,,,,,,,,,,
더담은,부산광역시 동래구 명륜동 700-130,4,,,,,,,,,,,,,
더담은,부산광역시 동래구 명륜동 700-130,5,,,,,,,,,,,,,
더담은,부산광역시 동래구 명륜동 700-130,6,,,,,,,,,,,,,
서호식당,부산광역시 동래구 명륜동 700-135,0,,,,,,,,,,,,,
서호식당,부산광역시 동래구 명륜동 700-135,1,,,,,,,,,,,,,
서호식당,부산광역시 동래구 명륜동 700-135,2,,,,,,,,,,,,,
서호식당,부산광역시 동래구 명륜동 700-135,3,,,,,,,,,,,,,
서호식당,부산광역시 동래구 명륜동 700-135,4,,,,,,,,,,,,,
서호식당,부산광역시 동래구 명륜동 700-135,5,,,,,,,,,,,,,
서호식당,부산광역시 동래구 명륜동 700-135,6,,,,,,,,,,,,,
삼색수제비,부산광역시 동래구 명륜동 700-201,0,,,,,,TRUE,,,,,,,
삼색수제비,부산광역시 동래구 명륜동 700-201,1,6:30,20:00,,,,,,,,,,,
삼색수제비,부산광역시 동래구 명륜동 700-201,2,6:30,20:00,,,,,,,,,,,
삼색수제비,부산광역시 동래구 명륜동 700-201,3,6:30,20:00,,,,,,,,,,,
삼색수제비,부산광역시 동래구 명륜동 700-201,4,6:30,20:00,,,,,,,,,,,
삼색수제비,부산광역시 동래구 명륜동 700-201,5,6:30,20:00,,,,,,,,,,,
삼색수제비,부산광역시 동래구 명륜동 700-201,6,6:30,20:00,,,,,,,,,,,
내가닭도리탕이다온천명륜점,부산광역시 동래구 명륜동 721-19,0,11:00,22:00,,,21:00,,,,,,,,
내가닭도리탕이다온천명륜점,부산광역시 동래구 명륜동 721-19,1,11:00,22:00,,,21:00,,,,,,,,
내가닭도리탕이다온천명륜점,부산광역시 동래구 명륜동 721-19,2,11:00,22:00,,,21:00,,,,,,,,
내가닭도리탕이다온천명륜점,부산광역시 동래구 명륜동 721-19,3,11:00,22:00,,,21:00,,,,,,,,
내가닭도리탕이다온천명륜점,부산광역시 동래구 명륜동 721-19,4,11:00,22:00,,,21:00,,,,,,,,
내가닭도리탕이다온천명륜점,부산광역시 동래구 명륜동 721-19,5,11:00,22:00,,,21:00,,,,,,,,
내가닭도리탕이다온천명륜점,부산광역시 동래구 명륜동 721-19,6,11:00,22:00,,,21:00,,,,,,,,
도야짬뽕동래 직영점,부산광역시 동래구 명륜동 752,0,,,,,,,,,,,,,
도야짬뽕동래 직영점,부산광역시 동래구 명륜동 752,1,,,,,,,,,,,,,
도야짬뽕동래 직영점,부산광역시 동래구 명륜동 752,2,,,,,,,,,,,,,
도야짬뽕동래 직영점,부산광역시 동래구 명륜동 752,3,,,,,,,,,,,,,
도야짬뽕동래 직영점,부산광역시 동래구 명륜동 752,4,,,,,,,,,,,,,
도야짬뽕동래 직영점,부산광역시 동래구 명륜동 752,5,,,,,,,,,,,,,
도야짬뽕동래 직영점,부산광역시 동래구 명륜동 752,6,,,,,,,,,,,,,
풀바테샐러드 명륜점,부산광역시 동래구 명륜동 757,0,10:00,20:00,,,,,,,,,,,
풀바테샐러드 명륜점,부산광역시 동래구 명륜동 757,1,8:00,20:00,,,,,,,,,,,
풀바테샐러드 명륜점,부산광역시 동래구 명륜동 757,2,8:00,20:00,,,,,,,,,,,
풀바테샐러드 명륜점,부산광역시 동래구 명륜동 757,3,8:00,20:00,,,,,,,,,,,
풀바테샐러드 명륜점,부산광역시 동래구 명륜동 757,4,8:00,20:00,,,,,,,,,,,
풀바테샐러드 명륜점,부산광역시 동래구 명륜동 757,5,8:00,20:00,,,,,,,,,,,
풀바테샐러드 명륜점,부산광역시 동래구 명륜동 757,6,10:00,20:00,,,,,,,,,,,
파파존스부산 동래점,부산광역시 동래구 명륜동 757,0,,,,,,,,,,,,,
파파존스부산 동래점,부산광역시 동래구 명륜동 757,1,,,,,,,,,,,,,
파파존스부산 동래점,부산광역시 동래구 명륜동 757,2,,,,,,,,,,,,,
파파존스부산 동래점,부산광역시 동래구 명륜동 757,3,,,,,,,,,,,,,
파파존스부산 동래점,부산광역시 동래구 명륜동 757,4,,,,,,,,,,,,,
파파존스부산 동래점,부산광역시 동래구 명륜동 757,5,,,,,,,,,,,,,
파파존스부산 동래점,부산광역시 동래구 명륜동 757,6,,,,,,,,,,,,,
한솥명륜 아이파크점,부산광역시 동래구 명륜동 757,0,,,,,,,,,,,,,
한솥명륜 아이파크점,부산광역시 동래구 명륜동 757,1,,,,,,,,,,,,,
한솥명륜 아이파크점,부산광역시 동래구 명륜동 757,2,,,,,,,,,,,,,
한솥명륜 아이파크점,부산광역시 동래구 명륜동 757,3,,,,,,,,,,,,,
한솥명륜 아이파크점,부산광역시 동래구 명륜동 757,4,,,,,,,,,,,,,
한솥명륜 아이파크점,부산광역시 동래구 명륜동 757,5,,,,,,,,,,,,,
한솥명륜 아이파크점,부산광역시 동래구 명륜동 757,6,,,,,,,,,,,,,
피자스쿨명륜점,부산광역시 동래구 명륜동 777,0,,,,,,,,,,,,,
피자스쿨명륜점,부산광역시 동래구 명륜동 777,1,,,,,,,,,,,,,
피자스쿨명륜점,부산광역시 동래구 명륜동 777,2,,,,,,,,,,,,,
피자스쿨명륜점,부산광역시 동래구 명륜동 777,3,,,,,,,,,,,,,
피자스쿨명륜점,부산광역시 동래구 명륜동 777,4,,,,,,,,,,,,,
피자스쿨명륜점,부산광역시 동래구 명륜동 777,5,,,,,,,,,,,,,
피자스쿨명륜점,부산광역시 동래구 명륜동 777,6,,,,,,,,,,,,,
처갓집양념치킨명륜점,부산광역시 동래구 명륜동 782,0,,,,,,,,,,,,,
처갓집양념치킨명륜점,부산광역시 동래구 명륜동 782,1,,,,,,,,,,,,,
처갓집양념치킨명륜점,부산광역시 동래구 명륜동 782,2,,,,,,,,,,,,,
처갓집양념치킨명륜점,부산광역시 동래구 명륜동 782,3,,,,,,,,,,,,,
처갓집양념치킨명륜점,부산광역시 동래구 명륜동 782,4,,,,,,,,,,,,,
처갓집양념치킨명륜점,부산광역시 동래구 명륜동 782,5,,,,,,,,,,,,,
처갓집양념치킨명륜점,부산광역시 동래구 명륜동 782,6,,,,,,,,,,,,,
장수치킨맥주명륜점,부산광역시 동래구 명륜동 7-9,0,12:00,0:00,,,,,,,,,,,
장수치킨맥주명륜점,부산광역시 동래구 명륜동 7-9,1,16:00,0:00,,,,,,,,,,,
장수치킨맥주명륜점,부산광역시 동래구 명륜동 7-9,2,16:00,0:00,,,,,,,,,,,
장수치킨맥주명륜점,부산광역시 동래구 명륜동 7-9,3,16:00,0:00,,,,,,,,,,,
장수치킨맥주명륜점,부산광역시 동래구 명륜동 7-9,4,16:00,0:00,,,,,,,,,,,
장수치킨맥주명륜점,부산광역시 동래구 명륜동 7-9,5,16:00,0:00,,,,,,,,,,,
장수치킨맥주명륜점,부산광역시 동래구 명륜동 7-9,6,12:30,0:00,,,,,,,,,,,
빽보이피자부산명륜점,부산광역시 동래구 명륜동 795,0,,,,,,,,,,,,,
빽보이피자부산명륜점,부산광역시 동래구 명륜동 795,1,,,,,,,,,,,,,
빽보이피자부산명륜점,부산광역시 동래구 명륜동 795,2,,,,,,,,,,,,,
빽보이피자부산명륜점,부산광역시 동래구 명륜동 795,3,,,,,,,,,,,,,
빽보이피자부산명륜점,부산광역시 동래구 명륜동 795,4,,,,,,,,,,,,,
빽보이피자부산명륜점,부산광역시 동래구 명륜동 795,5,,,,,,,,,,,,,
빽보이피자부산명륜점,부산광역시 동래구 명륜동 795,6,,,,,,,,,,,,,
치킨신드롬명륜점,부산광역시 동래구 명륜동 795,0,,,,,,,,,,,,,
치킨신드롬명륜점,부산광역시 동래구 명륜동 795,1,,,,,,,,,,,,,
치킨신드롬명륜점,부산광역시 동래구 명륜동 795,2,,,,,,,,,,,,,
치킨신드롬명륜점,부산광역시 동래구 명륜동 795,3,,,,,,,,,,,,,
치킨신드롬명륜점,부산광역시 동래구 명륜동 795,4,,,,,,,,,,,,,
치킨신드롬명륜점,부산광역시 동래구 명륜동 795,5,,,,,,,,,,,,,
치킨신드롬명륜점,부산광역시 동래구 명륜동 795,6,,,,,,,,,,,,,
라포,부산광역시 동래구 명륜동 796,0,11:30,22:00,,,,,,,,,,,
라포,부산광역시 동래구 명륜동 796,1,11:30,22:00,15:30,17:00,,,,,,,,,
라포,부산광역시 동래구 명륜동 796,2,,,,,,,TRUE,,,,,,
라포,부산광역시 동래구 명륜동 796,3,11:30,22:00,15:30,17:00,,,,,,,,,
라포,부산광역시 동래구 명륜동 796,4,11:30,22:00,15:30,17:00,,,,,,,,,
라포,부산광역시 동래구 명륜동 796,5,11:30,22:00,15:30,17:00,,,,,,,,,
라포,부산광역시 동래구 명륜동 796,6,11:30,22:00,,,,,,,,,,,
모구라,부산광역시 동래구 명륜동 796,0,17:00,2:00,,,,,,,,,,,
모구라,부산광역시 동래구 명륜동 796,1,17:00,2:00,,,,,,,,,,,
모구라,부산광역시 동래구 명륜동 796,2,17:00,2:00,,,,,,,,,,,
모구라,부산광역시 동래구 명륜동 796,3,17:00,2:00,,,,,,,,,,,
모구라,부산광역시 동래구 명륜동 796,4,17:00,2:00,,,,,,,,,,,
모구라,부산광역시 동래구 명륜동 796,5,17:00,2:00,,,,,,,,,,,
모구라,부산광역시 동래구 명륜동 796,6,17:00,2:00,,,,,,,,,,,
완미족발,부산광역시 동래구 명륜동 796,0,,,,,,,,,,,,,
완미족발,부산광역시 동래구 명륜동 796,1,,,,,,,,,,,,,
완미족발,부산광역시 동래구 명륜동 796,2,,,,,,,,,,,,,
완미족발,부산광역시 동래구 명륜동 796,3,,,,,,,,,,,,,
완미족발,부산광역시 동래구 명륜동 796,4,,,,,,,,,,,,,
완미족발,부산광역시 동래구 명륜동 796,5,,,,,,,,,,,,,
완미족발,부산광역시 동래구 명륜동 796,6,,,,,,,,,,,,,
마장동김씨 동래점,부산광역시 동래구 명륜동 797,0,,,,,,TRUE,,,,,,,
마장동김씨 동래점,부산광역시 동래구 명륜동 797,1,16:30,0:00,,,,,,,,,,,
마장동김씨 동래점,부산광역시 동래구 명륜동 797,2,16:30,0:00,,,,,,,,,,,
마장동김씨 동래점,부산광역시 동래구 명륜동 797,3,16:30,0:00,,,,,,,,,,,
마장동김씨 동래점,부산광역시 동래구 명륜동 797,4,16:30,0:00,,,,,,,,,,,
마장동김씨 동래점,부산광역시 동래구 명륜동 797,5,16:30,0:00,,,,,,,,,,,
마장동김씨 동래점,부산광역시 동래구 명륜동 797,6,16:30,0:00,,,,,,,,,,,
대원족발,부산광역시 동래구 명륜동 8-69,0,,,,,,,,,,,,,
대원족발,부산광역시 동래구 명륜동 8-69,1,,,,,,,,,,,,,
대원족발,부산광역시 동래구 명륜동 8-69,2,,,,,,,,,,,,,
대원족발,부산광역시 동래구 명륜동 8-69,3,,,,,,,,,,,,,
대원족발,부산광역시 동래구 명륜동 8-69,4,,,,,,,,,,,,,
대원족발,부산광역시 동래구 명륜동 8-69,5,,,,,,,,,,,,,
대원족발,부산광역시 동래구 명륜동 8-69,6,,,,,,,,,,,,,
영도장,부산광역시 동래구 온천동 1116-18,0,,,,,,,,,,,,,
영도장,부산광역시 동래구 온천동 1116-18,1,,,,,,,,,,,,,
영도장,부산광역시 동래구 온천동 1116-18,2,,,,,,,,,,,,,
영도장,부산광역시 동래구 온천동 1116-18,3,,,,,,,,,,,,,
영도장,부산광역시 동래구 온천동 1116-18,4,,,,,,,,,,,,,
영도장,부산광역시 동래구 온천동 1116-18,5,,,,,,,,,,,,,
영도장,부산광역시 동래구 온천동 1116-18,6,,,,,,,,,,,,,
금성가든,부산광역시 동래구 온천동 1116-3,0,,,,,,,,,,,,,
금성가든,부산광역시 동래구 온천동 1116-3,1,,,,,,,,,,,,,
금성가든,부산광역시 동래구 온천동 1116-3,2,,,,,,,,,,,,,
금성가든,부산광역시 동래구 온천동 1116-3,3,,,,,,,,,,,,,
금성가든,부산광역시 동래구 온천동 1116-3,4,,,,,,,,,,,,,
금성가든,부산광역시 동래구 온천동 1116-3,5,,,,,,,,,,,,,
금성가든,부산광역시 동래구 온천동 1116-3,6,,,,,,,,,,,,,
백객도반점,부산광역시 동래구 온천동 1117-20,0,,,,,,,,,,,,,
백객도반점,부산광역시 동래구 온천동 1117-20,1,,,,,,,,,,,,,
백객도반점,부산광역시 동래구 온천동 1117-20,2,,,,,,,,,,,,,
백객도반점,부산광역시 동래구 온천동 1117-20,3,,,,,,,,,,,,,
백객도반점,부산광역시 동래구 온천동 1117-20,4,,,,,,,,,,,,,
백객도반점,부산광역시 동래구 온천동 1117-20,5,,,,,,,,,,,,,
백객도반점,부산광역시 동래구 온천동 1117-20,6,,,,,,,,,,,,,
태양가든,부산광역시 동래구 온천동 1119-28,0,,,,,,,,,,,,,
태양가든,부산광역시 동래구 온천동 1119-28,1,,,,,,,,,,,,,
태양가든,부산광역시 동래구 온천동 1119-28,2,,,,,,,,,,,,,
태양가든,부산광역시 동래구 온천동 1119-28,3,,,,,,,,,,,,,
태양가든,부산광역시 동래구 온천동 1119-28,4,,,,,,,,,,,,,
태양가든,부산광역시 동래구 온천동 1119-28,5,,,,,,,,,,,,,
태양가든,부산광역시 동래구 온천동 1119-28,6,,,,,,,,,,,,,
만순가든,부산광역시 동래구 온천동 1119-71,0,,,,,,,,,,,,,
만순가든,부산광역시 동래구 온천동 1119-71,1,,,,,,,,,,,,,
만순가든,부산광역시 동래구 온천동 1119-71,2,,,,,,,,,,,,,
만순가든,부산광역시 동래구 온천동 1119-71,3,,,,,,,,,,,,,
만순가든,부산광역시 동래구 온천동 1119-71,4,,,,,,,,,,,,,
만순가든,부산광역시 동래구 온천동 1119-71,5,,,,,,,,,,,,,
만순가든,부산광역시 동래구 온천동 1119-71,6,,,,,,,,,,,,,
박가네,부산광역시 동래구 온천동 1123-1,0,,,,,,,,,,,,,
박가네,부산광역시 동래구 온천동 1123-1,1,,,,,,,,,,,,,
박가네,부산광역시 동래구 온천동 1123-1,2,,,,,,,,,,,,,
박가네,부산광역시 동래구 온천동 1123-1,3,,,,,,,,,,,,,
박가네,부산광역시 동래구 온천동 1123-1,4,,,,,,,,,,,,,
박가네,부산광역시 동래구 온천동 1123-1,5,,,,,,,,,,,,,
박가네,부산광역시 동래구 온천동 1123-1,6,,,,,,,,,,,,,
디디씨치킨 온천점,부산광역시 동래구 온천동 1161,0,,,,,,,,,,,,,
디디씨치킨 온천점,부산광역시 동래구 온천동 1161,1,,,,,,,,,,,,,
디디씨치킨 온천점,부산광역시 동래구 온천동 1161,2,,,,,,,,,,,,,
디디씨치킨 온천점,부산광역시 동래구 온천동 1161,3,,,,,,,,,,,,,
디디씨치킨 온천점,부산광역시 동래구 온천동 1161,4,,,,,,,,,,,,,
디디씨치킨 온천점,부산광역시 동래구 온천동 1161,5,,,,,,,,,,,,,
디디씨치킨 온천점,부산광역시 동래구 온천동 1161,6,,,,,,,,,,,,,
삼정이노베이션,부산광역시 동래구 온천동 1163,0,,,,,,,,,,,,,
삼정이노베이션,부산광역시 동래구 온천동 1163,1,,,,,,,,,,,,,
삼정이노베이션,부산광역시 동래구 온천동 1163,2,,,,,,,,,,,,,
삼정이노베이션,부산광역시 동래구 온천동 1163,3,,,,,,,,,,,,,
삼정이노베이션,부산광역시 동래구 온천동 1163,4,,,,,,,,,,,,,
삼정이노베이션,부산광역시 동래구 온천동 1163,5,,,,,,,,,,,,,
삼정이노베이션,부산광역시 동래구 온천동 1163,6,,,,,,,,,,,,,
동래별장,부산광역시 동래구 온천동 122-1,0,,,,,,,,,,,,,
동래별장,부산광역시 동래구 온천동 122-1,1,,,,,,,,,,,,,
동래별장,부산광역시 동래구 온천동 122-1,2,,,,,,,,,,,,,
동래별장,부산광역시 동래구 온천동 122-1,3,,,,,,,,,,,,,
동래별장,부산광역시 동래구 온천동 122-1,4,,,,,,,,,,,,,
동래별장,부산광역시 동래구 온천동 122-1,5,,,,,,,,,,,,,
동래별장,부산광역시 동래구 온천동 122-1,6,,,,,,,,,,,,,
자연산가덕횟집,부산광역시 동래구 온천동 1234-17,0,,,,,,,,,,,,,
자연산가덕횟집,부산광역시 동래구 온천동 1234-17,1,,,,,,,,,,,,,
자연산가덕횟집,부산광역시 동래구 온천동 1234-17,2,,,,,,,,,,,,,
자연산가덕횟집,부산광역시 동래구 온천동 1234-17,3,,,,,,,,,,,,,
자연산가덕횟집,부산광역시 동래구 온천동 1234-17,4,,,,,,,,,,,,,
자연산가덕횟집,부산광역시 동래구 온천동 1234-17,5,,,,,,,,,,,,,
자연산가덕횟집,부산광역시 동래구 온천동 1234-17,6,,,,,,,,,,,,,
통영식당,부산광역시 동래구 온천동 1234-2,0,,,,,,,,,,,,,
통영식당,부산광역시 동래구 온천동 1234-2,1,,,,,,,,,,,,,
통영식당,부산광역시 동래구 온천동 1234-2,2,,,,,,,,,,,,,
통영식당,부산광역시 동래구 온천동 1234-2,3,,,,,,,,,,,,,
통영식당,부산광역시 동래구 온천동 1234-2,4,,,,,,,,,,,,,
통영식당,부산광역시 동래구 온천동 1234-2,5,,,,,,,,,,,,,
통영식당,부산광역시 동래구 온천동 1234-2,6,,,,,,,,,,,,,
모울,부산광역시 동래구 온천동 1234-4,0,,,,,,,,,,,,,
모울,부산광역시 동래구 온천동 1234-4,1,,,,,,,,,,,,,
모울,부산광역시 동래구 온천동 1234-4,2,,,,,,,,,,,,,
모울,부산광역시 동래구 온천동 1234-4,3,,,,,,,,,,,,,
모울,부산광역시 동래구 온천동 1234-4,4,,,,,,,,,,,,,
모울,부산광역시 동래구 온천동 1234-4,5,,,,,,,,,,,,,
모울,부산광역시 동래구 온천동 1234-4,6,,,,,,,,,,,,,
미남칼국수,부산광역시 동래구 온천동 1234-6,0,,,,,,,,,,,,,
미남칼국수,부산광역시 동래구 온천동 1234-6,1,,,,,,,,,,,,,
미남칼국수,부산광역시 동래구 온천동 1234-6,2,,,,,,,,,,,,,
미남칼국수,부산광역시 동래구 온천동 1234-6,3,,,,,,,,,,,,,
미남칼국수,부산광역시 동래구 온천동 1234-6,4,,,,,,,,,,,,,
미남칼국수,부산광역시 동래구 온천동 1234-6,5,,,,,,,,,,,,,
미남칼국수,부산광역시 동래구 온천동 1234-6,6,,,,,,,,,,,,,
부경밀면,부산광역시 동래구 온천동 1234-9,0,,,,,,,,,,,,,
부경밀면,부산광역시 동래구 온천동 1234-9,1,,,,,,,,,,,,,
부경밀면,부산광역시 동래구 온천동 1234-9,2,,,,,,,,,,,,,
부경밀면,부산광역시 동래구 온천동 1234-9,3,,,,,,,,,,,,,
부경밀면,부산광역시 동래구 온천동 1234-9,4,,,,,,,,,,,,,
부경밀면,부산광역시 동래구 온천동 1234-9,5,,,,,,,,,,,,,
부경밀면,부산광역시 동래구 온천동 1234-9,6,,,,,,,,,,,,,
복순아구찜,부산광역시 동래구 온천동 1235-2,0,,,,,,,,,,,,,
복순아구찜,부산광역시 동래구 온천동 1235-2,1,,,,,,,,,,,,,
복순아구찜,부산광역시 동래구 온천동 1235-2,2,,,,,,,,,,,,,
복순아구찜,부산광역시 동래구 온천동 1235-2,3,,,,,,,,,,,,,
복순아구찜,부산광역시 동래구 온천동 1235-2,4,,,,,,,,,,,,,
복순아구찜,부산광역시 동래구 온천동 1235-2,5,,,,,,,,,,,,,
복순아구찜,부산광역시 동래구 온천동 1235-2,6,,,,,,,,,,,,,
돈까스&스시수,부산광역시 동래구 온천동 1235-22,0,,,,,,,,,,,,,
돈까스&스시수,부산광역시 동래구 온천동 1235-22,1,,,,,,,,,,,,,
돈까스&스시수,부산광역시 동래구 온천동 1235-22,2,,,,,,,,,,,,,
돈까스&스시수,부산광역시 동래구 온천동 1235-22,3,,,,,,,,,,,,,
돈까스&스시수,부산광역시 동래구 온천동 1235-22,4,,,,,,,,,,,,,
돈까스&스시수,부산광역시 동래구 온천동 1235-22,5,,,,,,,,,,,,,
돈까스&스시수,부산광역시 동래구 온천동 1235-22,6,,,,,,,,,,,,,
화성루,부산광역시 동래구 온천동 1235-24,0,,,,,,,,,,,,,
화성루,부산광역시 동래구 온천동 1235-24,1,,,,,,,,,,,,,
화성루,부산광역시 동래구 온천동 1235-24,2,,,,,,,,,,,,,
화성루,부산광역시 동래구 온천동 1235-24,3,,,,,,,,,,,,,
화성루,부산광역시 동래구 온천동 1235-24,4,,,,,,,,,,,,,
화성루,부산광역시 동래구 온천동 1235-24,5,,,,,,,,,,,,,
화성루,부산광역시 동래구 온천동 1235-24,6,,,,,,,,,,,,,
왕창뼈다구해장국,부산광역시 동래구 온천동 1236-9,0,,,,,,,,,,,,,
왕창뼈다구해장국,부산광역시 동래구 온천동 1236-9,1,,,,,,,,,,,,,
왕창뼈다구해장국,부산광역시 동래구 온천동 1236-9,2,,,,,,,,,,,,,
왕창뼈다구해장국,부산광역시 동래구 온천동 1236-9,3,,,,,,,,,,,,,
왕창뼈다구해장국,부산광역시 동래구 온천동 1236-9,4,,,,,,,,,,,,,
왕창뼈다구해장국,부산광역시 동래구 온천동 1236-9,5,,,,,,,,,,,,,
왕창뼈다구해장국,부산광역시 동래구 온천동 1236-9,6,,,,,,,,,,,,,
파닭에파무쳐,부산광역시 동래구 온천동 1238-1,0,,,,,,,,,,,,,
파닭에파무쳐,부산광역시 동래구 온천동 1238-1,1,,,,,,,,,,,,,
파닭에파무쳐,부산광역시 동래구 온천동 1238-1,2,,,,,,,,,,,,,
파닭에파무쳐,부산광역시 동래구 온천동 1238-1,3,,,,,,,,,,,,,
파닭에파무쳐,부산광역시 동래구 온천동 1238-1,4,,,,,,,,,,,,,
파닭에파무쳐,부산광역시 동래구 온천동 1238-1,5,,,,,,,,,,,,,
파닭에파무쳐,부산광역시 동래구 온천동 1238-1,6,,,,,,,,,,,,,
부산면옥,부산광역시 동래구 온천동 1244-1,0,,,,,,,,,,,,,
부산면옥,부산광역시 동래구 온천동 1244-1,1,,,,,,,,,,,,,
부산면옥,부산광역시 동래구 온천동 1244-1,2,,,,,,,,,,,,,
부산면옥,부산광역시 동래구 온천동 1244-1,3,,,,,,,,,,,,,
부산면옥,부산광역시 동래구 온천동 1244-1,4,,,,,,,,,,,,,
부산면옥,부산광역시 동래구 온천동 1244-1,5,,,,,,,,,,,,,
부산면옥,부산광역시 동래구 온천동 1244-1,6,,,,,,,,,,,,,
능나도회냉면&매콤이순진이수제비,부산광역시 동래구 온천동 1244-2,0,,,,,,,,,,,,,
능나도회냉면&매콤이순진이수제비,부산광역시 동래구 온천동 1244-2,1,,,,,,,,,,,,,
능나도회냉면&매콤이순진이수제비,부산광역시 동래구 온천동 1244-2,2,,,,,,,,,,,,,
능나도회냉면&매콤이순진이수제비,부산광역시 동래구 온천동 1244-2,3,,,,,,,,,,,,,
능나도회냉면&매콤이순진이수제비,부산광역시 동래구 온천동 1244-2,4,,,,,,,,,,,,,
능나도회냉면&매콤이순진이수제비,부산광역시 동래구 온천동 1244-2,5,,,,,,,,,,,,,
능나도회냉면&매콤이순진이수제비,부산광역시 동래구 온천동 1244-2,6,,,,,,,,,,,,,
88광어,부산광역시 동래구 온천동 1245-6,0,,,,,,,,,,,,,
88광어,부산광역시 동래구 온천동 1245-6,1,,,,,,,,,,,,,
88광어,부산광역시 동래구 온천동 1245-6,2,,,,,,,,,,,,,
88광어,부산광역시 동래구 온천동 1245-6,3,,,,,,,,,,,,,
88광어,부산광역시 동래구 온천동 1245-6,4,,,,,,,,,,,,,
88광어,부산광역시 동래구 온천동 1245-6,5,,,,,,,,,,,,,
88광어,부산광역시 동래구 온천동 1245-6,6,,,,,,,,,,,,,
만원애닭발,부산광역시 동래구 온천동 1245-6,0,,,,,,,,,,,,,
만원애닭발,부산광역시 동래구 온천동 1245-6,1,,,,,,,,,,,,,
만원애닭발,부산광역시 동래구 온천동 1245-6,2,,,,,,,,,,,,,
만원애닭발,부산광역시 동래구 온천동 1245-6,3,,,,,,,,,,,,,
만원애닭발,부산광역시 동래구 온천동 1245-6,4,,,,,,,,,,,,,
만원애닭발,부산광역시 동래구 온천동 1245-6,5,,,,,,,,,,,,,
만원애닭발,부산광역시 동래구 온천동 1245-6,6,,,,,,,,,,,,,
시시,부산광역시 동래구 온천동 1245-6,0,,,,,,,,,,,,,
시시,부산광역시 동래구 온천동 1245-6,1,,,,,,,,,,,,,
시시,부산광역시 동래구 온천동 1245-6,2,,,,,,,,,,,,,
시시,부산광역시 동래구 온천동 1245-6,3,,,,,,,,,,,,,
시시,부산광역시 동래구 온천동 1245-6,4,,,,,,,,,,,,,
시시,부산광역시 동래구 온천동 1245-6,5,,,,,,,,,,,,,
시시,부산광역시 동래구 온천동 1245-6,6,,,,,,,,,,,,,
온천해물파전,부산광역시 동래구 온천동 1245-6,0,,,,,,,,,,,,,
온천해물파전,부산광역시 동래구 온천동 1245-6,1,,,,,,,,,,,,,
온천해물파전,부산광역시 동래구 온천동 1245-6,2,,,,,,,,,,,,,
온천해물파전,부산광역시 동래구 온천동 1245-6,3,,,,,,,,,,,,,
온천해물파전,부산광역시 동래구 온천동 1245-6,4,,,,,,,,,,,,,
온천해물파전,부산광역시 동래구 온천동 1245-6,5,,,,,,,,,,,,,
온천해물파전,부산광역시 동래구 온천동 1245-6,6,,,,,,,,,,,,,
목향구포국수 전문점,부산광역시 동래구 온천동 1246-16,0,,,,,,,,,,,,,
목향구포국수 전문점,부산광역시 동래구 온천동 1246-16,1,,,,,,,,,,,,,
목향구포국수 전문점,부산광역시 동래구 온천동 1246-16,2,,,,,,,,,,,,,
목향구포국수 전문점,부산광역시 동래구 온천동 1246-16,3,,,,,,,,,,,,,
목향구포국수 전문점,부산광역시 동래구 온천동 1246-16,4,,,,,,,,,,,,,
목향구포국수 전문점,부산광역시 동래구 온천동 1246-16,5,,,,,,,,,,,,,
목향구포국수 전문점,부산광역시 동래구 온천동 1246-16,6,,,,,,,,,,,,,
쌍수인,부산광역시 동래구 온천동 1246-16,0,,,,,,,,,,,,,
쌍수인,부산광역시 동래구 온천동 1246-16,1,,,,,,,,,,,,,
쌍수인,부산광역시 동래구 온천동 1246-16,2,,,,,,,,,,,,,
쌍수인,부산광역시 동래구 온천동 1246-16,3,,,,,,,,,,,,,
쌍수인,부산광역시 동래구 온천동 1246-16,4,,,,,,,,,,,,,
쌍수인,부산광역시 동래구 온천동 1246-16,5,,,,,,,,,,,,,
쌍수인,부산광역시 동래구 온천동 1246-16,6,,,,,,,,,,,,,
짜짜루,부산광역시 동래구 온천동 1246-21,0,,,,,,,,,,,,,
짜짜루,부산광역시 동래구 온천동 1246-21,1,,,,,,,,,,,,,
짜짜루,부산광역시 동래구 온천동 1246-21,2,,,,,,,,,,,,,
짜짜루,부산광역시 동래구 온천동 1246-21,3,,,,,,,,,,,,,
짜짜루,부산광역시 동래구 온천동 1246-21,4,,,,,,,,,,,,,
짜짜루,부산광역시 동래구 온천동 1246-21,5,,,,,,,,,,,,,
짜짜루,부산광역시 동래구 온천동 1246-21,6,,,,,,,,,,,,,
솔이네부엌,부산광역시 동래구 온천동 1246-35,0,,,,,,,,,,,,,
솔이네부엌,부산광역시 동래구 온천동 1246-35,1,,,,,,,,,,,,,
솔이네부엌,부산광역시 동래구 온천동 1246-35,2,,,,,,,,,,,,,
솔이네부엌,부산광역시 동래구 온천동 1246-35,3,,,,,,,,,,,,,
솔이네부엌,부산광역시 동래구 온천동 1246-35,4,,,,,,,,,,,,,
솔이네부엌,부산광역시 동래구 온천동 1246-35,5,,,,,,,,,,,,,
솔이네부엌,부산광역시 동래구 온천동 1246-35,6,,,,,,,,,,,,,
굴림당미남점,부산광역시 동래구 온천동 1247-12,0,,,,,,,,,,,,,
굴림당미남점,부산광역시 동래구 온천동 1247-12,1,,,,,,,,,,,,,
굴림당미남점,부산광역시 동래구 온천동 1247-12,2,,,,,,,,,,,,,
굴림당미남점,부산광역시 동래구 온천동 1247-12,3,,,,,,,,,,,,,
굴림당미남점,부산광역시 동래구 온천동 1247-12,4,,,,,,,,,,,,,
굴림당미남점,부산광역시 동래구 온천동 1247-12,5,,,,,,,,,,,,,
굴림당미남점,부산광역시 동래구 온천동 1247-12,6,,,,,,,,,,,,,
광동성,부산광역시 동래구 온천동 1247-14,0,,,,,,,,,,,,,
광동성,부산광역시 동래구 온천동 1247-14,1,,,,,,,,,,,,,
광동성,부산광역시 동래구 온천동 1247-14,2,,,,,,,,,,,,,
광동성,부산광역시 동래구 온천동 1247-14,3,,,,,,,,,,,,,
광동성,부산광역시 동래구 온천동 1247-14,4,,,,,,,,,,,,,
광동성,부산광역시 동래구 온천동 1247-14,5,,,,,,,,,,,,,
광동성,부산광역시 동래구 온천동 1247-14,6,,,,,,,,,,,,,
삼대돼지불고기,부산광역시 동래구 온천동 1247-24,0,,,,,,,,,,,,,
삼대돼지불고기,부산광역시 동래구 온천동 1247-24,1,,,,,,,,,,,,,
삼대돼지불고기,부산광역시 동래구 온천동 1247-24,2,,,,,,,,,,,,,
삼대돼지불고기,부산광역시 동래구 온천동 1247-24,3,,,,,,,,,,,,,
삼대돼지불고기,부산광역시 동래구 온천동 1247-24,4,,,,,,,,,,,,,
삼대돼지불고기,부산광역시 동래구 온천동 1247-24,5,,,,,,,,,,,,,
삼대돼지불고기,부산광역시 동래구 온천동 1247-24,6,,,,,,,,,,,,,
남도한식,부산광역시 동래구 온천동 1247-29,0,,,,,,,,,,,,,
남도한식,부산광역시 동래구 온천동 1247-29,1,,,,,,,,,,,,,
남도한식,부산광역시 동래구 온천동 1247-29,2,,,,,,,,,,,,,
남도한식,부산광역시 동래구 온천동 1247-29,3,,,,,,,,,,,,,
남도한식,부산광역시 동래구 온천동 1247-29,4,,,,,,,,,,,,,
남도한식,부산광역시 동래구 온천동 1247-29,5,,,,,,,,,,,,,
남도한식,부산광역시 동래구 온천동 1247-29,6,,,,,,,,,,,,,
대왕한방생오리숯불구이,부산광역시 동래구 온천동 1247-29,0,,,,,,,,,,,,,
대왕한방생오리숯불구이,부산광역시 동래구 온천동 1247-29,1,,,,,,,,,,,,,
대왕한방생오리숯불구이,부산광역시 동래구 온천동 1247-29,2,,,,,,,,,,,,,
대왕한방생오리숯불구이,부산광역시 동래구 온천동 1247-29,3,,,,,,,,,,,,,
대왕한방생오리숯불구이,부산광역시 동래구 온천동 1247-29,4,,,,,,,,,,,,,
대왕한방생오리숯불구이,부산광역시 동래구 온천동 1247-29,5,,,,,,,,,,,,,
대왕한방생오리숯불구이,부산광역시 동래구 온천동 1247-29,6,,,,,,,,,,,,,
뒷고기랑껍데기,부산광역시 동래구 온천동 1247-29,0,,,,,,,,,,,,,
뒷고기랑껍데기,부산광역시 동래구 온천동 1247-29,1,,,,,,,,,,,,,
뒷고기랑껍데기,부산광역시 동래구 온천동 1247-29,2,,,,,,,,,,,,,
뒷고기랑껍데기,부산광역시 동래구 온천동 1247-29,3,,,,,,,,,,,,,
뒷고기랑껍데기,부산광역시 동래구 온천동 1247-29,4,,,,,,,,,,,,,
뒷고기랑껍데기,부산광역시 동래구 온천동 1247-29,5,,,,,,,,,,,,,
뒷고기랑껍데기,부산광역시 동래구 온천동 1247-29,6,,,,,,,,,,,,,
전국구치킨,부산광역시 동래구 온천동 1247-9,0,,,,,,,,,,,,,
전국구치킨,부산광역시 동래구 온천동 1247-9,1,,,,,,,,,,,,,
전국구치킨,부산광역시 동래구 온천동 1247-9,2,,,,,,,,,,,,,
전국구치킨,부산광역시 동래구 온천동 1247-9,3,,,,,,,,,,,,,
전국구치킨,부산광역시 동래구 온천동 1247-9,4,,,,,,,,,,,,,
전국구치킨,부산광역시 동래구 온천동 1247-9,5,,,,,,,,,,,,,
전국구치킨,부산광역시 동래구 온천동 1247-9,6,,,,,,,,,,,,,
소문난돼지국밥,부산광역시 동래구 온천동 1248-13,0,,,,,,,,,,,,,
소문난돼지국밥,부산광역시 동래구 온천동 1248-13,1,,,,,,,,,,,,,
소문난돼지국밥,부산광역시 동래구 온천동 1248-13,2,,,,,,,,,,,,,
소문난돼지국밥,부산광역시 동래구 온천동 1248-13,3,,,,,,,,,,,,,
소문난돼지국밥,부산광역시 동래구 온천동 1248-13,4,,,,,,,,,,,,,
소문난돼지국밥,부산광역시 동래구 온천동 1248-13,5,,,,,,,,,,,,,
소문난돼지국밥,부산광역시 동래구 온천동 1248-13,6,,,,,,,,,,,,,
미남숯불구이,부산광역시 동래구 온천동 1249-14,0,,,,,,,,,,,,,
미남숯불구이,부산광역시 동래구 온천동 1249-14,1,,,,,,,,,,,,,
미남숯불구이,부산광역시 동래구 온천동 1249-14,2,,,,,,,,,,,,,
미남숯불구이,부산광역시 동래구 온천동 1249-14,3,,,,,,,,,,,,,
미남숯불구이,부산광역시 동래구 온천동 1249-14,4,,,,,,,,,,,,,
미남숯불구이,부산광역시 동래구 온천동 1249-14,5,,,,,,,,,,,,,
미남숯불구이,부산광역시 동래구 온천동 1249-14,6,,,,,,,,,,,,,
갈비앤삼겹,부산광역시 동래구 온천동 1249-15,0,,,,,,,,,,,,,
갈비앤삼겹,부산광역시 동래구 온천동 1249-15,1,,,,,,,,,,,,,
갈비앤삼겹,부산광역시 동래구 온천동 1249-15,2,,,,,,,,,,,,,
갈비앤삼겹,부산광역시 동래구 온천동 1249-15,3,,,,,,,,,,,,,
갈비앤삼겹,부산광역시 동래구 온천동 1249-15,4,,,,,,,,,,,,,
갈비앤삼겹,부산광역시 동래구 온천동 1249-15,5,,,,,,,,,,,,,
갈비앤삼겹,부산광역시 동래구 온천동 1249-15,6,,,,,,,,,,,,,
횟집만선,부산광역시 동래구 온천동 1250-12,0,,,,,,,,,,,,,
횟집만선,부산광역시 동래구 온천동 1250-12,1,,,,,,,,,,,,,
횟집만선,부산광역시 동래구 온천동 1250-12,2,,,,,,,,,,,,,
횟집만선,부산광역시 동래구 온천동 1250-12,3,,,,,,,,,,,,,
횟집만선,부산광역시 동래구 온천동 1250-12,4,,,,,,,,,,,,,
횟집만선,부산광역시 동래구 온천동 1250-12,5,,,,,,,,,,,,,
횟집만선,부산광역시 동래구 온천동 1250-12,6,,,,,,,,,,,,,
키친정,부산광역시 동래구 온천동 1253-25,0,,,,,,,,,,,,,
키친정,부산광역시 동래구 온천동 1253-25,1,,,,,,,,,,,,,
키친정,부산광역시 동래구 온천동 1253-25,2,,,,,,,,,,,,,
키친정,부산광역시 동래구 온천동 1253-25,3,,,,,,,,,,,,,
키친정,부산광역시 동래구 온천동 1253-25,4,,,,,,,,,,,,,
키친정,부산광역시 동래구 온천동 1253-25,5,,,,,,,,,,,,,
키친정,부산광역시 동래구 온천동 1253-25,6,,,,,,,,,,,,,
먹자꼴고기집,부산광역시 동래구 온천동 1253-35,0,,,,,,,,,,,,,
먹자꼴고기집,부산광역시 동래구 온천동 1253-35,1,,,,,,,,,,,,,
먹자꼴고기집,부산광역시 동래구 온천동 1253-35,2,,,,,,,,,,,,,
먹자꼴고기집,부산광역시 동래구 온천동 1253-35,3,,,,,,,,,,,,,
먹자꼴고기집,부산광역시 동래구 온천동 1253-35,4,,,,,,,,,,,,,
먹자꼴고기집,부산광역시 동래구 온천동 1253-35,5,,,,,,,,,,,,,
먹자꼴고기집,부산광역시 동래구 온천동 1253-35,6,,,,,,,,,,,,,
성원반점,부산광역시 동래구 온천동 1253-6,0,,,,,,,,,,,,,
성원반점,부산광역시 동래구 온천동 1253-6,1,,,,,,,,,,,,,
성원반점,부산광역시 동래구 온천동 1253-6,2,,,,,,,,,,,,,
성원반점,부산광역시 동래구 온천동 1253-6,3,,,,,,,,,,,,,
성원반점,부산광역시 동래구 온천동 1253-6,4,,,,,,,,,,,,,
성원반점,부산광역시 동래구 온천동 1253-6,5,,,,,,,,,,,,,
성원반점,부산광역시 동래구 온천동 1253-6,6,,,,,,,,,,,,,
대하찹쌀아구찜,부산광역시 동래구 온천동 1256-17,0,,,,,,,,,,,,,
대하찹쌀아구찜,부산광역시 동래구 온천동 1256-17,1,,,,,,,,,,,,,
대하찹쌀아구찜,부산광역시 동래구 온천동 1256-17,2,,,,,,,,,,,,,
대하찹쌀아구찜,부산광역시 동래구 온천동 1256-17,3,,,,,,,,,,,,,
대하찹쌀아구찜,부산광역시 동래구 온천동 1256-17,4,,,,,,,,,,,,,
대하찹쌀아구찜,부산광역시 동래구 온천동 1256-17,5,,,,,,,,,,,,,
대하찹쌀아구찜,부산광역시 동래구 온천동 1256-17,6,,,,,,,,,,,,,
대하찹쌀아구찜,부산광역시 동래구 온천동 1256-17,0,,,,,,,,,,,,,
대하찹쌀아구찜,부산광역시 동래구 온천동 1256-17,1,,,,,,,,,,,,,
대하찹쌀아구찜,부산광역시 동래구 온천동 1256-17,2,,,,,,,,,,,,,
대하찹쌀아구찜,부산광역시 동래구 온천동 1256-17,3,,,,,,,,,,,,,
대하찹쌀아구찜,부산광역시 동래구 온천동 1256-17,4,,,,,,,,,,,,,
대하찹쌀아구찜,부산광역시 동래구 온천동 1256-17,5,,,,,,,,,,,,,
대하찹쌀아구찜,부산광역시 동래구 온천동 1256-17,6,,,,,,,,,,,,,
도담아구가기가막혀,부산광역시 동래구 온천동 1256-21,0,,,,,,,,,,,,,
도담아구가기가막혀,부산광역시 동래구 온천동 1256-21,1,,,,,,,,,,,,,
도담아구가기가막혀,부산광역시 동래구 온천동 1256-21,2,,,,,,,,,,,,,
도담아구가기가막혀,부산광역시 동래구 온천동 1256-21,3,,,,,,,,,,,,,
도담아구가기가막혀,부산광역시 동래구 온천동 1256-21,4,,,,,,,,,,,,,
도담아구가기가막혀,부산광역시 동래구 온천동 1256-21,5,,,,,,,,,,,,,
도담아구가기가막혀,부산광역시 동래구 온천동 1256-21,6,,,,,,,,,,,,,
포돈포돈대패삼겹,부산광역시 동래구 온천동 1259-30,0,,,,,,,,,,,,,
포돈포돈대패삼겹,부산광역시 동래구 온천동 1259-30,1,,,,,,,,,,,,,
포돈포돈대패삼겹,부산광역시 동래구 온천동 1259-30,2,,,,,,,,,,,,,
포돈포돈대패삼겹,부산광역시 동래구 온천동 1259-30,3,,,,,,,,,,,,,
포돈포돈대패삼겹,부산광역시 동래구 온천동 1259-30,4,,,,,,,,,,,,,
포돈포돈대패삼겹,부산광역시 동래구 온천동 1259-30,5,,,,,,,,,,,,,
포돈포돈대패삼겹,부산광역시 동래구 온천동 1259-30,6,,,,,,,,,,,,,
행복고기식당,부산광역시 동래구 온천동 1259-30,0,,,,,,,,,,,,,
행복고기식당,부산광역시 동래구 온천동 1259-30,1,,,,,,,,,,,,,
행복고기식당,부산광역시 동래구 온천동 1259-30,2,,,,,,,,,,,,,
행복고기식당,부산광역시 동래구 온천동 1259-30,3,,,,,,,,,,,,,
행복고기식당,부산광역시 동래구 온천동 1259-30,4,,,,,,,,,,,,,
행복고기식당,부산광역시 동래구 온천동 1259-30,5,,,,,,,,,,,,,
행복고기식당,부산광역시 동래구 온천동 1259-30,6,,,,,,,,,,,,,
훈함바,부산광역시 동래구 온천동 1259-30,0,,,,,,,,,,,,,
훈함바,부산광역시 동래구 온천동 1259-30,1,,,,,,,,,,,,,
훈함바,부산광역시 동래구 온천동 1259-30,2,,,,,,,,,,,,,
훈함바,부산광역시 동래구 온천동 1259-30,3,,,,,,,,,,,,,
훈함바,부산광역시 동래구 온천동 1259-30,4,,,,,,,,,,,,,
훈함바,부산광역시 동래구 온천동 1259-30,5,,,,,,,,,,,,,
훈함바,부산광역시 동래구 온천동 1259-30,6,,,,,,,,,,,,,
비에이치씨부산미남점,부산광역시 동래구 온천동 1260-39,0,,,,,,,,,,,,,
비에이치씨부산미남점,부산광역시 동래구 온천동 1260-39,1,,,,,,,,,,,,,
비에이치씨부산미남점,부산광역시 동래구 온천동 1260-39,2,,,,,,,,,,,,,
비에이치씨부산미남점,부산광역시 동래구 온천동 1260-39,3,,,,,,,,,,,,,
비에이치씨부산미남점,부산광역시 동래구 온천동 1260-39,4,,,,,,,,,,,,,
비에이치씨부산미남점,부산광역시 동래구 온천동 1260-39,5,,,,,,,,,,,,,
비에이치씨부산미남점,부산광역시 동래구 온천동 1260-39,6,,,,,,,,,,,,,
미진각,부산광역시 동래구 온천동 1264-6,0,,,,,,,,,,,,,
미진각,부산광역시 동래구 온천동 1264-6,1,,,,,,,,,,,,,
미진각,부산광역시 동래구 온천동 1264-6,2,,,,,,,,,,,,,
미진각,부산광역시 동래구 온천동 1264-6,3,,,,,,,,,,,,,
미진각,부산광역시 동래구 온천동 1264-6,4,,,,,,,,,,,,,
미진각,부산광역시 동래구 온천동 1264-6,5,,,,,,,,,,,,,
미진각,부산광역시 동래구 온천동 1264-6,6,,,,,,,,,,,,,
송화루,부산광역시 동래구 온천동 1266-1,0,,,,,,,,,,,,,
송화루,부산광역시 동래구 온천동 1266-1,1,,,,,,,,,,,,,
송화루,부산광역시 동래구 온천동 1266-1,2,,,,,,,,,,,,,
송화루,부산광역시 동래구 온천동 1266-1,3,,,,,,,,,,,,,
송화루,부산광역시 동래구 온천동 1266-1,4,,,,,,,,,,,,,
송화루,부산광역시 동래구 온천동 1266-1,5,,,,,,,,,,,,,
송화루,부산광역시 동래구 온천동 1266-1,6,,,,,,,,,,,,,
비비큐부산미남점,부산광역시 동래구 온천동 1266-12,0,,,,,,,,,,,,,
비비큐부산미남점,부산광역시 동래구 온천동 1266-12,1,,,,,,,,,,,,,
비비큐부산미남점,부산광역시 동래구 온천동 1266-12,2,,,,,,,,,,,,,
비비큐부산미남점,부산광역시 동래구 온천동 1266-12,3,,,,,,,,,,,,,
비비큐부산미남점,부산광역시 동래구 온천동 1266-12,4,,,,,,,,,,,,,
비비큐부산미남점,부산광역시 동래구 온천동 1266-12,5,,,,,,,,,,,,,
비비큐부산미남점,부산광역시 동래구 온천동 1266-12,6,,,,,,,,,,,,,
요거트의정석,부산광역시 동래구 온천동 1266-19,0,,,,,,,,,,,,,
요거트의정석,부산광역시 동래구 온천동 1266-19,1,,,,,,,,,,,,,
요거트의정석,부산광역시 동래구 온천동 1266-19,2,,,,,,,,,,,,,
요거트의정석,부산광역시 동래구 온천동 1266-19,3,,,,,,,,,,,,,
요거트의정석,부산광역시 동래구 온천동 1266-19,4,,,,,,,,,,,,,
요거트의정석,부산광역시 동래구 온천동 1266-19,5,,,,,,,,,,,,,
요거트의정석,부산광역시 동래구 온천동 1266-19,6,,,,,,,,,,,,,
한양김치찜,부산광역시 동래구 온천동 1266-25,0,,,,,,,,,,,,,
한양김치찜,부산광역시 동래구 온천동 1266-25,1,,,,,,,,,,,,,
한양김치찜,부산광역시 동래구 온천동 1266-25,2,,,,,,,,,,,,,
한양김치찜,부산광역시 동래구 온천동 1266-25,3,,,,,,,,,,,,,
한양김치찜,부산광역시 동래구 온천동 1266-25,4,,,,,,,,,,,,,
한양김치찜,부산광역시 동래구 온천동 1266-25,5,,,,,,,,,,,,,
한양김치찜,부산광역시 동래구 온천동 1266-25,6,,,,,,,,,,,,,
도미노피자 동래점,부산광역시 동래구 온천동 1266-30,0,,,,,,,,,,,,,
도미노피자 동래점,부산광역시 동래구 온천동 1266-30,1,,,,,,,,,,,,,
도미노피자 동래점,부산광역시 동래구 온천동 1266-30,2,,,,,,,,,,,,,
도미노피자 동래점,부산광역시 동래구 온천동 1266-30,3,,,,,,,,,,,,,
도미노피자 동래점,부산광역시 동래구 온천동 1266-30,4,,,,,,,,,,,,,
도미노피자 동래점,부산광역시 동래구 온천동 1266-30,5,,,,,,,,,,,,,
도미노피자 동래점,부산광역시 동래구 온천동 1266-30,6,,,,,,,,,,,,,
올리브식:)김밥;칼국수올리브식:,부산광역시 동래구 온천동 1277-1,0,,,,,,,,,,,,,
올리브식:)김밥;칼국수올리브식:,부산광역시 동래구 온천동 1277-1,1,,,,,,,,,,,,,
올리브식:)김밥;칼국수올리브식:,부산광역시 동래구 온천동 1277-1,2,,,,,,,,,,,,,
올리브식:)김밥;칼국수올리브식:,부산광역시 동래구 온천동 1277-1,3,,,,,,,,,,,,,
올리브식:)김밥;칼국수올리브식:,부산광역시 동래구 온천동 1277-1,4,,,,,,,,,,,,,
올리브식:)김밥;칼국수올리브식:,부산광역시 동래구 온천동 1277-1,5,,,,,,,,,,,,,
올리브식:)김밥;칼국수올리브식:,부산광역시 동래구 온천동 1277-1,6,,,,,,,,,,,,,
불막열삼,부산광역시 동래구 온천동 1277-2,0,,,,,,,,,,,,,
불막열삼,부산광역시 동래구 온천동 1277-2,1,,,,,,,,,,,,,
불막열삼,부산광역시 동래구 온천동 1277-2,2,,,,,,,,,,,,,
불막열삼,부산광역시 동래구 온천동 1277-2,3,,,,,,,,,,,,,
불막열삼,부산광역시 동래구 온천동 1277-2,4,,,,,,,,,,,,,
불막열삼,부산광역시 동래구 온천동 1277-2,5,,,,,,,,,,,,,
불막열삼,부산광역시 동래구 온천동 1277-2,6,,,,,,,,,,,,,
플롭베이크,부산광역시 동래구 온천동 1277-2,0,,,,,,,,,,,,,
플롭베이크,부산광역시 동래구 온천동 1277-2,1,,,,,,,,,,,,,
플롭베이크,부산광역시 동래구 온천동 1277-2,2,,,,,,,,,,,,,
플롭베이크,부산광역시 동래구 온천동 1277-2,3,,,,,,,,,,,,,
플롭베이크,부산광역시 동래구 온천동 1277-2,4,,,,,,,,,,,,,
플롭베이크,부산광역시 동래구 온천동 1277-2,5,,,,,,,,,,,,,
플롭베이크,부산광역시 동래구 온천동 1277-2,6,,,,,,,,,,,,,
돈기부여미남점,부산광역시 동래구 온천동 1332-1,0,,,,,,,,,,,,,
돈기부여미남점,부산광역시 동래구 온천동 1332-1,1,,,,,,,,,,,,,
돈기부여미남점,부산광역시 동래구 온천동 1332-1,2,,,,,,,,,,,,,
돈기부여미남점,부산광역시 동래구 온천동 1332-1,3,,,,,,,,,,,,,
돈기부여미남점,부산광역시 동래구 온천동 1332-1,4,,,,,,,,,,,,,
돈기부여미남점,부산광역시 동래구 온천동 1332-1,5,,,,,,,,,,,,,
돈기부여미남점,부산광역시 동래구 온천동 1332-1,6,,,,,,,,,,,,,
코끼리밀면,부산광역시 동래구 온천동 134-5,0,,,,,,,,,,,,,
코끼리밀면,부산광역시 동래구 온천동 134-5,1,,,,,,,,,,,,,
코끼리밀면,부산광역시 동래구 온천동 134-5,2,,,,,,,,,,,,,
코끼리밀면,부산광역시 동래구 온천동 134-5,3,,,,,,,,,,,,,
코끼리밀면,부산광역시 동래구 온천동 134-5,4,,,,,,,,,,,,,
코끼리밀면,부산광역시 동래구 온천동 134-5,5,,,,,,,,,,,,,
코끼리밀면,부산광역시 동래구 온천동 134-5,6,,,,,,,,,,,,,
할매산곰장어,부산광역시 동래구 온천동 135-16,0,,,,,,,,,,,,,
할매산곰장어,부산광역시 동래구 온천동 135-16,1,,,,,,,,,,,,,
할매산곰장어,부산광역시 동래구 온천동 135-16,2,,,,,,,,,,,,,
할매산곰장어,부산광역시 동래구 온천동 135-16,3,,,,,,,,,,,,,
할매산곰장어,부산광역시 동래구 온천동 135-16,4,,,,,,,,,,,,,
할매산곰장어,부산광역시 동래구 온천동 135-16,5,,,,,,,,,,,,,
할매산곰장어,부산광역시 동래구 온천동 135-16,6,,,,,,,,,,,,,
명성식당,부산광역시 동래구 온천동 135-21,0,,,,,,,,,,,,,
명성식당,부산광역시 동래구 온천동 135-21,1,,,,,,,,,,,,,
명성식당,부산광역시 동래구 온천동 135-21,2,,,,,,,,,,,,,
명성식당,부산광역시 동래구 온천동 135-21,3,,,,,,,,,,,,,
명성식당,부산광역시 동래구 온천동 135-21,4,,,,,,,,,,,,,
명성식당,부산광역시 동래구 온천동 135-21,5,,,,,,,,,,,,,
명성식당,부산광역시 동래구 온천동 135-21,6,,,,,,,,,,,,,
숯양두마리치킨 사직점,부산광역시 동래구 온천동 1369-17,0,,,,,,,,,,,,,
숯양두마리치킨 사직점,부산광역시 동래구 온천동 1369-17,1,,,,,,,,,,,,,
숯양두마리치킨 사직점,부산광역시 동래구 온천동 1369-17,2,,,,,,,,,,,,,
숯양두마리치킨 사직점,부산광역시 동래구 온천동 1369-17,3,,,,,,,,,,,,,
숯양두마리치킨 사직점,부산광역시 동래구 온천동 1369-17,4,,,,,,,,,,,,,
숯양두마리치킨 사직점,부산광역시 동래구 온천동 1369-17,5,,,,,,,,,,,,,
숯양두마리치킨 사직점,부산광역시 동래구 온천동 1369-17,6,,,,,,,,,,,,,
참대나무닭숯불치킨,부산광역시 동래구 온천동 1369-17,0,,,,,,,,,,,,,
참대나무닭숯불치킨,부산광역시 동래구 온천동 1369-17,1,,,,,,,,,,,,,
참대나무닭숯불치킨,부산광역시 동래구 온천동 1369-17,2,,,,,,,,,,,,,
참대나무닭숯불치킨,부산광역시 동래구 온천동 1369-17,3,,,,,,,,,,,,,
참대나무닭숯불치킨,부산광역시 동래구 온천동 1369-17,4,,,,,,,,,,,,,
참대나무닭숯불치킨,부산광역시 동래구 온천동 1369-17,5,,,,,,,,,,,,,
참대나무닭숯불치킨,부산광역시 동래구 온천동 1369-17,6,,,,,,,,,,,,,
청담피자,부산광역시 동래구 온천동 1369-3,0,,,,,,,,,,,,,
청담피자,부산광역시 동래구 온천동 1369-3,1,,,,,,,,,,,,,
청담피자,부산광역시 동래구 온천동 1369-3,2,,,,,,,,,,,,,
청담피자,부산광역시 동래구 온천동 1369-3,3,,,,,,,,,,,,,
청담피자,부산광역시 동래구 온천동 1369-3,4,,,,,,,,,,,,,
청담피자,부산광역시 동래구 온천동 1369-3,5,,,,,,,,,,,,,
청담피자,부산광역시 동래구 온천동 1369-3,6,,,,,,,,,,,,,
빙과를더하다,부산광역시 동래구 온천동 1369-7,0,,,,,,,,,,,,,
빙과를더하다,부산광역시 동래구 온천동 1369-7,1,,,,,,,,,,,,,
빙과를더하다,부산광역시 동래구 온천동 1369-7,2,,,,,,,,,,,,,
빙과를더하다,부산광역시 동래구 온천동 1369-7,3,,,,,,,,,,,,,
빙과를더하다,부산광역시 동래구 온천동 1369-7,4,,,,,,,,,,,,,
빙과를더하다,부산광역시 동래구 온천동 1369-7,5,,,,,,,,,,,,,
빙과를더하다,부산광역시 동래구 온천동 1369-7,6,,,,,,,,,,,,,
롯데리아동래허심청점,부산광역시 동래구 온천동 137,0,,,,,,,,,,,,,
롯데리아동래허심청점,부산광역시 동래구 온천동 137,1,,,,,,,,,,,,,
롯데리아동래허심청점,부산광역시 동래구 온천동 137,2,,,,,,,,,,,,,
롯데리아동래허심청점,부산광역시 동래구 온천동 137,3,,,,,,,,,,,,,
롯데리아동래허심청점,부산광역시 동래구 온천동 137,4,,,,,,,,,,,,,
롯데리아동래허심청점,부산광역시 동래구 온천동 137,5,,,,,,,,,,,,,
롯데리아동래허심청점,부산광역시 동래구 온천동 137,6,,,,,,,,,,,,,
에이치앤제이푸드,부산광역시 동래구 온천동 137,0,,,,,,,,,,,,,
에이치앤제이푸드,부산광역시 동래구 온천동 137,1,,,,,,,,,,,,,
에이치앤제이푸드,부산광역시 동래구 온천동 137,2,,,,,,,,,,,,,
에이치앤제이푸드,부산광역시 동래구 온천동 137,3,,,,,,,,,,,,,
에이치앤제이푸드,부산광역시 동래구 온천동 137,4,,,,,,,,,,,,,
에이치앤제이푸드,부산광역시 동래구 온천동 137,5,,,,,,,,,,,,,
에이치앤제이푸드,부산광역시 동래구 온천동 137,6,,,,,,,,,,,,,
고집,부산광역시 동래구 온천동 137-11,0,,,,,,,,,,,,,
고집,부산광역시 동래구 온천동 137-11,1,,,,,,,,,,,,,
고집,부산광역시 동래구 온천동 137-11,2,,,,,,,,,,,,,
고집,부산광역시 동래구 온천동 137-11,3,,,,,,,,,,,,,
고집,부산광역시 동래구 온천동 137-11,4,,,,,,,,,,,,,
고집,부산광역시 동래구 온천동 137-11,5,,,,,,,,,,,,,
고집,부산광역시 동래구 온천동 137-11,6,,,,,,,,,,,,,
금수복국 온천점,부산광역시 동래구 온천동 137-12,0,,,,,,,,,,,,,
금수복국 온천점,부산광역시 동래구 온천동 137-12,1,,,,,,,,,,,,,
금수복국 온천점,부산광역시 동래구 온천동 137-12,2,,,,,,,,,,,,,
금수복국 온천점,부산광역시 동래구 온천동 137-12,3,,,,,,,,,,,,,
금수복국 온천점,부산광역시 동래구 온천동 137-12,4,,,,,,,,,,,,,
금수복국 온천점,부산광역시 동래구 온천동 137-12,5,,,,,,,,,,,,,
금수복국 온천점,부산광역시 동래구 온천동 137-12,6,,,,,,,,,,,,,
태능,부산광역시 동래구 온천동 137-15,0,,,,,,,,,,,,,
태능,부산광역시 동래구 온천동 137-15,1,,,,,,,,,,,,,
태능,부산광역시 동래구 온천동 137-15,2,,,,,,,,,,,,,
태능,부산광역시 동래구 온천동 137-15,3,,,,,,,,,,,,,
태능,부산광역시 동래구 온천동 137-15,4,,,,,,,,,,,,,
태능,부산광역시 동래구 온천동 137-15,5,,,,,,,,,,,,,
태능,부산광역시 동래구 온천동 137-15,6,,,,,,,,,,,,,
금강식육식당,부산광역시 동래구 온천동 1376-7,0,,,,,,,,,,,,,
금강식육식당,부산광역시 동래구 온천동 1376-7,1,,,,,,,,,,,,,
금강식육식당,부산광역시 동래구 온천동 1376-7,2,,,,,,,,,,,,,
금강식육식당,부산광역시 동래구 온천동 1376-7,3,,,,,,,,,,,,,
금강식육식당,부산광역시 동래구 온천동 1376-7,4,,,,,,,,,,,,,
금강식육식당,부산광역시 동래구 온천동 1376-7,5,,,,,,,,,,,,,
금강식육식당,부산광역시 동래구 온천동 1376-7,6,,,,,,,,,,,,,
도미아구찜,부산광역시 동래구 온천동 1376-7,0,,,,,,,,,,,,,
도미아구찜,부산광역시 동래구 온천동 1376-7,1,,,,,,,,,,,,,
도미아구찜,부산광역시 동래구 온천동 1376-7,2,,,,,,,,,,,,,
도미아구찜,부산광역시 동래구 온천동 1376-7,3,,,,,,,,,,,,,
도미아구찜,부산광역시 동래구 온천동 1376-7,4,,,,,,,,,,,,,
도미아구찜,부산광역시 동래구 온천동 1376-7,5,,,,,,,,,,,,,
도미아구찜,부산광역시 동래구 온천동 1376-7,6,,,,,,,,,,,,,
일미집,부산광역시 동래구 온천동 1376-7,0,,,,,,,,,,,,,
일미집,부산광역시 동래구 온천동 1376-7,1,,,,,,,,,,,,,
일미집,부산광역시 동래구 온천동 1376-7,2,,,,,,,,,,,,,
일미집,부산광역시 동래구 온천동 1376-7,3,,,,,,,,,,,,,
일미집,부산광역시 동래구 온천동 1376-7,4,,,,,,,,,,,,,
일미집,부산광역시 동래구 온천동 1376-7,5,,,,,,,,,,,,,
일미집,부산광역시 동래구 온천동 1376-7,6,,,,,,,,,,,,,
땡기네칼국수,부산광역시 동래구 온천동 1377-2,0,,,,,,,,,,,,,
땡기네칼국수,부산광역시 동래구 온천동 1377-2,1,,,,,,,,,,,,,
땡기네칼국수,부산광역시 동래구 온천동 1377-2,2,,,,,,,,,,,,,
땡기네칼국수,부산광역시 동래구 온천동 1377-2,3,,,,,,,,,,,,,
땡기네칼국수,부산광역시 동래구 온천동 1377-2,4,,,,,,,,,,,,,
땡기네칼국수,부산광역시 동래구 온천동 1377-2,5,,,,,,,,,,,,,
땡기네칼국수,부산광역시 동래구 온천동 1377-2,6,,,,,,,,,,,,,
풍진,부산광역시 동래구 온천동 1377-21,0,,,,,,,,,,,,,
풍진,부산광역시 동래구 온천동 1377-21,1,,,,,,,,,,,,,
풍진,부산광역시 동래구 온천동 1377-21,2,,,,,,,,,,,,,
풍진,부산광역시 동래구 온천동 1377-21,3,,,,,,,,,,,,,
풍진,부산광역시 동래구 온천동 1377-21,4,,,,,,,,,,,,,
풍진,부산광역시 동래구 온천동 1377-21,5,,,,,,,,,,,,,
풍진,부산광역시 동래구 온천동 1377-21,6,,,,,,,,,,,,,
백송슈퍼,부산광역시 동래구 온천동 1377-27,0,,,,,,,,,,,,,
백송슈퍼,부산광역시 동래구 온천동 1377-27,1,,,,,,,,,,,,,
백송슈퍼,부산광역시 동래구 온천동 1377-27,2,,,,,,,,,,,,,
백송슈퍼,부산광역시 동래구 온천동 1377-27,3,,,,,,,,,,,,,
백송슈퍼,부산광역시 동래구 온천동 1377-27,4,,,,,,,,,,,,,
백송슈퍼,부산광역시 동래구 온천동 1377-27,5,,,,,,,,,,,,,
백송슈퍼,부산광역시 동래구 온천동 1377-27,6,,,,,,,,,,,,,
그린그로우,부산광역시 동래구 온천동 1379-17,0,,,,,,,,,,,,,
그린그로우,부산광역시 동래구 온천동 1379-17,1,,,,,,,,,,,,,
그린그로우,부산광역시 동래구 온천동 1379-17,2,,,,,,,,,,,,,
그린그로우,부산광역시 동래구 온천동 1379-17,3,,,,,,,,,,,,,
그린그로우,부산광역시 동래구 온천동 1379-17,4,,,,,,,,,,,,,
그린그로우,부산광역시 동래구 온천동 1379-17,5,,,,,,,,,,,,,
그린그로우,부산광역시 동래구 온천동 1379-17,6,,,,,,,,,,,,,
88한장어구이,부산광역시 동래구 온천동 1380-2,0,,,,,,,,,,,,,
88한장어구이,부산광역시 동래구 온천동 1380-2,1,,,,,,,,,,,,,
88한장어구이,부산광역시 동래구 온천동 1380-2,2,,,,,,,,,,,,,
88한장어구이,부산광역시 동래구 온천동 1380-2,3,,,,,,,,,,,,,
88한장어구이,부산광역시 동래구 온천동 1380-2,4,,,,,,,,,,,,,
88한장어구이,부산광역시 동래구 온천동 1380-2,5,,,,,,,,,,,,,
88한장어구이,부산광역시 동래구 온천동 1380-2,6,,,,,,,,,,,,,
동해제일식당,부산광역시 동래구 온천동 1380-2,0,,,,,,,,,,,,,
동해제일식당,부산광역시 동래구 온천동 1380-2,1,,,,,,,,,,,,,
동해제일식당,부산광역시 동래구 온천동 1380-2,2,,,,,,,,,,,,,
동해제일식당,부산광역시 동래구 온천동 1380-2,3,,,,,,,,,,,,,
동해제일식당,부산광역시 동래구 온천동 1380-2,4,,,,,,,,,,,,,
동해제일식당,부산광역시 동래구 온천동 1380-2,5,,,,,,,,,,,,,
동해제일식당,부산광역시 동래구 온천동 1380-2,6,,,,,,,,,,,,,
서울깍두기 온천점,부산광역시 동래구 온천동 138-3,0,,,,,,,,,,,,,
서울깍두기 온천점,부산광역시 동래구 온천동 138-3,1,,,,,,,,,,,,,
서울깍두기 온천점,부산광역시 동래구 온천동 138-3,2,,,,,,,,,,,,,
서울깍두기 온천점,부산광역시 동래구 온천동 138-3,3,,,,,,,,,,,,,
서울깍두기 온천점,부산광역시 동래구 온천동 138-3,4,,,,,,,,,,,,,
서울깍두기 온천점,부산광역시 동래구 온천동 138-3,5,,,,,,,,,,,,,
서울깍두기 온천점,부산광역시 동래구 온천동 138-3,6,,,,,,,,,,,,,
부산자갈치왕곰장어,부산광역시 동래구 온천동 138-41,0,,,,,,,,,,,,,
부산자갈치왕곰장어,부산광역시 동래구 온천동 138-41,1,,,,,,,,,,,,,
부산자갈치왕곰장어,부산광역시 동래구 온천동 138-41,2,,,,,,,,,,,,,
부산자갈치왕곰장어,부산광역시 동래구 온천동 138-41,3,,,,,,,,,,,,,
부산자갈치왕곰장어,부산광역시 동래구 온천동 138-41,4,,,,,,,,,,,,,
부산자갈치왕곰장어,부산광역시 동래구 온천동 138-41,5,,,,,,,,,,,,,
부산자갈치왕곰장어,부산광역시 동래구 온천동 138-41,6,,,,,,,,,,,,,
남포해장국,부산광역시 동래구 온천동 140-21,0,,,,,,,,,,,,,
남포해장국,부산광역시 동래구 온천동 140-21,1,,,,,,,,,,,,,
남포해장국,부산광역시 동래구 온천동 140-21,2,,,,,,,,,,,,,
남포해장국,부산광역시 동래구 온천동 140-21,3,,,,,,,,,,,,,
남포해장국,부산광역시 동래구 온천동 140-21,4,,,,,,,,,,,,,
남포해장국,부산광역시 동래구 온천동 140-21,5,,,,,,,,,,,,,
남포해장국,부산광역시 동래구 온천동 140-21,6,,,,,,,,,,,,,
업소명없음,부산광역시 동래구 온천동 1403-2,0,,,,,,,,,,,,,
업소명없음,부산광역시 동래구 온천동 1403-2,1,,,,,,,,,,,,,
업소명없음,부산광역시 동래구 온천동 1403-2,2,,,,,,,,,,,,,
업소명없음,부산광역시 동래구 온천동 1403-2,3,,,,,,,,,,,,,
업소명없음,부산광역시 동래구 온천동 1403-2,4,,,,,,,,,,,,,
업소명없음,부산광역시 동래구 온천동 1403-2,5,,,,,,,,,,,,,
업소명없음,부산광역시 동래구 온천동 1403-2,6,,,,,,,,,,,,,
소문난곰장어,부산광역시 동래구 온천동 140-52,0,,,,,,,,,,,,,
소문난곰장어,부산광역시 동래구 온천동 140-52,1,,,,,,,,,,,,,
소문난곰장어,부산광역시 동래구 온천동 140-52,2,,,,,,,,,,,,,
소문난곰장어,부산광역시 동래구 온천동 140-52,3,,,,,,,,,,,,,
소문난곰장어,부산광역시 동래구 온천동 140-52,4,,,,,,,,,,,,,
소문난곰장어,부산광역시 동래구 온천동 140-52,5,,,,,,,,,,,,,
소문난곰장어,부산광역시 동래구 온천동 140-52,6,,,,,,,,,,,,,
부산토박이산곰장어,부산광역시 동래구 온천동 140-6,0,,,,,,,,,,,,,
부산토박이산곰장어,부산광역시 동래구 온천동 140-6,1,,,,,,,,,,,,,
부산토박이산곰장어,부산광역시 동래구 온천동 140-6,2,,,,,,,,,,,,,
부산토박이산곰장어,부산광역시 동래구 온천동 140-6,3,,,,,,,,,,,,,
부산토박이산곰장어,부산광역시 동래구 온천동 140-6,4,,,,,,,,,,,,,
부산토박이산곰장어,부산광역시 동래구 온천동 140-6,5,,,,,,,,,,,,,
부산토박이산곰장어,부산광역시 동래구 온천동 140-6,6,,,,,,,,,,,,,
노란단무지,부산광역시 동래구 온천동 1407-23,0,,,,,,,,,,,,,
노란단무지,부산광역시 동래구 온천동 1407-23,1,,,,,,,,,,,,,
노란단무지,부산광역시 동래구 온천동 1407-23,2,,,,,,,,,,,,,
노란단무지,부산광역시 동래구 온천동 1407-23,3,,,,,,,,,,,,,
노란단무지,부산광역시 동래구 온천동 1407-23,4,,,,,,,,,,,,,
노란단무지,부산광역시 동래구 온천동 1407-23,5,,,,,,,,,,,,,
노란단무지,부산광역시 동래구 온천동 1407-23,6,,,,,,,,,,,,,
대성횟집,부산광역시 동래구 온천동 1407-29,0,,,,,,,,,,,,,
대성횟집,부산광역시 동래구 온천동 1407-29,1,,,,,,,,,,,,,
대성횟집,부산광역시 동래구 온천동 1407-29,2,,,,,,,,,,,,,
대성횟집,부산광역시 동래구 온천동 1407-29,3,,,,,,,,,,,,,
대성횟집,부산광역시 동래구 온천동 1407-29,4,,,,,,,,,,,,,
대성횟집,부산광역시 동래구 온천동 1407-29,5,,,,,,,,,,,,,
대성횟집,부산광역시 동래구 온천동 1407-29,6,,,,,,,,,,,,,
금성삼천포식당,부산광역시 동래구 온천동 1407-35,0,,,,,,,,,,,,,
금성삼천포식당,부산광역시 동래구 온천동 1407-35,1,,,,,,,,,,,,,
금성삼천포식당,부산광역시 동래구 온천동 1407-35,2,,,,,,,,,,,,,
금성삼천포식당,부산광역시 동래구 온천동 1407-35,3,,,,,,,,,,,,,
금성삼천포식당,부산광역시 동래구 온천동 1407-35,4,,,,,,,,,,,,,
금성삼천포식당,부산광역시 동래구 온천동 1407-35,5,,,,,,,,,,,,,
금성삼천포식당,부산광역시 동래구 온천동 1407-35,6,,,,,,,,,,,,,
대성횟집,부산광역시 동래구 온천동 1407-39,0,,,,,,,,,,,,,
대성횟집,부산광역시 동래구 온천동 1407-39,1,,,,,,,,,,,,,
대성횟집,부산광역시 동래구 온천동 1407-39,2,,,,,,,,,,,,,
대성횟집,부산광역시 동래구 온천동 1407-39,3,,,,,,,,,,,,,
대성횟집,부산광역시 동래구 온천동 1407-39,4,,,,,,,,,,,,,
대성횟집,부산광역시 동래구 온천동 1407-39,5,,,,,,,,,,,,,
대성횟집,부산광역시 동래구 온천동 1407-39,6,,,,,,,,,,,,,
들낙국수,부산광역시 동래구 온천동 1410-2,0,,,,,,,,,,,,,
들낙국수,부산광역시 동래구 온천동 1410-2,1,,,,,,,,,,,,,
들낙국수,부산광역시 동래구 온천동 1410-2,2,,,,,,,,,,,,,
들낙국수,부산광역시 동래구 온천동 1410-2,3,,,,,,,,,,,,,
들낙국수,부산광역시 동래구 온천동 1410-2,4,,,,,,,,,,,,,
들낙국수,부산광역시 동래구 온천동 1410-2,5,,,,,,,,,,,,,
들낙국수,부산광역시 동래구 온천동 1410-2,6,,,,,,,,,,,,,
진미당대구뽈찜,부산광역시 동래구 온천동 1410-2,0,,,,,,,,,,,,,
진미당대구뽈찜,부산광역시 동래구 온천동 1410-2,1,,,,,,,,,,,,,
진미당대구뽈찜,부산광역시 동래구 온천동 1410-2,2,,,,,,,,,,,,,
진미당대구뽈찜,부산광역시 동래구 온천동 1410-2,3,,,,,,,,,,,,,
진미당대구뽈찜,부산광역시 동래구 온천동 1410-2,4,,,,,,,,,,,,,
진미당대구뽈찜,부산광역시 동래구 온천동 1410-2,5,,,,,,,,,,,,,
진미당대구뽈찜,부산광역시 동래구 온천동 1410-2,6,,,,,,,,,,,,,
대중식당,부산광역시 동래구 온천동 1411-1,0,,,,,,,,,,,,,
대중식당,부산광역시 동래구 온천동 1411-1,1,,,,,,,,,,,,,
대중식당,부산광역시 동래구 온천동 1411-1,2,,,,,,,,,,,,,
대중식당,부산광역시 동래구 온천동 1411-1,3,,,,,,,,,,,,,
대중식당,부산광역시 동래구 온천동 1411-1,4,,,,,,,,,,,,,
대중식당,부산광역시 동래구 온천동 1411-1,5,,,,,,,,,,,,,
대중식당,부산광역시 동래구 온천동 1411-1,6,,,,,,,,,,,,,
여수식당,부산광역시 동래구 온천동 1411-2,0,,,,,,,,,,,,,
여수식당,부산광역시 동래구 온천동 1411-2,1,,,,,,,,,,,,,
여수식당,부산광역시 동래구 온천동 1411-2,2,,,,,,,,,,,,,
여수식당,부산광역시 동래구 온천동 1411-2,3,,,,,,,,,,,,,
여수식당,부산광역시 동래구 온천동 1411-2,4,,,,,,,,,,,,,
여수식당,부산광역시 동래구 온천동 1411-2,5,,,,,,,,,,,,,
여수식당,부산광역시 동래구 온천동 1411-2,6,,,,,,,,,,,,,
교촌치킨 온천점,부산광역시 동래구 온천동 1411-47,0,,,,,,,,,,,,,
교촌치킨 온천점,부산광역시 동래구 온천동 1411-47,1,,,,,,,,,,,,,
교촌치킨 온천점,부산광역시 동래구 온천동 1411-47,2,,,,,,,,,,,,,
교촌치킨 온천점,부산광역시 동래구 온천동 1411-47,3,,,,,,,,,,,,,
교촌치킨 온천점,부산광역시 동래구 온천동 1411-47,4,,,,,,,,,,,,,
교촌치킨 온천점,부산광역시 동래구 온천동 1411-47,5,,,,,,,,,,,,,
교촌치킨 온천점,부산광역시 동래구 온천동 1411-47,6,,,,,,,,,,,,,
제주마루,부산광역시 동래구 온천동 1411-5,0,,,,,,,,,,,,,
제주마루,부산광역시 동래구 온천동 1411-5,1,,,,,,,,,,,,,
제주마루,부산광역시 동래구 온천동 1411-5,2,,,,,,,,,,,,,
제주마루,부산광역시 동래구 온천동 1411-5,3,,,,,,,,,,,,,
제주마루,부산광역시 동래구 온천동 1411-5,4,,,,,,,,,,,,,
제주마루,부산광역시 동래구 온천동 1411-5,5,,,,,,,,,,,,,
제주마루,부산광역시 동래구 온천동 1411-5,6,,,,,,,,,,,,,
가마치통닭미남역점,부산광역시 동래구 온천동 1412-1,0,,,,,,,,,,,,,
가마치통닭미남역점,부산광역시 동래구 온천동 1412-1,1,,,,,,,,,,,,,
가마치통닭미남역점,부산광역시 동래구 온천동 1412-1,2,,,,,,,,,,,,,
가마치통닭미남역점,부산광역시 동래구 온천동 1412-1,3,,,,,,,,,,,,,
가마치통닭미남역점,부산광역시 동래구 온천동 1412-1,4,,,,,,,,,,,,,
가마치통닭미남역점,부산광역시 동래구 온천동 1412-1,5,,,,,,,,,,,,,
가마치통닭미남역점,부산광역시 동래구 온천동 1412-1,6,,,,,,,,,,,,,
롯데리아부산미남역,부산광역시 동래구 온천동 1412-1,0,,,,,,,,,,,,,
롯데리아부산미남역,부산광역시 동래구 온천동 1412-1,1,,,,,,,,,,,,,
롯데리아부산미남역,부산광역시 동래구 온천동 1412-1,2,,,,,,,,,,,,,
롯데리아부산미남역,부산광역시 동래구 온천동 1412-1,3,,,,,,,,,,,,,
롯데리아부산미남역,부산광역시 동래구 온천동 1412-1,4,,,,,,,,,,,,,
롯데리아부산미남역,부산광역시 동래구 온천동 1412-1,5,,,,,,,,,,,,,
롯데리아부산미남역,부산광역시 동래구 온천동 1412-1,6,,,,,,,,,,,,,
삼돼장,부산광역시 동래구 온천동 1412-6,0,,,,,,,,,,,,,
삼돼장,부산광역시 동래구 온천동 1412-6,1,,,,,,,,,,,,,
삼돼장,부산광역시 동래구 온천동 1412-6,2,,,,,,,,,,,,,
삼돼장,부산광역시 동래구 온천동 1412-6,3,,,,,,,,,,,,,
삼돼장,부산광역시 동래구 온천동 1412-6,4,,,,,,,,,,,,,
삼돼장,부산광역시 동래구 온천동 1412-6,5,,,,,,,,,,,,,
삼돼장,부산광역시 동래구 온천동 1412-6,6,,,,,,,,,,,,,
종종자주,부산광역시 동래구 온천동 141-3,0,,,,,,,,,,,,,
종종자주,부산광역시 동래구 온천동 141-3,1,,,,,,,,,,,,,
종종자주,부산광역시 동래구 온천동 141-3,2,,,,,,,,,,,,,
종종자주,부산광역시 동래구 온천동 141-3,3,,,,,,,,,,,,,
종종자주,부산광역시 동래구 온천동 141-3,4,,,,,,,,,,,,,
종종자주,부산광역시 동래구 온천동 141-3,5,,,,,,,,,,,,,
종종자주,부산광역시 동래구 온천동 141-3,6,,,,,,,,,,,,,
만복국수,부산광역시 동래구 온천동 1413-7,0,,,,,,,,,,,,,
만복국수,부산광역시 동래구 온천동 1413-7,1,,,,,,,,,,,,,
만복국수,부산광역시 동래구 온천동 1413-7,2,,,,,,,,,,,,,
만복국수,부산광역시 동래구 온천동 1413-7,3,,,,,,,,,,,,,
만복국수,부산광역시 동래구 온천동 1413-7,4,,,,,,,,,,,,,
만복국수,부산광역시 동래구 온천동 1413-7,5,,,,,,,,,,,,,
만복국수,부산광역시 동래구 온천동 1413-7,6,,,,,,,,,,,,,
썬더치킨미남점,부산광역시 동래구 온천동 1413-7,0,,,,,,,,,,,,,
썬더치킨미남점,부산광역시 동래구 온천동 1413-7,1,,,,,,,,,,,,,
썬더치킨미남점,부산광역시 동래구 온천동 1413-7,2,,,,,,,,,,,,,
썬더치킨미남점,부산광역시 동래구 온천동 1413-7,3,,,,,,,,,,,,,
썬더치킨미남점,부산광역시 동래구 온천동 1413-7,4,,,,,,,,,,,,,
썬더치킨미남점,부산광역시 동래구 온천동 1413-7,5,,,,,,,,,,,,,
썬더치킨미남점,부산광역시 동래구 온천동 1413-7,6,,,,,,,,,,,,,
막돌집,부산광역시 동래구 온천동 1413-9,0,,,,,,,,,,,,,
막돌집,부산광역시 동래구 온천동 1413-9,1,,,,,,,,,,,,,
막돌집,부산광역시 동래구 온천동 1413-9,2,,,,,,,,,,,,,
막돌집,부산광역시 동래구 온천동 1413-9,3,,,,,,,,,,,,,
막돌집,부산광역시 동래구 온천동 1413-9,4,,,,,,,,,,,,,
막돌집,부산광역시 동래구 온천동 1413-9,5,,,,,,,,,,,,,
막돌집,부산광역시 동래구 온천동 1413-9,6,,,,,,,,,,,,,
막썰어초장집,부산광역시 동래구 온천동 141-4,0,,,,,,,,,,,,,
막썰어초장집,부산광역시 동래구 온천동 141-4,1,,,,,,,,,,,,,
막썰어초장집,부산광역시 동래구 온천동 141-4,2,,,,,,,,,,,,,
막썰어초장집,부산광역시 동래구 온천동 141-4,3,,,,,,,,,,,,,
막썰어초장집,부산광역시 동래구 온천동 141-4,4,,,,,,,,,,,,,
막썰어초장집,부산광역시 동래구 온천동 141-4,5,,,,,,,,,,,,,
막썰어초장집,부산광역시 동래구 온천동 141-4,6,,,,,,,,,,,,,
꽃미남냉삼집,부산광역시 동래구 온천동 1414-13,0,,,,,,,,,,,,,
꽃미남냉삼집,부산광역시 동래구 온천동 1414-13,1,,,,,,,,,,,,,
꽃미남냉삼집,부산광역시 동래구 온천동 1414-13,2,,,,,,,,,,,,,
꽃미남냉삼집,부산광역시 동래구 온천동 1414-13,3,,,,,,,,,,,,,
꽃미남냉삼집,부산광역시 동래구 온천동 1414-13,4,,,,,,,,,,,,,
꽃미남냉삼집,부산광역시 동래구 온천동 1414-13,5,,,,,,,,,,,,,
꽃미남냉삼집,부산광역시 동래구 온천동 1414-13,6,,,,,,,,,,,,,
이태원판자집미남점,부산광역시 동래구 온천동 1414-13,0,,,,,,,,,,,,,
이태원판자집미남점,부산광역시 동래구 온천동 1414-13,1,,,,,,,,,,,,,
이태원판자집미남점,부산광역시 동래구 온천동 1414-13,2,,,,,,,,,,,,,
이태원판자집미남점,부산광역시 동래구 온천동 1414-13,3,,,,,,,,,,,,,
이태원판자집미남점,부산광역시 동래구 온천동 1414-13,4,,,,,,,,,,,,,
이태원판자집미남점,부산광역시 동래구 온천동 1414-13,5,,,,,,,,,,,,,
이태원판자집미남점,부산광역시 동래구 온천동 1414-13,6,,,,,,,,,,,,,
돼지만왕소금구이,부산광역시 동래구 온천동 1414-18,0,,,,,,,,,,,,,
돼지만왕소금구이,부산광역시 동래구 온천동 1414-18,1,,,,,,,,,,,,,
돼지만왕소금구이,부산광역시 동래구 온천동 1414-18,2,,,,,,,,,,,,,
돼지만왕소금구이,부산광역시 동래구 온천동 1414-18,3,,,,,,,,,,,,,
돼지만왕소금구이,부산광역시 동래구 온천동 1414-18,4,,,,,,,,,,,,,
돼지만왕소금구이,부산광역시 동래구 온천동 1414-18,5,,,,,,,,,,,,,
돼지만왕소금구이,부산광역시 동래구 온천동 1414-18,6,,,,,,,,,,,,,
돼지만왕소금구이,부산광역시 동래구 온천동 1414-18,0,,,,,,,,,,,,,
돼지만왕소금구이,부산광역시 동래구 온천동 1414-18,1,,,,,,,,,,,,,
돼지만왕소금구이,부산광역시 동래구 온천동 1414-18,2,,,,,,,,,,,,,
돼지만왕소금구이,부산광역시 동래구 온천동 1414-18,3,,,,,,,,,,,,,
돼지만왕소금구이,부산광역시 동래구 온천동 1414-18,4,,,,,,,,,,,,,
돼지만왕소금구이,부산광역시 동래구 온천동 1414-18,5,,,,,,,,,,,,,
돼지만왕소금구이,부산광역시 동래구 온천동 1414-18,6,,,,,,,,,,,,,
부산축산왕소금구이,부산광역시 동래구 온천동 1414-18,0,,,,,,,,,,,,,
부산축산왕소금구이,부산광역시 동래구 온천동 1414-18,1,,,,,,,,,,,,,
부산축산왕소금구이,부산광역시 동래구 온천동 1414-18,2,,,,,,,,,,,,,
부산축산왕소금구이,부산광역시 동래구 온천동 1414-18,3,,,,,,,,,,,,,
부산축산왕소금구이,부산광역시 동래구 온천동 1414-18,4,,,,,,,,,,,,,
부산축산왕소금구이,부산광역시 동래구 온천동 1414-18,5,,,,,,,,,,,,,
부산축산왕소금구이,부산광역시 동래구 온천동 1414-18,6,,,,,,,,,,,,,
황금어장,부산광역시 동래구 온천동 1414-6,0,,,,,,,,,,,,,
황금어장,부산광역시 동래구 온천동 1414-6,1,,,,,,,,,,,,,
황금어장,부산광역시 동래구 온천동 1414-6,2,,,,,,,,,,,,,
황금어장,부산광역시 동래구 온천동 1414-6,3,,,,,,,,,,,,,
황금어장,부산광역시 동래구 온천동 1414-6,4,,,,,,,,,,,,,
황금어장,부산광역시 동래구 온천동 1414-6,5,,,,,,,,,,,,,
황금어장,부산광역시 동래구 온천동 1414-6,6,,,,,,,,,,,,,
포미정,부산광역시 동래구 온천동 141-8,0,,,,,,,,,,,,,
포미정,부산광역시 동래구 온천동 141-8,1,,,,,,,,,,,,,
포미정,부산광역시 동래구 온천동 141-8,2,,,,,,,,,,,,,
포미정,부산광역시 동래구 온천동 141-8,3,,,,,,,,,,,,,
포미정,부산광역시 동래구 온천동 141-8,4,,,,,,,,,,,,,
포미정,부산광역시 동래구 온천동 141-8,5,,,,,,,,,,,,,
포미정,부산광역시 동래구 온천동 141-8,6,,,,,,,,,,,,,
따봉직화구이,부산광역시 동래구 온천동 1421-20,0,,,,,,,,,,,,,
따봉직화구이,부산광역시 동래구 온천동 1421-20,1,,,,,,,,,,,,,
따봉직화구이,부산광역시 동래구 온천동 1421-20,2,,,,,,,,,,,,,
따봉직화구이,부산광역시 동래구 온천동 1421-20,3,,,,,,,,,,,,,
따봉직화구이,부산광역시 동래구 온천동 1421-20,4,,,,,,,,,,,,,
따봉직화구이,부산광역시 동래구 온천동 1421-20,5,,,,,,,,,,,,,
따봉직화구이,부산광역시 동래구 온천동 1421-20,6,,,,,,,,,,,,,
목촌갈비탕,부산광역시 동래구 온천동 1421-26,0,,,,,,,,,,,,,
목촌갈비탕,부산광역시 동래구 온천동 1421-26,1,,,,,,,,,,,,,
목촌갈비탕,부산광역시 동래구 온천동 1421-26,2,,,,,,,,,,,,,
목촌갈비탕,부산광역시 동래구 온천동 1421-26,3,,,,,,,,,,,,,
목촌갈비탕,부산광역시 동래구 온천동 1421-26,4,,,,,,,,,,,,,
목촌갈비탕,부산광역시 동래구 온천동 1421-26,5,,,,,,,,,,,,,
목촌갈비탕,부산광역시 동래구 온천동 1421-26,6,,,,,,,,,,,,,
인정후라이드 동래점,부산광역시 동래구 온천동 1421-26,0,,,,,,,,,,,,,
인정후라이드 동래점,부산광역시 동래구 온천동 1421-26,1,,,,,,,,,,,,,
인정후라이드 동래점,부산광역시 동래구 온천동 1421-26,2,,,,,,,,,,,,,
인정후라이드 동래점,부산광역시 동래구 온천동 1421-26,3,,,,,,,,,,,,,
인정후라이드 동래점,부산광역시 동래구 온천동 1421-26,4,,,,,,,,,,,,,
인정후라이드 동래점,부산광역시 동래구 온천동 1421-26,5,,,,,,,,,,,,,
인정후라이드 동래점,부산광역시 동래구 온천동 1421-26,6,,,,,,,,,,,,,
미남생막창,부산광역시 동래구 온천동 1421-36,0,,,,,,,,,,,,,
미남생막창,부산광역시 동래구 온천동 1421-36,1,,,,,,,,,,,,,
미남생막창,부산광역시 동래구 온천동 1421-36,2,,,,,,,,,,,,,
미남생막창,부산광역시 동래구 온천동 1421-36,3,,,,,,,,,,,,,
미남생막창,부산광역시 동래구 온천동 1421-36,4,,,,,,,,,,,,,
미남생막창,부산광역시 동래구 온천동 1421-36,5,,,,,,,,,,,,,
미남생막창,부산광역시 동래구 온천동 1421-36,6,,,,,,,,,,,,,
굴마을굴국밥,부산광역시 동래구 온천동 1421-7,0,,,,,,,,,,,,,
굴마을굴국밥,부산광역시 동래구 온천동 1421-7,1,,,,,,,,,,,,,
굴마을굴국밥,부산광역시 동래구 온천동 1421-7,2,,,,,,,,,,,,,
굴마을굴국밥,부산광역시 동래구 온천동 1421-7,3,,,,,,,,,,,,,
굴마을굴국밥,부산광역시 동래구 온천동 1421-7,4,,,,,,,,,,,,,
굴마을굴국밥,부산광역시 동래구 온천동 1421-7,5,,,,,,,,,,,,,
굴마을굴국밥,부산광역시 동래구 온천동 1421-7,6,,,,,,,,,,,,,
미남삼계탕,부산광역시 동래구 온천동 1421-8,0,,,,,,,,,,,,,
미남삼계탕,부산광역시 동래구 온천동 1421-8,1,,,,,,,,,,,,,
미남삼계탕,부산광역시 동래구 온천동 1421-8,2,,,,,,,,,,,,,
미남삼계탕,부산광역시 동래구 온천동 1421-8,3,,,,,,,,,,,,,
미남삼계탕,부산광역시 동래구 온천동 1421-8,4,,,,,,,,,,,,,
미남삼계탕,부산광역시 동래구 온천동 1421-8,5,,,,,,,,,,,,,
미남삼계탕,부산광역시 동래구 온천동 1421-8,6,,,,,,,,,,,,,
안주빨미남 직영점,부산광역시 동래구 온천동 1421-9,0,,,,,,,,,,,,,
안주빨미남 직영점,부산광역시 동래구 온천동 1421-9,1,,,,,,,,,,,,,
안주빨미남 직영점,부산광역시 동래구 온천동 1421-9,2,,,,,,,,,,,,,
안주빨미남 직영점,부산광역시 동래구 온천동 1421-9,3,,,,,,,,,,,,,
안주빨미남 직영점,부산광역시 동래구 온천동 1421-9,4,,,,,,,,,,,,,
안주빨미남 직영점,부산광역시 동래구 온천동 1421-9,5,,,,,,,,,,,,,
안주빨미남 직영점,부산광역시 동래구 온천동 1421-9,6,,,,,,,,,,,,,
장수통닭미남점,부산광역시 동래구 온천동 1422-16,0,,,,,,,,,,,,,
장수통닭미남점,부산광역시 동래구 온천동 1422-16,1,,,,,,,,,,,,,
장수통닭미남점,부산광역시 동래구 온천동 1422-16,2,,,,,,,,,,,,,
장수통닭미남점,부산광역시 동래구 온천동 1422-16,3,,,,,,,,,,,,,
장수통닭미남점,부산광역시 동래구 온천동 1422-16,4,,,,,,,,,,,,,
장수통닭미남점,부산광역시 동래구 온천동 1422-16,5,,,,,,,,,,,,,
장수통닭미남점,부산광역시 동래구 온천동 1422-16,6,,,,,,,,,,,,,
별나라,부산광역시 동래구 온천동 1422-25,0,,,,,,,,,,,,,
별나라,부산광역시 동래구 온천동 1422-25,1,,,,,,,,,,,,,
별나라,부산광역시 동래구 온천동 1422-25,2,,,,,,,,,,,,,
별나라,부산광역시 동래구 온천동 1422-25,3,,,,,,,,,,,,,
별나라,부산광역시 동래구 온천동 1422-25,4,,,,,,,,,,,,,
별나라,부산광역시 동래구 온천동 1422-25,5,,,,,,,,,,,,,
별나라,부산광역시 동래구 온천동 1422-25,6,,,,,,,,,,,,,
차밭골,부산광역시 동래구 온천동 1422-25,0,,,,,,,,,,,,,
차밭골,부산광역시 동래구 온천동 1422-25,1,,,,,,,,,,,,,
차밭골,부산광역시 동래구 온천동 1422-25,2,,,,,,,,,,,,,
차밭골,부산광역시 동래구 온천동 1422-25,3,,,,,,,,,,,,,
차밭골,부산광역시 동래구 온천동 1422-25,4,,,,,,,,,,,,,
차밭골,부산광역시 동래구 온천동 1422-25,5,,,,,,,,,,,,,
차밭골,부산광역시 동래구 온천동 1422-25,6,,,,,,,,,,,,,
가장맛있는족발부산미남 로터리점,부산광역시 동래구 온천동 1424-12,0,,,,,,,,,,,,,
가장맛있는족발부산미남 로터리점,부산광역시 동래구 온천동 1424-12,1,,,,,,,,,,,,,
가장맛있는족발부산미남 로터리점,부산광역시 동래구 온천동 1424-12,2,,,,,,,,,,,,,
가장맛있는족발부산미남 로터리점,부산광역시 동래구 온천동 1424-12,3,,,,,,,,,,,,,
가장맛있는족발부산미남 로터리점,부산광역시 동래구 온천동 1424-12,4,,,,,,,,,,,,,
가장맛있는족발부산미남 로터리점,부산광역시 동래구 온천동 1424-12,5,,,,,,,,,,,,,
가장맛있는족발부산미남 로터리점,부산광역시 동래구 온천동 1424-12,6,,,,,,,,,,,,,
동래왕순대국밥,부산광역시 동래구 온천동 1424-15,0,,,,,,,,,,,,,
동래왕순대국밥,부산광역시 동래구 온천동 1424-15,1,,,,,,,,,,,,,
동래왕순대국밥,부산광역시 동래구 온천동 1424-15,2,,,,,,,,,,,,,
동래왕순대국밥,부산광역시 동래구 온천동 1424-15,3,,,,,,,,,,,,,
동래왕순대국밥,부산광역시 동래구 온천동 1424-15,4,,,,,,,,,,,,,
동래왕순대국밥,부산광역시 동래구 온천동 1424-15,5,,,,,,,,,,,,,
동래왕순대국밥,부산광역시 동래구 온천동 1424-15,6,,,,,,,,,,,,,
소문난돼지국밥,부산광역시 동래구 온천동 1424-7,0,,,,,,,,,,,,,
소문난돼지국밥,부산광역시 동래구 온천동 1424-7,1,,,,,,,,,,,,,
소문난돼지국밥,부산광역시 동래구 온천동 1424-7,2,,,,,,,,,,,,,
소문난돼지국밥,부산광역시 동래구 온천동 1424-7,3,,,,,,,,,,,,,
소문난돼지국밥,부산광역시 동래구 온천동 1424-7,4,,,,,,,,,,,,,
소문난돼지국밥,부산광역시 동래구 온천동 1424-7,5,,,,,,,,,,,,,
소문난돼지국밥,부산광역시 동래구 온천동 1424-7,6,,,,,,,,,,,,,
사계,부산광역시 동래구 온천동 1425-13,0,,,,,,,,,,,,,
사계,부산광역시 동래구 온천동 1425-13,1,,,,,,,,,,,,,
사계,부산광역시 동래구 온천동 1425-13,2,,,,,,,,,,,,,
사계,부산광역시 동래구 온천동 1425-13,3,,,,,,,,,,,,,
사계,부산광역시 동래구 온천동 1425-13,4,,,,,,,,,,,,,
사계,부산광역시 동래구 온천동 1425-13,5,,,,,,,,,,,,,
사계,부산광역시 동래구 온천동 1425-13,6,,,,,,,,,,,,,
오빠막창동래구점,부산광역시 동래구 온천동 1427-7,0,,,,,,,,,,,,,
오빠막창동래구점,부산광역시 동래구 온천동 1427-7,1,,,,,,,,,,,,,
오빠막창동래구점,부산광역시 동래구 온천동 1427-7,2,,,,,,,,,,,,,
오빠막창동래구점,부산광역시 동래구 온천동 1427-7,3,,,,,,,,,,,,,
오빠막창동래구점,부산광역시 동래구 온천동 1427-7,4,,,,,,,,,,,,,
오빠막창동래구점,부산광역시 동래구 온천동 1427-7,5,,,,,,,,,,,,,
오빠막창동래구점,부산광역시 동래구 온천동 1427-7,6,,,,,,,,,,,,,
푸짐한밥상,부산광역시 동래구 온천동 1427-8,0,,,,,,,,,,,,,
푸짐한밥상,부산광역시 동래구 온천동 1427-8,1,,,,,,,,,,,,,
푸짐한밥상,부산광역시 동래구 온천동 1427-8,2,,,,,,,,,,,,,
푸짐한밥상,부산광역시 동래구 온천동 1427-8,3,,,,,,,,,,,,,
푸짐한밥상,부산광역시 동래구 온천동 1427-8,4,,,,,,,,,,,,,
푸짐한밥상,부산광역시 동래구 온천동 1427-8,5,,,,,,,,,,,,,
푸짐한밥상,부산광역시 동래구 온천동 1427-8,6,,,,,,,,,,,,,
대가,부산광역시 동래구 온천동 1428-1,0,,,,,,,,,,,,,
대가,부산광역시 동래구 온천동 1428-1,1,,,,,,,,,,,,,
대가,부산광역시 동래구 온천동 1428-1,2,,,,,,,,,,,,,
대가,부산광역시 동래구 온천동 1428-1,3,,,,,,,,,,,,,
대가,부산광역시 동래구 온천동 1428-1,4,,,,,,,,,,,,,
대가,부산광역시 동래구 온천동 1428-1,5,,,,,,,,,,,,,
대가,부산광역시 동래구 온천동 1428-1,6,,,,,,,,,,,,,
엄마오마카세,부산광역시 동래구 온천동 1428-13,0,,,,,,,,,,,,,
엄마오마카세,부산광역시 동래구 온천동 1428-13,1,,,,,,,,,,,,,
엄마오마카세,부산광역시 동래구 온천동 1428-13,2,,,,,,,,,,,,,
엄마오마카세,부산광역시 동래구 온천동 1428-13,3,,,,,,,,,,,,,
엄마오마카세,부산광역시 동래구 온천동 1428-13,4,,,,,,,,,,,,,
엄마오마카세,부산광역시 동래구 온천동 1428-13,5,,,,,,,,,,,,,
엄마오마카세,부산광역시 동래구 온천동 1428-13,6,,,,,,,,,,,,,
개성국밥,부산광역시 동래구 온천동 1428-14,0,,,,,,,,,,,,,
개성국밥,부산광역시 동래구 온천동 1428-14,1,,,,,,,,,,,,,
개성국밥,부산광역시 동래구 온천동 1428-14,2,,,,,,,,,,,,,
개성국밥,부산광역시 동래구 온천동 1428-14,3,,,,,,,,,,,,,
개성국밥,부산광역시 동래구 온천동 1428-14,4,,,,,,,,,,,,,
개성국밥,부산광역시 동래구 온천동 1428-14,5,,,,,,,,,,,,,
개성국밥,부산광역시 동래구 온천동 1428-14,6,,,,,,,,,,,,,
릴홈그레인,부산광역시 동래구 온천동 1428-14,0,,,,,,,,,,,,,
릴홈그레인,부산광역시 동래구 온천동 1428-14,1,,,,,,,,,,,,,
릴홈그레인,부산광역시 동래구 온천동 1428-14,2,,,,,,,,,,,,,
릴홈그레인,부산광역시 동래구 온천동 1428-14,3,,,,,,,,,,,,,
릴홈그레인,부산광역시 동래구 온천동 1428-14,4,,,,,,,,,,,,,
릴홈그레인,부산광역시 동래구 온천동 1428-14,5,,,,,,,,,,,,,
릴홈그레인,부산광역시 동래구 온천동 1428-14,6,,,,,,,,,,,,,
종주각,부산광역시 동래구 온천동 1428-15,0,,,,,,,,,,,,,
종주각,부산광역시 동래구 온천동 1428-15,1,,,,,,,,,,,,,
종주각,부산광역시 동래구 온천동 1428-15,2,,,,,,,,,,,,,
종주각,부산광역시 동래구 온천동 1428-15,3,,,,,,,,,,,,,
종주각,부산광역시 동래구 온천동 1428-15,4,,,,,,,,,,,,,
종주각,부산광역시 동래구 온천동 1428-15,5,,,,,,,,,,,,,
종주각,부산광역시 동래구 온천동 1428-15,6,,,,,,,,,,,,,
치킨신드롬,부산광역시 동래구 온천동 1428-4,0,,,,,,,,,,,,,
치킨신드롬,부산광역시 동래구 온천동 1428-4,1,,,,,,,,,,,,,
치킨신드롬,부산광역시 동래구 온천동 1428-4,2,,,,,,,,,,,,,
치킨신드롬,부산광역시 동래구 온천동 1428-4,3,,,,,,,,,,,,,
치킨신드롬,부산광역시 동래구 온천동 1428-4,4,,,,,,,,,,,,,
치킨신드롬,부산광역시 동래구 온천동 1428-4,5,,,,,,,,,,,,,
치킨신드롬,부산광역시 동래구 온천동 1428-4,6,,,,,,,,,,,,,
바름카츠,부산광역시 동래구 온천동 1428-53,0,,,,,,,,,,,,,
바름카츠,부산광역시 동래구 온천동 1428-53,1,,,,,,,,,,,,,
바름카츠,부산광역시 동래구 온천동 1428-53,2,,,,,,,,,,,,,
바름카츠,부산광역시 동래구 온천동 1428-53,3,,,,,,,,,,,,,
바름카츠,부산광역시 동래구 온천동 1428-53,4,,,,,,,,,,,,,
바름카츠,부산광역시 동래구 온천동 1428-53,5,,,,,,,,,,,,,
바름카츠,부산광역시 동래구 온천동 1428-53,6,,,,,,,,,,,,,
지코바치킨,부산광역시 동래구 온천동 1429-19,0,,,,,,,,,,,,,
지코바치킨,부산광역시 동래구 온천동 1429-19,1,,,,,,,,,,,,,
지코바치킨,부산광역시 동래구 온천동 1429-19,2,,,,,,,,,,,,,
지코바치킨,부산광역시 동래구 온천동 1429-19,3,,,,,,,,,,,,,
지코바치킨,부산광역시 동래구 온천동 1429-19,4,,,,,,,,,,,,,
지코바치킨,부산광역시 동래구 온천동 1429-19,5,,,,,,,,,,,,,
지코바치킨,부산광역시 동래구 온천동 1429-19,6,,,,,,,,,,,,,
아빠와돈까스,부산광역시 동래구 온천동 1429-21,0,,,,,,,,,,,,,
아빠와돈까스,부산광역시 동래구 온천동 1429-21,1,,,,,,,,,,,,,
아빠와돈까스,부산광역시 동래구 온천동 1429-21,2,,,,,,,,,,,,,
아빠와돈까스,부산광역시 동래구 온천동 1429-21,3,,,,,,,,,,,,,
아빠와돈까스,부산광역시 동래구 온천동 1429-21,4,,,,,,,,,,,,,
아빠와돈까스,부산광역시 동래구 온천동 1429-21,5,,,,,,,,,,,,,
아빠와돈까스,부산광역시 동래구 온천동 1429-21,6,,,,,,,,,,,,,
남다른감자탕동래럭키점,부산광역시 동래구 온천동 1429-28,0,,,,,,,,,,,,,
남다른감자탕동래럭키점,부산광역시 동래구 온천동 1429-28,1,,,,,,,,,,,,,
남다른감자탕동래럭키점,부산광역시 동래구 온천동 1429-28,2,,,,,,,,,,,,,
남다른감자탕동래럭키점,부산광역시 동래구 온천동 1429-28,3,,,,,,,,,,,,,
남다른감자탕동래럭키점,부산광역시 동래구 온천동 1429-28,4,,,,,,,,,,,,,
남다른감자탕동래럭키점,부산광역시 동래구 온천동 1429-28,5,,,,,,,,,,,,,
남다른감자탕동래럭키점,부산광역시 동래구 온천동 1429-28,6,,,,,,,,,,,,,
연풀풀,부산광역시 동래구 온천동 1429-3,0,,,,,,,,,,,,,
연풀풀,부산광역시 동래구 온천동 1429-3,1,,,,,,,,,,,,,
연풀풀,부산광역시 동래구 온천동 1429-3,2,,,,,,,,,,,,,
연풀풀,부산광역시 동래구 온천동 1429-3,3,,,,,,,,,,,,,
연풀풀,부산광역시 동래구 온천동 1429-3,4,,,,,,,,,,,,,
연풀풀,부산광역시 동래구 온천동 1429-3,5,,,,,,,,,,,,,
연풀풀,부산광역시 동래구 온천동 1429-3,6,,,,,,,,,,,,,
로아가든,부산광역시 동래구 온천동 1429-31,0,,,,,,,,,,,,,
로아가든,부산광역시 동래구 온천동 1429-31,1,,,,,,,,,,,,,
로아가든,부산광역시 동래구 온천동 1429-31,2,,,,,,,,,,,,,
로아가든,부산광역시 동래구 온천동 1429-31,3,,,,,,,,,,,,,
로아가든,부산광역시 동래구 온천동 1429-31,4,,,,,,,,,,,,,
로아가든,부산광역시 동래구 온천동 1429-31,5,,,,,,,,,,,,,
로아가든,부산광역시 동래구 온천동 1429-31,6,,,,,,,,,,,,,
미남돈,부산광역시 동래구 온천동 1430-3,0,,,,,,,,,,,,,
미남돈,부산광역시 동래구 온천동 1430-3,1,,,,,,,,,,,,,
미남돈,부산광역시 동래구 온천동 1430-3,2,,,,,,,,,,,,,
미남돈,부산광역시 동래구 온천동 1430-3,3,,,,,,,,,,,,,
미남돈,부산광역시 동래구 온천동 1430-3,4,,,,,,,,,,,,,
미남돈,부산광역시 동래구 온천동 1430-3,5,,,,,,,,,,,,,
미남돈,부산광역시 동래구 온천동 1430-3,6,,,,,,,,,,,,,
얼쑤한마당,부산광역시 동래구 온천동 1432-1,0,,,,,,,,,,,,,
얼쑤한마당,부산광역시 동래구 온천동 1432-1,1,,,,,,,,,,,,,
얼쑤한마당,부산광역시 동래구 온천동 1432-1,2,,,,,,,,,,,,,
얼쑤한마당,부산광역시 동래구 온천동 1432-1,3,,,,,,,,,,,,,
얼쑤한마당,부산광역시 동래구 온천동 1432-1,4,,,,,,,,,,,,,
얼쑤한마당,부산광역시 동래구 온천동 1432-1,5,,,,,,,,,,,,,
얼쑤한마당,부산광역시 동래구 온천동 1432-1,6,,,,,,,,,,,,,
분식이더치킨 동래점,부산광역시 동래구 온천동 1432-12,0,,,,,,,,,,,,,
분식이더치킨 동래점,부산광역시 동래구 온천동 1432-12,1,,,,,,,,,,,,,
분식이더치킨 동래점,부산광역시 동래구 온천동 1432-12,2,,,,,,,,,,,,,
분식이더치킨 동래점,부산광역시 동래구 온천동 1432-12,3,,,,,,,,,,,,,
분식이더치킨 동래점,부산광역시 동래구 온천동 1432-12,4,,,,,,,,,,,,,
분식이더치킨 동래점,부산광역시 동래구 온천동 1432-12,5,,,,,,,,,,,,,
분식이더치킨 동래점,부산광역시 동래구 온천동 1432-12,6,,,,,,,,,,,,,
알토란집밥,부산광역시 동래구 온천동 143-22,0,,,,,,,,,,,,,
알토란집밥,부산광역시 동래구 온천동 143-22,1,,,,,,,,,,,,,
알토란집밥,부산광역시 동래구 온천동 143-22,2,,,,,,,,,,,,,
알토란집밥,부산광역시 동래구 온천동 143-22,3,,,,,,,,,,,,,
알토란집밥,부산광역시 동래구 온천동 143-22,4,,,,,,,,,,,,,
알토란집밥,부산광역시 동래구 온천동 143-22,5,,,,,,,,,,,,,
알토란집밥,부산광역시 동래구 온천동 143-22,6,,,,,,,,,,,,,
원산밀면,부산광역시 동래구 온천동 143-23,0,,,,,,,,,,,,,
원산밀면,부산광역시 동래구 온천동 143-23,1,,,,,,,,,,,,,
원산밀면,부산광역시 동래구 온천동 143-23,2,,,,,,,,,,,,,
원산밀면,부산광역시 동래구 온천동 143-23,3,,,,,,,,,,,,,
원산밀면,부산광역시 동래구 온천동 143-23,4,,,,,,,,,,,,,
원산밀면,부산광역시 동래구 온천동 143-23,5,,,,,,,,,,,,,
원산밀면,부산광역시 동래구 온천동 143-23,6,,,,,,,,,,,,,
제례정,부산광역시 동래구 온천동 1432-6,0,,,,,,,,,,,,,
제례정,부산광역시 동래구 온천동 1432-6,1,,,,,,,,,,,,,
제례정,부산광역시 동래구 온천동 1432-6,2,,,,,,,,,,,,,
제례정,부산광역시 동래구 온천동 1432-6,3,,,,,,,,,,,,,
제례정,부산광역시 동래구 온천동 1432-6,4,,,,,,,,,,,,,
제례정,부산광역시 동래구 온천동 1432-6,5,,,,,,,,,,,,,
제례정,부산광역시 동래구 온천동 1432-6,6,,,,,,,,,,,,,
부산초장,부산광역시 동래구 온천동 143-3,0,,,,,,,,,,,,,
부산초장,부산광역시 동래구 온천동 143-3,1,,,,,,,,,,,,,
부산초장,부산광역시 동래구 온천동 143-3,2,,,,,,,,,,,,,
부산초장,부산광역시 동래구 온천동 143-3,3,,,,,,,,,,,,,
부산초장,부산광역시 동래구 온천동 143-3,4,,,,,,,,,,,,,
부산초장,부산광역시 동래구 온천동 143-3,5,,,,,,,,,,,,,
부산초장,부산광역시 동래구 온천동 143-3,6,,,,,,,,,,,,,
돈까스돈짱,부산광역시 동래구 온천동 1433-30,0,,,,,,,,,,,,,
돈까스돈짱,부산광역시 동래구 온천동 1433-30,1,,,,,,,,,,,,,
돈까스돈짱,부산광역시 동래구 온천동 1433-30,2,,,,,,,,,,,,,
돈까스돈짱,부산광역시 동래구 온천동 1433-30,3,,,,,,,,,,,,,
돈까스돈짱,부산광역시 동래구 온천동 1433-30,4,,,,,,,,,,,,,
돈까스돈짱,부산광역시 동래구 온천동 1433-30,5,,,,,,,,,,,,,
돈까스돈짱,부산광역시 동래구 온천동 1433-30,6,,,,,,,,,,,,,
정셰프하우스,부산광역시 동래구 온천동 1433-45,0,,,,,,,,,,,,,
정셰프하우스,부산광역시 동래구 온천동 1433-45,1,,,,,,,,,,,,,
정셰프하우스,부산광역시 동래구 온천동 1433-45,2,,,,,,,,,,,,,
정셰프하우스,부산광역시 동래구 온천동 1433-45,3,,,,,,,,,,,,,
정셰프하우스,부산광역시 동래구 온천동 1433-45,4,,,,,,,,,,,,,
정셰프하우스,부산광역시 동래구 온천동 1433-45,5,,,,,,,,,,,,,
정셰프하우스,부산광역시 동래구 온천동 1433-45,6,,,,,,,,,,,,,
문버거시즌2,부산광역시 동래구 온천동 1433-5,0,,,,,,,,,,,,,
문버거시즌2,부산광역시 동래구 온천동 1433-5,1,,,,,,,,,,,,,
문버거시즌2,부산광역시 동래구 온천동 1433-5,2,,,,,,,,,,,,,
문버거시즌2,부산광역시 동래구 온천동 1433-5,3,,,,,,,,,,,,,
문버거시즌2,부산광역시 동래구 온천동 1433-5,4,,,,,,,,,,,,,
문버거시즌2,부산광역시 동래구 온천동 1433-5,5,,,,,,,,,,,,,
문버거시즌2,부산광역시 동래구 온천동 1433-5,6,,,,,,,,,,,,,
대관원,부산광역시 동래구 온천동 1435-1,0,,,,,,,,,,,,,
대관원,부산광역시 동래구 온천동 1435-1,1,,,,,,,,,,,,,
대관원,부산광역시 동래구 온천동 1435-1,2,,,,,,,,,,,,,
대관원,부산광역시 동래구 온천동 1435-1,3,,,,,,,,,,,,,
대관원,부산광역시 동래구 온천동 1435-1,4,,,,,,,,,,,,,
대관원,부산광역시 동래구 온천동 1435-1,5,,,,,,,,,,,,,
대관원,부산광역시 동래구 온천동 1435-1,6,,,,,,,,,,,,,
굽네치킨부산 온천점,부산광역시 동래구 온천동 1435-17,0,,,,,,,,,,,,,
굽네치킨부산 온천점,부산광역시 동래구 온천동 1435-17,1,,,,,,,,,,,,,
굽네치킨부산 온천점,부산광역시 동래구 온천동 1435-17,2,,,,,,,,,,,,,
굽네치킨부산 온천점,부산광역시 동래구 온천동 1435-17,3,,,,,,,,,,,,,
굽네치킨부산 온천점,부산광역시 동래구 온천동 1435-17,4,,,,,,,,,,,,,
굽네치킨부산 온천점,부산광역시 동래구 온천동 1435-17,5,,,,,,,,,,,,,
굽네치킨부산 온천점,부산광역시 동래구 온천동 1435-17,6,,,,,,,,,,,,,
옛맛칼국수,부산광역시 동래구 온천동 1435-18,0,,,,,,,,,,,,,
옛맛칼국수,부산광역시 동래구 온천동 1435-18,1,,,,,,,,,,,,,
옛맛칼국수,부산광역시 동래구 온천동 1435-18,2,,,,,,,,,,,,,
옛맛칼국수,부산광역시 동래구 온천동 1435-18,3,,,,,,,,,,,,,
옛맛칼국수,부산광역시 동래구 온천동 1435-18,4,,,,,,,,,,,,,
옛맛칼국수,부산광역시 동래구 온천동 1435-18,5,,,,,,,,,,,,,
옛맛칼국수,부산광역시 동래구 온천동 1435-18,6,,,,,,,,,,,,,
꼬랑숯불구이,부산광역시 동래구 온천동 1435-8,0,,,,,,,,,,,,,
꼬랑숯불구이,부산광역시 동래구 온천동 1435-8,1,,,,,,,,,,,,,
꼬랑숯불구이,부산광역시 동래구 온천동 1435-8,2,,,,,,,,,,,,,
꼬랑숯불구이,부산광역시 동래구 온천동 1435-8,3,,,,,,,,,,,,,
꼬랑숯불구이,부산광역시 동래구 온천동 1435-8,4,,,,,,,,,,,,,
꼬랑숯불구이,부산광역시 동래구 온천동 1435-8,5,,,,,,,,,,,,,
꼬랑숯불구이,부산광역시 동래구 온천동 1435-8,6,,,,,,,,,,,,,
근이네식당,부산광역시 동래구 온천동 1436-6,0,,,,,,,,,,,,,
근이네식당,부산광역시 동래구 온천동 1436-6,1,,,,,,,,,,,,,
근이네식당,부산광역시 동래구 온천동 1436-6,2,,,,,,,,,,,,,
근이네식당,부산광역시 동래구 온천동 1436-6,3,,,,,,,,,,,,,
근이네식당,부산광역시 동래구 온천동 1436-6,4,,,,,,,,,,,,,
근이네식당,부산광역시 동래구 온천동 1436-6,5,,,,,,,,,,,,,
근이네식당,부산광역시 동래구 온천동 1436-6,6,,,,,,,,,,,,,
동래국밥,부산광역시 동래구 온천동 1437-1,0,,,,,,,,,,,,,
동래국밥,부산광역시 동래구 온천동 1437-1,1,,,,,,,,,,,,,
동래국밥,부산광역시 동래구 온천동 1437-1,2,,,,,,,,,,,,,
동래국밥,부산광역시 동래구 온천동 1437-1,3,,,,,,,,,,,,,
동래국밥,부산광역시 동래구 온천동 1437-1,4,,,,,,,,,,,,,
동래국밥,부산광역시 동래구 온천동 1437-1,5,,,,,,,,,,,,,
동래국밥,부산광역시 동래구 온천동 1437-1,6,,,,,,,,,,,,,
죽이야기부산 동래점,부산광역시 동래구 온천동 1437-43,0,,,,,,,,,,,,,
죽이야기부산 동래점,부산광역시 동래구 온천동 1437-43,1,,,,,,,,,,,,,
죽이야기부산 동래점,부산광역시 동래구 온천동 1437-43,2,,,,,,,,,,,,,
죽이야기부산 동래점,부산광역시 동래구 온천동 1437-43,3,,,,,,,,,,,,,
죽이야기부산 동래점,부산광역시 동래구 온천동 1437-43,4,,,,,,,,,,,,,
죽이야기부산 동래점,부산광역시 동래구 온천동 1437-43,5,,,,,,,,,,,,,
죽이야기부산 동래점,부산광역시 동래구 온천동 1437-43,6,,,,,,,,,,,,,
세연정,부산광역시 동래구 온천동 1438-5,0,,,,,,,,,,,,,
세연정,부산광역시 동래구 온천동 1438-5,1,,,,,,,,,,,,,
세연정,부산광역시 동래구 온천동 1438-5,2,,,,,,,,,,,,,
세연정,부산광역시 동래구 온천동 1438-5,3,,,,,,,,,,,,,
세연정,부산광역시 동래구 온천동 1438-5,4,,,,,,,,,,,,,
세연정,부산광역시 동래구 온천동 1438-5,5,,,,,,,,,,,,,
세연정,부산광역시 동래구 온천동 1438-5,6,,,,,,,,,,,,,
세라젬웰카페부산 동래점,부산광역시 동래구 온천동 1439-3,0,,,,,,,,,,,,,
세라젬웰카페부산 동래점,부산광역시 동래구 온천동 1439-3,1,,,,,,,,,,,,,
세라젬웰카페부산 동래점,부산광역시 동래구 온천동 1439-3,2,,,,,,,,,,,,,
세라젬웰카페부산 동래점,부산광역시 동래구 온천동 1439-3,3,,,,,,,,,,,,,
세라젬웰카페부산 동래점,부산광역시 동래구 온천동 1439-3,4,,,,,,,,,,,,,
세라젬웰카페부산 동래점,부산광역시 동래구 온천동 1439-3,5,,,,,,,,,,,,,
세라젬웰카페부산 동래점,부산광역시 동래구 온천동 1439-3,6,,,,,,,,,,,,,
롯데리아,부산광역시 동래구 온천동 1439-4,0,,,,,,,,,,,,,
롯데리아,부산광역시 동래구 온천동 1439-4,1,,,,,,,,,,,,,
롯데리아,부산광역시 동래구 온천동 1439-4,2,,,,,,,,,,,,,
롯데리아,부산광역시 동래구 온천동 1439-4,3,,,,,,,,,,,,,
롯데리아,부산광역시 동래구 온천동 1439-4,4,,,,,,,,,,,,,
롯데리아,부산광역시 동래구 온천동 1439-4,5,,,,,,,,,,,,,
롯데리아,부산광역시 동래구 온천동 1439-4,6,,,,,,,,,,,,,
본죽앤비빔밥부산내성교차로점,부산광역시 동래구 온천동 1441-13,0,,,,,,,,,,,,,
본죽앤비빔밥부산내성교차로점,부산광역시 동래구 온천동 1441-13,1,,,,,,,,,,,,,
본죽앤비빔밥부산내성교차로점,부산광역시 동래구 온천동 1441-13,2,,,,,,,,,,,,,
본죽앤비빔밥부산내성교차로점,부산광역시 동래구 온천동 1441-13,3,,,,,,,,,,,,,
본죽앤비빔밥부산내성교차로점,부산광역시 동래구 온천동 1441-13,4,,,,,,,,,,,,,
본죽앤비빔밥부산내성교차로점,부산광역시 동래구 온천동 1441-13,5,,,,,,,,,,,,,
본죽앤비빔밥부산내성교차로점,부산광역시 동래구 온천동 1441-13,6,,,,,,,,,,,,,
샤브연리지 동래점,부산광역시 동래구 온천동 1441-13,0,,,,,,,,,,,,,
샤브연리지 동래점,부산광역시 동래구 온천동 1441-13,1,,,,,,,,,,,,,
샤브연리지 동래점,부산광역시 동래구 온천동 1441-13,2,,,,,,,,,,,,,
샤브연리지 동래점,부산광역시 동래구 온천동 1441-13,3,,,,,,,,,,,,,
샤브연리지 동래점,부산광역시 동래구 온천동 1441-13,4,,,,,,,,,,,,,
샤브연리지 동래점,부산광역시 동래구 온천동 1441-13,5,,,,,,,,,,,,,
샤브연리지 동래점,부산광역시 동래구 온천동 1441-13,6,,,,,,,,,,,,,
바다향기,부산광역시 동래구 온천동 144-12,0,,,,,,,,,,,,,
바다향기,부산광역시 동래구 온천동 144-12,1,,,,,,,,,,,,,
바다향기,부산광역시 동래구 온천동 144-12,2,,,,,,,,,,,,,
바다향기,부산광역시 동래구 온천동 144-12,3,,,,,,,,,,,,,
바다향기,부산광역시 동래구 온천동 144-12,4,,,,,,,,,,,,,
바다향기,부산광역시 동래구 온천동 144-12,5,,,,,,,,,,,,,
바다향기,부산광역시 동래구 온천동 144-12,6,,,,,,,,,,,,,
오륙도횟집,부산광역시 동래구 온천동 144-12,0,,,,,,,,,,,,,
오륙도횟집,부산광역시 동래구 온천동 144-12,1,,,,,,,,,,,,,
오륙도횟집,부산광역시 동래구 온천동 144-12,2,,,,,,,,,,,,,
오륙도횟집,부산광역시 동래구 온천동 144-12,3,,,,,,,,,,,,,
오륙도횟집,부산광역시 동래구 온천동 144-12,4,,,,,,,,,,,,,
오륙도횟집,부산광역시 동래구 온천동 144-12,5,,,,,,,,,,,,,
오륙도횟집,부산광역시 동래구 온천동 144-12,6,,,,,,,,,,,,,
참바다,부산광역시 동래구 온천동 144-12,0,,,,,,,,,,,,,
참바다,부산광역시 동래구 온천동 144-12,1,,,,,,,,,,,,,
참바다,부산광역시 동래구 온천동 144-12,2,,,,,,,,,,,,,
참바다,부산광역시 동래구 온천동 144-12,3,,,,,,,,,,,,,
참바다,부산광역시 동래구 온천동 144-12,4,,,,,,,,,,,,,
참바다,부산광역시 동래구 온천동 144-12,5,,,,,,,,,,,,,
참바다,부산광역시 동래구 온천동 144-12,6,,,,,,,,,,,,,
삼미추어탕,부산광역시 동래구 온천동 1441-40,0,,,,,,,,,,,,,
삼미추어탕,부산광역시 동래구 온천동 1441-40,1,,,,,,,,,,,,,
삼미추어탕,부산광역시 동래구 온천동 1441-40,2,,,,,,,,,,,,,
삼미추어탕,부산광역시 동래구 온천동 1441-40,3,,,,,,,,,,,,,
삼미추어탕,부산광역시 동래구 온천동 1441-40,4,,,,,,,,,,,,,
삼미추어탕,부산광역시 동래구 온천동 1441-40,5,,,,,,,,,,,,,
삼미추어탕,부산광역시 동래구 온천동 1441-40,6,,,,,,,,,,,,,
하림오리마을,부산광역시 동래구 온천동 1441-61,0,,,,,,,,,,,,,
하림오리마을,부산광역시 동래구 온천동 1441-61,1,,,,,,,,,,,,,
하림오리마을,부산광역시 동래구 온천동 1441-61,2,,,,,,,,,,,,,
하림오리마을,부산광역시 동래구 온천동 1441-61,3,,,,,,,,,,,,,
하림오리마을,부산광역시 동래구 온천동 1441-61,4,,,,,,,,,,,,,
하림오리마을,부산광역시 동래구 온천동 1441-61,5,,,,,,,,,,,,,
하림오리마을,부산광역시 동래구 온천동 1441-61,6,,,,,,,,,,,,,
부잣집,부산광역시 동래구 온천동 1441-77,0,,,,,,,,,,,,,
부잣집,부산광역시 동래구 온천동 1441-77,1,,,,,,,,,,,,,
부잣집,부산광역시 동래구 온천동 1441-77,2,,,,,,,,,,,,,
부잣집,부산광역시 동래구 온천동 1441-77,3,,,,,,,,,,,,,
부잣집,부산광역시 동래구 온천동 1441-77,4,,,,,,,,,,,,,
부잣집,부산광역시 동래구 온천동 1441-77,5,,,,,,,,,,,,,
부잣집,부산광역시 동래구 온천동 1441-77,6,,,,,,,,,,,,,
본죽앤비빔밥부산미남점,부산광역시 동래구 온천동 1442-11,0,,,,,,,,,,,,,
본죽앤비빔밥부산미남점,부산광역시 동래구 온천동 1442-11,1,,,,,,,,,,,,,
본죽앤비빔밥부산미남점,부산광역시 동래구 온천동 1442-11,2,,,,,,,,,,,,,
본죽앤비빔밥부산미남점,부산광역시 동래구 온천동 1442-11,3,,,,,,,,,,,,,
본죽앤비빔밥부산미남점,부산광역시 동래구 온천동 1442-11,4,,,,,,,,,,,,,
본죽앤비빔밥부산미남점,부산광역시 동래구 온천동 1442-11,5,,,,,,,,,,,,,
본죽앤비빔밥부산미남점,부산광역시 동래구 온천동 1442-11,6,,,,,,,,,,,,,
미자의온도,부산광역시 동래구 온천동 1442-2,0,,,,,,,,,,,,,
미자의온도,부산광역시 동래구 온천동 1442-2,1,,,,,,,,,,,,,
미자의온도,부산광역시 동래구 온천동 1442-2,2,,,,,,,,,,,,,
미자의온도,부산광역시 동래구 온천동 1442-2,3,,,,,,,,,,,,,
미자의온도,부산광역시 동래구 온천동 1442-2,4,,,,,,,,,,,,,
미자의온도,부산광역시 동래구 온천동 1442-2,5,,,,,,,,,,,,,
미자의온도,부산광역시 동래구 온천동 1442-2,6,,,,,,,,,,,,,
가덕횟집,부산광역시 동래구 온천동 144-28,0,,,,,,,,,,,,,
가덕횟집,부산광역시 동래구 온천동 144-28,1,,,,,,,,,,,,,
가덕횟집,부산광역시 동래구 온천동 144-28,2,,,,,,,,,,,,,
가덕횟집,부산광역시 동래구 온천동 144-28,3,,,,,,,,,,,,,
가덕횟집,부산광역시 동래구 온천동 144-28,4,,,,,,,,,,,,,
가덕횟집,부산광역시 동래구 온천동 144-28,5,,,,,,,,,,,,,
가덕횟집,부산광역시 동래구 온천동 144-28,6,,,,,,,,,,,,,
금문,부산광역시 동래구 온천동 144-30,0,,,,,,,,,,,,,
금문,부산광역시 동래구 온천동 144-30,1,,,,,,,,,,,,,
금문,부산광역시 동래구 온천동 144-30,2,,,,,,,,,,,,,
금문,부산광역시 동래구 온천동 144-30,3,,,,,,,,,,,,,
금문,부산광역시 동래구 온천동 144-30,4,,,,,,,,,,,,,
금문,부산광역시 동래구 온천동 144-30,5,,,,,,,,,,,,,
금문,부산광역시 동래구 온천동 144-30,6,,,,,,,,,,,,,
금문샤브&북경오리,부산광역시 동래구 온천동 144-30,0,,,,,,,,,,,,,
금문샤브&북경오리,부산광역시 동래구 온천동 144-30,1,,,,,,,,,,,,,
금문샤브&북경오리,부산광역시 동래구 온천동 144-30,2,,,,,,,,,,,,,
금문샤브&북경오리,부산광역시 동래구 온천동 144-30,3,,,,,,,,,,,,,
금문샤브&북경오리,부산광역시 동래구 온천동 144-30,4,,,,,,,,,,,,,
금문샤브&북경오리,부산광역시 동래구 온천동 144-30,5,,,,,,,,,,,,,
금문샤브&북경오리,부산광역시 동래구 온천동 144-30,6,,,,,,,,,,,,,
동백숯불갈비,부산광역시 동래구 온천동 1443-1,0,,,,,,,,,,,,,
동백숯불갈비,부산광역시 동래구 온천동 1443-1,1,,,,,,,,,,,,,
동백숯불갈비,부산광역시 동래구 온천동 1443-1,2,,,,,,,,,,,,,
동백숯불갈비,부산광역시 동래구 온천동 1443-1,3,,,,,,,,,,,,,
동백숯불갈비,부산광역시 동래구 온천동 1443-1,4,,,,,,,,,,,,,
동백숯불갈비,부산광역시 동래구 온천동 1443-1,5,,,,,,,,,,,,,
동백숯불갈비,부산광역시 동래구 온천동 1443-1,6,,,,,,,,,,,,,
김찜,부산광역시 동래구 온천동 1443-19,0,,,,,,,,,,,,,
김찜,부산광역시 동래구 온천동 1443-19,1,,,,,,,,,,,,,
김찜,부산광역시 동래구 온천동 1443-19,2,,,,,,,,,,,,,
김찜,부산광역시 동래구 온천동 1443-19,3,,,,,,,,,,,,,
김찜,부산광역시 동래구 온천동 1443-19,4,,,,,,,,,,,,,
김찜,부산광역시 동래구 온천동 1443-19,5,,,,,,,,,,,,,
김찜,부산광역시 동래구 온천동 1443-19,6,,,,,,,,,,,,,
내일또내일,부산광역시 동래구 온천동 1443-9,0,,,,,,,,,,,,,
내일또내일,부산광역시 동래구 온천동 1443-9,1,,,,,,,,,,,,,
내일또내일,부산광역시 동래구 온천동 1443-9,2,,,,,,,,,,,,,
내일또내일,부산광역시 동래구 온천동 1443-9,3,,,,,,,,,,,,,
내일또내일,부산광역시 동래구 온천동 1443-9,4,,,,,,,,,,,,,
내일또내일,부산광역시 동래구 온천동 1443-9,5,,,,,,,,,,,,,
내일또내일,부산광역시 동래구 온천동 1443-9,6,,,,,,,,,,,,,
30년불멸의닭발 동래점,부산광역시 동래구 온천동 1444-10,0,,,,,,,,,,,,,
30년불멸의닭발 동래점,부산광역시 동래구 온천동 1444-10,1,,,,,,,,,,,,,
30년불멸의닭발 동래점,부산광역시 동래구 온천동 1444-10,2,,,,,,,,,,,,,
30년불멸의닭발 동래점,부산광역시 동래구 온천동 1444-10,3,,,,,,,,,,,,,
30년불멸의닭발 동래점,부산광역시 동래구 온천동 1444-10,4,,,,,,,,,,,,,
30년불멸의닭발 동래점,부산광역시 동래구 온천동 1444-10,5,,,,,,,,,,,,,
30년불멸의닭발 동래점,부산광역시 동래구 온천동 1444-10,6,,,,,,,,,,,,,
두번먹는명인김치찜,부산광역시 동래구 온천동 1444-10,0,,,,,,,,,,,,,
두번먹는명인김치찜,부산광역시 동래구 온천동 1444-10,1,,,,,,,,,,,,,
두번먹는명인김치찜,부산광역시 동래구 온천동 1444-10,2,,,,,,,,,,,,,
두번먹는명인김치찜,부산광역시 동래구 온천동 1444-10,3,,,,,,,,,,,,,
두번먹는명인김치찜,부산광역시 동래구 온천동 1444-10,4,,,,,,,,,,,,,
두번먹는명인김치찜,부산광역시 동래구 온천동 1444-10,5,,,,,,,,,,,,,
두번먹는명인김치찜,부산광역시 동래구 온천동 1444-10,6,,,,,,,,,,,,,
온다키친,부산광역시 동래구 온천동 1444-10,0,,,,,,,,,,,,,
온다키친,부산광역시 동래구 온천동 1444-10,1,,,,,,,,,,,,,
온다키친,부산광역시 동래구 온천동 1444-10,2,,,,,,,,,,,,,
온다키친,부산광역시 동래구 온천동 1444-10,3,,,,,,,,,,,,,
온다키친,부산광역시 동래구 온천동 1444-10,4,,,,,,,,,,,,,
온다키친,부산광역시 동래구 온천동 1444-10,5,,,,,,,,,,,,,
온다키친,부산광역시 동래구 온천동 1444-10,6,,,,,,,,,,,,,
소양강,부산광역시 동래구 온천동 1444-7,0,,,,,,,,,,,,,
소양강,부산광역시 동래구 온천동 1444-7,1,,,,,,,,,,,,,
소양강,부산광역시 동래구 온천동 1444-7,2,,,,,,,,,,,,,
소양강,부산광역시 동래구 온천동 1444-7,3,,,,,,,,,,,,,
소양강,부산광역시 동래구 온천동 1444-7,4,,,,,,,,,,,,,
소양강,부산광역시 동래구 온천동 1444-7,5,,,,,,,,,,,,,
소양강,부산광역시 동래구 온천동 1444-7,6,,,,,,,,,,,,,
장백왕새우,부산광역시 동래구 온천동 1445-31,0,,,,,,,,,,,,,
장백왕새우,부산광역시 동래구 온천동 1445-31,1,,,,,,,,,,,,,
장백왕새우,부산광역시 동래구 온천동 1445-31,2,,,,,,,,,,,,,
장백왕새우,부산광역시 동래구 온천동 1445-31,3,,,,,,,,,,,,,
장백왕새우,부산광역시 동래구 온천동 1445-31,4,,,,,,,,,,,,,
장백왕새우,부산광역시 동래구 온천동 1445-31,5,,,,,,,,,,,,,
장백왕새우,부산광역시 동래구 온천동 1445-31,6,,,,,,,,,,,,,
이가황태찜,부산광역시 동래구 온천동 1445-53,0,,,,,,,,,,,,,
이가황태찜,부산광역시 동래구 온천동 1445-53,1,,,,,,,,,,,,,
이가황태찜,부산광역시 동래구 온천동 1445-53,2,,,,,,,,,,,,,
이가황태찜,부산광역시 동래구 온천동 1445-53,3,,,,,,,,,,,,,
이가황태찜,부산광역시 동래구 온천동 1445-53,4,,,,,,,,,,,,,
이가황태찜,부산광역시 동래구 온천동 1445-53,5,,,,,,,,,,,,,
이가황태찜,부산광역시 동래구 온천동 1445-53,6,,,,,,,,,,,,,
미남육개장,부산광역시 동래구 온천동 1445-72,0,,,,,,,,,,,,,
미남육개장,부산광역시 동래구 온천동 1445-72,1,,,,,,,,,,,,,
미남육개장,부산광역시 동래구 온천동 1445-72,2,,,,,,,,,,,,,
미남육개장,부산광역시 동래구 온천동 1445-72,3,,,,,,,,,,,,,
미남육개장,부산광역시 동래구 온천동 1445-72,4,,,,,,,,,,,,,
미남육개장,부산광역시 동래구 온천동 1445-72,5,,,,,,,,,,,,,
미남육개장,부산광역시 동래구 온천동 1445-72,6,,,,,,,,,,,,,
춘풍리새우완탕,부산광역시 동래구 온천동 1445-80,0,,,,,,,,,,,,,
춘풍리새우완탕,부산광역시 동래구 온천동 1445-80,1,,,,,,,,,,,,,
춘풍리새우완탕,부산광역시 동래구 온천동 1445-80,2,,,,,,,,,,,,,
춘풍리새우완탕,부산광역시 동래구 온천동 1445-80,3,,,,,,,,,,,,,
춘풍리새우완탕,부산광역시 동래구 온천동 1445-80,4,,,,,,,,,,,,,
춘풍리새우완탕,부산광역시 동래구 온천동 1445-80,5,,,,,,,,,,,,,
춘풍리새우완탕,부산광역시 동래구 온천동 1445-80,6,,,,,,,,,,,,,
판수칼국수,부산광역시 동래구 온천동 1445-80,0,,,,,,,,,,,,,
판수칼국수,부산광역시 동래구 온천동 1445-80,1,,,,,,,,,,,,,
판수칼국수,부산광역시 동래구 온천동 1445-80,2,,,,,,,,,,,,,
판수칼국수,부산광역시 동래구 온천동 1445-80,3,,,,,,,,,,,,,
판수칼국수,부산광역시 동래구 온천동 1445-80,4,,,,,,,,,,,,,
판수칼국수,부산광역시 동래구 온천동 1445-80,5,,,,,,,,,,,,,
판수칼국수,부산광역시 동래구 온천동 1445-80,6,,,,,,,,,,,,,
굽네치킨온천3동점,부산광역시 동래구 온천동 1446-6,0,,,,,,,,,,,,,
굽네치킨온천3동점,부산광역시 동래구 온천동 1446-6,1,,,,,,,,,,,,,
굽네치킨온천3동점,부산광역시 동래구 온천동 1446-6,2,,,,,,,,,,,,,
굽네치킨온천3동점,부산광역시 동래구 온천동 1446-6,3,,,,,,,,,,,,,
굽네치킨온천3동점,부산광역시 동래구 온천동 1446-6,4,,,,,,,,,,,,,
굽네치킨온천3동점,부산광역시 동래구 온천동 1446-6,5,,,,,,,,,,,,,
굽네치킨온천3동점,부산광역시 동래구 온천동 1446-6,6,,,,,,,,,,,,,
강남할매집,부산광역시 동래구 온천동 1446-81,0,,,,,,,,,,,,,
강남할매집,부산광역시 동래구 온천동 1446-81,1,,,,,,,,,,,,,
강남할매집,부산광역시 동래구 온천동 1446-81,2,,,,,,,,,,,,,
강남할매집,부산광역시 동래구 온천동 1446-81,3,,,,,,,,,,,,,
강남할매집,부산광역시 동래구 온천동 1446-81,4,,,,,,,,,,,,,
강남할매집,부산광역시 동래구 온천동 1446-81,5,,,,,,,,,,,,,
강남할매집,부산광역시 동래구 온천동 1446-81,6,,,,,,,,,,,,,
이비가짬뽕미남 사직점,부산광역시 동래구 온천동 1447-1,0,,,,,,,,,,,,,
이비가짬뽕미남 사직점,부산광역시 동래구 온천동 1447-1,1,,,,,,,,,,,,,
이비가짬뽕미남 사직점,부산광역시 동래구 온천동 1447-1,2,,,,,,,,,,,,,
이비가짬뽕미남 사직점,부산광역시 동래구 온천동 1447-1,3,,,,,,,,,,,,,
이비가짬뽕미남 사직점,부산광역시 동래구 온천동 1447-1,4,,,,,,,,,,,,,
이비가짬뽕미남 사직점,부산광역시 동래구 온천동 1447-1,5,,,,,,,,,,,,,
이비가짬뽕미남 사직점,부산광역시 동래구 온천동 1447-1,6,,,,,,,,,,,,,
거창맷돌,부산광역시 동래구 온천동 1447-12,0,,,,,,,,,,,,,
거창맷돌,부산광역시 동래구 온천동 1447-12,1,,,,,,,,,,,,,
거창맷돌,부산광역시 동래구 온천동 1447-12,2,,,,,,,,,,,,,
거창맷돌,부산광역시 동래구 온천동 1447-12,3,,,,,,,,,,,,,
거창맷돌,부산광역시 동래구 온천동 1447-12,4,,,,,,,,,,,,,
거창맷돌,부산광역시 동래구 온천동 1447-12,5,,,,,,,,,,,,,
거창맷돌,부산광역시 동래구 온천동 1447-12,6,,,,,,,,,,,,,
온거짜리,부산광역시 동래구 온천동 1448-1,0,,,,,,,,,,,,,
온거짜리,부산광역시 동래구 온천동 1448-1,1,,,,,,,,,,,,,
온거짜리,부산광역시 동래구 온천동 1448-1,2,,,,,,,,,,,,,
온거짜리,부산광역시 동래구 온천동 1448-1,3,,,,,,,,,,,,,
온거짜리,부산광역시 동래구 온천동 1448-1,4,,,,,,,,,,,,,
온거짜리,부산광역시 동래구 온천동 1448-1,5,,,,,,,,,,,,,
온거짜리,부산광역시 동래구 온천동 1448-1,6,,,,,,,,,,,,,
화로숯불갈비,부산광역시 동래구 온천동 1448-8,0,,,,,,,,,,,,,
화로숯불갈비,부산광역시 동래구 온천동 1448-8,1,,,,,,,,,,,,,
화로숯불갈비,부산광역시 동래구 온천동 1448-8,2,,,,,,,,,,,,,
화로숯불갈비,부산광역시 동래구 온천동 1448-8,3,,,,,,,,,,,,,
화로숯불갈비,부산광역시 동래구 온천동 1448-8,4,,,,,,,,,,,,,
화로숯불갈비,부산광역시 동래구 온천동 1448-8,5,,,,,,,,,,,,,
화로숯불갈비,부산광역시 동래구 온천동 1448-8,6,,,,,,,,,,,,,
투가이즈,부산광역시 동래구 온천동 1450-103,0,,,,,,,,,,,,,
투가이즈,부산광역시 동래구 온천동 1450-103,1,,,,,,,,,,,,,
투가이즈,부산광역시 동래구 온천동 1450-103,2,,,,,,,,,,,,,
투가이즈,부산광역시 동래구 온천동 1450-103,3,,,,,,,,,,,,,
투가이즈,부산광역시 동래구 온천동 1450-103,4,,,,,,,,,,,,,
투가이즈,부산광역시 동래구 온천동 1450-103,5,,,,,,,,,,,,,
투가이즈,부산광역시 동래구 온천동 1450-103,6,,,,,,,,,,,,,
골목길보리밥집,부산광역시 동래구 온천동 1451-12,0,,,,,,,,,,,,,
골목길보리밥집,부산광역시 동래구 온천동 1451-12,1,,,,,,,,,,,,,
골목길보리밥집,부산광역시 동래구 온천동 1451-12,2,,,,,,,,,,,,,
골목길보리밥집,부산광역시 동래구 온천동 1451-12,3,,,,,,,,,,,,,
골목길보리밥집,부산광역시 동래구 온천동 1451-12,4,,,,,,,,,,,,,
골목길보리밥집,부산광역시 동래구 온천동 1451-12,5,,,,,,,,,,,,,
골목길보리밥집,부산광역시 동래구 온천동 1451-12,6,,,,,,,,,,,,,
모든치킨사직 온천점,부산광역시 동래구 온천동 1451-15,0,,,,,,,,,,,,,
모든치킨사직 온천점,부산광역시 동래구 온천동 1451-15,1,,,,,,,,,,,,,
모든치킨사직 온천점,부산광역시 동래구 온천동 1451-15,2,,,,,,,,,,,,,
모든치킨사직 온천점,부산광역시 동래구 온천동 1451-15,3,,,,,,,,,,,,,
모든치킨사직 온천점,부산광역시 동래구 온천동 1451-15,4,,,,,,,,,,,,,
모든치킨사직 온천점,부산광역시 동래구 온천동 1451-15,5,,,,,,,,,,,,,
모든치킨사직 온천점,부산광역시 동래구 온천동 1451-15,6,,,,,,,,,,,,,
엄지척셰프,부산광역시 동래구 온천동 1451-17,0,,,,,,,,,,,,,
엄지척셰프,부산광역시 동래구 온천동 1451-17,1,,,,,,,,,,,,,
엄지척셰프,부산광역시 동래구 온천동 1451-17,2,,,,,,,,,,,,,
엄지척셰프,부산광역시 동래구 온천동 1451-17,3,,,,,,,,,,,,,
엄지척셰프,부산광역시 동래구 온천동 1451-17,4,,,,,,,,,,,,,
엄지척셰프,부산광역시 동래구 온천동 1451-17,5,,,,,,,,,,,,,
엄지척셰프,부산광역시 동래구 온천동 1451-17,6,,,,,,,,,,,,,
우리집식당,부산광역시 동래구 온천동 1451-17,0,,,,,,,,,,,,,
우리집식당,부산광역시 동래구 온천동 1451-17,1,,,,,,,,,,,,,
우리집식당,부산광역시 동래구 온천동 1451-17,2,,,,,,,,,,,,,
우리집식당,부산광역시 동래구 온천동 1451-17,3,,,,,,,,,,,,,
우리집식당,부산광역시 동래구 온천동 1451-17,4,,,,,,,,,,,,,
우리집식당,부산광역시 동래구 온천동 1451-17,5,,,,,,,,,,,,,
우리집식당,부산광역시 동래구 온천동 1451-17,6,,,,,,,,,,,,,
태양푸드,부산광역시 동래구 온천동 1451-17,0,,,,,,,,,,,,,
태양푸드,부산광역시 동래구 온천동 1451-17,1,,,,,,,,,,,,,
태양푸드,부산광역시 동래구 온천동 1451-17,2,,,,,,,,,,,,,
태양푸드,부산광역시 동래구 온천동 1451-17,3,,,,,,,,,,,,,
태양푸드,부산광역시 동래구 온천동 1451-17,4,,,,,,,,,,,,,
태양푸드,부산광역시 동래구 온천동 1451-17,5,,,,,,,,,,,,,
태양푸드,부산광역시 동래구 온천동 1451-17,6,,,,,,,,,,,,,
철마한우쇠고기국밥,부산광역시 동래구 온천동 1451-26,0,,,,,,,,,,,,,
철마한우쇠고기국밥,부산광역시 동래구 온천동 1451-26,1,,,,,,,,,,,,,
철마한우쇠고기국밥,부산광역시 동래구 온천동 1451-26,2,,,,,,,,,,,,,
철마한우쇠고기국밥,부산광역시 동래구 온천동 1451-26,3,,,,,,,,,,,,,
철마한우쇠고기국밥,부산광역시 동래구 온천동 1451-26,4,,,,,,,,,,,,,
철마한우쇠고기국밥,부산광역시 동래구 온천동 1451-26,5,,,,,,,,,,,,,
철마한우쇠고기국밥,부산광역시 동래구 온천동 1451-26,6,,,,,,,,,,,,,
난바우동 동래점,부산광역시 동래구 온천동 1451-39,0,,,,,,,,,,,,,
난바우동 동래점,부산광역시 동래구 온천동 1451-39,1,,,,,,,,,,,,,
난바우동 동래점,부산광역시 동래구 온천동 1451-39,2,,,,,,,,,,,,,
난바우동 동래점,부산광역시 동래구 온천동 1451-39,3,,,,,,,,,,,,,
난바우동 동래점,부산광역시 동래구 온천동 1451-39,4,,,,,,,,,,,,,
난바우동 동래점,부산광역시 동래구 온천동 1451-39,5,,,,,,,,,,,,,
난바우동 동래점,부산광역시 동래구 온천동 1451-39,6,,,,,,,,,,,,,
언니네부엌,부산광역시 동래구 온천동 1451-41,0,,,,,,,,,,,,,
언니네부엌,부산광역시 동래구 온천동 1451-41,1,,,,,,,,,,,,,
언니네부엌,부산광역시 동래구 온천동 1451-41,2,,,,,,,,,,,,,
언니네부엌,부산광역시 동래구 온천동 1451-41,3,,,,,,,,,,,,,
언니네부엌,부산광역시 동래구 온천동 1451-41,4,,,,,,,,,,,,,
언니네부엌,부산광역시 동래구 온천동 1451-41,5,,,,,,,,,,,,,
언니네부엌,부산광역시 동래구 온천동 1451-41,6,,,,,,,,,,,,,
연화리,부산광역시 동래구 온천동 145-15,0,,,,,,,,,,,,,
연화리,부산광역시 동래구 온천동 145-15,1,,,,,,,,,,,,,
연화리,부산광역시 동래구 온천동 145-15,2,,,,,,,,,,,,,
연화리,부산광역시 동래구 온천동 145-15,3,,,,,,,,,,,,,
연화리,부산광역시 동래구 온천동 145-15,4,,,,,,,,,,,,,
연화리,부산광역시 동래구 온천동 145-15,5,,,,,,,,,,,,,
연화리,부산광역시 동래구 온천동 145-15,6,,,,,,,,,,,,,
디케이치킨,부산광역시 동래구 온천동 1451-59,0,,,,,,,,,,,,,
디케이치킨,부산광역시 동래구 온천동 1451-59,1,,,,,,,,,,,,,
디케이치킨,부산광역시 동래구 온천동 1451-59,2,,,,,,,,,,,,,
디케이치킨,부산광역시 동래구 온천동 1451-59,3,,,,,,,,,,,,,
디케이치킨,부산광역시 동래구 온천동 1451-59,4,,,,,,,,,,,,,
디케이치킨,부산광역시 동래구 온천동 1451-59,5,,,,,,,,,,,,,
디케이치킨,부산광역시 동래구 온천동 1451-59,6,,,,,,,,,,,,,
프레원,부산광역시 동래구 온천동 145-18,0,,,,,,,,,,,,,
프레원,부산광역시 동래구 온천동 145-18,1,,,,,,,,,,,,,
프레원,부산광역시 동래구 온천동 145-18,2,,,,,,,,,,,,,
프레원,부산광역시 동래구 온천동 145-18,3,,,,,,,,,,,,,
프레원,부산광역시 동래구 온천동 145-18,4,,,,,,,,,,,,,
프레원,부산광역시 동래구 온천동 145-18,5,,,,,,,,,,,,,
프레원,부산광역시 동래구 온천동 145-18,6,,,,,,,,,,,,,
완뚝순두부 온천점,부산광역시 동래구 온천동 145-22,0,,,,,,,,,,,,,
완뚝순두부 온천점,부산광역시 동래구 온천동 145-22,1,,,,,,,,,,,,,
완뚝순두부 온천점,부산광역시 동래구 온천동 145-22,2,,,,,,,,,,,,,
완뚝순두부 온천점,부산광역시 동래구 온천동 145-22,3,,,,,,,,,,,,,
완뚝순두부 온천점,부산광역시 동래구 온천동 145-22,4,,,,,,,,,,,,,
완뚝순두부 온천점,부산광역시 동래구 온천동 145-22,5,,,,,,,,,,,,,
완뚝순두부 온천점,부산광역시 동래구 온천동 145-22,6,,,,,,,,,,,,,
보이후드에프엔비,부산광역시 동래구 온천동 1452-34,0,,,,,,,,,,,,,
보이후드에프엔비,부산광역시 동래구 온천동 1452-34,1,,,,,,,,,,,,,
보이후드에프엔비,부산광역시 동래구 온천동 1452-34,2,,,,,,,,,,,,,
보이후드에프엔비,부산광역시 동래구 온천동 1452-34,3,,,,,,,,,,,,,
보이후드에프엔비,부산광역시 동래구 온천동 1452-34,4,,,,,,,,,,,,,
보이후드에프엔비,부산광역시 동래구 온천동 1452-34,5,,,,,,,,,,,,,
보이후드에프엔비,부산광역시 동래구 온천동 1452-34,6,,,,,,,,,,,,,
피아노라떼,부산광역시 동래구 온천동 1452-34,0,,,,,,,,,,,,,
피아노라떼,부산광역시 동래구 온천동 1452-34,1,,,,,,,,,,,,,
피아노라떼,부산광역시 동래구 온천동 1452-34,2,,,,,,,,,,,,,
피아노라떼,부산광역시 동래구 온천동 1452-34,3,,,,,,,,,,,,,
피아노라떼,부산광역시 동래구 온천동 1452-34,4,,,,,,,,,,,,,
피아노라떼,부산광역시 동래구 온천동 1452-34,5,,,,,,,,,,,,,
피아노라떼,부산광역시 동래구 온천동 1452-34,6,,,,,,,,,,,,,
대동횟집,부산광역시 동래구 온천동 1452-36,0,,,,,,,,,,,,,
대동횟집,부산광역시 동래구 온천동 1452-36,1,,,,,,,,,,,,,
대동횟집,부산광역시 동래구 온천동 1452-36,2,,,,,,,,,,,,,
대동횟집,부산광역시 동래구 온천동 1452-36,3,,,,,,,,,,,,,
대동횟집,부산광역시 동래구 온천동 1452-36,4,,,,,,,,,,,,,
대동횟집,부산광역시 동래구 온천동 1452-36,5,,,,,,,,,,,,,
대동횟집,부산광역시 동래구 온천동 1452-36,6,,,,,,,,,,,,,
금룡,부산광역시 동래구 온천동 1452-37,0,,,,,,,,,,,,,
금룡,부산광역시 동래구 온천동 1452-37,1,,,,,,,,,,,,,
금룡,부산광역시 동래구 온천동 1452-37,2,,,,,,,,,,,,,
금룡,부산광역시 동래구 온천동 1452-37,3,,,,,,,,,,,,,
금룡,부산광역시 동래구 온천동 1452-37,4,,,,,,,,,,,,,
금룡,부산광역시 동래구 온천동 1452-37,5,,,,,,,,,,,,,
금룡,부산광역시 동래구 온천동 1452-37,6,,,,,,,,,,,,,
잡어,부산광역시 동래구 온천동 1452-38,0,,,,,,,,,,,,,
잡어,부산광역시 동래구 온천동 1452-38,1,,,,,,,,,,,,,
잡어,부산광역시 동래구 온천동 1452-38,2,,,,,,,,,,,,,
잡어,부산광역시 동래구 온천동 1452-38,3,,,,,,,,,,,,,
잡어,부산광역시 동래구 온천동 1452-38,4,,,,,,,,,,,,,
잡어,부산광역시 동래구 온천동 1452-38,5,,,,,,,,,,,,,
잡어,부산광역시 동래구 온천동 1452-38,6,,,,,,,,,,,,,
두찜 부산온천점,부산광역시 동래구 온천동 1452-45,0,,,,,,,,,,,,,
두찜 부산온천점,부산광역시 동래구 온천동 1452-45,1,,,,,,,,,,,,,
두찜 부산온천점,부산광역시 동래구 온천동 1452-45,2,,,,,,,,,,,,,
두찜 부산온천점,부산광역시 동래구 온천동 1452-45,3,,,,,,,,,,,,,
두찜 부산온천점,부산광역시 동래구 온천동 1452-45,4,,,,,,,,,,,,,
두찜 부산온천점,부산광역시 동래구 온천동 1452-45,5,,,,,,,,,,,,,
두찜 부산온천점,부산광역시 동래구 온천동 1452-45,6,,,,,,,,,,,,,
꾸꾸삼겹,부산광역시 동래구 온천동 1453-1,0,,,,,,,,,,,,,
꾸꾸삼겹,부산광역시 동래구 온천동 1453-1,1,,,,,,,,,,,,,
꾸꾸삼겹,부산광역시 동래구 온천동 1453-1,2,,,,,,,,,,,,,
꾸꾸삼겹,부산광역시 동래구 온천동 1453-1,3,,,,,,,,,,,,,
꾸꾸삼겹,부산광역시 동래구 온천동 1453-1,4,,,,,,,,,,,,,
꾸꾸삼겹,부산광역시 동래구 온천동 1453-1,5,,,,,,,,,,,,,
꾸꾸삼겹,부산광역시 동래구 온천동 1453-1,6,,,,,,,,,,,,,
춘하추동아구찜,부산광역시 동래구 온천동 145-33,0,,,,,,,,,,,,,
춘하추동아구찜,부산광역시 동래구 온천동 145-33,1,,,,,,,,,,,,,
춘하추동아구찜,부산광역시 동래구 온천동 145-33,2,,,,,,,,,,,,,
춘하추동아구찜,부산광역시 동래구 온천동 145-33,3,,,,,,,,,,,,,
춘하추동아구찜,부산광역시 동래구 온천동 145-33,4,,,,,,,,,,,,,
춘하추동아구찜,부산광역시 동래구 온천동 145-33,5,,,,,,,,,,,,,
춘하추동아구찜,부산광역시 동래구 온천동 145-33,6,,,,,,,,,,,,,
패밀리수제왕돈까스,부산광역시 동래구 온천동 1453-42,0,,,,,,,,,,,,,
패밀리수제왕돈까스,부산광역시 동래구 온천동 1453-42,1,,,,,,,,,,,,,
패밀리수제왕돈까스,부산광역시 동래구 온천동 1453-42,2,,,,,,,,,,,,,
패밀리수제왕돈까스,부산광역시 동래구 온천동 1453-42,3,,,,,,,,,,,,,
패밀리수제왕돈까스,부산광역시 동래구 온천동 1453-42,4,,,,,,,,,,,,,
패밀리수제왕돈까스,부산광역시 동래구 온천동 1453-42,5,,,,,,,,,,,,,
패밀리수제왕돈까스,부산광역시 동래구 온천동 1453-42,6,,,,,,,,,,,,,
영진돼지국밥,부산광역시 동래구 온천동 1453-74,0,,,,,,,,,,,,,
영진돼지국밥,부산광역시 동래구 온천동 1453-74,1,,,,,,,,,,,,,
영진돼지국밥,부산광역시 동래구 온천동 1453-74,2,,,,,,,,,,,,,
영진돼지국밥,부산광역시 동래구 온천동 1453-74,3,,,,,,,,,,,,,
영진돼지국밥,부산광역시 동래구 온천동 1453-74,4,,,,,,,,,,,,,
영진돼지국밥,부산광역시 동래구 온천동 1453-74,5,,,,,,,,,,,,,
영진돼지국밥,부산광역시 동래구 온천동 1453-74,6,,,,,,,,,,,,,
구이팔팔숯불치킨 사직점,부산광역시 동래구 온천동 1453-82,0,,,,,,,,,,,,,
구이팔팔숯불치킨 사직점,부산광역시 동래구 온천동 1453-82,1,,,,,,,,,,,,,
구이팔팔숯불치킨 사직점,부산광역시 동래구 온천동 1453-82,2,,,,,,,,,,,,,
구이팔팔숯불치킨 사직점,부산광역시 동래구 온천동 1453-82,3,,,,,,,,,,,,,
구이팔팔숯불치킨 사직점,부산광역시 동래구 온천동 1453-82,4,,,,,,,,,,,,,
구이팔팔숯불치킨 사직점,부산광역시 동래구 온천동 1453-82,5,,,,,,,,,,,,,
구이팔팔숯불치킨 사직점,부산광역시 동래구 온천동 1453-82,6,,,,,,,,,,,,,
우리외양간정육식당,부산광역시 동래구 온천동 1454-11,0,,,,,,,,,,,,,
우리외양간정육식당,부산광역시 동래구 온천동 1454-11,1,,,,,,,,,,,,,
우리외양간정육식당,부산광역시 동래구 온천동 1454-11,2,,,,,,,,,,,,,
우리외양간정육식당,부산광역시 동래구 온천동 1454-11,3,,,,,,,,,,,,,
우리외양간정육식당,부산광역시 동래구 온천동 1454-11,4,,,,,,,,,,,,,
우리외양간정육식당,부산광역시 동래구 온천동 1454-11,5,,,,,,,,,,,,,
우리외양간정육식당,부산광역시 동래구 온천동 1454-11,6,,,,,,,,,,,,,
고심가,부산광역시 동래구 온천동 1454-37,0,,,,,,,,,,,,,
고심가,부산광역시 동래구 온천동 1454-37,1,,,,,,,,,,,,,
고심가,부산광역시 동래구 온천동 1454-37,2,,,,,,,,,,,,,
고심가,부산광역시 동래구 온천동 1454-37,3,,,,,,,,,,,,,
고심가,부산광역시 동래구 온천동 1454-37,4,,,,,,,,,,,,,
고심가,부산광역시 동래구 온천동 1454-37,5,,,,,,,,,,,,,
고심가,부산광역시 동래구 온천동 1454-37,6,,,,,,,,,,,,,
동해해물탕,부산광역시 동래구 온천동 1454-37,0,,,,,,,,,,,,,
동해해물탕,부산광역시 동래구 온천동 1454-37,1,,,,,,,,,,,,,
동해해물탕,부산광역시 동래구 온천동 1454-37,2,,,,,,,,,,,,,
동해해물탕,부산광역시 동래구 온천동 1454-37,3,,,,,,,,,,,,,
동해해물탕,부산광역시 동래구 온천동 1454-37,4,,,,,,,,,,,,,
동해해물탕,부산광역시 동래구 온천동 1454-37,5,,,,,,,,,,,,,
동해해물탕,부산광역시 동래구 온천동 1454-37,6,,,,,,,,,,,,,
세련된식탁,부산광역시 동래구 온천동 1454-5,0,,,,,,,,,,,,,
세련된식탁,부산광역시 동래구 온천동 1454-5,1,,,,,,,,,,,,,
세련된식탁,부산광역시 동래구 온천동 1454-5,2,,,,,,,,,,,,,
세련된식탁,부산광역시 동래구 온천동 1454-5,3,,,,,,,,,,,,,
세련된식탁,부산광역시 동래구 온천동 1454-5,4,,,,,,,,,,,,,
세련된식탁,부산광역시 동래구 온천동 1454-5,5,,,,,,,,,,,,,
세련된식탁,부산광역시 동래구 온천동 1454-5,6,,,,,,,,,,,,,
돈돈카츠,부산광역시 동래구 온천동 1457-26,0,,,,,,,,,,,,,
돈돈카츠,부산광역시 동래구 온천동 1457-26,1,,,,,,,,,,,,,
돈돈카츠,부산광역시 동래구 온천동 1457-26,2,,,,,,,,,,,,,
돈돈카츠,부산광역시 동래구 온천동 1457-26,3,,,,,,,,,,,,,
돈돈카츠,부산광역시 동래구 온천동 1457-26,4,,,,,,,,,,,,,
돈돈카츠,부산광역시 동래구 온천동 1457-26,5,,,,,,,,,,,,,
돈돈카츠,부산광역시 동래구 온천동 1457-26,6,,,,,,,,,,,,,
동영식당,부산광역시 동래구 온천동 1458-9,0,,,,,,,,,,,,,
동영식당,부산광역시 동래구 온천동 1458-9,1,,,,,,,,,,,,,
동영식당,부산광역시 동래구 온천동 1458-9,2,,,,,,,,,,,,,
동영식당,부산광역시 동래구 온천동 1458-9,3,,,,,,,,,,,,,
동영식당,부산광역시 동래구 온천동 1458-9,4,,,,,,,,,,,,,
동영식당,부산광역시 동래구 온천동 1458-9,5,,,,,,,,,,,,,
동영식당,부산광역시 동래구 온천동 1458-9,6,,,,,,,,,,,,,
구만족발보쌈 동래점,부산광역시 동래구 온천동 1459-15,0,,,,,,,,,,,,,
구만족발보쌈 동래점,부산광역시 동래구 온천동 1459-15,1,,,,,,,,,,,,,
구만족발보쌈 동래점,부산광역시 동래구 온천동 1459-15,2,,,,,,,,,,,,,
구만족발보쌈 동래점,부산광역시 동래구 온천동 1459-15,3,,,,,,,,,,,,,
구만족발보쌈 동래점,부산광역시 동래구 온천동 1459-15,4,,,,,,,,,,,,,
구만족발보쌈 동래점,부산광역시 동래구 온천동 1459-15,5,,,,,,,,,,,,,
구만족발보쌈 동래점,부산광역시 동래구 온천동 1459-15,6,,,,,,,,,,,,,
중화반점,부산광역시 동래구 온천동 1459-2,0,,,,,,,,,,,,,
중화반점,부산광역시 동래구 온천동 1459-2,1,,,,,,,,,,,,,
중화반점,부산광역시 동래구 온천동 1459-2,2,,,,,,,,,,,,,
중화반점,부산광역시 동래구 온천동 1459-2,3,,,,,,,,,,,,,
중화반점,부산광역시 동래구 온천동 1459-2,4,,,,,,,,,,,,,
중화반점,부산광역시 동래구 온천동 1459-2,5,,,,,,,,,,,,,
중화반점,부산광역시 동래구 온천동 1459-2,6,,,,,,,,,,,,,
진례추어탕,부산광역시 동래구 온천동 1459-3,0,,,,,,,,,,,,,
진례추어탕,부산광역시 동래구 온천동 1459-3,1,,,,,,,,,,,,,
진례추어탕,부산광역시 동래구 온천동 1459-3,2,,,,,,,,,,,,,
진례추어탕,부산광역시 동래구 온천동 1459-3,3,,,,,,,,,,,,,
진례추어탕,부산광역시 동래구 온천동 1459-3,4,,,,,,,,,,,,,
진례추어탕,부산광역시 동래구 온천동 1459-3,5,,,,,,,,,,,,,
진례추어탕,부산광역시 동래구 온천동 1459-3,6,,,,,,,,,,,,,
온천족발,부산광역시 동래구 온천동 1459-5,0,,,,,,,,,,,,,
온천족발,부산광역시 동래구 온천동 1459-5,1,,,,,,,,,,,,,
온천족발,부산광역시 동래구 온천동 1459-5,2,,,,,,,,,,,,,
온천족발,부산광역시 동래구 온천동 1459-5,3,,,,,,,,,,,,,
온천족발,부산광역시 동래구 온천동 1459-5,4,,,,,,,,,,,,,
온천족발,부산광역시 동래구 온천동 1459-5,5,,,,,,,,,,,,,
온천족발,부산광역시 동래구 온천동 1459-5,6,,,,,,,,,,,,,
든든한찬,부산광역시 동래구 온천동 1460-11,0,,,,,,,,,,,,,
든든한찬,부산광역시 동래구 온천동 1460-11,1,,,,,,,,,,,,,
든든한찬,부산광역시 동래구 온천동 1460-11,2,,,,,,,,,,,,,
든든한찬,부산광역시 동래구 온천동 1460-11,3,,,,,,,,,,,,,
든든한찬,부산광역시 동래구 온천동 1460-11,4,,,,,,,,,,,,,
든든한찬,부산광역시 동래구 온천동 1460-11,5,,,,,,,,,,,,,
든든한찬,부산광역시 동래구 온천동 1460-11,6,,,,,,,,,,,,,
새한한방생오리,부산광역시 동래구 온천동 1460-18,0,,,,,,,,,,,,,
새한한방생오리,부산광역시 동래구 온천동 1460-18,1,,,,,,,,,,,,,
새한한방생오리,부산광역시 동래구 온천동 1460-18,2,,,,,,,,,,,,,
새한한방생오리,부산광역시 동래구 온천동 1460-18,3,,,,,,,,,,,,,
새한한방생오리,부산광역시 동래구 온천동 1460-18,4,,,,,,,,,,,,,
새한한방생오리,부산광역시 동래구 온천동 1460-18,5,,,,,,,,,,,,,
새한한방생오리,부산광역시 동래구 온천동 1460-18,6,,,,,,,,,,,,,
깻잎칩킨,부산광역시 동래구 온천동 1461-30,0,,,,,,,,,,,,,
깻잎칩킨,부산광역시 동래구 온천동 1461-30,1,,,,,,,,,,,,,
깻잎칩킨,부산광역시 동래구 온천동 1461-30,2,,,,,,,,,,,,,
깻잎칩킨,부산광역시 동래구 온천동 1461-30,3,,,,,,,,,,,,,
깻잎칩킨,부산광역시 동래구 온천동 1461-30,4,,,,,,,,,,,,,
깻잎칩킨,부산광역시 동래구 온천동 1461-30,5,,,,,,,,,,,,,
깻잎칩킨,부산광역시 동래구 온천동 1461-30,6,,,,,,,,,,,,,
자연임실치즈피자 동래점,부산광역시 동래구 온천동 1461-64,0,,,,,,,,,,,,,
자연임실치즈피자 동래점,부산광역시 동래구 온천동 1461-64,1,,,,,,,,,,,,,
자연임실치즈피자 동래점,부산광역시 동래구 온천동 1461-64,2,,,,,,,,,,,,,
자연임실치즈피자 동래점,부산광역시 동래구 온천동 1461-64,3,,,,,,,,,,,,,
자연임실치즈피자 동래점,부산광역시 동래구 온천동 1461-64,4,,,,,,,,,,,,,
자연임실치즈피자 동래점,부산광역시 동래구 온천동 1461-64,5,,,,,,,,,,,,,
자연임실치즈피자 동래점,부산광역시 동래구 온천동 1461-64,6,,,,,,,,,,,,,
바다초장,부산광역시 동래구 온천동 146-24,0,,,,,,,,,,,,,
바다초장,부산광역시 동래구 온천동 146-24,1,,,,,,,,,,,,,
바다초장,부산광역시 동래구 온천동 146-24,2,,,,,,,,,,,,,
바다초장,부산광역시 동래구 온천동 146-24,3,,,,,,,,,,,,,
바다초장,부산광역시 동래구 온천동 146-24,4,,,,,,,,,,,,,
바다초장,부산광역시 동래구 온천동 146-24,5,,,,,,,,,,,,,
바다초장,부산광역시 동래구 온천동 146-24,6,,,,,,,,,,,,,
옛날보리밥,부산광역시 동래구 온천동 1462-46,0,,,,,,,,,,,,,
옛날보리밥,부산광역시 동래구 온천동 1462-46,1,,,,,,,,,,,,,
옛날보리밥,부산광역시 동래구 온천동 1462-46,2,,,,,,,,,,,,,
옛날보리밥,부산광역시 동래구 온천동 1462-46,3,,,,,,,,,,,,,
옛날보리밥,부산광역시 동래구 온천동 1462-46,4,,,,,,,,,,,,,
옛날보리밥,부산광역시 동래구 온천동 1462-46,5,,,,,,,,,,,,,
옛날보리밥,부산광역시 동래구 온천동 1462-46,6,,,,,,,,,,,,,
진가야밀면,부산광역시 동래구 온천동 146-3,0,10:30,,,,,,,,,,,,
진가야밀면,부산광역시 동래구 온천동 146-3,1,10:30,,,,,,,,,,,,
진가야밀면,부산광역시 동래구 온천동 146-3,2,10:30,,,,,,,,,,,,
진가야밀면,부산광역시 동래구 온천동 146-3,3,10:30,,,,,,,,,,,,
진가야밀면,부산광역시 동래구 온천동 146-3,4,10:30,,,,,,,,,,,,
진가야밀면,부산광역시 동래구 온천동 146-3,5,10:30,,,,,,,,,,,,
진가야밀면,부산광역시 동래구 온천동 146-3,6,10:30,,,,,,,,,,,,
삼천포해물,부산광역시 동래구 온천동 146-32,0,,,,,,,,,,,,,
삼천포해물,부산광역시 동래구 온천동 146-32,1,,,,,,,,,,,,,
삼천포해물,부산광역시 동래구 온천동 146-32,2,,,,,,,,,,,,,
삼천포해물,부산광역시 동래구 온천동 146-32,3,,,,,,,,,,,,,
삼천포해물,부산광역시 동래구 온천동 146-32,4,,,,,,,,,,,,,
삼천포해물,부산광역시 동래구 온천동 146-32,5,,,,,,,,,,,,,
삼천포해물,부산광역시 동래구 온천동 146-32,6,,,,,,,,,,,,,
시장순대족발,부산광역시 동래구 온천동 146-33,0,,,,,,,,,,,,,
시장순대족발,부산광역시 동래구 온천동 146-33,1,,,,,,,,,,,,,
시장순대족발,부산광역시 동래구 온천동 146-33,2,,,,,,,,,,,,,
시장순대족발,부산광역시 동래구 온천동 146-33,3,,,,,,,,,,,,,
시장순대족발,부산광역시 동래구 온천동 146-33,4,,,,,,,,,,,,,
시장순대족발,부산광역시 동래구 온천동 146-33,5,,,,,,,,,,,,,
시장순대족발,부산광역시 동래구 온천동 146-33,6,,,,,,,,,,,,,
아방궁황궁쟁반짜장,부산광역시 동래구 온천동 1464-1,0,,,,,,,,,,,,,
아방궁황궁쟁반짜장,부산광역시 동래구 온천동 1464-1,1,,,,,,,,,,,,,
아방궁황궁쟁반짜장,부산광역시 동래구 온천동 1464-1,2,,,,,,,,,,,,,
아방궁황궁쟁반짜장,부산광역시 동래구 온천동 1464-1,3,,,,,,,,,,,,,
아방궁황궁쟁반짜장,부산광역시 동래구 온천동 1464-1,4,,,,,,,,,,,,,
아방궁황궁쟁반짜장,부산광역시 동래구 온천동 1464-1,5,,,,,,,,,,,,,
아방궁황궁쟁반짜장,부산광역시 동래구 온천동 1464-1,6,,,,,,,,,,,,,
케이지푸드,부산광역시 동래구 온천동 1464-14,0,,,,,,,,,,,,,
케이지푸드,부산광역시 동래구 온천동 1464-14,1,,,,,,,,,,,,,
케이지푸드,부산광역시 동래구 온천동 1464-14,2,,,,,,,,,,,,,
케이지푸드,부산광역시 동래구 온천동 1464-14,3,,,,,,,,,,,,,
케이지푸드,부산광역시 동래구 온천동 1464-14,4,,,,,,,,,,,,,
케이지푸드,부산광역시 동래구 온천동 1464-14,5,,,,,,,,,,,,,
케이지푸드,부산광역시 동래구 온천동 1464-14,6,,,,,,,,,,,,,
이도명가 사직점,부산광역시 동래구 온천동 1464-21,0,,,,,,,,,,,,,
이도명가 사직점,부산광역시 동래구 온천동 1464-21,1,,,,,,,,,,,,,
이도명가 사직점,부산광역시 동래구 온천동 1464-21,2,,,,,,,,,,,,,
이도명가 사직점,부산광역시 동래구 온천동 1464-21,3,,,,,,,,,,,,,
이도명가 사직점,부산광역시 동래구 온천동 1464-21,4,,,,,,,,,,,,,
이도명가 사직점,부산광역시 동래구 온천동 1464-21,5,,,,,,,,,,,,,
이도명가 사직점,부산광역시 동래구 온천동 1464-21,6,,,,,,,,,,,,,
독도수산,부산광역시 동래구 온천동 146-45,0,,,,,,,,,,,,,
독도수산,부산광역시 동래구 온천동 146-45,1,,,,,,,,,,,,,
독도수산,부산광역시 동래구 온천동 146-45,2,,,,,,,,,,,,,
독도수산,부산광역시 동래구 온천동 146-45,3,,,,,,,,,,,,,
독도수산,부산광역시 동래구 온천동 146-45,4,,,,,,,,,,,,,
독도수산,부산광역시 동래구 온천동 146-45,5,,,,,,,,,,,,,
독도수산,부산광역시 동래구 온천동 146-45,6,,,,,,,,,,,,,
독도횟집,부산광역시 동래구 온천동 146-45,0,,,,,,,,,,,,,
독도횟집,부산광역시 동래구 온천동 146-45,1,,,,,,,,,,,,,
독도횟집,부산광역시 동래구 온천동 146-45,2,,,,,,,,,,,,,
독도횟집,부산광역시 동래구 온천동 146-45,3,,,,,,,,,,,,,
독도횟집,부산광역시 동래구 온천동 146-45,4,,,,,,,,,,,,,
독도횟집,부산광역시 동래구 온천동 146-45,5,,,,,,,,,,,,,
독도횟집,부산광역시 동래구 온천동 146-45,6,,,,,,,,,,,,,
청수초장,부산광역시 동래구 온천동 146-45,0,,,,,,,,,,,,,
청수초장,부산광역시 동래구 온천동 146-45,1,,,,,,,,,,,,,
청수초장,부산광역시 동래구 온천동 146-45,2,,,,,,,,,,,,,
청수초장,부산광역시 동래구 온천동 146-45,3,,,,,,,,,,,,,
청수초장,부산광역시 동래구 온천동 146-45,4,,,,,,,,,,,,,
청수초장,부산광역시 동래구 온천동 146-45,5,,,,,,,,,,,,,
청수초장,부산광역시 동래구 온천동 146-45,6,,,,,,,,,,,,,
숙이포차,부산광역시 동래구 온천동 1465-10,0,,,,,,,,,,,,,
숙이포차,부산광역시 동래구 온천동 1465-10,1,,,,,,,,,,,,,
숙이포차,부산광역시 동래구 온천동 1465-10,2,,,,,,,,,,,,,
숙이포차,부산광역시 동래구 온천동 1465-10,3,,,,,,,,,,,,,
숙이포차,부산광역시 동래구 온천동 1465-10,4,,,,,,,,,,,,,
숙이포차,부산광역시 동래구 온천동 1465-10,5,,,,,,,,,,,,,
숙이포차,부산광역시 동래구 온천동 1465-10,6,,,,,,,,,,,,,
청수초장,부산광역시 동래구 온천동 146-52,0,,,,,,,,,,,,,
청수초장,부산광역시 동래구 온천동 146-52,1,,,,,,,,,,,,,
청수초장,부산광역시 동래구 온천동 146-52,2,,,,,,,,,,,,,
청수초장,부산광역시 동래구 온천동 146-52,3,,,,,,,,,,,,,
청수초장,부산광역시 동래구 온천동 146-52,4,,,,,,,,,,,,,
청수초장,부산광역시 동래구 온천동 146-52,5,,,,,,,,,,,,,
청수초장,부산광역시 동래구 온천동 146-52,6,,,,,,,,,,,,,
삼겹당 동래점,부산광역시 동래구 온천동 1465-26,0,,,,,,,,,,,,,
삼겹당 동래점,부산광역시 동래구 온천동 1465-26,1,,,,,,,,,,,,,
삼겹당 동래점,부산광역시 동래구 온천동 1465-26,2,,,,,,,,,,,,,
삼겹당 동래점,부산광역시 동래구 온천동 1465-26,3,,,,,,,,,,,,,
삼겹당 동래점,부산광역시 동래구 온천동 1465-26,4,,,,,,,,,,,,,
삼겹당 동래점,부산광역시 동래구 온천동 1465-26,5,,,,,,,,,,,,,
삼겹당 동래점,부산광역시 동래구 온천동 1465-26,6,,,,,,,,,,,,,
기영이숯불두마리치킨부산 사직점,부산광역시 동래구 온천동 1465-31,0,,,,,,,,,,,,,
기영이숯불두마리치킨부산 사직점,부산광역시 동래구 온천동 1465-31,1,,,,,,,,,,,,,
기영이숯불두마리치킨부산 사직점,부산광역시 동래구 온천동 1465-31,2,,,,,,,,,,,,,
기영이숯불두마리치킨부산 사직점,부산광역시 동래구 온천동 1465-31,3,,,,,,,,,,,,,
기영이숯불두마리치킨부산 사직점,부산광역시 동래구 온천동 1465-31,4,,,,,,,,,,,,,
기영이숯불두마리치킨부산 사직점,부산광역시 동래구 온천동 1465-31,5,,,,,,,,,,,,,
기영이숯불두마리치킨부산 사직점,부산광역시 동래구 온천동 1465-31,6,,,,,,,,,,,,,
그때그자리,부산광역시 동래구 온천동 1465-36,0,,,,,,,,,,,,,
그때그자리,부산광역시 동래구 온천동 1465-36,1,,,,,,,,,,,,,
그때그자리,부산광역시 동래구 온천동 1465-36,2,,,,,,,,,,,,,
그때그자리,부산광역시 동래구 온천동 1465-36,3,,,,,,,,,,,,,
그때그자리,부산광역시 동래구 온천동 1465-36,4,,,,,,,,,,,,,
그때그자리,부산광역시 동래구 온천동 1465-36,5,,,,,,,,,,,,,
그때그자리,부산광역시 동래구 온천동 1465-36,6,,,,,,,,,,,,,
치킨매니아,부산광역시 동래구 온천동 1465-36,0,,,,,,,,,,,,,
치킨매니아,부산광역시 동래구 온천동 1465-36,1,,,,,,,,,,,,,
치킨매니아,부산광역시 동래구 온천동 1465-36,2,,,,,,,,,,,,,
치킨매니아,부산광역시 동래구 온천동 1465-36,3,,,,,,,,,,,,,
치킨매니아,부산광역시 동래구 온천동 1465-36,4,,,,,,,,,,,,,
치킨매니아,부산광역시 동래구 온천동 1465-36,5,,,,,,,,,,,,,
치킨매니아,부산광역시 동래구 온천동 1465-36,6,,,,,,,,,,,,,
순살만공격 온천점,부산광역시 동래구 온천동 1465-40,0,,,,,,,,,,,,,
순살만공격 온천점,부산광역시 동래구 온천동 1465-40,1,,,,,,,,,,,,,
순살만공격 온천점,부산광역시 동래구 온천동 1465-40,2,,,,,,,,,,,,,
순살만공격 온천점,부산광역시 동래구 온천동 1465-40,3,,,,,,,,,,,,,
순살만공격 온천점,부산광역시 동래구 온천동 1465-40,4,,,,,,,,,,,,,
순살만공격 온천점,부산광역시 동래구 온천동 1465-40,5,,,,,,,,,,,,,
순살만공격 온천점,부산광역시 동래구 온천동 1465-40,6,,,,,,,,,,,,,
고성횟집,부산광역시 동래구 온천동 146-56,0,11:00,10:00,,,,,,,,,,,
고성횟집,부산광역시 동래구 온천동 146-56,1,11:00,10:00,,,,,,,,,,,
고성횟집,부산광역시 동래구 온천동 146-56,2,11:00,10:00,,,,,,,,,,,
고성횟집,부산광역시 동래구 온천동 146-56,3,11:00,10:00,,,,,,,,,,,
고성횟집,부산광역시 동래구 온천동 146-56,4,11:00,10:00,,,,,,,,,,,
고성횟집,부산광역시 동래구 온천동 146-56,5,11:00,10:00,,,,,,,,,,,
고성횟집,부산광역시 동래구 온천동 146-56,6,11:00,10:00,,,,,,,,,,,
보광식육식당,부산광역시 동래구 온천동 146-56,0,16:00,,,,,,,,,,,,
보광식육식당,부산광역시 동래구 온천동 146-56,1,16:00,,,,,,,,,,,,
보광식육식당,부산광역시 동래구 온천동 146-56,2,16:00,,,,,,,,,,,,
보광식육식당,부산광역시 동래구 온천동 146-56,3,16:00,,,,,,,,,,,,
보광식육식당,부산광역시 동래구 온천동 146-56,4,16:00,,,,,,,,,,,,
보광식육식당,부산광역시 동래구 온천동 146-56,5,16:00,,,,,,,,,,,,
보광식육식당,부산광역시 동래구 온천동 146-56,6,16:00,,,,,,,,,,,,
직화볶음찜닭볶찜부산 동래점,부산광역시 동래구 온천동 1465-7,0,,,,,,,,,,,,,
직화볶음찜닭볶찜부산 동래점,부산광역시 동래구 온천동 1465-7,1,,,,,,,,,,,,,
직화볶음찜닭볶찜부산 동래점,부산광역시 동래구 온천동 1465-7,2,,,,,,,,,,,,,
직화볶음찜닭볶찜부산 동래점,부산광역시 동래구 온천동 1465-7,3,,,,,,,,,,,,,
직화볶음찜닭볶찜부산 동래점,부산광역시 동래구 온천동 1465-7,4,,,,,,,,,,,,,
직화볶음찜닭볶찜부산 동래점,부산광역시 동래구 온천동 1465-7,5,,,,,,,,,,,,,
직화볶음찜닭볶찜부산 동래점,부산광역시 동래구 온천동 1465-7,6,,,,,,,,,,,,,
오리명가,부산광역시 동래구 온천동 1466-10,0,,,,,,,,,,,,,
오리명가,부산광역시 동래구 온천동 1466-10,1,,,,,,,,,,,,,
오리명가,부산광역시 동래구 온천동 1466-10,2,,,,,,,,,,,,,
오리명가,부산광역시 동래구 온천동 1466-10,3,,,,,,,,,,,,,
오리명가,부산광역시 동래구 온천동 1466-10,4,,,,,,,,,,,,,
오리명가,부산광역시 동래구 온천동 1466-10,5,,,,,,,,,,,,,
오리명가,부산광역시 동래구 온천동 1466-10,6,,,,,,,,,,,,,
케이디더블유에프,부산광역시 동래구 온천동 1466-21,0,,,,,,,,,,,,,
케이디더블유에프,부산광역시 동래구 온천동 1466-21,1,,,,,,,,,,,,,
케이디더블유에프,부산광역시 동래구 온천동 1466-21,2,,,,,,,,,,,,,
케이디더블유에프,부산광역시 동래구 온천동 1466-21,3,,,,,,,,,,,,,
케이디더블유에프,부산광역시 동래구 온천동 1466-21,4,,,,,,,,,,,,,
케이디더블유에프,부산광역시 동래구 온천동 1466-21,5,,,,,,,,,,,,,
케이디더블유에프,부산광역시 동래구 온천동 1466-21,6,,,,,,,,,,,,,
조방낙지,부산광역시 동래구 온천동 1466-22,0,,,,,,,,,,,,,
조방낙지,부산광역시 동래구 온천동 1466-22,1,,,,,,,,,,,,,
조방낙지,부산광역시 동래구 온천동 1466-22,2,,,,,,,,,,,,,
조방낙지,부산광역시 동래구 온천동 1466-22,3,,,,,,,,,,,,,
조방낙지,부산광역시 동래구 온천동 1466-22,4,,,,,,,,,,,,,
조방낙지,부산광역시 동래구 온천동 1466-22,5,,,,,,,,,,,,,
조방낙지,부산광역시 동래구 온천동 1466-22,6,,,,,,,,,,,,,
한려횟집,부산광역시 동래구 온천동 1466-23,0,,,,,,,,,,,,,
한려횟집,부산광역시 동래구 온천동 1466-23,1,,,,,,,,,,,,,
한려횟집,부산광역시 동래구 온천동 1466-23,2,,,,,,,,,,,,,
한려횟집,부산광역시 동래구 온천동 1466-23,3,,,,,,,,,,,,,
한려횟집,부산광역시 동래구 온천동 1466-23,4,,,,,,,,,,,,,
한려횟집,부산광역시 동래구 온천동 1466-23,5,,,,,,,,,,,,,
한려횟집,부산광역시 동래구 온천동 1466-23,6,,,,,,,,,,,,,
다가짬뽕,부산광역시 동래구 온천동 1466-57,0,,,,,,,,,,,,,
다가짬뽕,부산광역시 동래구 온천동 1466-57,1,,,,,,,,,,,,,
다가짬뽕,부산광역시 동래구 온천동 1466-57,2,,,,,,,,,,,,,
다가짬뽕,부산광역시 동래구 온천동 1466-57,3,,,,,,,,,,,,,
다가짬뽕,부산광역시 동래구 온천동 1466-57,4,,,,,,,,,,,,,
다가짬뽕,부산광역시 동래구 온천동 1466-57,5,,,,,,,,,,,,,
다가짬뽕,부산광역시 동래구 온천동 1466-57,6,,,,,,,,,,,,,
처갓집양념치킨미남점,부산광역시 동래구 온천동 1466-57,0,,,,,,,,,,,,,
처갓집양념치킨미남점,부산광역시 동래구 온천동 1466-57,1,,,,,,,,,,,,,
처갓집양념치킨미남점,부산광역시 동래구 온천동 1466-57,2,,,,,,,,,,,,,
처갓집양념치킨미남점,부산광역시 동래구 온천동 1466-57,3,,,,,,,,,,,,,
처갓집양념치킨미남점,부산광역시 동래구 온천동 1466-57,4,,,,,,,,,,,,,
처갓집양념치킨미남점,부산광역시 동래구 온천동 1466-57,5,,,,,,,,,,,,,
처갓집양념치킨미남점,부산광역시 동래구 온천동 1466-57,6,,,,,,,,,,,,,
설레임푸드,부산광역시 동래구 온천동 1466-59,0,,,,,,,,,,,,,
설레임푸드,부산광역시 동래구 온천동 1466-59,1,,,,,,,,,,,,,
설레임푸드,부산광역시 동래구 온천동 1466-59,2,,,,,,,,,,,,,
설레임푸드,부산광역시 동래구 온천동 1466-59,3,,,,,,,,,,,,,
설레임푸드,부산광역시 동래구 온천동 1466-59,4,,,,,,,,,,,,,
설레임푸드,부산광역시 동래구 온천동 1466-59,5,,,,,,,,,,,,,
설레임푸드,부산광역시 동래구 온천동 1466-59,6,,,,,,,,,,,,,
예일푸드,부산광역시 동래구 온천동 1466-59,0,,,,,,,,,,,,,
예일푸드,부산광역시 동래구 온천동 1466-59,1,,,,,,,,,,,,,
예일푸드,부산광역시 동래구 온천동 1466-59,2,,,,,,,,,,,,,
예일푸드,부산광역시 동래구 온천동 1466-59,3,,,,,,,,,,,,,
예일푸드,부산광역시 동래구 온천동 1466-59,4,,,,,,,,,,,,,
예일푸드,부산광역시 동래구 온천동 1466-59,5,,,,,,,,,,,,,
예일푸드,부산광역시 동래구 온천동 1466-59,6,,,,,,,,,,,,,
사직동전집,부산광역시 동래구 온천동 1467-54,0,,,,,,,,,,,,,
사직동전집,부산광역시 동래구 온천동 1467-54,1,,,,,,,,,,,,,
사직동전집,부산광역시 동래구 온천동 1467-54,2,,,,,,,,,,,,,
사직동전집,부산광역시 동래구 온천동 1467-54,3,,,,,,,,,,,,,
사직동전집,부산광역시 동래구 온천동 1467-54,4,,,,,,,,,,,,,
사직동전집,부산광역시 동래구 온천동 1467-54,5,,,,,,,,,,,,,
사직동전집,부산광역시 동래구 온천동 1467-54,6,,,,,,,,,,,,,
삼겹장수소금구이,부산광역시 동래구 온천동 1467-54,0,,,,,,,,,,,,,
삼겹장수소금구이,부산광역시 동래구 온천동 1467-54,1,,,,,,,,,,,,,
삼겹장수소금구이,부산광역시 동래구 온천동 1467-54,2,,,,,,,,,,,,,
삼겹장수소금구이,부산광역시 동래구 온천동 1467-54,3,,,,,,,,,,,,,
삼겹장수소금구이,부산광역시 동래구 온천동 1467-54,4,,,,,,,,,,,,,
삼겹장수소금구이,부산광역시 동래구 온천동 1467-54,5,,,,,,,,,,,,,
삼겹장수소금구이,부산광역시 동래구 온천동 1467-54,6,,,,,,,,,,,,,
수야막창,부산광역시 동래구 온천동 1467-54,0,,,,,,,,,,,,,
수야막창,부산광역시 동래구 온천동 1467-54,1,,,,,,,,,,,,,
수야막창,부산광역시 동래구 온천동 1467-54,2,,,,,,,,,,,,,
수야막창,부산광역시 동래구 온천동 1467-54,3,,,,,,,,,,,,,
수야막창,부산광역시 동래구 온천동 1467-54,4,,,,,,,,,,,,,
수야막창,부산광역시 동래구 온천동 1467-54,5,,,,,,,,,,,,,
수야막창,부산광역시 동래구 온천동 1467-54,6,,,,,,,,,,,,,
비이에치씨치킨사직미남점,부산광역시 동래구 온천동 1467-57,0,,,,,,,,,,,,,
비이에치씨치킨사직미남점,부산광역시 동래구 온천동 1467-57,1,,,,,,,,,,,,,
비이에치씨치킨사직미남점,부산광역시 동래구 온천동 1467-57,2,,,,,,,,,,,,,
비이에치씨치킨사직미남점,부산광역시 동래구 온천동 1467-57,3,,,,,,,,,,,,,
비이에치씨치킨사직미남점,부산광역시 동래구 온천동 1467-57,4,,,,,,,,,,,,,
비이에치씨치킨사직미남점,부산광역시 동래구 온천동 1467-57,5,,,,,,,,,,,,,
비이에치씨치킨사직미남점,부산광역시 동래구 온천동 1467-57,6,,,,,,,,,,,,,
번개통닭,부산광역시 동래구 온천동 1467-9,0,,,,,,,,,,,,,
번개통닭,부산광역시 동래구 온천동 1467-9,1,,,,,,,,,,,,,
번개통닭,부산광역시 동래구 온천동 1467-9,2,,,,,,,,,,,,,
번개통닭,부산광역시 동래구 온천동 1467-9,3,,,,,,,,,,,,,
번개통닭,부산광역시 동래구 온천동 1467-9,4,,,,,,,,,,,,,
번개통닭,부산광역시 동래구 온천동 1467-9,5,,,,,,,,,,,,,
번개통닭,부산광역시 동래구 온천동 1467-9,6,,,,,,,,,,,,,
서울마님죽,부산광역시 동래구 온천동 1468-12,0,,,,,,,,,,,,,
서울마님죽,부산광역시 동래구 온천동 1468-12,1,,,,,,,,,,,,,
서울마님죽,부산광역시 동래구 온천동 1468-12,2,,,,,,,,,,,,,
서울마님죽,부산광역시 동래구 온천동 1468-12,3,,,,,,,,,,,,,
서울마님죽,부산광역시 동래구 온천동 1468-12,4,,,,,,,,,,,,,
서울마님죽,부산광역시 동래구 온천동 1468-12,5,,,,,,,,,,,,,
서울마님죽,부산광역시 동래구 온천동 1468-12,6,,,,,,,,,,,,,
원산식당,부산광역시 동래구 온천동 1468-27,0,,,,,,,,,,,,,
원산식당,부산광역시 동래구 온천동 1468-27,1,,,,,,,,,,,,,
원산식당,부산광역시 동래구 온천동 1468-27,2,,,,,,,,,,,,,
원산식당,부산광역시 동래구 온천동 1468-27,3,,,,,,,,,,,,,
원산식당,부산광역시 동래구 온천동 1468-27,4,,,,,,,,,,,,,
원산식당,부산광역시 동래구 온천동 1468-27,5,,,,,,,,,,,,,
원산식당,부산광역시 동래구 온천동 1468-27,6,,,,,,,,,,,,,
옛날통닭집,부산광역시 동래구 온천동 147-4,0,,,,,,,,,,,,,
옛날통닭집,부산광역시 동래구 온천동 147-4,1,,,,,,,,,,,,,
옛날통닭집,부산광역시 동래구 온천동 147-4,2,,,,,,,,,,,,,
옛날통닭집,부산광역시 동래구 온천동 147-4,3,,,,,,,,,,,,,
옛날통닭집,부산광역시 동래구 온천동 147-4,4,,,,,,,,,,,,,
옛날통닭집,부산광역시 동래구 온천동 147-4,5,,,,,,,,,,,,,
옛날통닭집,부산광역시 동래구 온천동 147-4,6,,,,,,,,,,,,,
백마식당,부산광역시 동래구 온천동 147-53,0,,,,,,,,,,,,,
백마식당,부산광역시 동래구 온천동 147-53,1,,,,,,,,,,,,,
백마식당,부산광역시 동래구 온천동 147-53,2,,,,,,,,,,,,,
백마식당,부산광역시 동래구 온천동 147-53,3,,,,,,,,,,,,,
백마식당,부산광역시 동래구 온천동 147-53,4,,,,,,,,,,,,,
백마식당,부산광역시 동래구 온천동 147-53,5,,,,,,,,,,,,,
백마식당,부산광역시 동래구 온천동 147-53,6,,,,,,,,,,,,,
현대옥부산온천장점,부산광역시 동래구 온천동 147-56,0,,,,,,,,,,,,,
현대옥부산온천장점,부산광역시 동래구 온천동 147-56,1,,,,,,,,,,,,,
현대옥부산온천장점,부산광역시 동래구 온천동 147-56,2,,,,,,,,,,,,,
현대옥부산온천장점,부산광역시 동래구 온천동 147-56,3,,,,,,,,,,,,,
현대옥부산온천장점,부산광역시 동래구 온천동 147-56,4,,,,,,,,,,,,,
현대옥부산온천장점,부산광역시 동래구 온천동 147-56,5,,,,,,,,,,,,,
현대옥부산온천장점,부산광역시 동래구 온천동 147-56,6,,,,,,,,,,,,,
온천국수,부산광역시 동래구 온천동 147-7,0,,,,,,,,,,,,,
온천국수,부산광역시 동래구 온천동 147-7,1,,,,,,,,,,,,,
온천국수,부산광역시 동래구 온천동 147-7,2,,,,,,,,,,,,,
온천국수,부산광역시 동래구 온천동 147-7,3,,,,,,,,,,,,,
온천국수,부산광역시 동래구 온천동 147-7,4,,,,,,,,,,,,,
온천국수,부산광역시 동래구 온천동 147-7,5,,,,,,,,,,,,,
온천국수,부산광역시 동래구 온천동 147-7,6,,,,,,,,,,,,,
우리시대돼지국밥,부산광역시 동래구 온천동 148-20,0,,,,,,,,,,,,,
우리시대돼지국밥,부산광역시 동래구 온천동 148-20,1,,,,,,,,,,,,,
우리시대돼지국밥,부산광역시 동래구 온천동 148-20,2,,,,,,,,,,,,,
우리시대돼지국밥,부산광역시 동래구 온천동 148-20,3,,,,,,,,,,,,,
우리시대돼지국밥,부산광역시 동래구 온천동 148-20,4,,,,,,,,,,,,,
우리시대돼지국밥,부산광역시 동래구 온천동 148-20,5,,,,,,,,,,,,,
우리시대돼지국밥,부산광역시 동래구 온천동 148-20,6,,,,,,,,,,,,,
소원집,부산광역시 동래구 온천동 148-32,0,,,,,,,,,,,,,
소원집,부산광역시 동래구 온천동 148-32,1,,,,,,,,,,,,,
소원집,부산광역시 동래구 온천동 148-32,2,,,,,,,,,,,,,
소원집,부산광역시 동래구 온천동 148-32,3,,,,,,,,,,,,,
소원집,부산광역시 동래구 온천동 148-32,4,,,,,,,,,,,,,
소원집,부산광역시 동래구 온천동 148-32,5,,,,,,,,,,,,,
소원집,부산광역시 동래구 온천동 148-32,6,,,,,,,,,,,,,
원조대운아구찜,부산광역시 동래구 온천동 148-32,0,,,,,,,,,,,,,
원조대운아구찜,부산광역시 동래구 온천동 148-32,1,,,,,,,,,,,,,
원조대운아구찜,부산광역시 동래구 온천동 148-32,2,,,,,,,,,,,,,
원조대운아구찜,부산광역시 동래구 온천동 148-32,3,,,,,,,,,,,,,
원조대운아구찜,부산광역시 동래구 온천동 148-32,4,,,,,,,,,,,,,
원조대운아구찜,부산광역시 동래구 온천동 148-32,5,,,,,,,,,,,,,
원조대운아구찜,부산광역시 동래구 온천동 148-32,6,,,,,,,,,,,,,
개미집 온천점,부산광역시 동래구 온천동 149-11,0,,,,,,,,,,,,,
개미집 온천점,부산광역시 동래구 온천동 149-11,1,,,,,,,,,,,,,
개미집 온천점,부산광역시 동래구 온천동 149-11,2,,,,,,,,,,,,,
개미집 온천점,부산광역시 동래구 온천동 149-11,3,,,,,,,,,,,,,
개미집 온천점,부산광역시 동래구 온천동 149-11,4,,,,,,,,,,,,,
개미집 온천점,부산광역시 동래구 온천동 149-11,5,,,,,,,,,,,,,
개미집 온천점,부산광역시 동래구 온천동 149-11,6,,,,,,,,,,,,,
온천식당,부산광역시 동래구 온천동 149-4,0,,,,,,,,,,,,,
온천식당,부산광역시 동래구 온천동 149-4,1,,,,,,,,,,,,,
온천식당,부산광역시 동래구 온천동 149-4,2,,,,,,,,,,,,,
온천식당,부산광역시 동래구 온천동 149-4,3,,,,,,,,,,,,,
온천식당,부산광역시 동래구 온천동 149-4,4,,,,,,,,,,,,,
온천식당,부산광역시 동래구 온천동 149-4,5,,,,,,,,,,,,,
온천식당,부산광역시 동래구 온천동 149-4,6,,,,,,,,,,,,,
경보관,부산광역시 동래구 온천동 149-7,0,,,,,,,,,,,,,
경보관,부산광역시 동래구 온천동 149-7,1,,,,,,,,,,,,,
경보관,부산광역시 동래구 온천동 149-7,2,,,,,,,,,,,,,
경보관,부산광역시 동래구 온천동 149-7,3,,,,,,,,,,,,,
경보관,부산광역시 동래구 온천동 149-7,4,,,,,,,,,,,,,
경보관,부산광역시 동래구 온천동 149-7,5,,,,,,,,,,,,,
경보관,부산광역시 동래구 온천동 149-7,6,,,,,,,,,,,,,
경보관 동래점,부산광역시 동래구 온천동 149-7,0,,,,,,,,,,,,,
경보관 동래점,부산광역시 동래구 온천동 149-7,1,,,,,,,,,,,,,
경보관 동래점,부산광역시 동래구 온천동 149-7,2,,,,,,,,,,,,,
경보관 동래점,부산광역시 동래구 온천동 149-7,3,,,,,,,,,,,,,
경보관 동래점,부산광역시 동래구 온천동 149-7,4,,,,,,,,,,,,,
경보관 동래점,부산광역시 동래구 온천동 149-7,5,,,,,,,,,,,,,
경보관 동래점,부산광역시 동래구 온천동 149-7,6,,,,,,,,,,,,,
내가대한의고기다불고기온천점 전문점,부산광역시 동래구 온천동 149-8,0,,,,,,,,,,,,,
내가대한의고기다불고기온천점 전문점,부산광역시 동래구 온천동 149-8,1,,,,,,,,,,,,,
내가대한의고기다불고기온천점 전문점,부산광역시 동래구 온천동 149-8,2,,,,,,,,,,,,,
내가대한의고기다불고기온천점 전문점,부산광역시 동래구 온천동 149-8,3,,,,,,,,,,,,,
내가대한의고기다불고기온천점 전문점,부산광역시 동래구 온천동 149-8,4,,,,,,,,,,,,,
내가대한의고기다불고기온천점 전문점,부산광역시 동래구 온천동 149-8,5,,,,,,,,,,,,,
내가대한의고기다불고기온천점 전문점,부산광역시 동래구 온천동 149-8,6,,,,,,,,,,,,,
조옥규한우곰탕 온천점,부산광역시 동래구 온천동 149-8,0,,,,,,,,,,,,,
조옥규한우곰탕 온천점,부산광역시 동래구 온천동 149-8,1,,,,,,,,,,,,,
조옥규한우곰탕 온천점,부산광역시 동래구 온천동 149-8,2,,,,,,,,,,,,,
조옥규한우곰탕 온천점,부산광역시 동래구 온천동 149-8,3,,,,,,,,,,,,,
조옥규한우곰탕 온천점,부산광역시 동래구 온천동 149-8,4,,,,,,,,,,,,,
조옥규한우곰탕 온천점,부산광역시 동래구 온천동 149-8,5,,,,,,,,,,,,,
조옥규한우곰탕 온천점,부산광역시 동래구 온천동 149-8,6,,,,,,,,,,,,,
산성숯불갈비별관,부산광역시 동래구 온천동 150-10,0,,,,,,,,,,,,,
산성숯불갈비별관,부산광역시 동래구 온천동 150-10,1,,,,,,,,,,,,,
산성숯불갈비별관,부산광역시 동래구 온천동 150-10,2,,,,,,,,,,,,,
산성숯불갈비별관,부산광역시 동래구 온천동 150-10,3,,,,,,,,,,,,,
산성숯불갈비별관,부산광역시 동래구 온천동 150-10,4,,,,,,,,,,,,,
산성숯불갈비별관,부산광역시 동래구 온천동 150-10,5,,,,,,,,,,,,,
산성숯불갈비별관,부산광역시 동래구 온천동 150-10,6,,,,,,,,,,,,,
숙영막창,부산광역시 동래구 온천동 150-13,0,,,,,,,,,,,,,
숙영막창,부산광역시 동래구 온천동 150-13,1,,,,,,,,,,,,,
숙영막창,부산광역시 동래구 온천동 150-13,2,,,,,,,,,,,,,
숙영막창,부산광역시 동래구 온천동 150-13,3,,,,,,,,,,,,,
숙영막창,부산광역시 동래구 온천동 150-13,4,,,,,,,,,,,,,
숙영막창,부산광역시 동래구 온천동 150-13,5,,,,,,,,,,,,,
숙영막창,부산광역시 동래구 온천동 150-13,6,,,,,,,,,,,,,
봉식당,부산광역시 동래구 온천동 150-15,0,,,,,,,,,,,,,
봉식당,부산광역시 동래구 온천동 150-15,1,,,,,,,,,,,,,
봉식당,부산광역시 동래구 온천동 150-15,2,,,,,,,,,,,,,
봉식당,부산광역시 동래구 온천동 150-15,3,,,,,,,,,,,,,
봉식당,부산광역시 동래구 온천동 150-15,4,,,,,,,,,,,,,
봉식당,부산광역시 동래구 온천동 150-15,5,,,,,,,,,,,,,
봉식당,부산광역시 동래구 온천동 150-15,6,,,,,,,,,,,,,
동일참치,부산광역시 동래구 온천동 150-3,0,,,,,,,,,,,,,
동일참치,부산광역시 동래구 온천동 150-3,1,,,,,,,,,,,,,
동일참치,부산광역시 동래구 온천동 150-3,2,,,,,,,,,,,,,
동일참치,부산광역시 동래구 온천동 150-3,3,,,,,,,,,,,,,
동일참치,부산광역시 동래구 온천동 150-3,4,,,,,,,,,,,,,
동일참치,부산광역시 동래구 온천동 150-3,5,,,,,,,,,,,,,
동일참치,부산광역시 동래구 온천동 150-3,6,,,,,,,,,,,,,
영덕대게직판장,부산광역시 동래구 온천동 150-3,0,,,,,,,,,,,,,
영덕대게직판장,부산광역시 동래구 온천동 150-3,1,,,,,,,,,,,,,
영덕대게직판장,부산광역시 동래구 온천동 150-3,2,,,,,,,,,,,,,
영덕대게직판장,부산광역시 동래구 온천동 150-3,3,,,,,,,,,,,,,
영덕대게직판장,부산광역시 동래구 온천동 150-3,4,,,,,,,,,,,,,
영덕대게직판장,부산광역시 동래구 온천동 150-3,5,,,,,,,,,,,,,
영덕대게직판장,부산광역시 동래구 온천동 150-3,6,,,,,,,,,,,,,
영덕대게직판장식당,부산광역시 동래구 온천동 150-3,0,,,,,,,,,,,,,
영덕대게직판장식당,부산광역시 동래구 온천동 150-3,1,,,,,,,,,,,,,
영덕대게직판장식당,부산광역시 동래구 온천동 150-3,2,,,,,,,,,,,,,
영덕대게직판장식당,부산광역시 동래구 온천동 150-3,3,,,,,,,,,,,,,
영덕대게직판장식당,부산광역시 동래구 온천동 150-3,4,,,,,,,,,,,,,
영덕대게직판장식당,부산광역시 동래구 온천동 150-3,5,,,,,,,,,,,,,
영덕대게직판장식당,부산광역시 동래구 온천동 150-3,6,,,,,,,,,,,,,
새마을소고기국밥,부산광역시 동래구 온천동 150-4,0,,,,,,,,,,,,,
새마을소고기국밥,부산광역시 동래구 온천동 150-4,1,,,,,,,,,,,,,
새마을소고기국밥,부산광역시 동래구 온천동 150-4,2,,,,,,,,,,,,,
새마을소고기국밥,부산광역시 동래구 온천동 150-4,3,,,,,,,,,,,,,
새마을소고기국밥,부산광역시 동래구 온천동 150-4,4,,,,,,,,,,,,,
새마을소고기국밥,부산광역시 동래구 온천동 150-4,5,,,,,,,,,,,,,
새마을소고기국밥,부산광역시 동래구 온천동 150-4,6,,,,,,,,,,,,,
양지식당,부산광역시 동래구 온천동 150-4,0,,,,,,,,,,,,,
양지식당,부산광역시 동래구 온천동 150-4,1,,,,,,,,,,,,,
양지식당,부산광역시 동래구 온천동 150-4,2,,,,,,,,,,,,,
양지식당,부산광역시 동래구 온천동 150-4,3,,,,,,,,,,,,,
양지식당,부산광역시 동래구 온천동 150-4,4,,,,,,,,,,,,,
양지식당,부산광역시 동래구 온천동 150-4,5,,,,,,,,,,,,,
양지식당,부산광역시 동래구 온천동 150-4,6,,,,,,,,,,,,,
족발삶는총각,부산광역시 동래구 온천동 150-4,0,,,,,,,,,,,,,
족발삶는총각,부산광역시 동래구 온천동 150-4,1,,,,,,,,,,,,,
족발삶는총각,부산광역시 동래구 온천동 150-4,2,,,,,,,,,,,,,
족발삶는총각,부산광역시 동래구 온천동 150-4,3,,,,,,,,,,,,,
족발삶는총각,부산광역시 동래구 온천동 150-4,4,,,,,,,,,,,,,
족발삶는총각,부산광역시 동래구 온천동 150-4,5,,,,,,,,,,,,,
족발삶는총각,부산광역시 동래구 온천동 150-4,6,,,,,,,,,,,,,
미르,부산광역시 동래구 온천동 151-14,0,,,,,,,,,,,,,
미르,부산광역시 동래구 온천동 151-14,1,,,,,,,,,,,,,
미르,부산광역시 동래구 온천동 151-14,2,,,,,,,,,,,,,
미르,부산광역시 동래구 온천동 151-14,3,,,,,,,,,,,,,
미르,부산광역시 동래구 온천동 151-14,4,,,,,,,,,,,,,
미르,부산광역시 동래구 온천동 151-14,5,,,,,,,,,,,,,
미르,부산광역시 동래구 온천동 151-14,6,,,,,,,,,,,,,
김가네칼국수,부산광역시 동래구 온천동 152-13,0,,,,,,,,,,,,,
김가네칼국수,부산광역시 동래구 온천동 152-13,1,,,,,,,,,,,,,
김가네칼국수,부산광역시 동래구 온천동 152-13,2,,,,,,,,,,,,,
김가네칼국수,부산광역시 동래구 온천동 152-13,3,,,,,,,,,,,,,
김가네칼국수,부산광역시 동래구 온천동 152-13,4,,,,,,,,,,,,,
김가네칼국수,부산광역시 동래구 온천동 152-13,5,,,,,,,,,,,,,
김가네칼국수,부산광역시 동래구 온천동 152-13,6,,,,,,,,,,,,,
소문난칼국수,부산광역시 동래구 온천동 152-16,0,,,,,,,,,,,,,
소문난칼국수,부산광역시 동래구 온천동 152-16,1,,,,,,,,,,,,,
소문난칼국수,부산광역시 동래구 온천동 152-16,2,,,,,,,,,,,,,
소문난칼국수,부산광역시 동래구 온천동 152-16,3,,,,,,,,,,,,,
소문난칼국수,부산광역시 동래구 온천동 152-16,4,,,,,,,,,,,,,
소문난칼국수,부산광역시 동래구 온천동 152-16,5,,,,,,,,,,,,,
소문난칼국수,부산광역시 동래구 온천동 152-16,6,,,,,,,,,,,,,
삼대추어탕,부산광역시 동래구 온천동 152-18,0,,,,,,,,,,,,,
삼대추어탕,부산광역시 동래구 온천동 152-18,1,,,,,,,,,,,,,
삼대추어탕,부산광역시 동래구 온천동 152-18,2,,,,,,,,,,,,,
삼대추어탕,부산광역시 동래구 온천동 152-18,3,,,,,,,,,,,,,
삼대추어탕,부산광역시 동래구 온천동 152-18,4,,,,,,,,,,,,,
삼대추어탕,부산광역시 동래구 온천동 152-18,5,,,,,,,,,,,,,
삼대추어탕,부산광역시 동래구 온천동 152-18,6,,,,,,,,,,,,,
장씨네보리밥,부산광역시 동래구 온천동 152-18,0,,,,,,,,,,,,,
장씨네보리밥,부산광역시 동래구 온천동 152-18,1,,,,,,,,,,,,,
장씨네보리밥,부산광역시 동래구 온천동 152-18,2,,,,,,,,,,,,,
장씨네보리밥,부산광역시 동래구 온천동 152-18,3,,,,,,,,,,,,,
장씨네보리밥,부산광역시 동래구 온천동 152-18,4,,,,,,,,,,,,,
장씨네보리밥,부산광역시 동래구 온천동 152-18,5,,,,,,,,,,,,,
장씨네보리밥,부산광역시 동래구 온천동 152-18,6,,,,,,,,,,,,,
족발삶는총각 온천점,부산광역시 동래구 온천동 152-18,0,,,,,,,,,,,,,
족발삶는총각 온천점,부산광역시 동래구 온천동 152-18,1,,,,,,,,,,,,,
족발삶는총각 온천점,부산광역시 동래구 온천동 152-18,2,,,,,,,,,,,,,
족발삶는총각 온천점,부산광역시 동래구 온천동 152-18,3,,,,,,,,,,,,,
족발삶는총각 온천점,부산광역시 동래구 온천동 152-18,4,,,,,,,,,,,,,
족발삶는총각 온천점,부산광역시 동래구 온천동 152-18,5,,,,,,,,,,,,,
족발삶는총각 온천점,부산광역시 동래구 온천동 152-18,6,,,,,,,,,,,,,
동운반점,부산광역시 동래구 온천동 153-12,0,,,,,,,,,,,,,
동운반점,부산광역시 동래구 온천동 153-12,1,,,,,,,,,,,,,
동운반점,부산광역시 동래구 온천동 153-12,2,,,,,,,,,,,,,
동운반점,부산광역시 동래구 온천동 153-12,3,,,,,,,,,,,,,
동운반점,부산광역시 동래구 온천동 153-12,4,,,,,,,,,,,,,
동운반점,부산광역시 동래구 온천동 153-12,5,,,,,,,,,,,,,
동운반점,부산광역시 동래구 온천동 153-12,6,,,,,,,,,,,,,
맘스터치 온천점,부산광역시 동래구 온천동 153-12,0,,,,,,,,,,,,,
맘스터치 온천점,부산광역시 동래구 온천동 153-12,1,,,,,,,,,,,,,
맘스터치 온천점,부산광역시 동래구 온천동 153-12,2,,,,,,,,,,,,,
맘스터치 온천점,부산광역시 동래구 온천동 153-12,3,,,,,,,,,,,,,
맘스터치 온천점,부산광역시 동래구 온천동 153-12,4,,,,,,,,,,,,,
맘스터치 온천점,부산광역시 동래구 온천동 153-12,5,,,,,,,,,,,,,
맘스터치 온천점,부산광역시 동래구 온천동 153-12,6,,,,,,,,,,,,,
원조소문난칼국수,부산광역시 동래구 온천동 153-12,0,,,,,,,,,,,,,
원조소문난칼국수,부산광역시 동래구 온천동 153-12,1,,,,,,,,,,,,,
원조소문난칼국수,부산광역시 동래구 온천동 153-12,2,,,,,,,,,,,,,
원조소문난칼국수,부산광역시 동래구 온천동 153-12,3,,,,,,,,,,,,,
원조소문난칼국수,부산광역시 동래구 온천동 153-12,4,,,,,,,,,,,,,
원조소문난칼국수,부산광역시 동래구 온천동 153-12,5,,,,,,,,,,,,,
원조소문난칼국수,부산광역시 동래구 온천동 153-12,6,,,,,,,,,,,,,
항도반점,부산광역시 동래구 온천동 153-3,0,,,,,,,,,,,,,
항도반점,부산광역시 동래구 온천동 153-3,1,,,,,,,,,,,,,
항도반점,부산광역시 동래구 온천동 153-3,2,,,,,,,,,,,,,
항도반점,부산광역시 동래구 온천동 153-3,3,,,,,,,,,,,,,
항도반점,부산광역시 동래구 온천동 153-3,4,,,,,,,,,,,,,
항도반점,부산광역시 동래구 온천동 153-3,5,,,,,,,,,,,,,
항도반점,부산광역시 동래구 온천동 153-3,6,,,,,,,,,,,,,
골목집,부산광역시 동래구 온천동 153-43,0,,,,,,,,,,,,,
골목집,부산광역시 동래구 온천동 153-43,1,,,,,,,,,,,,,
골목집,부산광역시 동래구 온천동 153-43,2,,,,,,,,,,,,,
골목집,부산광역시 동래구 온천동 153-43,3,,,,,,,,,,,,,
골목집,부산광역시 동래구 온천동 153-43,4,,,,,,,,,,,,,
골목집,부산광역시 동래구 온천동 153-43,5,,,,,,,,,,,,,
골목집,부산광역시 동래구 온천동 153-43,6,,,,,,,,,,,,,
온천장전통칼국수,부산광역시 동래구 온천동 153-50,0,,,,,,,,,,,,,
온천장전통칼국수,부산광역시 동래구 온천동 153-50,1,,,,,,,,,,,,,
온천장전통칼국수,부산광역시 동래구 온천동 153-50,2,,,,,,,,,,,,,
온천장전통칼국수,부산광역시 동래구 온천동 153-50,3,,,,,,,,,,,,,
온천장전통칼국수,부산광역시 동래구 온천동 153-50,4,,,,,,,,,,,,,
온천장전통칼국수,부산광역시 동래구 온천동 153-50,5,,,,,,,,,,,,,
온천장전통칼국수,부산광역시 동래구 온천동 153-50,6,,,,,,,,,,,,,
다채원,부산광역시 동래구 온천동 153-8,0,,,,,,,,,,,,,
다채원,부산광역시 동래구 온천동 153-8,1,,,,,,,,,,,,,
다채원,부산광역시 동래구 온천동 153-8,2,,,,,,,,,,,,,
다채원,부산광역시 동래구 온천동 153-8,3,,,,,,,,,,,,,
다채원,부산광역시 동래구 온천동 153-8,4,,,,,,,,,,,,,
다채원,부산광역시 동래구 온천동 153-8,5,,,,,,,,,,,,,
다채원,부산광역시 동래구 온천동 153-8,6,,,,,,,,,,,,,
램블 온천점,부산광역시 동래구 온천동 153-8,0,,,,,,,,,,,,,
램블 온천점,부산광역시 동래구 온천동 153-8,1,,,,,,,,,,,,,
램블 온천점,부산광역시 동래구 온천동 153-8,2,,,,,,,,,,,,,
램블 온천점,부산광역시 동래구 온천동 153-8,3,,,,,,,,,,,,,
램블 온천점,부산광역시 동래구 온천동 153-8,4,,,,,,,,,,,,,
램블 온천점,부산광역시 동래구 온천동 153-8,5,,,,,,,,,,,,,
램블 온천점,부산광역시 동래구 온천동 153-8,6,,,,,,,,,,,,,
본죽온천장점,부산광역시 동래구 온천동 153-8,0,,,,,,,,,,,,,
본죽온천장점,부산광역시 동래구 온천동 153-8,1,,,,,,,,,,,,,
본죽온천장점,부산광역시 동래구 온천동 153-8,2,,,,,,,,,,,,,
본죽온천장점,부산광역시 동래구 온천동 153-8,3,,,,,,,,,,,,,
본죽온천장점,부산광역시 동래구 온천동 153-8,4,,,,,,,,,,,,,
본죽온천장점,부산광역시 동래구 온천동 153-8,5,,,,,,,,,,,,,
본죽온천장점,부산광역시 동래구 온천동 153-8,6,,,,,,,,,,,,,
비비큐부산온천장SK 허브점,부산광역시 동래구 온천동 153-8,0,,,,,,,,,,,,,
비비큐부산온천장SK 허브점,부산광역시 동래구 온천동 153-8,1,,,,,,,,,,,,,
비비큐부산온천장SK 허브점,부산광역시 동래구 온천동 153-8,2,,,,,,,,,,,,,
비비큐부산온천장SK 허브점,부산광역시 동래구 온천동 153-8,3,,,,,,,,,,,,,
비비큐부산온천장SK 허브점,부산광역시 동래구 온천동 153-8,4,,,,,,,,,,,,,
비비큐부산온천장SK 허브점,부산광역시 동래구 온천동 153-8,5,,,,,,,,,,,,,
비비큐부산온천장SK 허브점,부산광역시 동래구 온천동 153-8,6,,,,,,,,,,,,,
샤브연리지 온천점,부산광역시 동래구 온천동 153-8,0,,,,,,,,,,,,,
샤브연리지 온천점,부산광역시 동래구 온천동 153-8,1,,,,,,,,,,,,,
샤브연리지 온천점,부산광역시 동래구 온천동 153-8,2,,,,,,,,,,,,,
샤브연리지 온천점,부산광역시 동래구 온천동 153-8,3,,,,,,,,,,,,,
샤브연리지 온천점,부산광역시 동래구 온천동 153-8,4,,,,,,,,,,,,,
샤브연리지 온천점,부산광역시 동래구 온천동 153-8,5,,,,,,,,,,,,,
샤브연리지 온천점,부산광역시 동래구 온천동 153-8,6,,,,,,,,,,,,,
죽도령,부산광역시 동래구 온천동 153-8,0,,,,,,,,,,,,,
죽도령,부산광역시 동래구 온천동 153-8,1,,,,,,,,,,,,,
죽도령,부산광역시 동래구 온천동 153-8,2,,,,,,,,,,,,,
죽도령,부산광역시 동래구 온천동 153-8,3,,,,,,,,,,,,,
죽도령,부산광역시 동래구 온천동 153-8,4,,,,,,,,,,,,,
죽도령,부산광역시 동래구 온천동 153-8,5,,,,,,,,,,,,,
죽도령,부산광역시 동래구 온천동 153-8,6,,,,,,,,,,,,,
쿠우쿠우부산 동래점,부산광역시 동래구 온천동 153-8,0,,,,,,,,,,,,,
쿠우쿠우부산 동래점,부산광역시 동래구 온천동 153-8,1,,,,,,,,,,,,,
쿠우쿠우부산 동래점,부산광역시 동래구 온천동 153-8,2,,,,,,,,,,,,,
쿠우쿠우부산 동래점,부산광역시 동래구 온천동 153-8,3,,,,,,,,,,,,,
쿠우쿠우부산 동래점,부산광역시 동래구 온천동 153-8,4,,,,,,,,,,,,,
쿠우쿠우부산 동래점,부산광역시 동래구 온천동 153-8,5,,,,,,,,,,,,,
쿠우쿠우부산 동래점,부산광역시 동래구 온천동 153-8,6,,,,,,,,,,,,,
진영푸드피자헛부산주 온천점,부산광역시 동래구 온천동 154-12,0,,,,,,,,,,,,,
진영푸드피자헛부산주 온천점,부산광역시 동래구 온천동 154-12,1,,,,,,,,,,,,,
진영푸드피자헛부산주 온천점,부산광역시 동래구 온천동 154-12,2,,,,,,,,,,,,,
진영푸드피자헛부산주 온천점,부산광역시 동래구 온천동 154-12,3,,,,,,,,,,,,,
진영푸드피자헛부산주 온천점,부산광역시 동래구 온천동 154-12,4,,,,,,,,,,,,,
진영푸드피자헛부산주 온천점,부산광역시 동래구 온천동 154-12,5,,,,,,,,,,,,,
진영푸드피자헛부산주 온천점,부산광역시 동래구 온천동 154-12,6,,,,,,,,,,,,,
보배반점 온천점,부산광역시 동래구 온천동 154-18,0,,,,,,,,,,,,,
보배반점 온천점,부산광역시 동래구 온천동 154-18,1,,,,,,,,,,,,,
보배반점 온천점,부산광역시 동래구 온천동 154-18,2,,,,,,,,,,,,,
보배반점 온천점,부산광역시 동래구 온천동 154-18,3,,,,,,,,,,,,,
보배반점 온천점,부산광역시 동래구 온천동 154-18,4,,,,,,,,,,,,,
보배반점 온천점,부산광역시 동래구 온천동 154-18,5,,,,,,,,,,,,,
보배반점 온천점,부산광역시 동래구 온천동 154-18,6,,,,,,,,,,,,,
송강정,부산광역시 동래구 온천동 154-23,0,,,,,,,,,,,,,
송강정,부산광역시 동래구 온천동 154-23,1,,,,,,,,,,,,,
송강정,부산광역시 동래구 온천동 154-23,2,,,,,,,,,,,,,
송강정,부산광역시 동래구 온천동 154-23,3,,,,,,,,,,,,,
송강정,부산광역시 동래구 온천동 154-23,4,,,,,,,,,,,,,
송강정,부산광역시 동래구 온천동 154-23,5,,,,,,,,,,,,,
송강정,부산광역시 동래구 온천동 154-23,6,,,,,,,,,,,,,
목촌돼지국밥,부산광역시 동래구 온천동 154-29,0,,,,,,,,,,,,,
목촌돼지국밥,부산광역시 동래구 온천동 154-29,1,,,,,,,,,,,,,
목촌돼지국밥,부산광역시 동래구 온천동 154-29,2,,,,,,,,,,,,,
목촌돼지국밥,부산광역시 동래구 온천동 154-29,3,,,,,,,,,,,,,
목촌돼지국밥,부산광역시 동래구 온천동 154-29,4,,,,,,,,,,,,,
목촌돼지국밥,부산광역시 동래구 온천동 154-29,5,,,,,,,,,,,,,
목촌돼지국밥,부산광역시 동래구 온천동 154-29,6,,,,,,,,,,,,,
요코즈나,부산광역시 동래구 온천동 154-46,0,,,,,,,,,,,,,
요코즈나,부산광역시 동래구 온천동 154-46,1,,,,,,,,,,,,,
요코즈나,부산광역시 동래구 온천동 154-46,2,,,,,,,,,,,,,
요코즈나,부산광역시 동래구 온천동 154-46,3,,,,,,,,,,,,,
요코즈나,부산광역시 동래구 온천동 154-46,4,,,,,,,,,,,,,
요코즈나,부산광역시 동래구 온천동 154-46,5,,,,,,,,,,,,,
요코즈나,부산광역시 동래구 온천동 154-46,6,,,,,,,,,,,,,
깃발집미주구리물회,부산광역시 동래구 온천동 154-68,0,,,,,,,,,,,,,
깃발집미주구리물회,부산광역시 동래구 온천동 154-68,1,,,,,,,,,,,,,
깃발집미주구리물회,부산광역시 동래구 온천동 154-68,2,,,,,,,,,,,,,
깃발집미주구리물회,부산광역시 동래구 온천동 154-68,3,,,,,,,,,,,,,
깃발집미주구리물회,부산광역시 동래구 온천동 154-68,4,,,,,,,,,,,,,
깃발집미주구리물회,부산광역시 동래구 온천동 154-68,5,,,,,,,,,,,,,
깃발집미주구리물회,부산광역시 동래구 온천동 154-68,6,,,,,,,,,,,,,
원할머니보쌈.족발부산 온천점,부산광역시 동래구 온천동 155-12,0,,,,,,,,,,,,,
원할머니보쌈.족발부산 온천점,부산광역시 동래구 온천동 155-12,1,,,,,,,,,,,,,
원할머니보쌈.족발부산 온천점,부산광역시 동래구 온천동 155-12,2,,,,,,,,,,,,,
원할머니보쌈.족발부산 온천점,부산광역시 동래구 온천동 155-12,3,,,,,,,,,,,,,
원할머니보쌈.족발부산 온천점,부산광역시 동래구 온천동 155-12,4,,,,,,,,,,,,,
원할머니보쌈.족발부산 온천점,부산광역시 동래구 온천동 155-12,5,,,,,,,,,,,,,
원할머니보쌈.족발부산 온천점,부산광역시 동래구 온천동 155-12,6,,,,,,,,,,,,,
건양정홍삼삼계탕홍삼오리 온천점,부산광역시 동래구 온천동 155-5,0,,,,,,,,,,,,,
건양정홍삼삼계탕홍삼오리 온천점,부산광역시 동래구 온천동 155-5,1,,,,,,,,,,,,,
건양정홍삼삼계탕홍삼오리 온천점,부산광역시 동래구 온천동 155-5,2,,,,,,,,,,,,,
건양정홍삼삼계탕홍삼오리 온천점,부산광역시 동래구 온천동 155-5,3,,,,,,,,,,,,,
건양정홍삼삼계탕홍삼오리 온천점,부산광역시 동래구 온천동 155-5,4,,,,,,,,,,,,,
건양정홍삼삼계탕홍삼오리 온천점,부산광역시 동래구 온천동 155-5,5,,,,,,,,,,,,,
건양정홍삼삼계탕홍삼오리 온천점,부산광역시 동래구 온천동 155-5,6,,,,,,,,,,,,,
비비큐온천레미안점,부산광역시 동래구 온천동 1600,0,,,,,,,,,,,,,
비비큐온천레미안점,부산광역시 동래구 온천동 1600,1,,,,,,,,,,,,,
비비큐온천레미안점,부산광역시 동래구 온천동 1600,2,,,,,,,,,,,,,
비비큐온천레미안점,부산광역시 동래구 온천동 1600,3,,,,,,,,,,,,,
비비큐온천레미안점,부산광역시 동래구 온천동 1600,4,,,,,,,,,,,,,
비비큐온천레미안점,부산광역시 동래구 온천동 1600,5,,,,,,,,,,,,,
비비큐온천레미안점,부산광역시 동래구 온천동 1600,6,,,,,,,,,,,,,
대박이바구,부산광역시 동래구 온천동 1613,0,,,,,,,,,,,,,
대박이바구,부산광역시 동래구 온천동 1613,1,,,,,,,,,,,,,
대박이바구,부산광역시 동래구 온천동 1613,2,,,,,,,,,,,,,
대박이바구,부산광역시 동래구 온천동 1613,3,,,,,,,,,,,,,
대박이바구,부산광역시 동래구 온천동 1613,4,,,,,,,,,,,,,
대박이바구,부산광역시 동래구 온천동 1613,5,,,,,,,,,,,,,
대박이바구,부산광역시 동래구 온천동 1613,6,,,,,,,,,,,,,
찌개주막,부산광역시 동래구 온천동 1617-30,0,,,,,,,,,,,,,
찌개주막,부산광역시 동래구 온천동 1617-30,1,,,,,,,,,,,,,
찌개주막,부산광역시 동래구 온천동 1617-30,2,,,,,,,,,,,,,
찌개주막,부산광역시 동래구 온천동 1617-30,3,,,,,,,,,,,,,
찌개주막,부산광역시 동래구 온천동 1617-30,4,,,,,,,,,,,,,
찌개주막,부산광역시 동래구 온천동 1617-30,5,,,,,,,,,,,,,
찌개주막,부산광역시 동래구 온천동 1617-30,6,,,,,,,,,,,,,
도울리,부산광역시 동래구 온천동 1632-5,0,,,,,,,,,,,,,
도울리,부산광역시 동래구 온천동 1632-5,1,,,,,,,,,,,,,
도울리,부산광역시 동래구 온천동 1632-5,2,,,,,,,,,,,,,
도울리,부산광역시 동래구 온천동 1632-5,3,,,,,,,,,,,,,
도울리,부산광역시 동래구 온천동 1632-5,4,,,,,,,,,,,,,
도울리,부산광역시 동래구 온천동 1632-5,5,,,,,,,,,,,,,
도울리,부산광역시 동래구 온천동 1632-5,6,,,,,,,,,,,,,
더맛있는코다리,부산광역시 동래구 온천동 164-13,0,,,,,,,,,,,,,
더맛있는코다리,부산광역시 동래구 온천동 164-13,1,,,,,,,,,,,,,
더맛있는코다리,부산광역시 동래구 온천동 164-13,2,,,,,,,,,,,,,
더맛있는코다리,부산광역시 동래구 온천동 164-13,3,,,,,,,,,,,,,
더맛있는코다리,부산광역시 동래구 온천동 164-13,4,,,,,,,,,,,,,
더맛있는코다리,부산광역시 동래구 온천동 164-13,5,,,,,,,,,,,,,
더맛있는코다리,부산광역시 동래구 온천동 164-13,6,,,,,,,,,,,,,
동래대게,부산광역시 동래구 온천동 164-18,0,,,,,,,,,,,,,
동래대게,부산광역시 동래구 온천동 164-18,1,,,,,,,,,,,,,
동래대게,부산광역시 동래구 온천동 164-18,2,,,,,,,,,,,,,
동래대게,부산광역시 동래구 온천동 164-18,3,,,,,,,,,,,,,
동래대게,부산광역시 동래구 온천동 164-18,4,,,,,,,,,,,,,
동래대게,부산광역시 동래구 온천동 164-18,5,,,,,,,,,,,,,
동래대게,부산광역시 동래구 온천동 164-18,6,,,,,,,,,,,,,
행복수산착한대게 동래점,부산광역시 동래구 온천동 164-18,0,,,,,,,,,,,,,
행복수산착한대게 동래점,부산광역시 동래구 온천동 164-18,1,,,,,,,,,,,,,
행복수산착한대게 동래점,부산광역시 동래구 온천동 164-18,2,,,,,,,,,,,,,
행복수산착한대게 동래점,부산광역시 동래구 온천동 164-18,3,,,,,,,,,,,,,
행복수산착한대게 동래점,부산광역시 동래구 온천동 164-18,4,,,,,,,,,,,,,
행복수산착한대게 동래점,부산광역시 동래구 온천동 164-18,5,,,,,,,,,,,,,
행복수산착한대게 동래점,부산광역시 동래구 온천동 164-18,6,,,,,,,,,,,,,
아늑한식당,부산광역시 동래구 온천동 164-49,0,,,,,,,,,,,,,
아늑한식당,부산광역시 동래구 온천동 164-49,1,,,,,,,,,,,,,
아늑한식당,부산광역시 동래구 온천동 164-49,2,,,,,,,,,,,,,
아늑한식당,부산광역시 동래구 온천동 164-49,3,,,,,,,,,,,,,
아늑한식당,부산광역시 동래구 온천동 164-49,4,,,,,,,,,,,,,
아늑한식당,부산광역시 동래구 온천동 164-49,5,,,,,,,,,,,,,
아늑한식당,부산광역시 동래구 온천동 164-49,6,,,,,,,,,,,,,
임랑,부산광역시 동래구 온천동 164-66,0,,,,,,,,,,,,,
임랑,부산광역시 동래구 온천동 164-66,1,,,,,,,,,,,,,
임랑,부산광역시 동래구 온천동 164-66,2,,,,,,,,,,,,,
임랑,부산광역시 동래구 온천동 164-66,3,,,,,,,,,,,,,
임랑,부산광역시 동래구 온천동 164-66,4,,,,,,,,,,,,,
임랑,부산광역시 동래구 온천동 164-66,5,,,,,,,,,,,,,
임랑,부산광역시 동래구 온천동 164-66,6,,,,,,,,,,,,,
오케이도매횟집,부산광역시 동래구 온천동 164-76,0,,,,,,,,,,,,,
오케이도매횟집,부산광역시 동래구 온천동 164-76,1,,,,,,,,,,,,,
오케이도매횟집,부산광역시 동래구 온천동 164-76,2,,,,,,,,,,,,,
오케이도매횟집,부산광역시 동래구 온천동 164-76,3,,,,,,,,,,,,,
오케이도매횟집,부산광역시 동래구 온천동 164-76,4,,,,,,,,,,,,,
오케이도매횟집,부산광역시 동래구 온천동 164-76,5,,,,,,,,,,,,,
오케이도매횟집,부산광역시 동래구 온천동 164-76,6,,,,,,,,,,,,,
왕대박삼겹살,부산광역시 동래구 온천동 1649,0,,,,,,,,,,,,,
왕대박삼겹살,부산광역시 동래구 온천동 1649,1,,,,,,,,,,,,,
왕대박삼겹살,부산광역시 동래구 온천동 1649,2,,,,,,,,,,,,,
왕대박삼겹살,부산광역시 동래구 온천동 1649,3,,,,,,,,,,,,,
왕대박삼겹살,부산광역시 동래구 온천동 1649,4,,,,,,,,,,,,,
왕대박삼겹살,부산광역시 동래구 온천동 1649,5,,,,,,,,,,,,,
왕대박삼겹살,부산광역시 동래구 온천동 1649,6,,,,,,,,,,,,,
가마치통닭,부산광역시 동래구 온천동 165-2,0,,,,,,,,,,,,,
가마치통닭,부산광역시 동래구 온천동 165-2,1,,,,,,,,,,,,,
가마치통닭,부산광역시 동래구 온천동 165-2,2,,,,,,,,,,,,,
가마치통닭,부산광역시 동래구 온천동 165-2,3,,,,,,,,,,,,,
가마치통닭,부산광역시 동래구 온천동 165-2,4,,,,,,,,,,,,,
가마치통닭,부산광역시 동래구 온천동 165-2,5,,,,,,,,,,,,,
가마치통닭,부산광역시 동래구 온천동 165-2,6,,,,,,,,,,,,,
하버드,부산광역시 동래구 온천동 165-2,0,,,,,,,,,,,,,
하버드,부산광역시 동래구 온천동 165-2,1,,,,,,,,,,,,,
하버드,부산광역시 동래구 온천동 165-2,2,,,,,,,,,,,,,
하버드,부산광역시 동래구 온천동 165-2,3,,,,,,,,,,,,,
하버드,부산광역시 동래구 온천동 165-2,4,,,,,,,,,,,,,
하버드,부산광역시 동래구 온천동 165-2,5,,,,,,,,,,,,,
하버드,부산광역시 동래구 온천동 165-2,6,,,,,,,,,,,,,
그늘집,부산광역시 동래구 온천동 1657-3,0,,,,,,,,,,,,,
그늘집,부산광역시 동래구 온천동 1657-3,1,,,,,,,,,,,,,
그늘집,부산광역시 동래구 온천동 1657-3,2,,,,,,,,,,,,,
그늘집,부산광역시 동래구 온천동 1657-3,3,,,,,,,,,,,,,
그늘집,부산광역시 동래구 온천동 1657-3,4,,,,,,,,,,,,,
그늘집,부산광역시 동래구 온천동 1657-3,5,,,,,,,,,,,,,
그늘집,부산광역시 동래구 온천동 1657-3,6,,,,,,,,,,,,,
달북멍포레,부산광역시 동래구 온천동 1668,0,,,,,,,,,,,,,
달북멍포레,부산광역시 동래구 온천동 1668,1,,,,,,,,,,,,,
달북멍포레,부산광역시 동래구 온천동 1668,2,,,,,,,,,,,,,
달북멍포레,부산광역시 동래구 온천동 1668,3,,,,,,,,,,,,,
달북멍포레,부산광역시 동래구 온천동 1668,4,,,,,,,,,,,,,
달북멍포레,부산광역시 동래구 온천동 1668,5,,,,,,,,,,,,,
달북멍포레,부산광역시 동래구 온천동 1668,6,,,,,,,,,,,,,
오늘의도쿄온천장점,부산광역시 동래구 온천동 168-3,0,,,,,,,,,,,,,
오늘의도쿄온천장점,부산광역시 동래구 온천동 168-3,1,,,,,,,,,,,,,
오늘의도쿄온천장점,부산광역시 동래구 온천동 168-3,2,,,,,,,,,,,,,
오늘의도쿄온천장점,부산광역시 동래구 온천동 168-3,3,,,,,,,,,,,,,
오늘의도쿄온천장점,부산광역시 동래구 온천동 168-3,4,,,,,,,,,,,,,
오늘의도쿄온천장점,부산광역시 동래구 온천동 168-3,5,,,,,,,,,,,,,
오늘의도쿄온천장점,부산광역시 동래구 온천동 168-3,6,,,,,,,,,,,,,
테라스,부산광역시 동래구 온천동 1685-2,0,,,,,,,,,,,,,
테라스,부산광역시 동래구 온천동 1685-2,1,,,,,,,,,,,,,
테라스,부산광역시 동래구 온천동 1685-2,2,,,,,,,,,,,,,
테라스,부산광역시 동래구 온천동 1685-2,3,,,,,,,,,,,,,
테라스,부산광역시 동래구 온천동 1685-2,4,,,,,,,,,,,,,
테라스,부산광역시 동래구 온천동 1685-2,5,,,,,,,,,,,,,
테라스,부산광역시 동래구 온천동 1685-2,6,,,,,,,,,,,,,
엣지,부산광역시 동래구 온천동 169-10,0,,,,,,,,,,,,,
엣지,부산광역시 동래구 온천동 169-10,1,,,,,,,,,,,,,
엣지,부산광역시 동래구 온천동 169-10,2,,,,,,,,,,,,,
엣지,부산광역시 동래구 온천동 169-10,3,,,,,,,,,,,,,
엣지,부산광역시 동래구 온천동 169-10,4,,,,,,,,,,,,,
엣지,부산광역시 동래구 온천동 169-10,5,,,,,,,,,,,,,
엣지,부산광역시 동래구 온천동 169-10,6,,,,,,,,,,,,,
어가삼계탕;어가초밥,부산광역시 동래구 온천동 169-20,0,,,,,,,,,,,,,
어가삼계탕;어가초밥,부산광역시 동래구 온천동 169-20,1,,,,,,,,,,,,,
어가삼계탕;어가초밥,부산광역시 동래구 온천동 169-20,2,,,,,,,,,,,,,
어가삼계탕;어가초밥,부산광역시 동래구 온천동 169-20,3,,,,,,,,,,,,,
어가삼계탕;어가초밥,부산광역시 동래구 온천동 169-20,4,,,,,,,,,,,,,
어가삼계탕;어가초밥,부산광역시 동래구 온천동 169-20,5,,,,,,,,,,,,,
어가삼계탕;어가초밥,부산광역시 동래구 온천동 169-20,6,,,,,,,,,,,,,
어가초밥,부산광역시 동래구 온천동 169-20,0,,,,,,,,,,,,,
어가초밥,부산광역시 동래구 온천동 169-20,1,,,,,,,,,,,,,
어가초밥,부산광역시 동래구 온천동 169-20,2,,,,,,,,,,,,,
어가초밥,부산광역시 동래구 온천동 169-20,3,,,,,,,,,,,,,
어가초밥,부산광역시 동래구 온천동 169-20,4,,,,,,,,,,,,,
어가초밥,부산광역시 동래구 온천동 169-20,5,,,,,,,,,,,,,
어가초밥,부산광역시 동래구 온천동 169-20,6,,,,,,,,,,,,,
해도,부산광역시 동래구 온천동 169-23,0,,,,,,,,,,,,,
해도,부산광역시 동래구 온천동 169-23,1,,,,,,,,,,,,,
해도,부산광역시 동래구 온천동 169-23,2,,,,,,,,,,,,,
해도,부산광역시 동래구 온천동 169-23,3,,,,,,,,,,,,,
해도,부산광역시 동래구 온천동 169-23,4,,,,,,,,,,,,,
해도,부산광역시 동래구 온천동 169-23,5,,,,,,,,,,,,,
해도,부산광역시 동래구 온천동 169-23,6,,,,,,,,,,,,,
동주숯불왕갈비,부산광역시 동래구 온천동 169-40,0,,,,,,,,,,,,,
동주숯불왕갈비,부산광역시 동래구 온천동 169-40,1,,,,,,,,,,,,,
동주숯불왕갈비,부산광역시 동래구 온천동 169-40,2,,,,,,,,,,,,,
동주숯불왕갈비,부산광역시 동래구 온천동 169-40,3,,,,,,,,,,,,,
동주숯불왕갈비,부산광역시 동래구 온천동 169-40,4,,,,,,,,,,,,,
동주숯불왕갈비,부산광역시 동래구 온천동 169-40,5,,,,,,,,,,,,,
동주숯불왕갈비,부산광역시 동래구 온천동 169-40,6,,,,,,,,,,,,,
백년백세토종삼계탕,부산광역시 동래구 온천동 169-45,0,,,,,,,,,,,,,
백년백세토종삼계탕,부산광역시 동래구 온천동 169-45,1,,,,,,,,,,,,,
백년백세토종삼계탕,부산광역시 동래구 온천동 169-45,2,,,,,,,,,,,,,
백년백세토종삼계탕,부산광역시 동래구 온천동 169-45,3,,,,,,,,,,,,,
백년백세토종삼계탕,부산광역시 동래구 온천동 169-45,4,,,,,,,,,,,,,
백년백세토종삼계탕,부산광역시 동래구 온천동 169-45,5,,,,,,,,,,,,,
백년백세토종삼계탕,부산광역시 동래구 온천동 169-45,6,,,,,,,,,,,,,
고집센그집갈비탕온천장점,부산광역시 동래구 온천동 170-3,0,,,,,,,,,,,,,
고집센그집갈비탕온천장점,부산광역시 동래구 온천동 170-3,1,,,,,,,,,,,,,
고집센그집갈비탕온천장점,부산광역시 동래구 온천동 170-3,2,,,,,,,,,,,,,
고집센그집갈비탕온천장점,부산광역시 동래구 온천동 170-3,3,,,,,,,,,,,,,
고집센그집갈비탕온천장점,부산광역시 동래구 온천동 170-3,4,,,,,,,,,,,,,
고집센그집갈비탕온천장점,부산광역시 동래구 온천동 170-3,5,,,,,,,,,,,,,
고집센그집갈비탕온천장점,부산광역시 동래구 온천동 170-3,6,,,,,,,,,,,,,
잔치집,부산광역시 동래구 온천동 1708-3,0,,,,,,,,,,,,,
잔치집,부산광역시 동래구 온천동 1708-3,1,,,,,,,,,,,,,
잔치집,부산광역시 동래구 온천동 1708-3,2,,,,,,,,,,,,,
잔치집,부산광역시 동래구 온천동 1708-3,3,,,,,,,,,,,,,
잔치집,부산광역시 동래구 온천동 1708-3,4,,,,,,,,,,,,,
잔치집,부산광역시 동래구 온천동 1708-3,5,,,,,,,,,,,,,
잔치집,부산광역시 동래구 온천동 1708-3,6,,,,,,,,,,,,,
금솔장,부산광역시 동래구 온천동 1708-5,0,,,,,,,,,,,,,
금솔장,부산광역시 동래구 온천동 1708-5,1,,,,,,,,,,,,,
금솔장,부산광역시 동래구 온천동 1708-5,2,,,,,,,,,,,,,
금솔장,부산광역시 동래구 온천동 1708-5,3,,,,,,,,,,,,,
금솔장,부산광역시 동래구 온천동 1708-5,4,,,,,,,,,,,,,
금솔장,부산광역시 동래구 온천동 1708-5,5,,,,,,,,,,,,,
금솔장,부산광역시 동래구 온천동 1708-5,6,,,,,,,,,,,,,
최만순의약선요리,부산광역시 동래구 온천동 1711,0,,,,,,,,,,,,,
최만순의약선요리,부산광역시 동래구 온천동 1711,1,,,,,,,,,,,,,
최만순의약선요리,부산광역시 동래구 온천동 1711,2,,,,,,,,,,,,,
최만순의약선요리,부산광역시 동래구 온천동 1711,3,,,,,,,,,,,,,
최만순의약선요리,부산광역시 동래구 온천동 1711,4,,,,,,,,,,,,,
최만순의약선요리,부산광역시 동래구 온천동 1711,5,,,,,,,,,,,,,
최만순의약선요리,부산광역시 동래구 온천동 1711,6,,,,,,,,,,,,,
만덕산장,부산광역시 동래구 온천동 1711-1,0,,,,,,,,,,,,,
만덕산장,부산광역시 동래구 온천동 1711-1,1,,,,,,,,,,,,,
만덕산장,부산광역시 동래구 온천동 1711-1,2,,,,,,,,,,,,,
만덕산장,부산광역시 동래구 온천동 1711-1,3,,,,,,,,,,,,,
만덕산장,부산광역시 동래구 온천동 1711-1,4,,,,,,,,,,,,,
만덕산장,부산광역시 동래구 온천동 1711-1,5,,,,,,,,,,,,,
만덕산장,부산광역시 동래구 온천동 1711-1,6,,,,,,,,,,,,,
진양집,부산광역시 동래구 온천동 1714,0,,,,,,,,,,,,,
진양집,부산광역시 동래구 온천동 1714,1,,,,,,,,,,,,,
진양집,부산광역시 동래구 온천동 1714,2,,,,,,,,,,,,,
진양집,부산광역시 동래구 온천동 1714,3,,,,,,,,,,,,,
진양집,부산광역시 동래구 온천동 1714,4,,,,,,,,,,,,,
진양집,부산광역시 동래구 온천동 1714,5,,,,,,,,,,,,,
진양집,부산광역시 동래구 온천동 1714,6,,,,,,,,,,,,,
강서가든,부산광역시 동래구 온천동 1714-1,0,,,,,,,,,,,,,
강서가든,부산광역시 동래구 온천동 1714-1,1,,,,,,,,,,,,,
강서가든,부산광역시 동래구 온천동 1714-1,2,,,,,,,,,,,,,
강서가든,부산광역시 동래구 온천동 1714-1,3,,,,,,,,,,,,,
강서가든,부산광역시 동래구 온천동 1714-1,4,,,,,,,,,,,,,
강서가든,부산광역시 동래구 온천동 1714-1,5,,,,,,,,,,,,,
강서가든,부산광역시 동래구 온천동 1714-1,6,,,,,,,,,,,,,
동원장,부산광역시 동래구 온천동 1715-4,0,,,,,,,,,,,,,
동원장,부산광역시 동래구 온천동 1715-4,1,,,,,,,,,,,,,
동원장,부산광역시 동래구 온천동 1715-4,2,,,,,,,,,,,,,
동원장,부산광역시 동래구 온천동 1715-4,3,,,,,,,,,,,,,
동원장,부산광역시 동래구 온천동 1715-4,4,,,,,,,,,,,,,
동원장,부산광역시 동래구 온천동 1715-4,5,,,,,,,,,,,,,
동원장,부산광역시 동래구 온천동 1715-4,6,,,,,,,,,,,,,
고성장,부산광역시 동래구 온천동 1716-6,0,,,,,,,,,,,,,
고성장,부산광역시 동래구 온천동 1716-6,1,,,,,,,,,,,,,
고성장,부산광역시 동래구 온천동 1716-6,2,,,,,,,,,,,,,
고성장,부산광역시 동래구 온천동 1716-6,3,,,,,,,,,,,,,
고성장,부산광역시 동래구 온천동 1716-6,4,,,,,,,,,,,,,
고성장,부산광역시 동래구 온천동 1716-6,5,,,,,,,,,,,,,
고성장,부산광역시 동래구 온천동 1716-6,6,,,,,,,,,,,,,
금정산별장,부산광역시 동래구 온천동 1716-7,0,,,,,,,,,,,,,
금정산별장,부산광역시 동래구 온천동 1716-7,1,,,,,,,,,,,,,
금정산별장,부산광역시 동래구 온천동 1716-7,2,,,,,,,,,,,,,
금정산별장,부산광역시 동래구 온천동 1716-7,3,,,,,,,,,,,,,
금정산별장,부산광역시 동래구 온천동 1716-7,4,,,,,,,,,,,,,
금정산별장,부산광역시 동래구 온천동 1716-7,5,,,,,,,,,,,,,
금정산별장,부산광역시 동래구 온천동 1716-7,6,,,,,,,,,,,,,
숲속의향기가든,부산광역시 동래구 온천동 1720,0,,,,,,,,,,,,,
숲속의향기가든,부산광역시 동래구 온천동 1720,1,,,,,,,,,,,,,
숲속의향기가든,부산광역시 동래구 온천동 1720,2,,,,,,,,,,,,,
숲속의향기가든,부산광역시 동래구 온천동 1720,3,,,,,,,,,,,,,
숲속의향기가든,부산광역시 동래구 온천동 1720,4,,,,,,,,,,,,,
숲속의향기가든,부산광역시 동래구 온천동 1720,5,,,,,,,,,,,,,
숲속의향기가든,부산광역시 동래구 온천동 1720,6,,,,,,,,,,,,,
원조가야밀면,부산광역시 동래구 온천동 172-23,0,,,,,,,,,,,,,
원조가야밀면,부산광역시 동래구 온천동 172-23,1,,,,,,,,,,,,,
원조가야밀면,부산광역시 동래구 온천동 172-23,2,,,,,,,,,,,,,
원조가야밀면,부산광역시 동래구 온천동 172-23,3,,,,,,,,,,,,,
원조가야밀면,부산광역시 동래구 온천동 172-23,4,,,,,,,,,,,,,
원조가야밀면,부산광역시 동래구 온천동 172-23,5,,,,,,,,,,,,,
원조가야밀면,부산광역시 동래구 온천동 172-23,6,,,,,,,,,,,,,
롯데리아온천장역점,부산광역시 동래구 온천동 172-27,0,,,,,,,,,,,,,
롯데리아온천장역점,부산광역시 동래구 온천동 172-27,1,,,,,,,,,,,,,
롯데리아온천장역점,부산광역시 동래구 온천동 172-27,2,,,,,,,,,,,,,
롯데리아온천장역점,부산광역시 동래구 온천동 172-27,3,,,,,,,,,,,,,
롯데리아온천장역점,부산광역시 동래구 온천동 172-27,4,,,,,,,,,,,,,
롯데리아온천장역점,부산광역시 동래구 온천동 172-27,5,,,,,,,,,,,,,
롯데리아온천장역점,부산광역시 동래구 온천동 172-27,6,,,,,,,,,,,,,
기와집,부산광역시 동래구 온천동 1746,0,,,,,,,,,,,,,
기와집,부산광역시 동래구 온천동 1746,1,,,,,,,,,,,,,
기와집,부산광역시 동래구 온천동 1746,2,,,,,,,,,,,,,
기와집,부산광역시 동래구 온천동 1746,3,,,,,,,,,,,,,
기와집,부산광역시 동래구 온천동 1746,4,,,,,,,,,,,,,
기와집,부산광역시 동래구 온천동 1746,5,,,,,,,,,,,,,
기와집,부산광역시 동래구 온천동 1746,6,,,,,,,,,,,,,
평화식당,부산광역시 동래구 온천동 178-7,0,,,,,,,,,,,,,
평화식당,부산광역시 동래구 온천동 178-7,1,,,,,,,,,,,,,
평화식당,부산광역시 동래구 온천동 178-7,2,,,,,,,,,,,,,
평화식당,부산광역시 동래구 온천동 178-7,3,,,,,,,,,,,,,
평화식당,부산광역시 동래구 온천동 178-7,4,,,,,,,,,,,,,
평화식당,부산광역시 동래구 온천동 178-7,5,,,,,,,,,,,,,
평화식당,부산광역시 동래구 온천동 178-7,6,,,,,,,,,,,,,
한식당,부산광역시 동래구 온천동 178-7,0,,,,,,,,,,,,,
한식당,부산광역시 동래구 온천동 178-7,1,,,,,,,,,,,,,
한식당,부산광역시 동래구 온천동 178-7,2,,,,,,,,,,,,,
한식당,부산광역시 동래구 온천동 178-7,3,,,,,,,,,,,,,
한식당,부산광역시 동래구 온천동 178-7,4,,,,,,,,,,,,,
한식당,부산광역시 동래구 온천동 178-7,5,,,,,,,,,,,,,
한식당,부산광역시 동래구 온천동 178-7,6,,,,,,,,,,,,,
샤브애작 온천장점,부산광역시 동래구 온천동 180-14,0,,,,,,,,,,,,,
샤브애작 온천장점,부산광역시 동래구 온천동 180-14,1,,,,,,,,,,,,,
샤브애작 온천장점,부산광역시 동래구 온천동 180-14,2,,,,,,,,,,,,,
샤브애작 온천장점,부산광역시 동래구 온천동 180-14,3,,,,,,,,,,,,,
샤브애작 온천장점,부산광역시 동래구 온천동 180-14,4,,,,,,,,,,,,,
샤브애작 온천장점,부산광역시 동래구 온천동 180-14,5,,,,,,,,,,,,,
샤브애작 온천장점,부산광역시 동래구 온천동 180-14,6,,,,,,,,,,,,,
탕화쿵푸온천장점,부산광역시 동래구 온천동 180-14,0,,,,,,,,,,,,,
탕화쿵푸온천장점,부산광역시 동래구 온천동 180-14,1,,,,,,,,,,,,,
탕화쿵푸온천장점,부산광역시 동래구 온천동 180-14,2,,,,,,,,,,,,,
탕화쿵푸온천장점,부산광역시 동래구 온천동 180-14,3,,,,,,,,,,,,,
탕화쿵푸온천장점,부산광역시 동래구 온천동 180-14,4,,,,,,,,,,,,,
탕화쿵푸온천장점,부산광역시 동래구 온천동 180-14,5,,,,,,,,,,,,,
탕화쿵푸온천장점,부산광역시 동래구 온천동 180-14,6,,,,,,,,,,,,,
프랭크버거부산 온천점,부산광역시 동래구 온천동 180-14,0,,,,,,,,,,,,,
프랭크버거부산 온천점,부산광역시 동래구 온천동 180-14,1,,,,,,,,,,,,,
프랭크버거부산 온천점,부산광역시 동래구 온천동 180-14,2,,,,,,,,,,,,,
프랭크버거부산 온천점,부산광역시 동래구 온천동 180-14,3,,,,,,,,,,,,,
프랭크버거부산 온천점,부산광역시 동래구 온천동 180-14,4,,,,,,,,,,,,,
프랭크버거부산 온천점,부산광역시 동래구 온천동 180-14,5,,,,,,,,,,,,,
프랭크버거부산 온천점,부산광역시 동래구 온천동 180-14,6,,,,,,,,,,,,,
한솥도시락,부산광역시 동래구 온천동 180-14,0,,,,,,,,,,,,,
한솥도시락,부산광역시 동래구 온천동 180-14,1,,,,,,,,,,,,,
한솥도시락,부산광역시 동래구 온천동 180-14,2,,,,,,,,,,,,,
한솥도시락,부산광역시 동래구 온천동 180-14,3,,,,,,,,,,,,,
한솥도시락,부산광역시 동래구 온천동 180-14,4,,,,,,,,,,,,,
한솥도시락,부산광역시 동래구 온천동 180-14,5,,,,,,,,,,,,,
한솥도시락,부산광역시 동래구 온천동 180-14,6,,,,,,,,,,,,,
동조식당,부산광역시 동래구 온천동 182-3,0,,,,,,,,,,,,,
동조식당,부산광역시 동래구 온천동 182-3,1,,,,,,,,,,,,,
동조식당,부산광역시 동래구 온천동 182-3,2,,,,,,,,,,,,,
동조식당,부산광역시 동래구 온천동 182-3,3,,,,,,,,,,,,,
동조식당,부산광역시 동래구 온천동 182-3,4,,,,,,,,,,,,,
동조식당,부산광역시 동래구 온천동 182-3,5,,,,,,,,,,,,,
동조식당,부산광역시 동래구 온천동 182-3,6,,,,,,,,,,,,,
동방축산온천장점,부산광역시 동래구 온천동 182-5,0,,,,,,,,,,,,,
동방축산온천장점,부산광역시 동래구 온천동 182-5,1,,,,,,,,,,,,,
동방축산온천장점,부산광역시 동래구 온천동 182-5,2,,,,,,,,,,,,,
동방축산온천장점,부산광역시 동래구 온천동 182-5,3,,,,,,,,,,,,,
동방축산온천장점,부산광역시 동래구 온천동 182-5,4,,,,,,,,,,,,,
동방축산온천장점,부산광역시 동래구 온천동 182-5,5,,,,,,,,,,,,,
동방축산온천장점,부산광역시 동래구 온천동 182-5,6,,,,,,,,,,,,,
냉삼집 온천점,부산광역시 동래구 온천동 182-9,0,,,,,,,,,,,,,
냉삼집 온천점,부산광역시 동래구 온천동 182-9,1,,,,,,,,,,,,,
냉삼집 온천점,부산광역시 동래구 온천동 182-9,2,,,,,,,,,,,,,
냉삼집 온천점,부산광역시 동래구 온천동 182-9,3,,,,,,,,,,,,,
냉삼집 온천점,부산광역시 동래구 온천동 182-9,4,,,,,,,,,,,,,
냉삼집 온천점,부산광역시 동래구 온천동 182-9,5,,,,,,,,,,,,,
냉삼집 온천점,부산광역시 동래구 온천동 182-9,6,,,,,,,,,,,,,
소꼬집,부산광역시 동래구 온천동 182-9,0,,,,,,,,,,,,,
소꼬집,부산광역시 동래구 온천동 182-9,1,,,,,,,,,,,,,
소꼬집,부산광역시 동래구 온천동 182-9,2,,,,,,,,,,,,,
소꼬집,부산광역시 동래구 온천동 182-9,3,,,,,,,,,,,,,
소꼬집,부산광역시 동래구 온천동 182-9,4,,,,,,,,,,,,,
소꼬집,부산광역시 동래구 온천동 182-9,5,,,,,,,,,,,,,
소꼬집,부산광역시 동래구 온천동 182-9,6,,,,,,,,,,,,,
진해장뼈칼국수,부산광역시 동래구 온천동 182-9,0,,,,,,,,,,,,,
진해장뼈칼국수,부산광역시 동래구 온천동 182-9,1,,,,,,,,,,,,,
진해장뼈칼국수,부산광역시 동래구 온천동 182-9,2,,,,,,,,,,,,,
진해장뼈칼국수,부산광역시 동래구 온천동 182-9,3,,,,,,,,,,,,,
진해장뼈칼국수,부산광역시 동래구 온천동 182-9,4,,,,,,,,,,,,,
진해장뼈칼국수,부산광역시 동래구 온천동 182-9,5,,,,,,,,,,,,,
진해장뼈칼국수,부산광역시 동래구 온천동 182-9,6,,,,,,,,,,,,,
일송식당,부산광역시 동래구 온천동 183-19,0,,,,,,,,,,,,,
일송식당,부산광역시 동래구 온천동 183-19,1,,,,,,,,,,,,,
일송식당,부산광역시 동래구 온천동 183-19,2,,,,,,,,,,,,,
일송식당,부산광역시 동래구 온천동 183-19,3,,,,,,,,,,,,,
일송식당,부산광역시 동래구 온천동 183-19,4,,,,,,,,,,,,,
일송식당,부산광역시 동래구 온천동 183-19,5,,,,,,,,,,,,,
일송식당,부산광역시 동래구 온천동 183-19,6,,,,,,,,,,,,,
장생쪽갈비,부산광역시 동래구 온천동 183-19,0,,,,,,,,,,,,,
장생쪽갈비,부산광역시 동래구 온천동 183-19,1,,,,,,,,,,,,,
장생쪽갈비,부산광역시 동래구 온천동 183-19,2,,,,,,,,,,,,,
장생쪽갈비,부산광역시 동래구 온천동 183-19,3,,,,,,,,,,,,,
장생쪽갈비,부산광역시 동래구 온천동 183-19,4,,,,,,,,,,,,,
장생쪽갈비,부산광역시 동래구 온천동 183-19,5,,,,,,,,,,,,,
장생쪽갈비,부산광역시 동래구 온천동 183-19,6,,,,,,,,,,,,,
고델스버거바by버거앤프라이즈,부산광역시 동래구 온천동 1833,0,,,,,,,,,,,,,
고델스버거바by버거앤프라이즈,부산광역시 동래구 온천동 1833,1,,,,,,,,,,,,,
고델스버거바by버거앤프라이즈,부산광역시 동래구 온천동 1833,2,,,,,,,,,,,,,
고델스버거바by버거앤프라이즈,부산광역시 동래구 온천동 1833,3,,,,,,,,,,,,,
고델스버거바by버거앤프라이즈,부산광역시 동래구 온천동 1833,4,,,,,,,,,,,,,
고델스버거바by버거앤프라이즈,부산광역시 동래구 온천동 1833,5,,,,,,,,,,,,,
고델스버거바by버거앤프라이즈,부산광역시 동래구 온천동 1833,6,,,,,,,,,,,,,
전주콩나물해장국,부산광역시 동래구 온천동 183-4,0,,,,,,,,,,,,,
전주콩나물해장국,부산광역시 동래구 온천동 183-4,1,,,,,,,,,,,,,
전주콩나물해장국,부산광역시 동래구 온천동 183-4,2,,,,,,,,,,,,,
전주콩나물해장국,부산광역시 동래구 온천동 183-4,3,,,,,,,,,,,,,
전주콩나물해장국,부산광역시 동래구 온천동 183-4,4,,,,,,,,,,,,,
전주콩나물해장국,부산광역시 동래구 온천동 183-4,5,,,,,,,,,,,,,
전주콩나물해장국,부산광역시 동래구 온천동 183-4,6,,,,,,,,,,,,,
아강춘,부산광역시 동래구 온천동 184-5,0,,,,,,,,,,,,,
아강춘,부산광역시 동래구 온천동 184-5,1,,,,,,,,,,,,,
아강춘,부산광역시 동래구 온천동 184-5,2,,,,,,,,,,,,,
아강춘,부산광역시 동래구 온천동 184-5,3,,,,,,,,,,,,,
아강춘,부산광역시 동래구 온천동 184-5,4,,,,,,,,,,,,,
아강춘,부산광역시 동래구 온천동 184-5,5,,,,,,,,,,,,,
아강춘,부산광역시 동래구 온천동 184-5,6,,,,,,,,,,,,,
조방낙지&삼겹,부산광역시 동래구 온천동 184-6,0,,,,,,,,,,,,,
조방낙지&삼겹,부산광역시 동래구 온천동 184-6,1,,,,,,,,,,,,,
조방낙지&삼겹,부산광역시 동래구 온천동 184-6,2,,,,,,,,,,,,,
조방낙지&삼겹,부산광역시 동래구 온천동 184-6,3,,,,,,,,,,,,,
조방낙지&삼겹,부산광역시 동래구 온천동 184-6,4,,,,,,,,,,,,,
조방낙지&삼겹,부산광역시 동래구 온천동 184-6,5,,,,,,,,,,,,,
조방낙지&삼겹,부산광역시 동래구 온천동 184-6,6,,,,,,,,,,,,,
김종구식맛치킨;전기바베큐옛날통닭온천장점,부산광역시 동래구 온천동 1850,0,,,,,,,,,,,,,
김종구식맛치킨;전기바베큐옛날통닭온천장점,부산광역시 동래구 온천동 1850,1,,,,,,,,,,,,,
김종구식맛치킨;전기바베큐옛날통닭온천장점,부산광역시 동래구 온천동 1850,2,,,,,,,,,,,,,
김종구식맛치킨;전기바베큐옛날통닭온천장점,부산광역시 동래구 온천동 1850,3,,,,,,,,,,,,,
김종구식맛치킨;전기바베큐옛날통닭온천장점,부산광역시 동래구 온천동 1850,4,,,,,,,,,,,,,
김종구식맛치킨;전기바베큐옛날통닭온천장점,부산광역시 동래구 온천동 1850,5,,,,,,,,,,,,,
김종구식맛치킨;전기바베큐옛날통닭온천장점,부산광역시 동래구 온천동 1850,6,,,,,,,,,,,,,
유가솜씨 온천점,부산광역시 동래구 온천동 1850,0,,,,,,,,,,,,,
유가솜씨 온천점,부산광역시 동래구 온천동 1850,1,,,,,,,,,,,,,
유가솜씨 온천점,부산광역시 동래구 온천동 1850,2,,,,,,,,,,,,,
유가솜씨 온천점,부산광역시 동래구 온천동 1850,3,,,,,,,,,,,,,
유가솜씨 온천점,부산광역시 동래구 온천동 1850,4,,,,,,,,,,,,,
유가솜씨 온천점,부산광역시 동래구 온천동 1850,5,,,,,,,,,,,,,
유가솜씨 온천점,부산광역시 동래구 온천동 1850,6,,,,,,,,,,,,,
조은짬뽕 본점,부산광역시 동래구 온천동 1850,0,,,,,,,,,,,,,
조은짬뽕 본점,부산광역시 동래구 온천동 1850,1,,,,,,,,,,,,,
조은짬뽕 본점,부산광역시 동래구 온천동 1850,2,,,,,,,,,,,,,
조은짬뽕 본점,부산광역시 동래구 온천동 1850,3,,,,,,,,,,,,,
조은짬뽕 본점,부산광역시 동래구 온천동 1850,4,,,,,,,,,,,,,
조은짬뽕 본점,부산광역시 동래구 온천동 1850,5,,,,,,,,,,,,,
조은짬뽕 본점,부산광역시 동래구 온천동 1850,6,,,,,,,,,,,,,
츄맥,부산광역시 동래구 온천동 1850,0,,,,,,,,,,,,,
츄맥,부산광역시 동래구 온천동 1850,1,,,,,,,,,,,,,
츄맥,부산광역시 동래구 온천동 1850,2,,,,,,,,,,,,,
츄맥,부산광역시 동래구 온천동 1850,3,,,,,,,,,,,,,
츄맥,부산광역시 동래구 온천동 1850,4,,,,,,,,,,,,,
츄맥,부산광역시 동래구 온천동 1850,5,,,,,,,,,,,,,
츄맥,부산광역시 동래구 온천동 1850,6,,,,,,,,,,,,,
피자나라치킨공주부산 온천점,부산광역시 동래구 온천동 1850,0,,,,,,,,,,,,,
피자나라치킨공주부산 온천점,부산광역시 동래구 온천동 1850,1,,,,,,,,,,,,,
피자나라치킨공주부산 온천점,부산광역시 동래구 온천동 1850,2,,,,,,,,,,,,,
피자나라치킨공주부산 온천점,부산광역시 동래구 온천동 1850,3,,,,,,,,,,,,,
피자나라치킨공주부산 온천점,부산광역시 동래구 온천동 1850,4,,,,,,,,,,,,,
피자나라치킨공주부산 온천점,부산광역시 동래구 온천동 1850,5,,,,,,,,,,,,,
피자나라치킨공주부산 온천점,부산광역시 동래구 온천동 1850,6,,,,,,,,,,,,,
동동국밥,부산광역시 동래구 온천동 1853,0,,,,,,,,,,,,,
동동국밥,부산광역시 동래구 온천동 1853,1,,,,,,,,,,,,,
동동국밥,부산광역시 동래구 온천동 1853,2,,,,,,,,,,,,,
동동국밥,부산광역시 동래구 온천동 1853,3,,,,,,,,,,,,,
동동국밥,부산광역시 동래구 온천동 1853,4,,,,,,,,,,,,,
동동국밥,부산광역시 동래구 온천동 1853,5,,,,,,,,,,,,,
동동국밥,부산광역시 동래구 온천동 1853,6,,,,,,,,,,,,,
에스앰지,부산광역시 동래구 온천동 1853,0,,,,,,,,,,,,,
에스앰지,부산광역시 동래구 온천동 1853,1,,,,,,,,,,,,,
에스앰지,부산광역시 동래구 온천동 1853,2,,,,,,,,,,,,,
에스앰지,부산광역시 동래구 온천동 1853,3,,,,,,,,,,,,,
에스앰지,부산광역시 동래구 온천동 1853,4,,,,,,,,,,,,,
에스앰지,부산광역시 동래구 온천동 1853,5,,,,,,,,,,,,,
에스앰지,부산광역시 동래구 온천동 1853,6,,,,,,,,,,,,,
파파존스온천 사직점,부산광역시 동래구 온천동 1853,0,,,,,,,,,,,,,
파파존스온천 사직점,부산광역시 동래구 온천동 1853,1,,,,,,,,,,,,,
파파존스온천 사직점,부산광역시 동래구 온천동 1853,2,,,,,,,,,,,,,
파파존스온천 사직점,부산광역시 동래구 온천동 1853,3,,,,,,,,,,,,,
파파존스온천 사직점,부산광역시 동래구 온천동 1853,4,,,,,,,,,,,,,
파파존스온천 사직점,부산광역시 동래구 온천동 1853,5,,,,,,,,,,,,,
파파존스온천 사직점,부산광역시 동래구 온천동 1853,6,,,,,,,,,,,,,
동신,부산광역시 동래구 온천동 185-7,0,,,,,,,,,,,,,
동신,부산광역시 동래구 온천동 185-7,1,,,,,,,,,,,,,
동신,부산광역시 동래구 온천동 185-7,2,,,,,,,,,,,,,
동신,부산광역시 동래구 온천동 185-7,3,,,,,,,,,,,,,
동신,부산광역시 동래구 온천동 185-7,4,,,,,,,,,,,,,
동신,부산광역시 동래구 온천동 185-7,5,,,,,,,,,,,,,
동신,부산광역시 동래구 온천동 185-7,6,,,,,,,,,,,,,
멧챠 우마이,부산광역시 동래구 온천동 186-10,0,,,,,,,,,,,,,
멧챠 우마이,부산광역시 동래구 온천동 186-10,1,,,,,,,,,,,,,
멧챠 우마이,부산광역시 동래구 온천동 186-10,2,,,,,,,,,,,,,
멧챠 우마이,부산광역시 동래구 온천동 186-10,3,,,,,,,,,,,,,
멧챠 우마이,부산광역시 동래구 온천동 186-10,4,,,,,,,,,,,,,
멧챠 우마이,부산광역시 동래구 온천동 186-10,5,,,,,,,,,,,,,
멧챠 우마이,부산광역시 동래구 온천동 186-10,6,,,,,,,,,,,,,
민들레식당,부산광역시 동래구 온천동 186-10,0,,,,,,,,,,,,,
민들레식당,부산광역시 동래구 온천동 186-10,1,,,,,,,,,,,,,
민들레식당,부산광역시 동래구 온천동 186-10,2,,,,,,,,,,,,,
민들레식당,부산광역시 동래구 온천동 186-10,3,,,,,,,,,,,,,
민들레식당,부산광역시 동래구 온천동 186-10,4,,,,,,,,,,,,,
민들레식당,부산광역시 동래구 온천동 186-10,5,,,,,,,,,,,,,
민들레식당,부산광역시 동래구 온천동 186-10,6,,,,,,,,,,,,,
민들레식당,부산광역시 동래구 온천동 186-10,0,,,,,,,,,,,,,
민들레식당,부산광역시 동래구 온천동 186-10,1,,,,,,,,,,,,,
민들레식당,부산광역시 동래구 온천동 186-10,2,,,,,,,,,,,,,
민들레식당,부산광역시 동래구 온천동 186-10,3,,,,,,,,,,,,,
민들레식당,부산광역시 동래구 온천동 186-10,4,,,,,,,,,,,,,
민들레식당,부산광역시 동래구 온천동 186-10,5,,,,,,,,,,,,,
민들레식당,부산광역시 동래구 온천동 186-10,6,,,,,,,,,,,,,
온천슈퍼 온천점,부산광역시 동래구 온천동 186-129,0,,,,,,,,,,,,,
온천슈퍼 온천점,부산광역시 동래구 온천동 186-129,1,,,,,,,,,,,,,
온천슈퍼 온천점,부산광역시 동래구 온천동 186-129,2,,,,,,,,,,,,,
온천슈퍼 온천점,부산광역시 동래구 온천동 186-129,3,,,,,,,,,,,,,
온천슈퍼 온천점,부산광역시 동래구 온천동 186-129,4,,,,,,,,,,,,,
온천슈퍼 온천점,부산광역시 동래구 온천동 186-129,5,,,,,,,,,,,,,
온천슈퍼 온천점,부산광역시 동래구 온천동 186-129,6,,,,,,,,,,,,,
목화기사식당,부산광역시 동래구 온천동 186-3,0,,,,,,,,,,,,,
목화기사식당,부산광역시 동래구 온천동 186-3,1,,,,,,,,,,,,,
목화기사식당,부산광역시 동래구 온천동 186-3,2,,,,,,,,,,,,,
목화기사식당,부산광역시 동래구 온천동 186-3,3,,,,,,,,,,,,,
목화기사식당,부산광역시 동래구 온천동 186-3,4,,,,,,,,,,,,,
목화기사식당,부산광역시 동래구 온천동 186-3,5,,,,,,,,,,,,,
목화기사식당,부산광역시 동래구 온천동 186-3,6,,,,,,,,,,,,,
업소명없음,부산광역시 동래구 온천동 188-26,0,,,,,,,,,,,,,
업소명없음,부산광역시 동래구 온천동 188-26,1,,,,,,,,,,,,,
업소명없음,부산광역시 동래구 온천동 188-26,2,,,,,,,,,,,,,
업소명없음,부산광역시 동래구 온천동 188-26,3,,,,,,,,,,,,,
업소명없음,부산광역시 동래구 온천동 188-26,4,,,,,,,,,,,,,
업소명없음,부산광역시 동래구 온천동 188-26,5,,,,,,,,,,,,,
업소명없음,부산광역시 동래구 온천동 188-26,6,,,,,,,,,,,,,
꽃분이네 식당,부산광역시 동래구 온천동 188-31,0,,,,,,,,,,,,,
꽃분이네 식당,부산광역시 동래구 온천동 188-31,1,,,,,,,,,,,,,
꽃분이네 식당,부산광역시 동래구 온천동 188-31,2,,,,,,,,,,,,,
꽃분이네 식당,부산광역시 동래구 온천동 188-31,3,,,,,,,,,,,,,
꽃분이네 식당,부산광역시 동래구 온천동 188-31,4,,,,,,,,,,,,,
꽃분이네 식당,부산광역시 동래구 온천동 188-31,5,,,,,,,,,,,,,
꽃분이네 식당,부산광역시 동래구 온천동 188-31,6,,,,,,,,,,,,,
도쿄쉐프,부산광역시 동래구 온천동 189-134,0,,,,,,,,,,,,,
도쿄쉐프,부산광역시 동래구 온천동 189-134,1,,,,,,,,,,,,,
도쿄쉐프,부산광역시 동래구 온천동 189-134,2,,,,,,,,,,,,,
도쿄쉐프,부산광역시 동래구 온천동 189-134,3,,,,,,,,,,,,,
도쿄쉐프,부산광역시 동래구 온천동 189-134,4,,,,,,,,,,,,,
도쿄쉐프,부산광역시 동래구 온천동 189-134,5,,,,,,,,,,,,,
도쿄쉐프,부산광역시 동래구 온천동 189-134,6,,,,,,,,,,,,,
오리랑닭이랑,부산광역시 동래구 온천동 189-134,0,,,,,,,,,,,,,
오리랑닭이랑,부산광역시 동래구 온천동 189-134,1,,,,,,,,,,,,,
오리랑닭이랑,부산광역시 동래구 온천동 189-134,2,,,,,,,,,,,,,
오리랑닭이랑,부산광역시 동래구 온천동 189-134,3,,,,,,,,,,,,,
오리랑닭이랑,부산광역시 동래구 온천동 189-134,4,,,,,,,,,,,,,
오리랑닭이랑,부산광역시 동래구 온천동 189-134,5,,,,,,,,,,,,,
오리랑닭이랑,부산광역시 동래구 온천동 189-134,6,,,,,,,,,,,,,
우성,부산광역시 동래구 온천동 189-134,0,,,,,,,,,,,,,
우성,부산광역시 동래구 온천동 189-134,1,,,,,,,,,,,,,
우성,부산광역시 동래구 온천동 189-134,2,,,,,,,,,,,,,
우성,부산광역시 동래구 온천동 189-134,3,,,,,,,,,,,,,
우성,부산광역시 동래구 온천동 189-134,4,,,,,,,,,,,,,
우성,부산광역시 동래구 온천동 189-134,5,,,,,,,,,,,,,
우성,부산광역시 동래구 온천동 189-134,6,,,,,,,,,,,,,
족발사관학교,부산광역시 동래구 온천동 189-20,0,,,,,,,,,,,,,
족발사관학교,부산광역시 동래구 온천동 189-20,1,,,,,,,,,,,,,
족발사관학교,부산광역시 동래구 온천동 189-20,2,,,,,,,,,,,,,
족발사관학교,부산광역시 동래구 온천동 189-20,3,,,,,,,,,,,,,
족발사관학교,부산광역시 동래구 온천동 189-20,4,,,,,,,,,,,,,
족발사관학교,부산광역시 동래구 온천동 189-20,5,,,,,,,,,,,,,
족발사관학교,부산광역시 동래구 온천동 189-20,6,,,,,,,,,,,,,
기라성,부산광역시 동래구 온천동 189-25,0,,,,,,,,,,,,,
기라성,부산광역시 동래구 온천동 189-25,1,,,,,,,,,,,,,
기라성,부산광역시 동래구 온천동 189-25,2,,,,,,,,,,,,,
기라성,부산광역시 동래구 온천동 189-25,3,,,,,,,,,,,,,
기라성,부산광역시 동래구 온천동 189-25,4,,,,,,,,,,,,,
기라성,부산광역시 동래구 온천동 189-25,5,,,,,,,,,,,,,
기라성,부산광역시 동래구 온천동 189-25,6,,,,,,,,,,,,,
또와또와,부산광역시 동래구 온천동 189-25,0,,,,,,,,,,,,,
또와또와,부산광역시 동래구 온천동 189-25,1,,,,,,,,,,,,,
또와또와,부산광역시 동래구 온천동 189-25,2,,,,,,,,,,,,,
또와또와,부산광역시 동래구 온천동 189-25,3,,,,,,,,,,,,,
또와또와,부산광역시 동래구 온천동 189-25,4,,,,,,,,,,,,,
또와또와,부산광역시 동래구 온천동 189-25,5,,,,,,,,,,,,,
또와또와,부산광역시 동래구 온천동 189-25,6,,,,,,,,,,,,,
한식 전문점,부산광역시 동래구 온천동 189-25,0,,,,,,,,,,,,,
한식 전문점,부산광역시 동래구 온천동 189-25,1,,,,,,,,,,,,,
한식 전문점,부산광역시 동래구 온천동 189-25,2,,,,,,,,,,,,,
한식 전문점,부산광역시 동래구 온천동 189-25,3,,,,,,,,,,,,,
한식 전문점,부산광역시 동래구 온천동 189-25,4,,,,,,,,,,,,,
한식 전문점,부산광역시 동래구 온천동 189-25,5,,,,,,,,,,,,,
한식 전문점,부산광역시 동래구 온천동 189-25,6,,,,,,,,,,,,,
황소숯불뒷고기,부산광역시 동래구 온천동 189-25,0,,,,,,,,,,,,,
황소숯불뒷고기,부산광역시 동래구 온천동 189-25,1,,,,,,,,,,,,,
황소숯불뒷고기,부산광역시 동래구 온천동 189-25,2,,,,,,,,,,,,,
황소숯불뒷고기,부산광역시 동래구 온천동 189-25,3,,,,,,,,,,,,,
황소숯불뒷고기,부산광역시 동래구 온천동 189-25,4,,,,,,,,,,,,,
황소숯불뒷고기,부산광역시 동래구 온천동 189-25,5,,,,,,,,,,,,,
황소숯불뒷고기,부산광역시 동래구 온천동 189-25,6,,,,,,,,,,,,,
포갈비김사장온천동 본점,부산광역시 동래구 온천동 189-3,0,,,,,,,,,,,,,
포갈비김사장온천동 본점,부산광역시 동래구 온천동 189-3,1,,,,,,,,,,,,,
포갈비김사장온천동 본점,부산광역시 동래구 온천동 189-3,2,,,,,,,,,,,,,
포갈비김사장온천동 본점,부산광역시 동래구 온천동 189-3,3,,,,,,,,,,,,,
포갈비김사장온천동 본점,부산광역시 동래구 온천동 189-3,4,,,,,,,,,,,,,
포갈비김사장온천동 본점,부산광역시 동래구 온천동 189-3,5,,,,,,,,,,,,,
포갈비김사장온천동 본점,부산광역시 동래구 온천동 189-3,6,,,,,,,,,,,,,
고향밥상,부산광역시 동래구 온천동 189-32,0,,,,,,,,,,,,,
고향밥상,부산광역시 동래구 온천동 189-32,1,,,,,,,,,,,,,
고향밥상,부산광역시 동래구 온천동 189-32,2,,,,,,,,,,,,,
고향밥상,부산광역시 동래구 온천동 189-32,3,,,,,,,,,,,,,
고향밥상,부산광역시 동래구 온천동 189-32,4,,,,,,,,,,,,,
고향밥상,부산광역시 동래구 온천동 189-32,5,,,,,,,,,,,,,
고향밥상,부산광역시 동래구 온천동 189-32,6,,,,,,,,,,,,,
온천천양곱창,부산광역시 동래구 온천동 189-32,0,,,,,,,,,,,,,
온천천양곱창,부산광역시 동래구 온천동 189-32,1,,,,,,,,,,,,,
온천천양곱창,부산광역시 동래구 온천동 189-32,2,,,,,,,,,,,,,
온천천양곱창,부산광역시 동래구 온천동 189-32,3,,,,,,,,,,,,,
온천천양곱창,부산광역시 동래구 온천동 189-32,4,,,,,,,,,,,,,
온천천양곱창,부산광역시 동래구 온천동 189-32,5,,,,,,,,,,,,,
온천천양곱창,부산광역시 동래구 온천동 189-32,6,,,,,,,,,,,,,
참우돌양곱창,부산광역시 동래구 온천동 189-34,0,,,,,,,,,,,,,
참우돌양곱창,부산광역시 동래구 온천동 189-34,1,,,,,,,,,,,,,
참우돌양곱창,부산광역시 동래구 온천동 189-34,2,,,,,,,,,,,,,
참우돌양곱창,부산광역시 동래구 온천동 189-34,3,,,,,,,,,,,,,
참우돌양곱창,부산광역시 동래구 온천동 189-34,4,,,,,,,,,,,,,
참우돌양곱창,부산광역시 동래구 온천동 189-34,5,,,,,,,,,,,,,
참우돌양곱창,부산광역시 동래구 온천동 189-34,6,,,,,,,,,,,,,
온천갈비,부산광역시 동래구 온천동 189-35,0,,,,,,,,,,,,,
온천갈비,부산광역시 동래구 온천동 189-35,1,,,,,,,,,,,,,
온천갈비,부산광역시 동래구 온천동 189-35,2,,,,,,,,,,,,,
온천갈비,부산광역시 동래구 온천동 189-35,3,,,,,,,,,,,,,
온천갈비,부산광역시 동래구 온천동 189-35,4,,,,,,,,,,,,,
온천갈비,부산광역시 동래구 온천동 189-35,5,,,,,,,,,,,,,
온천갈비,부산광역시 동래구 온천동 189-35,6,,,,,,,,,,,,,
지니프레쉬 온천점,부산광역시 동래구 온천동 189-37,0,,,,,,,,,,,,,
지니프레쉬 온천점,부산광역시 동래구 온천동 189-37,1,,,,,,,,,,,,,
지니프레쉬 온천점,부산광역시 동래구 온천동 189-37,2,,,,,,,,,,,,,
지니프레쉬 온천점,부산광역시 동래구 온천동 189-37,3,,,,,,,,,,,,,
지니프레쉬 온천점,부산광역시 동래구 온천동 189-37,4,,,,,,,,,,,,,
지니프레쉬 온천점,부산광역시 동래구 온천동 189-37,5,,,,,,,,,,,,,
지니프레쉬 온천점,부산광역시 동래구 온천동 189-37,6,,,,,,,,,,,,,
그옛날온천통닭,부산광역시 동래구 온천동 189-40,0,,,,,,,,,,,,,
그옛날온천통닭,부산광역시 동래구 온천동 189-40,1,,,,,,,,,,,,,
그옛날온천통닭,부산광역시 동래구 온천동 189-40,2,,,,,,,,,,,,,
그옛날온천통닭,부산광역시 동래구 온천동 189-40,3,,,,,,,,,,,,,
그옛날온천통닭,부산광역시 동래구 온천동 189-40,4,,,,,,,,,,,,,
그옛날온천통닭,부산광역시 동래구 온천동 189-40,5,,,,,,,,,,,,,
그옛날온천통닭,부산광역시 동래구 온천동 189-40,6,,,,,,,,,,,,,
대도양곱창,부산광역시 동래구 온천동 189-40,0,,,,,,,,,,,,,
대도양곱창,부산광역시 동래구 온천동 189-40,1,,,,,,,,,,,,,
대도양곱창,부산광역시 동래구 온천동 189-40,2,,,,,,,,,,,,,
대도양곱창,부산광역시 동래구 온천동 189-40,3,,,,,,,,,,,,,
대도양곱창,부산광역시 동래구 온천동 189-40,4,,,,,,,,,,,,,
대도양곱창,부산광역시 동래구 온천동 189-40,5,,,,,,,,,,,,,
대도양곱창,부산광역시 동래구 온천동 189-40,6,,,,,,,,,,,,,
마산집,부산광역시 동래구 온천동 189-60,0,,,,,,,,,,,,,
마산집,부산광역시 동래구 온천동 189-60,1,,,,,,,,,,,,,
마산집,부산광역시 동래구 온천동 189-60,2,,,,,,,,,,,,,
마산집,부산광역시 동래구 온천동 189-60,3,,,,,,,,,,,,,
마산집,부산광역시 동래구 온천동 189-60,4,,,,,,,,,,,,,
마산집,부산광역시 동래구 온천동 189-60,5,,,,,,,,,,,,,
마산집,부산광역시 동래구 온천동 189-60,6,,,,,,,,,,,,,
웅남이조개포차,부산광역시 동래구 온천동 189-73,0,,,,,,,,,,,,,
웅남이조개포차,부산광역시 동래구 온천동 189-73,1,,,,,,,,,,,,,
웅남이조개포차,부산광역시 동래구 온천동 189-73,2,,,,,,,,,,,,,
웅남이조개포차,부산광역시 동래구 온천동 189-73,3,,,,,,,,,,,,,
웅남이조개포차,부산광역시 동래구 온천동 189-73,4,,,,,,,,,,,,,
웅남이조개포차,부산광역시 동래구 온천동 189-73,5,,,,,,,,,,,,,
웅남이조개포차,부산광역시 동래구 온천동 189-73,6,,,,,,,,,,,,,
피자홍스,부산광역시 동래구 온천동 189-74,0,,,,,,,,,,,,,
피자홍스,부산광역시 동래구 온천동 189-74,1,,,,,,,,,,,,,
피자홍스,부산광역시 동래구 온천동 189-74,2,,,,,,,,,,,,,
피자홍스,부산광역시 동래구 온천동 189-74,3,,,,,,,,,,,,,
피자홍스,부산광역시 동래구 온천동 189-74,4,,,,,,,,,,,,,
피자홍스,부산광역시 동래구 온천동 189-74,5,,,,,,,,,,,,,
피자홍스,부산광역시 동래구 온천동 189-74,6,,,,,,,,,,,,,
온천장터,부산광역시 동래구 온천동 189-75,0,,,,,,,,,,,,,
온천장터,부산광역시 동래구 온천동 189-75,1,,,,,,,,,,,,,
온천장터,부산광역시 동래구 온천동 189-75,2,,,,,,,,,,,,,
온천장터,부산광역시 동래구 온천동 189-75,3,,,,,,,,,,,,,
온천장터,부산광역시 동래구 온천동 189-75,4,,,,,,,,,,,,,
온천장터,부산광역시 동래구 온천동 189-75,5,,,,,,,,,,,,,
온천장터,부산광역시 동래구 온천동 189-75,6,,,,,,,,,,,,,
노랑통닭온천래미안점,부산광역시 동래구 온천동 189-82,0,,,,,,,,,,,,,
노랑통닭온천래미안점,부산광역시 동래구 온천동 189-82,1,,,,,,,,,,,,,
노랑통닭온천래미안점,부산광역시 동래구 온천동 189-82,2,,,,,,,,,,,,,
노랑통닭온천래미안점,부산광역시 동래구 온천동 189-82,3,,,,,,,,,,,,,
노랑통닭온천래미안점,부산광역시 동래구 온천동 189-82,4,,,,,,,,,,,,,
노랑통닭온천래미안점,부산광역시 동래구 온천동 189-82,5,,,,,,,,,,,,,
노랑통닭온천래미안점,부산광역시 동래구 온천동 189-82,6,,,,,,,,,,,,,
양대감식당,부산광역시 동래구 온천동 190-3,0,,,,,,,,,,,,,
양대감식당,부산광역시 동래구 온천동 190-3,1,,,,,,,,,,,,,
양대감식당,부산광역시 동래구 온천동 190-3,2,,,,,,,,,,,,,
양대감식당,부산광역시 동래구 온천동 190-3,3,,,,,,,,,,,,,
양대감식당,부산광역시 동래구 온천동 190-3,4,,,,,,,,,,,,,
양대감식당,부산광역시 동래구 온천동 190-3,5,,,,,,,,,,,,,
양대감식당,부산광역시 동래구 온천동 190-3,6,,,,,,,,,,,,,
합천삼가한우식육식당,부산광역시 동래구 온천동 190-35,0,,,,,,,,,,,,,
합천삼가한우식육식당,부산광역시 동래구 온천동 190-35,1,,,,,,,,,,,,,
합천삼가한우식육식당,부산광역시 동래구 온천동 190-35,2,,,,,,,,,,,,,
합천삼가한우식육식당,부산광역시 동래구 온천동 190-35,3,,,,,,,,,,,,,
합천삼가한우식육식당,부산광역시 동래구 온천동 190-35,4,,,,,,,,,,,,,
합천삼가한우식육식당,부산광역시 동래구 온천동 190-35,5,,,,,,,,,,,,,
합천삼가한우식육식당,부산광역시 동래구 온천동 190-35,6,,,,,,,,,,,,,
서울식당,부산광역시 동래구 온천동 190-40,0,,,,,,,,,,,,,
서울식당,부산광역시 동래구 온천동 190-40,1,,,,,,,,,,,,,
서울식당,부산광역시 동래구 온천동 190-40,2,,,,,,,,,,,,,
서울식당,부산광역시 동래구 온천동 190-40,3,,,,,,,,,,,,,
서울식당,부산광역시 동래구 온천동 190-40,4,,,,,,,,,,,,,
서울식당,부산광역시 동래구 온천동 190-40,5,,,,,,,,,,,,,
서울식당,부산광역시 동래구 온천동 190-40,6,,,,,,,,,,,,,
감나무식당,부산광역시 동래구 온천동 190-7,0,,,,,,,,,,,,,
감나무식당,부산광역시 동래구 온천동 190-7,1,,,,,,,,,,,,,
감나무식당,부산광역시 동래구 온천동 190-7,2,,,,,,,,,,,,,
감나무식당,부산광역시 동래구 온천동 190-7,3,,,,,,,,,,,,,
감나무식당,부산광역시 동래구 온천동 190-7,4,,,,,,,,,,,,,
감나무식당,부산광역시 동래구 온천동 190-7,5,,,,,,,,,,,,,
감나무식당,부산광역시 동래구 온천동 190-7,6,,,,,,,,,,,,,
맛있는달,부산광역시 동래구 온천동 191-10,0,,,,,,,,,,,,,
맛있는달,부산광역시 동래구 온천동 191-10,1,,,,,,,,,,,,,
맛있는달,부산광역시 동래구 온천동 191-10,2,,,,,,,,,,,,,
맛있는달,부산광역시 동래구 온천동 191-10,3,,,,,,,,,,,,,
맛있는달,부산광역시 동래구 온천동 191-10,4,,,,,,,,,,,,,
맛있는달,부산광역시 동래구 온천동 191-10,5,,,,,,,,,,,,,
맛있는달,부산광역시 동래구 온천동 191-10,6,,,,,,,,,,,,,
비비큐부산온천장점,부산광역시 동래구 온천동 191-10,0,,,,,,,,,,,,,
비비큐부산온천장점,부산광역시 동래구 온천동 191-10,1,,,,,,,,,,,,,
비비큐부산온천장점,부산광역시 동래구 온천동 191-10,2,,,,,,,,,,,,,
비비큐부산온천장점,부산광역시 동래구 온천동 191-10,3,,,,,,,,,,,,,
비비큐부산온천장점,부산광역시 동래구 온천동 191-10,4,,,,,,,,,,,,,
비비큐부산온천장점,부산광역시 동래구 온천동 191-10,5,,,,,,,,,,,,,
비비큐부산온천장점,부산광역시 동래구 온천동 191-10,6,,,,,,,,,,,,,
남썬치킨온천 2호점,부산광역시 동래구 온천동 191-16,0,,,,,,,,,,,,,
남썬치킨온천 2호점,부산광역시 동래구 온천동 191-16,1,,,,,,,,,,,,,
남썬치킨온천 2호점,부산광역시 동래구 온천동 191-16,2,,,,,,,,,,,,,
남썬치킨온천 2호점,부산광역시 동래구 온천동 191-16,3,,,,,,,,,,,,,
남썬치킨온천 2호점,부산광역시 동래구 온천동 191-16,4,,,,,,,,,,,,,
남썬치킨온천 2호점,부산광역시 동래구 온천동 191-16,5,,,,,,,,,,,,,
남썬치킨온천 2호점,부산광역시 동래구 온천동 191-16,6,,,,,,,,,,,,,
네네치킨 온천점,부산광역시 동래구 온천동 191-3,0,,,,,,,,,,,,,
네네치킨 온천점,부산광역시 동래구 온천동 191-3,1,,,,,,,,,,,,,
네네치킨 온천점,부산광역시 동래구 온천동 191-3,2,,,,,,,,,,,,,
네네치킨 온천점,부산광역시 동래구 온천동 191-3,3,,,,,,,,,,,,,
네네치킨 온천점,부산광역시 동래구 온천동 191-3,4,,,,,,,,,,,,,
네네치킨 온천점,부산광역시 동래구 온천동 191-3,5,,,,,,,,,,,,,
네네치킨 온천점,부산광역시 동래구 온천동 191-3,6,,,,,,,,,,,,,
바다장어구이,부산광역시 동래구 온천동 191-3,0,,,,,,,,,,,,,
바다장어구이,부산광역시 동래구 온천동 191-3,1,,,,,,,,,,,,,
바다장어구이,부산광역시 동래구 온천동 191-3,2,,,,,,,,,,,,,
바다장어구이,부산광역시 동래구 온천동 191-3,3,,,,,,,,,,,,,
바다장어구이,부산광역시 동래구 온천동 191-3,4,,,,,,,,,,,,,
바다장어구이,부산광역시 동래구 온천동 191-3,5,,,,,,,,,,,,,
바다장어구이,부산광역시 동래구 온천동 191-3,6,,,,,,,,,,,,,
처갓집양념치킨온천장점,부산광역시 동래구 온천동 191-5,0,,,,,,,,,,,,,
처갓집양념치킨온천장점,부산광역시 동래구 온천동 191-5,1,,,,,,,,,,,,,
처갓집양념치킨온천장점,부산광역시 동래구 온천동 191-5,2,,,,,,,,,,,,,
처갓집양념치킨온천장점,부산광역시 동래구 온천동 191-5,3,,,,,,,,,,,,,
처갓집양념치킨온천장점,부산광역시 동래구 온천동 191-5,4,,,,,,,,,,,,,
처갓집양념치킨온천장점,부산광역시 동래구 온천동 191-5,5,,,,,,,,,,,,,
처갓집양념치킨온천장점,부산광역시 동래구 온천동 191-5,6,,,,,,,,,,,,,
일단마포동래온천장점,부산광역시 동래구 온천동 191-9,0,,,,,,,,,,,,,
일단마포동래온천장점,부산광역시 동래구 온천동 191-9,1,,,,,,,,,,,,,
일단마포동래온천장점,부산광역시 동래구 온천동 191-9,2,,,,,,,,,,,,,
일단마포동래온천장점,부산광역시 동래구 온천동 191-9,3,,,,,,,,,,,,,
일단마포동래온천장점,부산광역시 동래구 온천동 191-9,4,,,,,,,,,,,,,
일단마포동래온천장점,부산광역시 동래구 온천동 191-9,5,,,,,,,,,,,,,
일단마포동래온천장점,부산광역시 동래구 온천동 191-9,6,,,,,,,,,,,,,
기영이숯불두마리치킨부산 온천점,부산광역시 동래구 온천동 192-20,0,,,,,,,,,,,,,
기영이숯불두마리치킨부산 온천점,부산광역시 동래구 온천동 192-20,1,,,,,,,,,,,,,
기영이숯불두마리치킨부산 온천점,부산광역시 동래구 온천동 192-20,2,,,,,,,,,,,,,
기영이숯불두마리치킨부산 온천점,부산광역시 동래구 온천동 192-20,3,,,,,,,,,,,,,
기영이숯불두마리치킨부산 온천점,부산광역시 동래구 온천동 192-20,4,,,,,,,,,,,,,
기영이숯불두마리치킨부산 온천점,부산광역시 동래구 온천동 192-20,5,,,,,,,,,,,,,
기영이숯불두마리치킨부산 온천점,부산광역시 동래구 온천동 192-20,6,,,,,,,,,,,,,
더리자,부산광역시 동래구 온천동 192-20,0,,,,,,,,,,,,,
더리자,부산광역시 동래구 온천동 192-20,1,,,,,,,,,,,,,
더리자,부산광역시 동래구 온천동 192-20,2,,,,,,,,,,,,,
더리자,부산광역시 동래구 온천동 192-20,3,,,,,,,,,,,,,
더리자,부산광역시 동래구 온천동 192-20,4,,,,,,,,,,,,,
더리자,부산광역시 동래구 온천동 192-20,5,,,,,,,,,,,,,
더리자,부산광역시 동래구 온천동 192-20,6,,,,,,,,,,,,,
수연,부산광역시 동래구 온천동 193-13,0,,,,,,,,,,,,,
수연,부산광역시 동래구 온천동 193-13,1,,,,,,,,,,,,,
수연,부산광역시 동래구 온천동 193-13,2,,,,,,,,,,,,,
수연,부산광역시 동래구 온천동 193-13,3,,,,,,,,,,,,,
수연,부산광역시 동래구 온천동 193-13,4,,,,,,,,,,,,,
수연,부산광역시 동래구 온천동 193-13,5,,,,,,,,,,,,,
수연,부산광역시 동래구 온천동 193-13,6,,,,,,,,,,,,,
온천하다,부산광역시 동래구 온천동 193-13,0,,,,,,,,,,,,,
온천하다,부산광역시 동래구 온천동 193-13,1,,,,,,,,,,,,,
온천하다,부산광역시 동래구 온천동 193-13,2,,,,,,,,,,,,,
온천하다,부산광역시 동래구 온천동 193-13,3,,,,,,,,,,,,,
온천하다,부산광역시 동래구 온천동 193-13,4,,,,,,,,,,,,,
온천하다,부산광역시 동래구 온천동 193-13,5,,,,,,,,,,,,,
온천하다,부산광역시 동래구 온천동 193-13,6,,,,,,,,,,,,,
삼겹파티 온천점,부산광역시 동래구 온천동 193-17,0,,,,,,,,,,,,,
삼겹파티 온천점,부산광역시 동래구 온천동 193-17,1,,,,,,,,,,,,,
삼겹파티 온천점,부산광역시 동래구 온천동 193-17,2,,,,,,,,,,,,,
삼겹파티 온천점,부산광역시 동래구 온천동 193-17,3,,,,,,,,,,,,,
삼겹파티 온천점,부산광역시 동래구 온천동 193-17,4,,,,,,,,,,,,,
삼겹파티 온천점,부산광역시 동래구 온천동 193-17,5,,,,,,,,,,,,,
삼겹파티 온천점,부산광역시 동래구 온천동 193-17,6,,,,,,,,,,,,,
암돼지갈비,부산광역시 동래구 온천동 193-18,0,,,,,,,,,,,,,
암돼지갈비,부산광역시 동래구 온천동 193-18,1,,,,,,,,,,,,,
암돼지갈비,부산광역시 동래구 온천동 193-18,2,,,,,,,,,,,,,
암돼지갈비,부산광역시 동래구 온천동 193-18,3,,,,,,,,,,,,,
암돼지갈비,부산광역시 동래구 온천동 193-18,4,,,,,,,,,,,,,
암돼지갈비,부산광역시 동래구 온천동 193-18,5,,,,,,,,,,,,,
암돼지갈비,부산광역시 동래구 온천동 193-18,6,,,,,,,,,,,,,
브뤼트에프앤비,부산광역시 동래구 온천동 195-1,0,,,,,,,,,,,,,
브뤼트에프앤비,부산광역시 동래구 온천동 195-1,1,,,,,,,,,,,,,
브뤼트에프앤비,부산광역시 동래구 온천동 195-1,2,,,,,,,,,,,,,
브뤼트에프앤비,부산광역시 동래구 온천동 195-1,3,,,,,,,,,,,,,
브뤼트에프앤비,부산광역시 동래구 온천동 195-1,4,,,,,,,,,,,,,
브뤼트에프앤비,부산광역시 동래구 온천동 195-1,5,,,,,,,,,,,,,
브뤼트에프앤비,부산광역시 동래구 온천동 195-1,6,,,,,,,,,,,,,
유선집,부산광역시 동래구 온천동 195-1,0,,,,,,,,,,,,,
유선집,부산광역시 동래구 온천동 195-1,1,,,,,,,,,,,,,
유선집,부산광역시 동래구 온천동 195-1,2,,,,,,,,,,,,,
유선집,부산광역시 동래구 온천동 195-1,3,,,,,,,,,,,,,
유선집,부산광역시 동래구 온천동 195-1,4,,,,,,,,,,,,,
유선집,부산광역시 동래구 온천동 195-1,5,,,,,,,,,,,,,
유선집,부산광역시 동래구 온천동 195-1,6,,,,,,,,,,,,,
중식대가객잔,부산광역시 동래구 온천동 197-1,0,,,,,,,,,,,,,
중식대가객잔,부산광역시 동래구 온천동 197-1,1,,,,,,,,,,,,,
중식대가객잔,부산광역시 동래구 온천동 197-1,2,,,,,,,,,,,,,
중식대가객잔,부산광역시 동래구 온천동 197-1,3,,,,,,,,,,,,,
중식대가객잔,부산광역시 동래구 온천동 197-1,4,,,,,,,,,,,,,
중식대가객잔,부산광역시 동래구 온천동 197-1,5,,,,,,,,,,,,,
중식대가객잔,부산광역시 동래구 온천동 197-1,6,,,,,,,,,,,,,
하선옥,부산광역시 동래구 온천동 198-11,0,,,,,,,,,,,,,
하선옥,부산광역시 동래구 온천동 198-11,1,,,,,,,,,,,,,
하선옥,부산광역시 동래구 온천동 198-11,2,,,,,,,,,,,,,
하선옥,부산광역시 동래구 온천동 198-11,3,,,,,,,,,,,,,
하선옥,부산광역시 동래구 온천동 198-11,4,,,,,,,,,,,,,
하선옥,부산광역시 동래구 온천동 198-11,5,,,,,,,,,,,,,
하선옥,부산광역시 동래구 온천동 198-11,6,,,,,,,,,,,,,
등불,부산광역시 동래구 온천동 198-32,0,,,,,,,,,,,,,
등불,부산광역시 동래구 온천동 198-32,1,,,,,,,,,,,,,
등불,부산광역시 동래구 온천동 198-32,2,,,,,,,,,,,,,
등불,부산광역시 동래구 온천동 198-32,3,,,,,,,,,,,,,
등불,부산광역시 동래구 온천동 198-32,4,,,,,,,,,,,,,
등불,부산광역시 동래구 온천동 198-32,5,,,,,,,,,,,,,
등불,부산광역시 동래구 온천동 198-32,6,,,,,,,,,,,,,
막서러횟집,부산광역시 동래구 온천동 198-33,0,,,,,,,,,,,,,
막서러횟집,부산광역시 동래구 온천동 198-33,1,,,,,,,,,,,,,
막서러횟집,부산광역시 동래구 온천동 198-33,2,,,,,,,,,,,,,
막서러횟집,부산광역시 동래구 온천동 198-33,3,,,,,,,,,,,,,
막서러횟집,부산광역시 동래구 온천동 198-33,4,,,,,,,,,,,,,
막서러횟집,부산광역시 동래구 온천동 198-33,5,,,,,,,,,,,,,
막서러횟집,부산광역시 동래구 온천동 198-33,6,,,,,,,,,,,,,
303화덕온천,부산광역시 동래구 온천동 200-16,0,,,,,,,,,,,,,
303화덕온천,부산광역시 동래구 온천동 200-16,1,,,,,,,,,,,,,
303화덕온천,부산광역시 동래구 온천동 200-16,2,,,,,,,,,,,,,
303화덕온천,부산광역시 동래구 온천동 200-16,3,,,,,,,,,,,,,
303화덕온천,부산광역시 동래구 온천동 200-16,4,,,,,,,,,,,,,
303화덕온천,부산광역시 동래구 온천동 200-16,5,,,,,,,,,,,,,
303화덕온천,부산광역시 동래구 온천동 200-16,6,,,,,,,,,,,,,
산성현장식당,부산광역시 동래구 온천동 204-11,0,,,,,,,,,,,,,
산성현장식당,부산광역시 동래구 온천동 204-11,1,,,,,,,,,,,,,
산성현장식당,부산광역시 동래구 온천동 204-11,2,,,,,,,,,,,,,
산성현장식당,부산광역시 동래구 온천동 204-11,3,,,,,,,,,,,,,
산성현장식당,부산광역시 동래구 온천동 204-11,4,,,,,,,,,,,,,
산성현장식당,부산광역시 동래구 온천동 204-11,5,,,,,,,,,,,,,
산성현장식당,부산광역시 동래구 온천동 204-11,6,,,,,,,,,,,,,
스트릿131,부산광역시 동래구 온천동 204-11,0,,,,,,,,,,,,,
스트릿131,부산광역시 동래구 온천동 204-11,1,,,,,,,,,,,,,
스트릿131,부산광역시 동래구 온천동 204-11,2,,,,,,,,,,,,,
스트릿131,부산광역시 동래구 온천동 204-11,3,,,,,,,,,,,,,
스트릿131,부산광역시 동래구 온천동 204-11,4,,,,,,,,,,,,,
스트릿131,부산광역시 동래구 온천동 204-11,5,,,,,,,,,,,,,
스트릿131,부산광역시 동래구 온천동 204-11,6,,,,,,,,,,,,,
차밭골풍경,부산광역시 동래구 온천동 204-32,0,,,,,,,,,,,,,
차밭골풍경,부산광역시 동래구 온천동 204-32,1,,,,,,,,,,,,,
차밭골풍경,부산광역시 동래구 온천동 204-32,2,,,,,,,,,,,,,
차밭골풍경,부산광역시 동래구 온천동 204-32,3,,,,,,,,,,,,,
차밭골풍경,부산광역시 동래구 온천동 204-32,4,,,,,,,,,,,,,
차밭골풍경,부산광역시 동래구 온천동 204-32,5,,,,,,,,,,,,,
차밭골풍경,부산광역시 동래구 온천동 204-32,6,,,,,,,,,,,,,
소문난동래파전,부산광역시 동래구 온천동 208-8,0,,,,,,,,,,,,,
소문난동래파전,부산광역시 동래구 온천동 208-8,1,,,,,,,,,,,,,
소문난동래파전,부산광역시 동래구 온천동 208-8,2,,,,,,,,,,,,,
소문난동래파전,부산광역시 동래구 온천동 208-8,3,,,,,,,,,,,,,
소문난동래파전,부산광역시 동래구 온천동 208-8,4,,,,,,,,,,,,,
소문난동래파전,부산광역시 동래구 온천동 208-8,5,,,,,,,,,,,,,
소문난동래파전,부산광역시 동래구 온천동 208-8,6,,,,,,,,,,,,,
유씨네본가누룽지삼계탕,부산광역시 동래구 온천동 208-8,0,,,,,,,,,,,,,
유씨네본가누룽지삼계탕,부산광역시 동래구 온천동 208-8,1,,,,,,,,,,,,,
유씨네본가누룽지삼계탕,부산광역시 동래구 온천동 208-8,2,,,,,,,,,,,,,
유씨네본가누룽지삼계탕,부산광역시 동래구 온천동 208-8,3,,,,,,,,,,,,,
유씨네본가누룽지삼계탕,부산광역시 동래구 온천동 208-8,4,,,,,,,,,,,,,
유씨네본가누룽지삼계탕,부산광역시 동래구 온천동 208-8,5,,,,,,,,,,,,,
유씨네본가누룽지삼계탕,부산광역시 동래구 온천동 208-8,6,,,,,,,,,,,,,
유대감,부산광역시 동래구 온천동 210-19,0,,,,,,,,,,,,,
유대감,부산광역시 동래구 온천동 210-19,1,,,,,,,,,,,,,
유대감,부산광역시 동래구 온천동 210-19,2,,,,,,,,,,,,,
유대감,부산광역시 동래구 온천동 210-19,3,,,,,,,,,,,,,
유대감,부산광역시 동래구 온천동 210-19,4,,,,,,,,,,,,,
유대감,부산광역시 동래구 온천동 210-19,5,,,,,,,,,,,,,
유대감,부산광역시 동래구 온천동 210-19,6,,,,,,,,,,,,,
전통콩나물해장국온천장 직영점,부산광역시 동래구 온천동 210-24,0,,,,,,,,,,,,,
전통콩나물해장국온천장 직영점,부산광역시 동래구 온천동 210-24,1,,,,,,,,,,,,,
전통콩나물해장국온천장 직영점,부산광역시 동래구 온천동 210-24,2,,,,,,,,,,,,,
전통콩나물해장국온천장 직영점,부산광역시 동래구 온천동 210-24,3,,,,,,,,,,,,,
전통콩나물해장국온천장 직영점,부산광역시 동래구 온천동 210-24,4,,,,,,,,,,,,,
전통콩나물해장국온천장 직영점,부산광역시 동래구 온천동 210-24,5,,,,,,,,,,,,,
전통콩나물해장국온천장 직영점,부산광역시 동래구 온천동 210-24,6,,,,,,,,,,,,,
부자족발,부산광역시 동래구 온천동 210-3,0,,,,,,,,,,,,,
부자족발,부산광역시 동래구 온천동 210-3,1,,,,,,,,,,,,,
부자족발,부산광역시 동래구 온천동 210-3,2,,,,,,,,,,,,,
부자족발,부산광역시 동래구 온천동 210-3,3,,,,,,,,,,,,,
부자족발,부산광역시 동래구 온천동 210-3,4,,,,,,,,,,,,,
부자족발,부산광역시 동래구 온천동 210-3,5,,,,,,,,,,,,,
부자족발,부산광역시 동래구 온천동 210-3,6,,,,,,,,,,,,,
토박이양곱창,부산광역시 동래구 온천동 210-33,0,,,,,,,,,,,,,
토박이양곱창,부산광역시 동래구 온천동 210-33,1,,,,,,,,,,,,,
토박이양곱창,부산광역시 동래구 온천동 210-33,2,,,,,,,,,,,,,
토박이양곱창,부산광역시 동래구 온천동 210-33,3,,,,,,,,,,,,,
토박이양곱창,부산광역시 동래구 온천동 210-33,4,,,,,,,,,,,,,
토박이양곱창,부산광역시 동래구 온천동 210-33,5,,,,,,,,,,,,,
토박이양곱창,부산광역시 동래구 온천동 210-33,6,,,,,,,,,,,,,
마당쇠껍데기와소금구이,부산광역시 동래구 온천동 210-35,0,,,,,,,,,,,,,
마당쇠껍데기와소금구이,부산광역시 동래구 온천동 210-35,1,,,,,,,,,,,,,
마당쇠껍데기와소금구이,부산광역시 동래구 온천동 210-35,2,,,,,,,,,,,,,
마당쇠껍데기와소금구이,부산광역시 동래구 온천동 210-35,3,,,,,,,,,,,,,
마당쇠껍데기와소금구이,부산광역시 동래구 온천동 210-35,4,,,,,,,,,,,,,
마당쇠껍데기와소금구이,부산광역시 동래구 온천동 210-35,5,,,,,,,,,,,,,
마당쇠껍데기와소금구이,부산광역시 동래구 온천동 210-35,6,,,,,,,,,,,,,
새동래양곱창,부산광역시 동래구 온천동 210-35,0,,,,,,,,,,,,,
새동래양곱창,부산광역시 동래구 온천동 210-35,1,,,,,,,,,,,,,
새동래양곱창,부산광역시 동래구 온천동 210-35,2,,,,,,,,,,,,,
새동래양곱창,부산광역시 동래구 온천동 210-35,3,,,,,,,,,,,,,
새동래양곱창,부산광역시 동래구 온천동 210-35,4,,,,,,,,,,,,,
새동래양곱창,부산광역시 동래구 온천동 210-35,5,,,,,,,,,,,,,
새동래양곱창,부산광역시 동래구 온천동 210-35,6,,,,,,,,,,,,,
래원포차,부산광역시 동래구 온천동 210-40,0,,,,,,,,,,,,,
래원포차,부산광역시 동래구 온천동 210-40,1,,,,,,,,,,,,,
래원포차,부산광역시 동래구 온천동 210-40,2,,,,,,,,,,,,,
래원포차,부산광역시 동래구 온천동 210-40,3,,,,,,,,,,,,,
래원포차,부산광역시 동래구 온천동 210-40,4,,,,,,,,,,,,,
래원포차,부산광역시 동래구 온천동 210-40,5,,,,,,,,,,,,,
래원포차,부산광역시 동래구 온천동 210-40,6,,,,,,,,,,,,,
우리가,부산광역시 동래구 온천동 210-40,0,,,,,,,,,,,,,
우리가,부산광역시 동래구 온천동 210-40,1,,,,,,,,,,,,,
우리가,부산광역시 동래구 온천동 210-40,2,,,,,,,,,,,,,
우리가,부산광역시 동래구 온천동 210-40,3,,,,,,,,,,,,,
우리가,부산광역시 동래구 온천동 210-40,4,,,,,,,,,,,,,
우리가,부산광역시 동래구 온천동 210-40,5,,,,,,,,,,,,,
우리가,부산광역시 동래구 온천동 210-40,6,,,,,,,,,,,,,
온양갈비양꼬치 전문점,부산광역시 동래구 온천동 210-45,0,,,,,,,,,,,,,
온양갈비양꼬치 전문점,부산광역시 동래구 온천동 210-45,1,,,,,,,,,,,,,
온양갈비양꼬치 전문점,부산광역시 동래구 온천동 210-45,2,,,,,,,,,,,,,
온양갈비양꼬치 전문점,부산광역시 동래구 온천동 210-45,3,,,,,,,,,,,,,
온양갈비양꼬치 전문점,부산광역시 동래구 온천동 210-45,4,,,,,,,,,,,,,
온양갈비양꼬치 전문점,부산광역시 동래구 온천동 210-45,5,,,,,,,,,,,,,
온양갈비양꼬치 전문점,부산광역시 동래구 온천동 210-45,6,,,,,,,,,,,,,
교촌치킨,부산광역시 동래구 온천동 210-5,0,,,,,,,,,,,,,
교촌치킨,부산광역시 동래구 온천동 210-5,1,,,,,,,,,,,,,
교촌치킨,부산광역시 동래구 온천동 210-5,2,,,,,,,,,,,,,
교촌치킨,부산광역시 동래구 온천동 210-5,3,,,,,,,,,,,,,
교촌치킨,부산광역시 동래구 온천동 210-5,4,,,,,,,,,,,,,
교촌치킨,부산광역시 동래구 온천동 210-5,5,,,,,,,,,,,,,
교촌치킨,부산광역시 동래구 온천동 210-5,6,,,,,,,,,,,,,
만배생선구이,부산광역시 동래구 온천동 210-5,0,,,,,,,,,,,,,
만배생선구이,부산광역시 동래구 온천동 210-5,1,,,,,,,,,,,,,
만배생선구이,부산광역시 동래구 온천동 210-5,2,,,,,,,,,,,,,
만배생선구이,부산광역시 동래구 온천동 210-5,3,,,,,,,,,,,,,
만배생선구이,부산광역시 동래구 온천동 210-5,4,,,,,,,,,,,,,
만배생선구이,부산광역시 동래구 온천동 210-5,5,,,,,,,,,,,,,
만배생선구이,부산광역시 동래구 온천동 210-5,6,,,,,,,,,,,,,
온천낙지,부산광역시 동래구 온천동 210-52,0,,,,,,,,,,,,,
온천낙지,부산광역시 동래구 온천동 210-52,1,,,,,,,,,,,,,
온천낙지,부산광역시 동래구 온천동 210-52,2,,,,,,,,,,,,,
온천낙지,부산광역시 동래구 온천동 210-52,3,,,,,,,,,,,,,
온천낙지,부산광역시 동래구 온천동 210-52,4,,,,,,,,,,,,,
온천낙지,부산광역시 동래구 온천동 210-52,5,,,,,,,,,,,,,
온천낙지,부산광역시 동래구 온천동 210-52,6,,,,,,,,,,,,,
비에이치씨온천장점,부산광역시 동래구 온천동 210-53,0,,,,,,,,,,,,,
비에이치씨온천장점,부산광역시 동래구 온천동 210-53,1,,,,,,,,,,,,,
비에이치씨온천장점,부산광역시 동래구 온천동 210-53,2,,,,,,,,,,,,,
비에이치씨온천장점,부산광역시 동래구 온천동 210-53,3,,,,,,,,,,,,,
비에이치씨온천장점,부산광역시 동래구 온천동 210-53,4,,,,,,,,,,,,,
비에이치씨온천장점,부산광역시 동래구 온천동 210-53,5,,,,,,,,,,,,,
비에이치씨온천장점,부산광역시 동래구 온천동 210-53,6,,,,,,,,,,,,,
다미초밥,부산광역시 동래구 온천동 210-56,0,,,,,,,,,,,,,
다미초밥,부산광역시 동래구 온천동 210-56,1,,,,,,,,,,,,,
다미초밥,부산광역시 동래구 온천동 210-56,2,,,,,,,,,,,,,
다미초밥,부산광역시 동래구 온천동 210-56,3,,,,,,,,,,,,,
다미초밥,부산광역시 동래구 온천동 210-56,4,,,,,,,,,,,,,
다미초밥,부산광역시 동래구 온천동 210-56,5,,,,,,,,,,,,,
다미초밥,부산광역시 동래구 온천동 210-56,6,,,,,,,,,,,,,
오부장,부산광역시 동래구 온천동 210-6,0,,,,,,,,,,,,,
오부장,부산광역시 동래구 온천동 210-6,1,,,,,,,,,,,,,
오부장,부산광역시 동래구 온천동 210-6,2,,,,,,,,,,,,,
오부장,부산광역시 동래구 온천동 210-6,3,,,,,,,,,,,,,
오부장,부산광역시 동래구 온천동 210-6,4,,,,,,,,,,,,,
오부장,부산광역시 동래구 온천동 210-6,5,,,,,,,,,,,,,
오부장,부산광역시 동래구 온천동 210-6,6,,,,,,,,,,,,,
통나무하우스한정식,부산광역시 동래구 온천동 210-63,0,,,,,,,,,,,,,
통나무하우스한정식,부산광역시 동래구 온천동 210-63,1,,,,,,,,,,,,,
통나무하우스한정식,부산광역시 동래구 온천동 210-63,2,,,,,,,,,,,,,
통나무하우스한정식,부산광역시 동래구 온천동 210-63,3,,,,,,,,,,,,,
통나무하우스한정식,부산광역시 동래구 온천동 210-63,4,,,,,,,,,,,,,
통나무하우스한정식,부산광역시 동래구 온천동 210-63,5,,,,,,,,,,,,,
통나무하우스한정식,부산광역시 동래구 온천동 210-63,6,,,,,,,,,,,,,
온천돈까스,부산광역시 동래구 온천동 210-66,0,,,,,,,,,,,,,
온천돈까스,부산광역시 동래구 온천동 210-66,1,,,,,,,,,,,,,
온천돈까스,부산광역시 동래구 온천동 210-66,2,,,,,,,,,,,,,
온천돈까스,부산광역시 동래구 온천동 210-66,3,,,,,,,,,,,,,
온천돈까스,부산광역시 동래구 온천동 210-66,4,,,,,,,,,,,,,
온천돈까스,부산광역시 동래구 온천동 210-66,5,,,,,,,,,,,,,
온천돈까스,부산광역시 동래구 온천동 210-66,6,,,,,,,,,,,,,
천일양곱창 온천점,부산광역시 동래구 온천동 210-79,0,,,,,,,,,,,,,
천일양곱창 온천점,부산광역시 동래구 온천동 210-79,1,,,,,,,,,,,,,
천일양곱창 온천점,부산광역시 동래구 온천동 210-79,2,,,,,,,,,,,,,
천일양곱창 온천점,부산광역시 동래구 온천동 210-79,3,,,,,,,,,,,,,
천일양곱창 온천점,부산광역시 동래구 온천동 210-79,4,,,,,,,,,,,,,
천일양곱창 온천점,부산광역시 동래구 온천동 210-79,5,,,,,,,,,,,,,
천일양곱창 온천점,부산광역시 동래구 온천동 210-79,6,,,,,,,,,,,,,
스카이한우곰탕,부산광역시 동래구 온천동 210-84,0,,,,,,,,,,,,,
스카이한우곰탕,부산광역시 동래구 온천동 210-84,1,,,,,,,,,,,,,
스카이한우곰탕,부산광역시 동래구 온천동 210-84,2,,,,,,,,,,,,,
스카이한우곰탕,부산광역시 동래구 온천동 210-84,3,,,,,,,,,,,,,
스카이한우곰탕,부산광역시 동래구 온천동 210-84,4,,,,,,,,,,,,,
스카이한우곰탕,부산광역시 동래구 온천동 210-84,5,,,,,,,,,,,,,
스카이한우곰탕,부산광역시 동래구 온천동 210-84,6,,,,,,,,,,,,,
쌈보보쌈,부산광역시 동래구 온천동 210-87,0,,,,,,,,,,,,,
쌈보보쌈,부산광역시 동래구 온천동 210-87,1,,,,,,,,,,,,,
쌈보보쌈,부산광역시 동래구 온천동 210-87,2,,,,,,,,,,,,,
쌈보보쌈,부산광역시 동래구 온천동 210-87,3,,,,,,,,,,,,,
쌈보보쌈,부산광역시 동래구 온천동 210-87,4,,,,,,,,,,,,,
쌈보보쌈,부산광역시 동래구 온천동 210-87,5,,,,,,,,,,,,,
쌈보보쌈,부산광역시 동래구 온천동 210-87,6,,,,,,,,,,,,,
장호밀면,부산광역시 동래구 온천동 210-90,0,,,,,,,,,,,,,
장호밀면,부산광역시 동래구 온천동 210-90,1,,,,,,,,,,,,,
장호밀면,부산광역시 동래구 온천동 210-90,2,,,,,,,,,,,,,
장호밀면,부산광역시 동래구 온천동 210-90,3,,,,,,,,,,,,,
장호밀면,부산광역시 동래구 온천동 210-90,4,,,,,,,,,,,,,
장호밀면,부산광역시 동래구 온천동 210-90,5,,,,,,,,,,,,,
장호밀면,부산광역시 동래구 온천동 210-90,6,,,,,,,,,,,,,
고기장수,부산광역시 동래구 온천동 212-14,0,,,,,,,,,,,,,
고기장수,부산광역시 동래구 온천동 212-14,1,,,,,,,,,,,,,
고기장수,부산광역시 동래구 온천동 212-14,2,,,,,,,,,,,,,
고기장수,부산광역시 동래구 온천동 212-14,3,,,,,,,,,,,,,
고기장수,부산광역시 동래구 온천동 212-14,4,,,,,,,,,,,,,
고기장수,부산광역시 동래구 온천동 212-14,5,,,,,,,,,,,,,
고기장수,부산광역시 동래구 온천동 212-14,6,,,,,,,,,,,,,
대도회초밥,부산광역시 동래구 온천동 212-5,0,,,,,,,,,,,,,
대도회초밥,부산광역시 동래구 온천동 212-5,1,,,,,,,,,,,,,
대도회초밥,부산광역시 동래구 온천동 212-5,2,,,,,,,,,,,,,
대도회초밥,부산광역시 동래구 온천동 212-5,3,,,,,,,,,,,,,
대도회초밥,부산광역시 동래구 온천동 212-5,4,,,,,,,,,,,,,
대도회초밥,부산광역시 동래구 온천동 212-5,5,,,,,,,,,,,,,
대도회초밥,부산광역시 동래구 온천동 212-5,6,,,,,,,,,,,,,
제주대패랑옛날갈비,부산광역시 동래구 온천동 212-5,0,,,,,,,,,,,,,
제주대패랑옛날갈비,부산광역시 동래구 온천동 212-5,1,,,,,,,,,,,,,
제주대패랑옛날갈비,부산광역시 동래구 온천동 212-5,2,,,,,,,,,,,,,
제주대패랑옛날갈비,부산광역시 동래구 온천동 212-5,3,,,,,,,,,,,,,
제주대패랑옛날갈비,부산광역시 동래구 온천동 212-5,4,,,,,,,,,,,,,
제주대패랑옛날갈비,부산광역시 동래구 온천동 212-5,5,,,,,,,,,,,,,
제주대패랑옛날갈비,부산광역시 동래구 온천동 212-5,6,,,,,,,,,,,,,
진우동집,부산광역시 동래구 온천동 212-5,0,,,,,,,,,,,,,
진우동집,부산광역시 동래구 온천동 212-5,1,,,,,,,,,,,,,
진우동집,부산광역시 동래구 온천동 212-5,2,,,,,,,,,,,,,
진우동집,부산광역시 동래구 온천동 212-5,3,,,,,,,,,,,,,
진우동집,부산광역시 동래구 온천동 212-5,4,,,,,,,,,,,,,
진우동집,부산광역시 동래구 온천동 212-5,5,,,,,,,,,,,,,
진우동집,부산광역시 동래구 온천동 212-5,6,,,,,,,,,,,,,
빵빵,부산광역시 동래구 온천동 213,0,,,,,,,,,,,,,
빵빵,부산광역시 동래구 온천동 213,1,,,,,,,,,,,,,
빵빵,부산광역시 동래구 온천동 213,2,,,,,,,,,,,,,
빵빵,부산광역시 동래구 온천동 213,3,,,,,,,,,,,,,
빵빵,부산광역시 동래구 온천동 213,4,,,,,,,,,,,,,
빵빵,부산광역시 동래구 온천동 213,5,,,,,,,,,,,,,
빵빵,부산광역시 동래구 온천동 213,6,,,,,,,,,,,,,
차밭골돌솥감자탕,부산광역시 동래구 온천동 213,0,,,,,,,,,,,,,
차밭골돌솥감자탕,부산광역시 동래구 온천동 213,1,,,,,,,,,,,,,
차밭골돌솥감자탕,부산광역시 동래구 온천동 213,2,,,,,,,,,,,,,
차밭골돌솥감자탕,부산광역시 동래구 온천동 213,3,,,,,,,,,,,,,
차밭골돌솥감자탕,부산광역시 동래구 온천동 213,4,,,,,,,,,,,,,
차밭골돌솥감자탕,부산광역시 동래구 온천동 213,5,,,,,,,,,,,,,
차밭골돌솥감자탕,부산광역시 동래구 온천동 213,6,,,,,,,,,,,,,
대성목욕탕여탕,부산광역시 동래구 온천동 215-1,0,,,,,,,,,,,,,
대성목욕탕여탕,부산광역시 동래구 온천동 215-1,1,,,,,,,,,,,,,
대성목욕탕여탕,부산광역시 동래구 온천동 215-1,2,,,,,,,,,,,,,
대성목욕탕여탕,부산광역시 동래구 온천동 215-1,3,,,,,,,,,,,,,
대성목욕탕여탕,부산광역시 동래구 온천동 215-1,4,,,,,,,,,,,,,
대성목욕탕여탕,부산광역시 동래구 온천동 215-1,5,,,,,,,,,,,,,
대성목욕탕여탕,부산광역시 동래구 온천동 215-1,6,,,,,,,,,,,,,
싹다한우,부산광역시 동래구 온천동 215-1,0,,,,,,,,,,,,,
싹다한우,부산광역시 동래구 온천동 215-1,1,,,,,,,,,,,,,
싹다한우,부산광역시 동래구 온천동 215-1,2,,,,,,,,,,,,,
싹다한우,부산광역시 동래구 온천동 215-1,3,,,,,,,,,,,,,
싹다한우,부산광역시 동래구 온천동 215-1,4,,,,,,,,,,,,,
싹다한우,부산광역시 동래구 온천동 215-1,5,,,,,,,,,,,,,
싹다한우,부산광역시 동래구 온천동 215-1,6,,,,,,,,,,,,,
팥고방6.16,부산광역시 동래구 온천동 216-7,0,,,,,,,,,,,,,
팥고방6.16,부산광역시 동래구 온천동 216-7,1,,,,,,,,,,,,,
팥고방6.16,부산광역시 동래구 온천동 216-7,2,,,,,,,,,,,,,
팥고방6.16,부산광역시 동래구 온천동 216-7,3,,,,,,,,,,,,,
팥고방6.16,부산광역시 동래구 온천동 216-7,4,,,,,,,,,,,,,
팥고방6.16,부산광역시 동래구 온천동 216-7,5,,,,,,,,,,,,,
팥고방6.16,부산광역시 동래구 온천동 216-7,6,,,,,,,,,,,,,
고봉숯불갈비,부산광역시 동래구 온천동 217,0,,,,,,,,,,,,,
고봉숯불갈비,부산광역시 동래구 온천동 217,1,,,,,,,,,,,,,
고봉숯불갈비,부산광역시 동래구 온천동 217,2,,,,,,,,,,,,,
고봉숯불갈비,부산광역시 동래구 온천동 217,3,,,,,,,,,,,,,
고봉숯불갈비,부산광역시 동래구 온천동 217,4,,,,,,,,,,,,,
고봉숯불갈비,부산광역시 동래구 온천동 217,5,,,,,,,,,,,,,
고봉숯불갈비,부산광역시 동래구 온천동 217,6,,,,,,,,,,,,,
한우산,부산광역시 동래구 온천동 220-1,0,,,,,,,,,,,,,
한우산,부산광역시 동래구 온천동 220-1,1,,,,,,,,,,,,,
한우산,부산광역시 동래구 온천동 220-1,2,,,,,,,,,,,,,
한우산,부산광역시 동래구 온천동 220-1,3,,,,,,,,,,,,,
한우산,부산광역시 동래구 온천동 220-1,4,,,,,,,,,,,,,
한우산,부산광역시 동래구 온천동 220-1,5,,,,,,,,,,,,,
한우산,부산광역시 동래구 온천동 220-1,6,,,,,,,,,,,,,
종하뷔페식당,부산광역시 동래구 온천동 221-14,0,,,,,,,,,,,,,
종하뷔페식당,부산광역시 동래구 온천동 221-14,1,,,,,,,,,,,,,
종하뷔페식당,부산광역시 동래구 온천동 221-14,2,,,,,,,,,,,,,
종하뷔페식당,부산광역시 동래구 온천동 221-14,3,,,,,,,,,,,,,
종하뷔페식당,부산광역시 동래구 온천동 221-14,4,,,,,,,,,,,,,
종하뷔페식당,부산광역시 동래구 온천동 221-14,5,,,,,,,,,,,,,
종하뷔페식당,부산광역시 동래구 온천동 221-14,6,,,,,,,,,,,,,
양파,부산광역시 동래구 온천동 221-8,0,,,,,,,,,,,,,
양파,부산광역시 동래구 온천동 221-8,1,,,,,,,,,,,,,
양파,부산광역시 동래구 온천동 221-8,2,,,,,,,,,,,,,
양파,부산광역시 동래구 온천동 221-8,3,,,,,,,,,,,,,
양파,부산광역시 동래구 온천동 221-8,4,,,,,,,,,,,,,
양파,부산광역시 동래구 온천동 221-8,5,,,,,,,,,,,,,
양파,부산광역시 동래구 온천동 221-8,6,,,,,,,,,,,,,
돼지구오,부산광역시 동래구 온천동 239-9,0,,,,,,,,,,,,,
돼지구오,부산광역시 동래구 온천동 239-9,1,,,,,,,,,,,,,
돼지구오,부산광역시 동래구 온천동 239-9,2,,,,,,,,,,,,,
돼지구오,부산광역시 동래구 온천동 239-9,3,,,,,,,,,,,,,
돼지구오,부산광역시 동래구 온천동 239-9,4,,,,,,,,,,,,,
돼지구오,부산광역시 동래구 온천동 239-9,5,,,,,,,,,,,,,
돼지구오,부산광역시 동래구 온천동 239-9,6,,,,,,,,,,,,,
차밭골보리밥,부산광역시 동래구 온천동 281-1,0,,,,,,,,,,,,,
차밭골보리밥,부산광역시 동래구 온천동 281-1,1,,,,,,,,,,,,,
차밭골보리밥,부산광역시 동래구 온천동 281-1,2,,,,,,,,,,,,,
차밭골보리밥,부산광역시 동래구 온천동 281-1,3,,,,,,,,,,,,,
차밭골보리밥,부산광역시 동래구 온천동 281-1,4,,,,,,,,,,,,,
차밭골보리밥,부산광역시 동래구 온천동 281-1,5,,,,,,,,,,,,,
차밭골보리밥,부산광역시 동래구 온천동 281-1,6,,,,,,,,,,,,,
오오토,부산광역시 동래구 온천동 303-13,0,,,,,,,,,,,,,
오오토,부산광역시 동래구 온천동 303-13,1,,,,,,,,,,,,,
오오토,부산광역시 동래구 온천동 303-13,2,,,,,,,,,,,,,
오오토,부산광역시 동래구 온천동 303-13,3,,,,,,,,,,,,,
오오토,부산광역시 동래구 온천동 303-13,4,,,,,,,,,,,,,
오오토,부산광역시 동래구 온천동 303-13,5,,,,,,,,,,,,,
오오토,부산광역시 동래구 온천동 303-13,6,,,,,,,,,,,,,
303화덕온천,부산광역시 동래구 온천동 303-4,0,,,,,,,,,,,,,
303화덕온천,부산광역시 동래구 온천동 303-4,1,,,,,,,,,,,,,
303화덕온천,부산광역시 동래구 온천동 303-4,2,,,,,,,,,,,,,
303화덕온천,부산광역시 동래구 온천동 303-4,3,,,,,,,,,,,,,
303화덕온천,부산광역시 동래구 온천동 303-4,4,,,,,,,,,,,,,
303화덕온천,부산광역시 동래구 온천동 303-4,5,,,,,,,,,,,,,
303화덕온천,부산광역시 동래구 온천동 303-4,6,,,,,,,,,,,,,
해월,부산광역시 동래구 온천동 307-1,0,,,,,,,,,,,,,
해월,부산광역시 동래구 온천동 307-1,1,,,,,,,,,,,,,
해월,부산광역시 동래구 온천동 307-1,2,,,,,,,,,,,,,
해월,부산광역시 동래구 온천동 307-1,3,,,,,,,,,,,,,
해월,부산광역시 동래구 온천동 307-1,4,,,,,,,,,,,,,
해월,부산광역시 동래구 온천동 307-1,5,,,,,,,,,,,,,
해월,부산광역시 동래구 온천동 307-1,6,,,,,,,,,,,,,
푸드카페삐뽀랑냠냠,부산광역시 동래구 온천동 330,0,,,,,,,,,,,,,
푸드카페삐뽀랑냠냠,부산광역시 동래구 온천동 330,1,,,,,,,,,,,,,
푸드카페삐뽀랑냠냠,부산광역시 동래구 온천동 330,2,,,,,,,,,,,,,
푸드카페삐뽀랑냠냠,부산광역시 동래구 온천동 330,3,,,,,,,,,,,,,
푸드카페삐뽀랑냠냠,부산광역시 동래구 온천동 330,4,,,,,,,,,,,,,
푸드카페삐뽀랑냠냠,부산광역시 동래구 온천동 330,5,,,,,,,,,,,,,
푸드카페삐뽀랑냠냠,부산광역시 동래구 온천동 330,6,,,,,,,,,,,,,
육일횟집,부산광역시 동래구 온천동 40-13,0,12:00,21:00,,,,,,,,,,,
육일횟집,부산광역시 동래구 온천동 40-13,1,12:00,21:00,,,,,,,,,,,
육일횟집,부산광역시 동래구 온천동 40-13,2,12:00,21:00,,,,,,,,,,,
육일횟집,부산광역시 동래구 온천동 40-13,3,12:00,21:00,,,,,,,,,,,
육일횟집,부산광역시 동래구 온천동 40-13,4,12:00,21:00,,,,,,,,,,,
육일횟집,부산광역시 동래구 온천동 40-13,5,12:00,21:00,,,,,,,,,,,
육일횟집,부산광역시 동래구 온천동 40-13,6,12:00,21:00,,,,,,,,,,,
자담치킨,부산광역시 동래구 온천동 40-13,0,,,,,,,,,,,,,
자담치킨,부산광역시 동래구 온천동 40-13,1,,,,,,,,,,,,,
자담치킨,부산광역시 동래구 온천동 40-13,2,,,,,,,,,,,,,
자담치킨,부산광역시 동래구 온천동 40-13,3,,,,,,,,,,,,,
자담치킨,부산광역시 동래구 온천동 40-13,4,,,,,,,,,,,,,
자담치킨,부산광역시 동래구 온천동 40-13,5,,,,,,,,,,,,,
자담치킨,부산광역시 동래구 온천동 40-13,6,,,,,,,,,,,,,
아우성쌀통닭,부산광역시 동래구 온천동 40-15,0,,,,,,,,,,,,,
아우성쌀통닭,부산광역시 동래구 온천동 40-15,1,,,,,,,,,,,,,
아우성쌀통닭,부산광역시 동래구 온천동 40-15,2,,,,,,,,,,,,,
아우성쌀통닭,부산광역시 동래구 온천동 40-15,3,,,,,,,,,,,,,
아우성쌀통닭,부산광역시 동래구 온천동 40-15,4,,,,,,,,,,,,,
아우성쌀통닭,부산광역시 동래구 온천동 40-15,5,,,,,,,,,,,,,
아우성쌀통닭,부산광역시 동래구 온천동 40-15,6,,,,,,,,,,,,,
전남친순대온천장점,부산광역시 동래구 온천동 40-38,0,,,,,,,,,,,,,
전남친순대온천장점,부산광역시 동래구 온천동 40-38,1,,,,,,,,,,,,,
전남친순대온천장점,부산광역시 동래구 온천동 40-38,2,,,,,,,,,,,,,
전남친순대온천장점,부산광역시 동래구 온천동 40-38,3,,,,,,,,,,,,,
전남친순대온천장점,부산광역시 동래구 온천동 40-38,4,,,,,,,,,,,,,
전남친순대온천장점,부산광역시 동래구 온천동 40-38,5,,,,,,,,,,,,,
전남친순대온천장점,부산광역시 동래구 온천동 40-38,6,,,,,,,,,,,,,
가마치통닭온천삼익점,부산광역시 동래구 온천동 407-31,0,,,,,,,,,,,,,
가마치통닭온천삼익점,부산광역시 동래구 온천동 407-31,1,,,,,,,,,,,,,
가마치통닭온천삼익점,부산광역시 동래구 온천동 407-31,2,,,,,,,,,,,,,
가마치통닭온천삼익점,부산광역시 동래구 온천동 407-31,3,,,,,,,,,,,,,
가마치통닭온천삼익점,부산광역시 동래구 온천동 407-31,4,,,,,,,,,,,,,
가마치통닭온천삼익점,부산광역시 동래구 온천동 407-31,5,,,,,,,,,,,,,
가마치통닭온천삼익점,부산광역시 동래구 온천동 407-31,6,,,,,,,,,,,,,
타코비 동래점,부산광역시 동래구 온천동 425-8,0,,,,,,,,,,,,,
타코비 동래점,부산광역시 동래구 온천동 425-8,1,,,,,,,,,,,,,
타코비 동래점,부산광역시 동래구 온천동 425-8,2,,,,,,,,,,,,,
타코비 동래점,부산광역시 동래구 온천동 425-8,3,,,,,,,,,,,,,
타코비 동래점,부산광역시 동래구 온천동 425-8,4,,,,,,,,,,,,,
타코비 동래점,부산광역시 동래구 온천동 425-8,5,,,,,,,,,,,,,
타코비 동래점,부산광역시 동래구 온천동 425-8,6,,,,,,,,,,,,,
왕밀면냉면,부산광역시 동래구 온천동 435-1,0,,,,,,,,,,,,,
왕밀면냉면,부산광역시 동래구 온천동 435-1,1,,,,,,,,,,,,,
왕밀면냉면,부산광역시 동래구 온천동 435-1,2,,,,,,,,,,,,,
왕밀면냉면,부산광역시 동래구 온천동 435-1,3,,,,,,,,,,,,,
왕밀면냉면,부산광역시 동래구 온천동 435-1,4,,,,,,,,,,,,,
왕밀면냉면,부산광역시 동래구 온천동 435-1,5,,,,,,,,,,,,,
왕밀면냉면,부산광역시 동래구 온천동 435-1,6,,,,,,,,,,,,,
정글아마존,부산광역시 동래구 온천동 435-1,0,,,,,,,,,,,,,
정글아마존,부산광역시 동래구 온천동 435-1,1,,,,,,,,,,,,,
정글아마존,부산광역시 동래구 온천동 435-1,2,,,,,,,,,,,,,
정글아마존,부산광역시 동래구 온천동 435-1,3,,,,,,,,,,,,,
정글아마존,부산광역시 동래구 온천동 435-1,4,,,,,,,,,,,,,
정글아마존,부산광역시 동래구 온천동 435-1,5,,,,,,,,,,,,,
정글아마존,부산광역시 동래구 온천동 435-1,6,,,,,,,,,,,,,
카도야쯔케멘,부산광역시 동래구 온천동 435-27,0,,,,,,,,,,,,,
카도야쯔케멘,부산광역시 동래구 온천동 435-27,1,,,,,,,,,,,,,
카도야쯔케멘,부산광역시 동래구 온천동 435-27,2,,,,,,,,,,,,,
카도야쯔케멘,부산광역시 동래구 온천동 435-27,3,,,,,,,,,,,,,
카도야쯔케멘,부산광역시 동래구 온천동 435-27,4,,,,,,,,,,,,,
카도야쯔케멘,부산광역시 동래구 온천동 435-27,5,,,,,,,,,,,,,
카도야쯔케멘,부산광역시 동래구 온천동 435-27,6,,,,,,,,,,,,,
하나돈까스 온천점,부산광역시 동래구 온천동 435-28,0,,,,,,,,,,,,,
하나돈까스 온천점,부산광역시 동래구 온천동 435-28,1,,,,,,,,,,,,,
하나돈까스 온천점,부산광역시 동래구 온천동 435-28,2,,,,,,,,,,,,,
하나돈까스 온천점,부산광역시 동래구 온천동 435-28,3,,,,,,,,,,,,,
하나돈까스 온천점,부산광역시 동래구 온천동 435-28,4,,,,,,,,,,,,,
하나돈까스 온천점,부산광역시 동래구 온천동 435-28,5,,,,,,,,,,,,,
하나돈까스 온천점,부산광역시 동래구 온천동 435-28,6,,,,,,,,,,,,,
타이빈,부산광역시 동래구 온천동 436-12,0,,,,,,,,,,,,,
타이빈,부산광역시 동래구 온천동 436-12,1,,,,,,,,,,,,,
타이빈,부산광역시 동래구 온천동 436-12,2,,,,,,,,,,,,,
타이빈,부산광역시 동래구 온천동 436-12,3,,,,,,,,,,,,,
타이빈,부산광역시 동래구 온천동 436-12,4,,,,,,,,,,,,,
타이빈,부산광역시 동래구 온천동 436-12,5,,,,,,,,,,,,,
타이빈,부산광역시 동래구 온천동 436-12,6,,,,,,,,,,,,,
두미촌돼지국밥,부산광역시 동래구 온천동 440-15,0,,,,,,,,,,,,,
두미촌돼지국밥,부산광역시 동래구 온천동 440-15,1,,,,,,,,,,,,,
두미촌돼지국밥,부산광역시 동래구 온천동 440-15,2,,,,,,,,,,,,,
두미촌돼지국밥,부산광역시 동래구 온천동 440-15,3,,,,,,,,,,,,,
두미촌돼지국밥,부산광역시 동래구 온천동 440-15,4,,,,,,,,,,,,,
두미촌돼지국밥,부산광역시 동래구 온천동 440-15,5,,,,,,,,,,,,,
두미촌돼지국밥,부산광역시 동래구 온천동 440-15,6,,,,,,,,,,,,,
고향집,부산광역시 동래구 온천동 442-1,0,,,,,,,,,,,,,
고향집,부산광역시 동래구 온천동 442-1,1,,,,,,,,,,,,,
고향집,부산광역시 동래구 온천동 442-1,2,,,,,,,,,,,,,
고향집,부산광역시 동래구 온천동 442-1,3,,,,,,,,,,,,,
고향집,부산광역시 동래구 온천동 442-1,4,,,,,,,,,,,,,
고향집,부산광역시 동래구 온천동 442-1,5,,,,,,,,,,,,,
고향집,부산광역시 동래구 온천동 442-1,6,,,,,,,,,,,,,
명,부산광역시 동래구 온천동 442-6,0,,,,,,,,,,,,,
명,부산광역시 동래구 온천동 442-6,1,,,,,,,,,,,,,
명,부산광역시 동래구 온천동 442-6,2,,,,,,,,,,,,,
명,부산광역시 동래구 온천동 442-6,3,,,,,,,,,,,,,
명,부산광역시 동래구 온천동 442-6,4,,,,,,,,,,,,,
명,부산광역시 동래구 온천동 442-6,5,,,,,,,,,,,,,
명,부산광역시 동래구 온천동 442-6,6,,,,,,,,,,,,,
금강양곱창,부산광역시 동래구 온천동 442-9,0,,,,,,,,,,,,,
금강양곱창,부산광역시 동래구 온천동 442-9,1,,,,,,,,,,,,,
금강양곱창,부산광역시 동래구 온천동 442-9,2,,,,,,,,,,,,,
금강양곱창,부산광역시 동래구 온천동 442-9,3,,,,,,,,,,,,,
금강양곱창,부산광역시 동래구 온천동 442-9,4,,,,,,,,,,,,,
금강양곱창,부산광역시 동래구 온천동 442-9,5,,,,,,,,,,,,,
금강양곱창,부산광역시 동래구 온천동 442-9,6,,,,,,,,,,,,,
진심,부산광역시 동래구 온천동 444-18,0,,,,,,,,,,,,,
진심,부산광역시 동래구 온천동 444-18,1,,,,,,,,,,,,,
진심,부산광역시 동래구 온천동 444-18,2,,,,,,,,,,,,,
진심,부산광역시 동래구 온천동 444-18,3,,,,,,,,,,,,,
진심,부산광역시 동래구 온천동 444-18,4,,,,,,,,,,,,,
진심,부산광역시 동래구 온천동 444-18,5,,,,,,,,,,,,,
진심,부산광역시 동래구 온천동 444-18,6,,,,,,,,,,,,,
호식이두마리치킨 온천점,부산광역시 동래구 온천동 444-18,0,,,,,,,,,,,,,
호식이두마리치킨 온천점,부산광역시 동래구 온천동 444-18,1,,,,,,,,,,,,,
호식이두마리치킨 온천점,부산광역시 동래구 온천동 444-18,2,,,,,,,,,,,,,
호식이두마리치킨 온천점,부산광역시 동래구 온천동 444-18,3,,,,,,,,,,,,,
호식이두마리치킨 온천점,부산광역시 동래구 온천동 444-18,4,,,,,,,,,,,,,
호식이두마리치킨 온천점,부산광역시 동래구 온천동 444-18,5,,,,,,,,,,,,,
호식이두마리치킨 온천점,부산광역시 동래구 온천동 444-18,6,,,,,,,,,,,,,
천일궁,부산광역시 동래구 온천동 444-50,0,,,,,,,,,,,,,
천일궁,부산광역시 동래구 온천동 444-50,1,,,,,,,,,,,,,
천일궁,부산광역시 동래구 온천동 444-50,2,,,,,,,,,,,,,
천일궁,부산광역시 동래구 온천동 444-50,3,,,,,,,,,,,,,
천일궁,부산광역시 동래구 온천동 444-50,4,,,,,,,,,,,,,
천일궁,부산광역시 동래구 온천동 444-50,5,,,,,,,,,,,,,
천일궁,부산광역시 동래구 온천동 444-50,6,,,,,,,,,,,,,
청정바다,부산광역시 동래구 온천동 444-62,0,,,,,,,,,,,,,
청정바다,부산광역시 동래구 온천동 444-62,1,,,,,,,,,,,,,
청정바다,부산광역시 동래구 온천동 444-62,2,,,,,,,,,,,,,
청정바다,부산광역시 동래구 온천동 444-62,3,,,,,,,,,,,,,
청정바다,부산광역시 동래구 온천동 444-62,4,,,,,,,,,,,,,
청정바다,부산광역시 동래구 온천동 444-62,5,,,,,,,,,,,,,
청정바다,부산광역시 동래구 온천동 444-62,6,,,,,,,,,,,,,
에이치디푸드샵,부산광역시 동래구 온천동 444-66,0,,,,,,,,,,,,,
에이치디푸드샵,부산광역시 동래구 온천동 444-66,1,,,,,,,,,,,,,
에이치디푸드샵,부산광역시 동래구 온천동 444-66,2,,,,,,,,,,,,,
에이치디푸드샵,부산광역시 동래구 온천동 444-66,3,,,,,,,,,,,,,
에이치디푸드샵,부산광역시 동래구 온천동 444-66,4,,,,,,,,,,,,,
에이치디푸드샵,부산광역시 동래구 온천동 444-66,5,,,,,,,,,,,,,
에이치디푸드샵,부산광역시 동래구 온천동 444-66,6,,,,,,,,,,,,,
차밭골반상,부산광역시 동래구 온천동 444-66,0,,,,,,,,,,,,,
차밭골반상,부산광역시 동래구 온천동 444-66,1,,,,,,,,,,,,,
차밭골반상,부산광역시 동래구 온천동 444-66,2,,,,,,,,,,,,,
차밭골반상,부산광역시 동래구 온천동 444-66,3,,,,,,,,,,,,,
차밭골반상,부산광역시 동래구 온천동 444-66,4,,,,,,,,,,,,,
차밭골반상,부산광역시 동래구 온천동 444-66,5,,,,,,,,,,,,,
차밭골반상,부산광역시 동래구 온천동 444-66,6,,,,,,,,,,,,,
만복이생선찌개,부산광역시 동래구 온천동 44-49,0,,,,,,,,,,,,,
만복이생선찌개,부산광역시 동래구 온천동 44-49,1,,,,,,,,,,,,,
만복이생선찌개,부산광역시 동래구 온천동 44-49,2,,,,,,,,,,,,,
만복이생선찌개,부산광역시 동래구 온천동 44-49,3,,,,,,,,,,,,,
만복이생선찌개,부산광역시 동래구 온천동 44-49,4,,,,,,,,,,,,,
만복이생선찌개,부산광역시 동래구 온천동 44-49,5,,,,,,,,,,,,,
만복이생선찌개,부산광역시 동래구 온천동 44-49,6,,,,,,,,,,,,,
통영졸복,부산광역시 동래구 온천동 447-10,0,,,,,,,,,,,,,
통영졸복,부산광역시 동래구 온천동 447-10,1,,,,,,,,,,,,,
통영졸복,부산광역시 동래구 온천동 447-10,2,,,,,,,,,,,,,
통영졸복,부산광역시 동래구 온천동 447-10,3,,,,,,,,,,,,,
통영졸복,부산광역시 동래구 온천동 447-10,4,,,,,,,,,,,,,
통영졸복,부산광역시 동래구 온천동 447-10,5,,,,,,,,,,,,,
통영졸복,부산광역시 동래구 온천동 447-10,6,,,,,,,,,,,,,
상황버섯칼국수,부산광역시 동래구 온천동 447-6,0,,,,,,,,,,,,,
상황버섯칼국수,부산광역시 동래구 온천동 447-6,1,,,,,,,,,,,,,
상황버섯칼국수,부산광역시 동래구 온천동 447-6,2,,,,,,,,,,,,,
상황버섯칼국수,부산광역시 동래구 온천동 447-6,3,,,,,,,,,,,,,
상황버섯칼국수,부산광역시 동래구 온천동 447-6,4,,,,,,,,,,,,,
상황버섯칼국수,부산광역시 동래구 온천동 447-6,5,,,,,,,,,,,,,
상황버섯칼국수,부산광역시 동래구 온천동 447-6,6,,,,,,,,,,,,,
노천민물장어,부산광역시 동래구 온천동 450-1,0,,,,,,,,,,,,,
노천민물장어,부산광역시 동래구 온천동 450-1,1,,,,,,,,,,,,,
노천민물장어,부산광역시 동래구 온천동 450-1,2,,,,,,,,,,,,,
노천민물장어,부산광역시 동래구 온천동 450-1,3,,,,,,,,,,,,,
노천민물장어,부산광역시 동래구 온천동 450-1,4,,,,,,,,,,,,,
노천민물장어,부산광역시 동래구 온천동 450-1,5,,,,,,,,,,,,,
노천민물장어,부산광역시 동래구 온천동 450-1,6,,,,,,,,,,,,,
게장맛집,부산광역시 동래구 온천동 45-13,0,,,,,,,,,,,,,
게장맛집,부산광역시 동래구 온천동 45-13,1,,,,,,,,,,,,,
게장맛집,부산광역시 동래구 온천동 45-13,2,,,,,,,,,,,,,
게장맛집,부산광역시 동래구 온천동 45-13,3,,,,,,,,,,,,,
게장맛집,부산광역시 동래구 온천동 45-13,4,,,,,,,,,,,,,
게장맛집,부산광역시 동래구 온천동 45-13,5,,,,,,,,,,,,,
게장맛집,부산광역시 동래구 온천동 45-13,6,,,,,,,,,,,,,
정원집,부산광역시 동래구 온천동 45-13,0,,,,,,,,,,,,,
정원집,부산광역시 동래구 온천동 45-13,1,,,,,,,,,,,,,
정원집,부산광역시 동래구 온천동 45-13,2,,,,,,,,,,,,,
정원집,부산광역시 동래구 온천동 45-13,3,,,,,,,,,,,,,
정원집,부산광역시 동래구 온천동 45-13,4,,,,,,,,,,,,,
정원집,부산광역시 동래구 온천동 45-13,5,,,,,,,,,,,,,
정원집,부산광역시 동래구 온천동 45-13,6,,,,,,,,,,,,,
양산추어탕,부산광역시 동래구 온천동 453-12,0,,,,,,,,,,,,,
양산추어탕,부산광역시 동래구 온천동 453-12,1,,,,,,,,,,,,,
양산추어탕,부산광역시 동래구 온천동 453-12,2,,,,,,,,,,,,,
양산추어탕,부산광역시 동래구 온천동 453-12,3,,,,,,,,,,,,,
양산추어탕,부산광역시 동래구 온천동 453-12,4,,,,,,,,,,,,,
양산추어탕,부산광역시 동래구 온천동 453-12,5,,,,,,,,,,,,,
양산추어탕,부산광역시 동래구 온천동 453-12,6,,,,,,,,,,,,,
만석꾼,부산광역시 동래구 온천동 453-28,0,,,,,,,,,,,,,
만석꾼,부산광역시 동래구 온천동 453-28,1,,,,,,,,,,,,,
만석꾼,부산광역시 동래구 온천동 453-28,2,,,,,,,,,,,,,
만석꾼,부산광역시 동래구 온천동 453-28,3,,,,,,,,,,,,,
만석꾼,부산광역시 동래구 온천동 453-28,4,,,,,,,,,,,,,
만석꾼,부산광역시 동래구 온천동 453-28,5,,,,,,,,,,,,,
만석꾼,부산광역시 동래구 온천동 453-28,6,,,,,,,,,,,,,
원조꼬리곰집,부산광역시 동래구 온천동 453-3,0,,,,,,,,,,,,,
원조꼬리곰집,부산광역시 동래구 온천동 453-3,1,,,,,,,,,,,,,
원조꼬리곰집,부산광역시 동래구 온천동 453-3,2,,,,,,,,,,,,,
원조꼬리곰집,부산광역시 동래구 온천동 453-3,3,,,,,,,,,,,,,
원조꼬리곰집,부산광역시 동래구 온천동 453-3,4,,,,,,,,,,,,,
원조꼬리곰집,부산광역시 동래구 온천동 453-3,5,,,,,,,,,,,,,
원조꼬리곰집,부산광역시 동래구 온천동 453-3,6,,,,,,,,,,,,,
꼰대우동,부산광역시 동래구 온천동 453-39,0,,,,,,,,,,,,,
꼰대우동,부산광역시 동래구 온천동 453-39,1,,,,,,,,,,,,,
꼰대우동,부산광역시 동래구 온천동 453-39,2,,,,,,,,,,,,,
꼰대우동,부산광역시 동래구 온천동 453-39,3,,,,,,,,,,,,,
꼰대우동,부산광역시 동래구 온천동 453-39,4,,,,,,,,,,,,,
꼰대우동,부산광역시 동래구 온천동 453-39,5,,,,,,,,,,,,,
꼰대우동,부산광역시 동래구 온천동 453-39,6,,,,,,,,,,,,,
족발어때,부산광역시 동래구 온천동 453-39,0,,,,,,,,,,,,,
족발어때,부산광역시 동래구 온천동 453-39,1,,,,,,,,,,,,,
족발어때,부산광역시 동래구 온천동 453-39,2,,,,,,,,,,,,,
족발어때,부산광역시 동래구 온천동 453-39,3,,,,,,,,,,,,,
족발어때,부산광역시 동래구 온천동 453-39,4,,,,,,,,,,,,,
족발어때,부산광역시 동래구 온천동 453-39,5,,,,,,,,,,,,,
족발어때,부산광역시 동래구 온천동 453-39,6,,,,,,,,,,,,,
일미기사식당,부산광역시 동래구 온천동 456-21,0,,,,,,,,,,,,,
일미기사식당,부산광역시 동래구 온천동 456-21,1,,,,,,,,,,,,,
일미기사식당,부산광역시 동래구 온천동 456-21,2,,,,,,,,,,,,,
일미기사식당,부산광역시 동래구 온천동 456-21,3,,,,,,,,,,,,,
일미기사식당,부산광역시 동래구 온천동 456-21,4,,,,,,,,,,,,,
일미기사식당,부산광역시 동래구 온천동 456-21,5,,,,,,,,,,,,,
일미기사식당,부산광역시 동래구 온천동 456-21,6,,,,,,,,,,,,,
왓더버거부산명륜점,부산광역시 동래구 온천동 470-4,0,,,,,,,,,,,,,
왓더버거부산명륜점,부산광역시 동래구 온천동 470-4,1,,,,,,,,,,,,,
왓더버거부산명륜점,부산광역시 동래구 온천동 470-4,2,,,,,,,,,,,,,
왓더버거부산명륜점,부산광역시 동래구 온천동 470-4,3,,,,,,,,,,,,,
왓더버거부산명륜점,부산광역시 동래구 온천동 470-4,4,,,,,,,,,,,,,
왓더버거부산명륜점,부산광역시 동래구 온천동 470-4,5,,,,,,,,,,,,,
왓더버거부산명륜점,부산광역시 동래구 온천동 470-4,6,,,,,,,,,,,,,
동원밀면냉면,부산광역시 동래구 온천동 47-1,0,,,,,,,,,,,,,
동원밀면냉면,부산광역시 동래구 온천동 47-1,1,,,,,,,,,,,,,
동원밀면냉면,부산광역시 동래구 온천동 47-1,2,,,,,,,,,,,,,
동원밀면냉면,부산광역시 동래구 온천동 47-1,3,,,,,,,,,,,,,
동원밀면냉면,부산광역시 동래구 온천동 47-1,4,,,,,,,,,,,,,
동원밀면냉면,부산광역시 동래구 온천동 47-1,5,,,,,,,,,,,,,
동원밀면냉면,부산광역시 동래구 온천동 47-1,6,,,,,,,,,,,,,
대청숯불갈비,부산광역시 동래구 온천동 47-2,0,,,,,,,,,,,,,
대청숯불갈비,부산광역시 동래구 온천동 47-2,1,,,,,,,,,,,,,
대청숯불갈비,부산광역시 동래구 온천동 47-2,2,,,,,,,,,,,,,
대청숯불갈비,부산광역시 동래구 온천동 47-2,3,,,,,,,,,,,,,
대청숯불갈비,부산광역시 동래구 온천동 47-2,4,,,,,,,,,,,,,
대청숯불갈비,부산광역시 동래구 온천동 47-2,5,,,,,,,,,,,,,
대청숯불갈비,부산광역시 동래구 온천동 47-2,6,,,,,,,,,,,,,
부산식당,부산광역시 동래구 온천동 473-11,0,,,,,,,,,,,,,
부산식당,부산광역시 동래구 온천동 473-11,1,,,,,,,,,,,,,
부산식당,부산광역시 동래구 온천동 473-11,2,,,,,,,,,,,,,
부산식당,부산광역시 동래구 온천동 473-11,3,,,,,,,,,,,,,
부산식당,부산광역시 동래구 온천동 473-11,4,,,,,,,,,,,,,
부산식당,부산광역시 동래구 온천동 473-11,5,,,,,,,,,,,,,
부산식당,부산광역시 동래구 온천동 473-11,6,,,,,,,,,,,,,
동천홍,부산광역시 동래구 온천동 473-13,0,,,,,,,,,,,,,
동천홍,부산광역시 동래구 온천동 473-13,1,,,,,,,,,,,,,
동천홍,부산광역시 동래구 온천동 473-13,2,,,,,,,,,,,,,
동천홍,부산광역시 동래구 온천동 473-13,3,,,,,,,,,,,,,
동천홍,부산광역시 동래구 온천동 473-13,4,,,,,,,,,,,,,
동천홍,부산광역시 동래구 온천동 473-13,5,,,,,,,,,,,,,
동천홍,부산광역시 동래구 온천동 473-13,6,,,,,,,,,,,,,
육식사관학교 온천점,부산광역시 동래구 온천동 473-27,0,,,,,,,,,,,,,
육식사관학교 온천점,부산광역시 동래구 온천동 473-27,1,,,,,,,,,,,,,
육식사관학교 온천점,부산광역시 동래구 온천동 473-27,2,,,,,,,,,,,,,
육식사관학교 온천점,부산광역시 동래구 온천동 473-27,3,,,,,,,,,,,,,
육식사관학교 온천점,부산광역시 동래구 온천동 473-27,4,,,,,,,,,,,,,
육식사관학교 온천점,부산광역시 동래구 온천동 473-27,5,,,,,,,,,,,,,
육식사관학교 온천점,부산광역시 동래구 온천동 473-27,6,,,,,,,,,,,,,
작은영토,부산광역시 동래구 온천동 473-30,0,,,,,,,,,,,,,
작은영토,부산광역시 동래구 온천동 473-30,1,,,,,,,,,,,,,
작은영토,부산광역시 동래구 온천동 473-30,2,,,,,,,,,,,,,
작은영토,부산광역시 동래구 온천동 473-30,3,,,,,,,,,,,,,
작은영토,부산광역시 동래구 온천동 473-30,4,,,,,,,,,,,,,
작은영토,부산광역시 동래구 온천동 473-30,5,,,,,,,,,,,,,
작은영토,부산광역시 동래구 온천동 473-30,6,,,,,,,,,,,,,
최가네칼국수,부산광역시 동래구 온천동 473-5,0,,,,,,,,,,,,,
최가네칼국수,부산광역시 동래구 온천동 473-5,1,,,,,,,,,,,,,
최가네칼국수,부산광역시 동래구 온천동 473-5,2,,,,,,,,,,,,,
최가네칼국수,부산광역시 동래구 온천동 473-5,3,,,,,,,,,,,,,
최가네칼국수,부산광역시 동래구 온천동 473-5,4,,,,,,,,,,,,,
최가네칼국수,부산광역시 동래구 온천동 473-5,5,,,,,,,,,,,,,
최가네칼국수,부산광역시 동래구 온천동 473-5,6,,,,,,,,,,,,,
민들레식당,부산광역시 동래구 온천동 480-40,0,,,,,,,,,,,,,
민들레식당,부산광역시 동래구 온천동 480-40,1,,,,,,,,,,,,,
민들레식당,부산광역시 동래구 온천동 480-40,2,,,,,,,,,,,,,
민들레식당,부산광역시 동래구 온천동 480-40,3,,,,,,,,,,,,,
민들레식당,부산광역시 동래구 온천동 480-40,4,,,,,,,,,,,,,
민들레식당,부산광역시 동래구 온천동 480-40,5,,,,,,,,,,,,,
민들레식당,부산광역시 동래구 온천동 480-40,6,,,,,,,,,,,,,
대수정롯데 동래점,부산광역시 동래구 온천동 502-3,0,,,,,,,,,,,,,
대수정롯데 동래점,부산광역시 동래구 온천동 502-3,1,,,,,,,,,,,,,
대수정롯데 동래점,부산광역시 동래구 온천동 502-3,2,,,,,,,,,,,,,
대수정롯데 동래점,부산광역시 동래구 온천동 502-3,3,,,,,,,,,,,,,
대수정롯데 동래점,부산광역시 동래구 온천동 502-3,4,,,,,,,,,,,,,
대수정롯데 동래점,부산광역시 동래구 온천동 502-3,5,,,,,,,,,,,,,
대수정롯데 동래점,부산광역시 동래구 온천동 502-3,6,,,,,,,,,,,,,
더글로벌유림회관동래점 코리아,부산광역시 동래구 온천동 502-3,0,,,,,,,,,,,,,
더글로벌유림회관동래점 코리아,부산광역시 동래구 온천동 502-3,1,,,,,,,,,,,,,
더글로벌유림회관동래점 코리아,부산광역시 동래구 온천동 502-3,2,,,,,,,,,,,,,
더글로벌유림회관동래점 코리아,부산광역시 동래구 온천동 502-3,3,,,,,,,,,,,,,
더글로벌유림회관동래점 코리아,부산광역시 동래구 온천동 502-3,4,,,,,,,,,,,,,
더글로벌유림회관동래점 코리아,부산광역시 동래구 온천동 502-3,5,,,,,,,,,,,,,
더글로벌유림회관동래점 코리아,부산광역시 동래구 온천동 502-3,6,,,,,,,,,,,,,
로카보어테이블 동래점,부산광역시 동래구 온천동 502-3,0,,,,,,,,,,,,,
로카보어테이블 동래점,부산광역시 동래구 온천동 502-3,1,,,,,,,,,,,,,
로카보어테이블 동래점,부산광역시 동래구 온천동 502-3,2,,,,,,,,,,,,,
로카보어테이블 동래점,부산광역시 동래구 온천동 502-3,3,,,,,,,,,,,,,
로카보어테이블 동래점,부산광역시 동래구 온천동 502-3,4,,,,,,,,,,,,,
로카보어테이블 동래점,부산광역시 동래구 온천동 502-3,5,,,,,,,,,,,,,
로카보어테이블 동래점,부산광역시 동래구 온천동 502-3,6,,,,,,,,,,,,,
롯데리아동래점 롯데마트,부산광역시 동래구 온천동 502-3,0,,,,,,,,,,,,,
롯데리아동래점 롯데마트,부산광역시 동래구 온천동 502-3,1,,,,,,,,,,,,,
롯데리아동래점 롯데마트,부산광역시 동래구 온천동 502-3,2,,,,,,,,,,,,,
롯데리아동래점 롯데마트,부산광역시 동래구 온천동 502-3,3,,,,,,,,,,,,,
롯데리아동래점 롯데마트,부산광역시 동래구 온천동 502-3,4,,,,,,,,,,,,,
롯데리아동래점 롯데마트,부산광역시 동래구 온천동 502-3,5,,,,,,,,,,,,,
롯데리아동래점 롯데마트,부산광역시 동래구 온천동 502-3,6,,,,,,,,,,,,,
모시모시,부산광역시 동래구 온천동 502-3,0,,,,,,,,,,,,,
모시모시,부산광역시 동래구 온천동 502-3,1,,,,,,,,,,,,,
모시모시,부산광역시 동래구 온천동 502-3,2,,,,,,,,,,,,,
모시모시,부산광역시 동래구 온천동 502-3,3,,,,,,,,,,,,,
모시모시,부산광역시 동래구 온천동 502-3,4,,,,,,,,,,,,,
모시모시,부산광역시 동래구 온천동 502-3,5,,,,,,,,,,,,,
모시모시,부산광역시 동래구 온천동 502-3,6,,,,,,,,,,,,,
미스카츠,부산광역시 동래구 온천동 502-3,0,,,,,,,,,,,,,
미스카츠,부산광역시 동래구 온천동 502-3,1,,,,,,,,,,,,,
미스카츠,부산광역시 동래구 온천동 502-3,2,,,,,,,,,,,,,
미스카츠,부산광역시 동래구 온천동 502-3,3,,,,,,,,,,,,,
미스카츠,부산광역시 동래구 온천동 502-3,4,,,,,,,,,,,,,
미스카츠,부산광역시 동래구 온천동 502-3,5,,,,,,,,,,,,,
미스카츠,부산광역시 동래구 온천동 502-3,6,,,,,,,,,,,,,
샤브보트롯데동래점 백화점,부산광역시 동래구 온천동 502-3,0,,,,,,,,,,,,,
샤브보트롯데동래점 백화점,부산광역시 동래구 온천동 502-3,1,,,,,,,,,,,,,
샤브보트롯데동래점 백화점,부산광역시 동래구 온천동 502-3,2,,,,,,,,,,,,,
샤브보트롯데동래점 백화점,부산광역시 동래구 온천동 502-3,3,,,,,,,,,,,,,
샤브보트롯데동래점 백화점,부산광역시 동래구 온천동 502-3,4,,,,,,,,,,,,,
샤브보트롯데동래점 백화점,부산광역시 동래구 온천동 502-3,5,,,,,,,,,,,,,
샤브보트롯데동래점 백화점,부산광역시 동래구 온천동 502-3,6,,,,,,,,,,,,,
스시마이우블랙롯데동래점 백화점,부산광역시 동래구 온천동 502-3,0,,,,,,,,,,,,,
스시마이우블랙롯데동래점 백화점,부산광역시 동래구 온천동 502-3,1,,,,,,,,,,,,,
스시마이우블랙롯데동래점 백화점,부산광역시 동래구 온천동 502-3,2,,,,,,,,,,,,,
스시마이우블랙롯데동래점 백화점,부산광역시 동래구 온천동 502-3,3,,,,,,,,,,,,,
스시마이우블랙롯데동래점 백화점,부산광역시 동래구 온천동 502-3,4,,,,,,,,,,,,,
스시마이우블랙롯데동래점 백화점,부산광역시 동래구 온천동 502-3,5,,,,,,,,,,,,,
스시마이우블랙롯데동래점 백화점,부산광역시 동래구 온천동 502-3,6,,,,,,,,,,,,,
스시혼텐동래,부산광역시 동래구 온천동 502-3,0,,,,,,,,,,,,,
스시혼텐동래,부산광역시 동래구 온천동 502-3,1,,,,,,,,,,,,,
스시혼텐동래,부산광역시 동래구 온천동 502-3,2,,,,,,,,,,,,,
스시혼텐동래,부산광역시 동래구 온천동 502-3,3,,,,,,,,,,,,,
스시혼텐동래,부산광역시 동래구 온천동 502-3,4,,,,,,,,,,,,,
스시혼텐동래,부산광역시 동래구 온천동 502-3,5,,,,,,,,,,,,,
스시혼텐동래,부산광역시 동래구 온천동 502-3,6,,,,,,,,,,,,,
우리샤브,부산광역시 동래구 온천동 502-3,0,,,,,,,,,,,,,
우리샤브,부산광역시 동래구 온천동 502-3,1,,,,,,,,,,,,,
우리샤브,부산광역시 동래구 온천동 502-3,2,,,,,,,,,,,,,
우리샤브,부산광역시 동래구 온천동 502-3,3,,,,,,,,,,,,,
우리샤브,부산광역시 동래구 온천동 502-3,4,,,,,,,,,,,,,
우리샤브,부산광역시 동래구 온천동 502-3,5,,,,,,,,,,,,,
우리샤브,부산광역시 동래구 온천동 502-3,6,,,,,,,,,,,,,
제이제이푸드시스템부산면가,부산광역시 동래구 온천동 502-3,0,,,,,,,,,,,,,
제이제이푸드시스템부산면가,부산광역시 동래구 온천동 502-3,1,,,,,,,,,,,,,
제이제이푸드시스템부산면가,부산광역시 동래구 온천동 502-3,2,,,,,,,,,,,,,
제이제이푸드시스템부산면가,부산광역시 동래구 온천동 502-3,3,,,,,,,,,,,,,
제이제이푸드시스템부산면가,부산광역시 동래구 온천동 502-3,4,,,,,,,,,,,,,
제이제이푸드시스템부산면가,부산광역시 동래구 온천동 502-3,5,,,,,,,,,,,,,
제이제이푸드시스템부산면가,부산광역시 동래구 온천동 502-3,6,,,,,,,,,,,,,
제주항갈치고등어쌈정식,부산광역시 동래구 온천동 502-3,0,,,,,,,,,,,,,
제주항갈치고등어쌈정식,부산광역시 동래구 온천동 502-3,1,,,,,,,,,,,,,
제주항갈치고등어쌈정식,부산광역시 동래구 온천동 502-3,2,,,,,,,,,,,,,
제주항갈치고등어쌈정식,부산광역시 동래구 온천동 502-3,3,,,,,,,,,,,,,
제주항갈치고등어쌈정식,부산광역시 동래구 온천동 502-3,4,,,,,,,,,,,,,
제주항갈치고등어쌈정식,부산광역시 동래구 온천동 502-3,5,,,,,,,,,,,,,
제주항갈치고등어쌈정식,부산광역시 동래구 온천동 502-3,6,,,,,,,,,,,,,
차이홍짬뽕,부산광역시 동래구 온천동 502-3,0,,,,,,,,,,,,,
차이홍짬뽕,부산광역시 동래구 온천동 502-3,1,,,,,,,,,,,,,
차이홍짬뽕,부산광역시 동래구 온천동 502-3,2,,,,,,,,,,,,,
차이홍짬뽕,부산광역시 동래구 온천동 502-3,3,,,,,,,,,,,,,
차이홍짬뽕,부산광역시 동래구 온천동 502-3,4,,,,,,,,,,,,,
차이홍짬뽕,부산광역시 동래구 온천동 502-3,5,,,,,,,,,,,,,
차이홍짬뽕,부산광역시 동래구 온천동 502-3,6,,,,,,,,,,,,,
한끼닭칼국수롯데동래점 백화점,부산광역시 동래구 온천동 502-3,0,,,,,,,,,,,,,
한끼닭칼국수롯데동래점 백화점,부산광역시 동래구 온천동 502-3,1,,,,,,,,,,,,,
한끼닭칼국수롯데동래점 백화점,부산광역시 동래구 온천동 502-3,2,,,,,,,,,,,,,
한끼닭칼국수롯데동래점 백화점,부산광역시 동래구 온천동 502-3,3,,,,,,,,,,,,,
한끼닭칼국수롯데동래점 백화점,부산광역시 동래구 온천동 502-3,4,,,,,,,,,,,,,
한끼닭칼국수롯데동래점 백화점,부산광역시 동래구 온천동 502-3,5,,,,,,,,,,,,,
한끼닭칼국수롯데동래점 백화점,부산광역시 동래구 온천동 502-3,6,,,,,,,,,,,,,
호야짬뽕동래점 롯데마트,부산광역시 동래구 온천동 502-3,0,,,,,,,,,,,,,
호야짬뽕동래점 롯데마트,부산광역시 동래구 온천동 502-3,1,,,,,,,,,,,,,
호야짬뽕동래점 롯데마트,부산광역시 동래구 온천동 502-3,2,,,,,,,,,,,,,
호야짬뽕동래점 롯데마트,부산광역시 동래구 온천동 502-3,3,,,,,,,,,,,,,
호야짬뽕동래점 롯데마트,부산광역시 동래구 온천동 502-3,4,,,,,,,,,,,,,
호야짬뽕동래점 롯데마트,부산광역시 동래구 온천동 502-3,5,,,,,,,,,,,,,
호야짬뽕동래점 롯데마트,부산광역시 동래구 온천동 502-3,6,,,,,,,,,,,,,
순스시,부산광역시 동래구 온천동 503-1,0,,,,,,,,,,,,,
순스시,부산광역시 동래구 온천동 503-1,1,,,,,,,,,,,,,
순스시,부산광역시 동래구 온천동 503-1,2,,,,,,,,,,,,,
순스시,부산광역시 동래구 온천동 503-1,3,,,,,,,,,,,,,
순스시,부산광역시 동래구 온천동 503-1,4,,,,,,,,,,,,,
순스시,부산광역시 동래구 온천동 503-1,5,,,,,,,,,,,,,
순스시,부산광역시 동래구 온천동 503-1,6,,,,,,,,,,,,,
안디아모,부산광역시 동래구 온천동 503-1,0,,,,,,,,,,,,,
안디아모,부산광역시 동래구 온천동 503-1,1,,,,,,,,,,,,,
안디아모,부산광역시 동래구 온천동 503-1,2,,,,,,,,,,,,,
안디아모,부산광역시 동래구 온천동 503-1,3,,,,,,,,,,,,,
안디아모,부산광역시 동래구 온천동 503-1,4,,,,,,,,,,,,,
안디아모,부산광역시 동래구 온천동 503-1,5,,,,,,,,,,,,,
안디아모,부산광역시 동래구 온천동 503-1,6,,,,,,,,,,,,,
고메밀면 온천점,부산광역시 동래구 온천동 503-12,0,,,,,,,,,,,,,
고메밀면 온천점,부산광역시 동래구 온천동 503-12,1,,,,,,,,,,,,,
고메밀면 온천점,부산광역시 동래구 온천동 503-12,2,,,,,,,,,,,,,
고메밀면 온천점,부산광역시 동래구 온천동 503-12,3,,,,,,,,,,,,,
고메밀면 온천점,부산광역시 동래구 온천동 503-12,4,,,,,,,,,,,,,
고메밀면 온천점,부산광역시 동래구 온천동 503-12,5,,,,,,,,,,,,,
고메밀면 온천점,부산광역시 동래구 온천동 503-12,6,,,,,,,,,,,,,
미스터스시 동래점,부산광역시 동래구 온천동 503-12,0,,,,,,,,,,,,,
미스터스시 동래점,부산광역시 동래구 온천동 503-12,1,,,,,,,,,,,,,
미스터스시 동래점,부산광역시 동래구 온천동 503-12,2,,,,,,,,,,,,,
미스터스시 동래점,부산광역시 동래구 온천동 503-12,3,,,,,,,,,,,,,
미스터스시 동래점,부산광역시 동래구 온천동 503-12,4,,,,,,,,,,,,,
미스터스시 동래점,부산광역시 동래구 온천동 503-12,5,,,,,,,,,,,,,
미스터스시 동래점,부산광역시 동래구 온천동 503-12,6,,,,,,,,,,,,,
현이국수,부산광역시 동래구 온천동 503-17,0,,,,,,,,,,,,,
현이국수,부산광역시 동래구 온천동 503-17,1,,,,,,,,,,,,,
현이국수,부산광역시 동래구 온천동 503-17,2,,,,,,,,,,,,,
현이국수,부산광역시 동래구 온천동 503-17,3,,,,,,,,,,,,,
현이국수,부산광역시 동래구 온천동 503-17,4,,,,,,,,,,,,,
현이국수,부산광역시 동래구 온천동 503-17,5,,,,,,,,,,,,,
현이국수,부산광역시 동래구 온천동 503-17,6,,,,,,,,,,,,,
귀빈가,부산광역시 동래구 온천동 503-19,0,,,,,,,,,,,,,
귀빈가,부산광역시 동래구 온천동 503-19,1,,,,,,,,,,,,,
귀빈가,부산광역시 동래구 온천동 503-19,2,,,,,,,,,,,,,
귀빈가,부산광역시 동래구 온천동 503-19,3,,,,,,,,,,,,,
귀빈가,부산광역시 동래구 온천동 503-19,4,,,,,,,,,,,,,
귀빈가,부산광역시 동래구 온천동 503-19,5,,,,,,,,,,,,,
귀빈가,부산광역시 동래구 온천동 503-19,6,,,,,,,,,,,,,
문창식갈비탕,부산광역시 동래구 온천동 503-21,0,,,,,,,,,,,,,
문창식갈비탕,부산광역시 동래구 온천동 503-21,1,,,,,,,,,,,,,
문창식갈비탕,부산광역시 동래구 온천동 503-21,2,,,,,,,,,,,,,
문창식갈비탕,부산광역시 동래구 온천동 503-21,3,,,,,,,,,,,,,
문창식갈비탕,부산광역시 동래구 온천동 503-21,4,,,,,,,,,,,,,
문창식갈비탕,부산광역시 동래구 온천동 503-21,5,,,,,,,,,,,,,
문창식갈비탕,부산광역시 동래구 온천동 503-21,6,,,,,,,,,,,,,
송담추어탕,부산광역시 동래구 온천동 503-38,0,,,,,,,,,,,,,
송담추어탕,부산광역시 동래구 온천동 503-38,1,,,,,,,,,,,,,
송담추어탕,부산광역시 동래구 온천동 503-38,2,,,,,,,,,,,,,
송담추어탕,부산광역시 동래구 온천동 503-38,3,,,,,,,,,,,,,
송담추어탕,부산광역시 동래구 온천동 503-38,4,,,,,,,,,,,,,
송담추어탕,부산광역시 동래구 온천동 503-38,5,,,,,,,,,,,,,
송담추어탕,부산광역시 동래구 온천동 503-38,6,,,,,,,,,,,,,
철마뒷고기 2호점,부산광역시 동래구 온천동 51-15,0,,,,,,,,,,,,,
철마뒷고기 2호점,부산광역시 동래구 온천동 51-15,1,,,,,,,,,,,,,
철마뒷고기 2호점,부산광역시 동래구 온천동 51-15,2,,,,,,,,,,,,,
철마뒷고기 2호점,부산광역시 동래구 온천동 51-15,3,,,,,,,,,,,,,
철마뒷고기 2호점,부산광역시 동래구 온천동 51-15,4,,,,,,,,,,,,,
철마뒷고기 2호점,부산광역시 동래구 온천동 51-15,5,,,,,,,,,,,,,
철마뒷고기 2호점,부산광역시 동래구 온천동 51-15,6,,,,,,,,,,,,,
민푸드,부산광역시 동래구 온천동 616-1,0,,,,,,,,,,,,,
민푸드,부산광역시 동래구 온천동 616-1,1,,,,,,,,,,,,,
민푸드,부산광역시 동래구 온천동 616-1,2,,,,,,,,,,,,,
민푸드,부산광역시 동래구 온천동 616-1,3,,,,,,,,,,,,,
민푸드,부산광역시 동래구 온천동 616-1,4,,,,,,,,,,,,,
민푸드,부산광역시 동래구 온천동 616-1,5,,,,,,,,,,,,,
민푸드,부산광역시 동래구 온천동 616-1,6,,,,,,,,,,,,,
죽!맛집,부산광역시 동래구 온천동 616-7,0,,,,,,,,,,,,,
죽!맛집,부산광역시 동래구 온천동 616-7,1,,,,,,,,,,,,,
죽!맛집,부산광역시 동래구 온천동 616-7,2,,,,,,,,,,,,,
죽!맛집,부산광역시 동래구 온천동 616-7,3,,,,,,,,,,,,,
죽!맛집,부산광역시 동래구 온천동 616-7,4,,,,,,,,,,,,,
죽!맛집,부산광역시 동래구 온천동 616-7,5,,,,,,,,,,,,,
죽!맛집,부산광역시 동래구 온천동 616-7,6,,,,,,,,,,,,,
국민대패,부산광역시 동래구 온천동 707-1,0,,,,,,,,,,,,,
국민대패,부산광역시 동래구 온천동 707-1,1,,,,,,,,,,,,,
국민대패,부산광역시 동래구 온천동 707-1,2,,,,,,,,,,,,,
국민대패,부산광역시 동래구 온천동 707-1,3,,,,,,,,,,,,,
국민대패,부산광역시 동래구 온천동 707-1,4,,,,,,,,,,,,,
국민대패,부산광역시 동래구 온천동 707-1,5,,,,,,,,,,,,,
국민대패,부산광역시 동래구 온천동 707-1,6,,,,,,,,,,,,,
기발한치킨,부산광역시 동래구 온천동 707-1,0,,,,,,,,,,,,,
기발한치킨,부산광역시 동래구 온천동 707-1,1,,,,,,,,,,,,,
기발한치킨,부산광역시 동래구 온천동 707-1,2,,,,,,,,,,,,,
기발한치킨,부산광역시 동래구 온천동 707-1,3,,,,,,,,,,,,,
기발한치킨,부산광역시 동래구 온천동 707-1,4,,,,,,,,,,,,,
기발한치킨,부산광역시 동래구 온천동 707-1,5,,,,,,,,,,,,,
기발한치킨,부산광역시 동래구 온천동 707-1,6,,,,,,,,,,,,,
나폴리우럭,부산광역시 동래구 온천동 707-1,0,,,,,,,,,,,,,
나폴리우럭,부산광역시 동래구 온천동 707-1,1,,,,,,,,,,,,,
나폴리우럭,부산광역시 동래구 온천동 707-1,2,,,,,,,,,,,,,
나폴리우럭,부산광역시 동래구 온천동 707-1,3,,,,,,,,,,,,,
나폴리우럭,부산광역시 동래구 온천동 707-1,4,,,,,,,,,,,,,
나폴리우럭,부산광역시 동래구 온천동 707-1,5,,,,,,,,,,,,,
나폴리우럭,부산광역시 동래구 온천동 707-1,6,,,,,,,,,,,,,
삼산장고집,부산광역시 동래구 온천동 707-1,0,,,,,,,,,,,,,
삼산장고집,부산광역시 동래구 온천동 707-1,1,,,,,,,,,,,,,
삼산장고집,부산광역시 동래구 온천동 707-1,2,,,,,,,,,,,,,
삼산장고집,부산광역시 동래구 온천동 707-1,3,,,,,,,,,,,,,
삼산장고집,부산광역시 동래구 온천동 707-1,4,,,,,,,,,,,,,
삼산장고집,부산광역시 동래구 온천동 707-1,5,,,,,,,,,,,,,
삼산장고집,부산광역시 동래구 온천동 707-1,6,,,,,,,,,,,,,
우미정,부산광역시 동래구 온천동 707-1,0,,,,,,,,,,,,,
우미정,부산광역시 동래구 온천동 707-1,1,,,,,,,,,,,,,
우미정,부산광역시 동래구 온천동 707-1,2,,,,,,,,,,,,,
우미정,부산광역시 동래구 온천동 707-1,3,,,,,,,,,,,,,
우미정,부산광역시 동래구 온천동 707-1,4,,,,,,,,,,,,,
우미정,부산광역시 동래구 온천동 707-1,5,,,,,,,,,,,,,
우미정,부산광역시 동래구 온천동 707-1,6,,,,,,,,,,,,,
텐퍼센트동래래미안아이파크,부산광역시 동래구 온천동 707-1,0,,,,,,,,,,,,,
텐퍼센트동래래미안아이파크,부산광역시 동래구 온천동 707-1,1,,,,,,,,,,,,,
텐퍼센트동래래미안아이파크,부산광역시 동래구 온천동 707-1,2,,,,,,,,,,,,,
텐퍼센트동래래미안아이파크,부산광역시 동래구 온천동 707-1,3,,,,,,,,,,,,,
텐퍼센트동래래미안아이파크,부산광역시 동래구 온천동 707-1,4,,,,,,,,,,,,,
텐퍼센트동래래미안아이파크,부산광역시 동래구 온천동 707-1,5,,,,,,,,,,,,,
텐퍼센트동래래미안아이파크,부산광역시 동래구 온천동 707-1,6,,,,,,,,,,,,,
호맥동래럭키점,부산광역시 동래구 온천동 707-1,0,,,,,,,,,,,,,
호맥동래럭키점,부산광역시 동래구 온천동 707-1,1,,,,,,,,,,,,,
호맥동래럭키점,부산광역시 동래구 온천동 707-1,2,,,,,,,,,,,,,
호맥동래럭키점,부산광역시 동래구 온천동 707-1,3,,,,,,,,,,,,,
호맥동래럭키점,부산광역시 동래구 온천동 707-1,4,,,,,,,,,,,,,
호맥동래럭키점,부산광역시 동래구 온천동 707-1,5,,,,,,,,,,,,,
호맥동래럭키점,부산광역시 동래구 온천동 707-1,6,,,,,,,,,,,,,
희래등,부산광역시 동래구 온천동 707-1,0,,,,,,,,,,,,,
희래등,부산광역시 동래구 온천동 707-1,1,,,,,,,,,,,,,
희래등,부산광역시 동래구 온천동 707-1,2,,,,,,,,,,,,,
희래등,부산광역시 동래구 온천동 707-1,3,,,,,,,,,,,,,
희래등,부산광역시 동래구 온천동 707-1,4,,,,,,,,,,,,,
희래등,부산광역시 동래구 온천동 707-1,5,,,,,,,,,,,,,
희래등,부산광역시 동래구 온천동 707-1,6,,,,,,,,,,,,,
동래한울타리,부산광역시 동래구 온천동 707-5,0,,,,,,,,,,,,,
동래한울타리,부산광역시 동래구 온천동 707-5,1,,,,,,,,,,,,,
동래한울타리,부산광역시 동래구 온천동 707-5,2,,,,,,,,,,,,,
동래한울타리,부산광역시 동래구 온천동 707-5,3,,,,,,,,,,,,,
동래한울타리,부산광역시 동래구 온천동 707-5,4,,,,,,,,,,,,,
동래한울타리,부산광역시 동래구 온천동 707-5,5,,,,,,,,,,,,,
동래한울타리,부산광역시 동래구 온천동 707-5,6,,,,,,,,,,,,,
새올순대국,부산광역시 동래구 온천동 707-5,0,,,,,,,,,,,,,
새올순대국,부산광역시 동래구 온천동 707-5,1,,,,,,,,,,,,,
새올순대국,부산광역시 동래구 온천동 707-5,2,,,,,,,,,,,,,
새올순대국,부산광역시 동래구 온천동 707-5,3,,,,,,,,,,,,,
새올순대국,부산광역시 동래구 온천동 707-5,4,,,,,,,,,,,,,
새올순대국,부산광역시 동래구 온천동 707-5,5,,,,,,,,,,,,,
새올순대국,부산광역시 동래구 온천동 707-5,6,,,,,,,,,,,,,
서고집안동갈비,부산광역시 동래구 온천동 707-5,0,,,,,,,,,,,,,
서고집안동갈비,부산광역시 동래구 온천동 707-5,1,,,,,,,,,,,,,
서고집안동갈비,부산광역시 동래구 온천동 707-5,2,,,,,,,,,,,,,
서고집안동갈비,부산광역시 동래구 온천동 707-5,3,,,,,,,,,,,,,
서고집안동갈비,부산광역시 동래구 온천동 707-5,4,,,,,,,,,,,,,
서고집안동갈비,부산광역시 동래구 온천동 707-5,5,,,,,,,,,,,,,
서고집안동갈비,부산광역시 동래구 온천동 707-5,6,,,,,,,,,,,,,
장군시오야끼부산 1호점,부산광역시 동래구 온천동 707-5,0,,,,,,,,,,,,,
장군시오야끼부산 1호점,부산광역시 동래구 온천동 707-5,1,,,,,,,,,,,,,
장군시오야끼부산 1호점,부산광역시 동래구 온천동 707-5,2,,,,,,,,,,,,,
장군시오야끼부산 1호점,부산광역시 동래구 온천동 707-5,3,,,,,,,,,,,,,
장군시오야끼부산 1호점,부산광역시 동래구 온천동 707-5,4,,,,,,,,,,,,,
장군시오야끼부산 1호점,부산광역시 동래구 온천동 707-5,5,,,,,,,,,,,,,
장군시오야끼부산 1호점,부산광역시 동래구 온천동 707-5,6,,,,,,,,,,,,,
참소한우야밥묵자,부산광역시 동래구 온천동 724,0,,,,,,,,,,,,,
참소한우야밥묵자,부산광역시 동래구 온천동 724,1,,,,,,,,,,,,,
참소한우야밥묵자,부산광역시 동래구 온천동 724,2,,,,,,,,,,,,,
참소한우야밥묵자,부산광역시 동래구 온천동 724,3,,,,,,,,,,,,,
참소한우야밥묵자,부산광역시 동래구 온천동 724,4,,,,,,,,,,,,,
참소한우야밥묵자,부산광역시 동래구 온천동 724,5,,,,,,,,,,,,,
참소한우야밥묵자,부산광역시 동래구 온천동 724,6,,,,,,,,,,,,,
묵도리밀요리 전문점,부산광역시 동래구 온천동 724-2,0,,,,,,,,,,,,,
묵도리밀요리 전문점,부산광역시 동래구 온천동 724-2,1,,,,,,,,,,,,,
묵도리밀요리 전문점,부산광역시 동래구 온천동 724-2,2,,,,,,,,,,,,,
묵도리밀요리 전문점,부산광역시 동래구 온천동 724-2,3,,,,,,,,,,,,,
묵도리밀요리 전문점,부산광역시 동래구 온천동 724-2,4,,,,,,,,,,,,,
묵도리밀요리 전문점,부산광역시 동래구 온천동 724-2,5,,,,,,,,,,,,,
묵도리밀요리 전문점,부산광역시 동래구 온천동 724-2,6,,,,,,,,,,,,,
국민낙곱새온천장점,부산광역시 동래구 온천동 726-15,0,,,,,,,,,,,,,
국민낙곱새온천장점,부산광역시 동래구 온천동 726-15,1,,,,,,,,,,,,,
국민낙곱새온천장점,부산광역시 동래구 온천동 726-15,2,,,,,,,,,,,,,
국민낙곱새온천장점,부산광역시 동래구 온천동 726-15,3,,,,,,,,,,,,,
국민낙곱새온천장점,부산광역시 동래구 온천동 726-15,4,,,,,,,,,,,,,
국민낙곱새온천장점,부산광역시 동래구 온천동 726-15,5,,,,,,,,,,,,,
국민낙곱새온천장점,부산광역시 동래구 온천동 726-15,6,,,,,,,,,,,,,
홍가쌈밥,부산광역시 동래구 온천동 726-15,0,,,,,,,,,,,,,
홍가쌈밥,부산광역시 동래구 온천동 726-15,1,,,,,,,,,,,,,
홍가쌈밥,부산광역시 동래구 온천동 726-15,2,,,,,,,,,,,,,
홍가쌈밥,부산광역시 동래구 온천동 726-15,3,,,,,,,,,,,,,
홍가쌈밥,부산광역시 동래구 온천동 726-15,4,,,,,,,,,,,,,
홍가쌈밥,부산광역시 동래구 온천동 726-15,5,,,,,,,,,,,,,
홍가쌈밥,부산광역시 동래구 온천동 726-15,6,,,,,,,,,,,,,
강원도드래요,부산광역시 동래구 온천동 728-29,0,,,,,,,,,,,,,
강원도드래요,부산광역시 동래구 온천동 728-29,1,,,,,,,,,,,,,
강원도드래요,부산광역시 동래구 온천동 728-29,2,,,,,,,,,,,,,
강원도드래요,부산광역시 동래구 온천동 728-29,3,,,,,,,,,,,,,
강원도드래요,부산광역시 동래구 온천동 728-29,4,,,,,,,,,,,,,
강원도드래요,부산광역시 동래구 온천동 728-29,5,,,,,,,,,,,,,
강원도드래요,부산광역시 동래구 온천동 728-29,6,,,,,,,,,,,,,
오케이도매횟집,부산광역시 동래구 온천동 750-103,0,,,,,,,,,,,,,
오케이도매횟집,부산광역시 동래구 온천동 750-103,1,,,,,,,,,,,,,
오케이도매횟집,부산광역시 동래구 온천동 750-103,2,,,,,,,,,,,,,
오케이도매횟집,부산광역시 동래구 온천동 750-103,3,,,,,,,,,,,,,
오케이도매횟집,부산광역시 동래구 온천동 750-103,4,,,,,,,,,,,,,
오케이도매횟집,부산광역시 동래구 온천동 750-103,5,,,,,,,,,,,,,
오케이도매횟집,부산광역시 동래구 온천동 750-103,6,,,,,,,,,,,,,
얼크니샤브손칼국수,부산광역시 동래구 온천동 750-110,0,,,,,,,,,,,,,
얼크니샤브손칼국수,부산광역시 동래구 온천동 750-110,1,,,,,,,,,,,,,
얼크니샤브손칼국수,부산광역시 동래구 온천동 750-110,2,,,,,,,,,,,,,
얼크니샤브손칼국수,부산광역시 동래구 온천동 750-110,3,,,,,,,,,,,,,
얼크니샤브손칼국수,부산광역시 동래구 온천동 750-110,4,,,,,,,,,,,,,
얼크니샤브손칼국수,부산광역시 동래구 온천동 750-110,5,,,,,,,,,,,,,
얼크니샤브손칼국수,부산광역시 동래구 온천동 750-110,6,,,,,,,,,,,,,
원숭이브런치,부산광역시 동래구 온천동 750-16,0,,,,,,,,,,,,,
원숭이브런치,부산광역시 동래구 온천동 750-16,1,,,,,,,,,,,,,
원숭이브런치,부산광역시 동래구 온천동 750-16,2,,,,,,,,,,,,,
원숭이브런치,부산광역시 동래구 온천동 750-16,3,,,,,,,,,,,,,
원숭이브런치,부산광역시 동래구 온천동 750-16,4,,,,,,,,,,,,,
원숭이브런치,부산광역시 동래구 온천동 750-16,5,,,,,,,,,,,,,
원숭이브런치,부산광역시 동래구 온천동 750-16,6,,,,,,,,,,,,,
이인,부산광역시 동래구 온천동 750-21,0,,,,,,,,,,,,,
이인,부산광역시 동래구 온천동 750-21,1,,,,,,,,,,,,,
이인,부산광역시 동래구 온천동 750-21,2,,,,,,,,,,,,,
이인,부산광역시 동래구 온천동 750-21,3,,,,,,,,,,,,,
이인,부산광역시 동래구 온천동 750-21,4,,,,,,,,,,,,,
이인,부산광역시 동래구 온천동 750-21,5,,,,,,,,,,,,,
이인,부산광역시 동래구 온천동 750-21,6,,,,,,,,,,,,,
주택가,부산광역시 동래구 온천동 750-21,0,,,,,,,,,,,,,
주택가,부산광역시 동래구 온천동 750-21,1,,,,,,,,,,,,,
주택가,부산광역시 동래구 온천동 750-21,2,,,,,,,,,,,,,
주택가,부산광역시 동래구 온천동 750-21,3,,,,,,,,,,,,,
주택가,부산광역시 동래구 온천동 750-21,4,,,,,,,,,,,,,
주택가,부산광역시 동래구 온천동 750-21,5,,,,,,,,,,,,,
주택가,부산광역시 동래구 온천동 750-21,6,,,,,,,,,,,,,
착착국수,부산광역시 동래구 온천동 750-33,0,,,,,,,,,,,,,
착착국수,부산광역시 동래구 온천동 750-33,1,,,,,,,,,,,,,
착착국수,부산광역시 동래구 온천동 750-33,2,,,,,,,,,,,,,
착착국수,부산광역시 동래구 온천동 750-33,3,,,,,,,,,,,,,
착착국수,부산광역시 동래구 온천동 750-33,4,,,,,,,,,,,,,
착착국수,부산광역시 동래구 온천동 750-33,5,,,,,,,,,,,,,
착착국수,부산광역시 동래구 온천동 750-33,6,,,,,,,,,,,,,
여기국수,부산광역시 동래구 온천동 750-35,0,,,,,,,,,,,,,
여기국수,부산광역시 동래구 온천동 750-35,1,,,,,,,,,,,,,
여기국수,부산광역시 동래구 온천동 750-35,2,,,,,,,,,,,,,
여기국수,부산광역시 동래구 온천동 750-35,3,,,,,,,,,,,,,
여기국수,부산광역시 동래구 온천동 750-35,4,,,,,,,,,,,,,
여기국수,부산광역시 동래구 온천동 750-35,5,,,,,,,,,,,,,
여기국수,부산광역시 동래구 온천동 750-35,6,,,,,,,,,,,,,
꽃다림,부산광역시 동래구 온천동 750-55,0,,,,,,,,,,,,,
꽃다림,부산광역시 동래구 온천동 750-55,1,,,,,,,,,,,,,
꽃다림,부산광역시 동래구 온천동 750-55,2,,,,,,,,,,,,,
꽃다림,부산광역시 동래구 온천동 750-55,3,,,,,,,,,,,,,
꽃다림,부산광역시 동래구 온천동 750-55,4,,,,,,,,,,,,,
꽃다림,부산광역시 동래구 온천동 750-55,5,,,,,,,,,,,,,
꽃다림,부산광역시 동래구 온천동 750-55,6,,,,,,,,,,,,,
싱싱회,부산광역시 동래구 온천동 750-56,0,,,,,,,,,,,,,
싱싱회,부산광역시 동래구 온천동 750-56,1,,,,,,,,,,,,,
싱싱회,부산광역시 동래구 온천동 750-56,2,,,,,,,,,,,,,
싱싱회,부산광역시 동래구 온천동 750-56,3,,,,,,,,,,,,,
싱싱회,부산광역시 동래구 온천동 750-56,4,,,,,,,,,,,,,
싱싱회,부산광역시 동래구 온천동 750-56,5,,,,,,,,,,,,,
싱싱회,부산광역시 동래구 온천동 750-56,6,,,,,,,,,,,,,
함박마을함박스테이크앤파스타,부산광역시 동래구 온천동 750-57,0,,,,,,,,,,,,,
함박마을함박스테이크앤파스타,부산광역시 동래구 온천동 750-57,1,,,,,,,,,,,,,
함박마을함박스테이크앤파스타,부산광역시 동래구 온천동 750-57,2,,,,,,,,,,,,,
함박마을함박스테이크앤파스타,부산광역시 동래구 온천동 750-57,3,,,,,,,,,,,,,
함박마을함박스테이크앤파스타,부산광역시 동래구 온천동 750-57,4,,,,,,,,,,,,,
함박마을함박스테이크앤파스타,부산광역시 동래구 온천동 750-57,5,,,,,,,,,,,,,
함박마을함박스테이크앤파스타,부산광역시 동래구 온천동 750-57,6,,,,,,,,,,,,,
동주오리탕,부산광역시 동래구 온천동 750-60,0,,,,,,,,,,,,,
동주오리탕,부산광역시 동래구 온천동 750-60,1,,,,,,,,,,,,,
동주오리탕,부산광역시 동래구 온천동 750-60,2,,,,,,,,,,,,,
동주오리탕,부산광역시 동래구 온천동 750-60,3,,,,,,,,,,,,,
동주오리탕,부산광역시 동래구 온천동 750-60,4,,,,,,,,,,,,,
동주오리탕,부산광역시 동래구 온천동 750-60,5,,,,,,,,,,,,,
동주오리탕,부산광역시 동래구 온천동 750-60,6,,,,,,,,,,,,,
683온천장,부산광역시 동래구 온천동 750-61,0,,,,,,,,,,,,,
683온천장,부산광역시 동래구 온천동 750-61,1,,,,,,,,,,,,,
683온천장,부산광역시 동래구 온천동 750-61,2,,,,,,,,,,,,,
683온천장,부산광역시 동래구 온천동 750-61,3,,,,,,,,,,,,,
683온천장,부산광역시 동래구 온천동 750-61,4,,,,,,,,,,,,,
683온천장,부산광역시 동래구 온천동 750-61,5,,,,,,,,,,,,,
683온천장,부산광역시 동래구 온천동 750-61,6,,,,,,,,,,,,,
개성옥,부산광역시 동래구 온천동 750-61,0,,,,,,,,,,,,,
개성옥,부산광역시 동래구 온천동 750-61,1,,,,,,,,,,,,,
개성옥,부산광역시 동래구 온천동 750-61,2,,,,,,,,,,,,,
개성옥,부산광역시 동래구 온천동 750-61,3,,,,,,,,,,,,,
개성옥,부산광역시 동래구 온천동 750-61,4,,,,,,,,,,,,,
개성옥,부산광역시 동래구 온천동 750-61,5,,,,,,,,,,,,,
개성옥,부산광역시 동래구 온천동 750-61,6,,,,,,,,,,,,,
만족오향족발부산 동래점,부산광역시 동래구 온천동 750-61,0,,,,,,,,,,,,,
만족오향족발부산 동래점,부산광역시 동래구 온천동 750-61,1,,,,,,,,,,,,,
만족오향족발부산 동래점,부산광역시 동래구 온천동 750-61,2,,,,,,,,,,,,,
만족오향족발부산 동래점,부산광역시 동래구 온천동 750-61,3,,,,,,,,,,,,,
만족오향족발부산 동래점,부산광역시 동래구 온천동 750-61,4,,,,,,,,,,,,,
만족오향족발부산 동래점,부산광역시 동래구 온천동 750-61,5,,,,,,,,,,,,,
만족오향족발부산 동래점,부산광역시 동래구 온천동 750-61,6,,,,,,,,,,,,,
광림중국관,부산광역시 동래구 온천동 750-62,0,,,,,,,,,,,,,
광림중국관,부산광역시 동래구 온천동 750-62,1,,,,,,,,,,,,,
광림중국관,부산광역시 동래구 온천동 750-62,2,,,,,,,,,,,,,
광림중국관,부산광역시 동래구 온천동 750-62,3,,,,,,,,,,,,,
광림중국관,부산광역시 동래구 온천동 750-62,4,,,,,,,,,,,,,
광림중국관,부산광역시 동래구 온천동 750-62,5,,,,,,,,,,,,,
광림중국관,부산광역시 동래구 온천동 750-62,6,,,,,,,,,,,,,
양선비 온천점,부산광역시 동래구 온천동 750-62,0,,,,,,,,,,,,,
양선비 온천점,부산광역시 동래구 온천동 750-62,1,,,,,,,,,,,,,
양선비 온천점,부산광역시 동래구 온천동 750-62,2,,,,,,,,,,,,,
양선비 온천점,부산광역시 동래구 온천동 750-62,3,,,,,,,,,,,,,
양선비 온천점,부산광역시 동래구 온천동 750-62,4,,,,,,,,,,,,,
양선비 온천점,부산광역시 동래구 온천동 750-62,5,,,,,,,,,,,,,
양선비 온천점,부산광역시 동래구 온천동 750-62,6,,,,,,,,,,,,,
홍콩반점동래 롯데점,부산광역시 동래구 온천동 750-69,0,,,,,,,,,,,,,
홍콩반점동래 롯데점,부산광역시 동래구 온천동 750-69,1,,,,,,,,,,,,,
홍콩반점동래 롯데점,부산광역시 동래구 온천동 750-69,2,,,,,,,,,,,,,
홍콩반점동래 롯데점,부산광역시 동래구 온천동 750-69,3,,,,,,,,,,,,,
홍콩반점동래 롯데점,부산광역시 동래구 온천동 750-69,4,,,,,,,,,,,,,
홍콩반점동래 롯데점,부산광역시 동래구 온천동 750-69,5,,,,,,,,,,,,,
홍콩반점동래 롯데점,부산광역시 동래구 온천동 750-69,6,,,,,,,,,,,,,
호함평면옥,부산광역시 동래구 온천동 750-72,0,,,,,,,,,,,,,
호함평면옥,부산광역시 동래구 온천동 750-72,1,,,,,,,,,,,,,
호함평면옥,부산광역시 동래구 온천동 750-72,2,,,,,,,,,,,,,
호함평면옥,부산광역시 동래구 온천동 750-72,3,,,,,,,,,,,,,
호함평면옥,부산광역시 동래구 온천동 750-72,4,,,,,,,,,,,,,
호함평면옥,부산광역시 동래구 온천동 750-72,5,,,,,,,,,,,,,
호함평면옥,부산광역시 동래구 온천동 750-72,6,,,,,,,,,,,,,
라온,부산광역시 동래구 온천동 750-78,0,,,,,,,,,,,,,
라온,부산광역시 동래구 온천동 750-78,1,,,,,,,,,,,,,
라온,부산광역시 동래구 온천동 750-78,2,,,,,,,,,,,,,
라온,부산광역시 동래구 온천동 750-78,3,,,,,,,,,,,,,
라온,부산광역시 동래구 온천동 750-78,4,,,,,,,,,,,,,
라온,부산광역시 동래구 온천동 750-78,5,,,,,,,,,,,,,
라온,부산광역시 동래구 온천동 750-78,6,,,,,,,,,,,,,
우품,부산광역시 동래구 온천동 750-85,0,,,,,,,,,,,,,
우품,부산광역시 동래구 온천동 750-85,1,,,,,,,,,,,,,
우품,부산광역시 동래구 온천동 750-85,2,,,,,,,,,,,,,
우품,부산광역시 동래구 온천동 750-85,3,,,,,,,,,,,,,
우품,부산광역시 동래구 온천동 750-85,4,,,,,,,,,,,,,
우품,부산광역시 동래구 온천동 750-85,5,,,,,,,,,,,,,
우품,부산광역시 동래구 온천동 750-85,6,,,,,,,,,,,,,
몽뜰,부산광역시 동래구 온천동 750-87,0,,,,,,,,,,,,,
몽뜰,부산광역시 동래구 온천동 750-87,1,,,,,,,,,,,,,
몽뜰,부산광역시 동래구 온천동 750-87,2,,,,,,,,,,,,,
몽뜰,부산광역시 동래구 온천동 750-87,3,,,,,,,,,,,,,
몽뜰,부산광역시 동래구 온천동 750-87,4,,,,,,,,,,,,,
몽뜰,부산광역시 동래구 온천동 750-87,5,,,,,,,,,,,,,
몽뜰,부산광역시 동래구 온천동 750-87,6,,,,,,,,,,,,,
비비큐새 온천점,부산광역시 동래구 온천동 750-88,0,,,,,,,,,,,,,
비비큐새 온천점,부산광역시 동래구 온천동 750-88,1,,,,,,,,,,,,,
비비큐새 온천점,부산광역시 동래구 온천동 750-88,2,,,,,,,,,,,,,
비비큐새 온천점,부산광역시 동래구 온천동 750-88,3,,,,,,,,,,,,,
비비큐새 온천점,부산광역시 동래구 온천동 750-88,4,,,,,,,,,,,,,
비비큐새 온천점,부산광역시 동래구 온천동 750-88,5,,,,,,,,,,,,,
비비큐새 온천점,부산광역시 동래구 온천동 750-88,6,,,,,,,,,,,,,
미송꼬리곰탕,부산광역시 동래구 온천동 750-89,0,,,,,,,,,,,,,
미송꼬리곰탕,부산광역시 동래구 온천동 750-89,1,,,,,,,,,,,,,
미송꼬리곰탕,부산광역시 동래구 온천동 750-89,2,,,,,,,,,,,,,
미송꼬리곰탕,부산광역시 동래구 온천동 750-89,3,,,,,,,,,,,,,
미송꼬리곰탕,부산광역시 동래구 온천동 750-89,4,,,,,,,,,,,,,
미송꼬리곰탕,부산광역시 동래구 온천동 750-89,5,,,,,,,,,,,,,
미송꼬리곰탕,부산광역시 동래구 온천동 750-89,6,,,,,,,,,,,,,
소로록,부산광역시 동래구 온천동 750-90,0,,,,,,,,,,,,,
소로록,부산광역시 동래구 온천동 750-90,1,,,,,,,,,,,,,
소로록,부산광역시 동래구 온천동 750-90,2,,,,,,,,,,,,,
소로록,부산광역시 동래구 온천동 750-90,3,,,,,,,,,,,,,
소로록,부산광역시 동래구 온천동 750-90,4,,,,,,,,,,,,,
소로록,부산광역시 동래구 온천동 750-90,5,,,,,,,,,,,,,
소로록,부산광역시 동래구 온천동 750-90,6,,,,,,,,,,,,,
조개대교 동래점,부산광역시 동래구 온천동 750-92,0,,,,,,,,,,,,,
조개대교 동래점,부산광역시 동래구 온천동 750-92,1,,,,,,,,,,,,,
조개대교 동래점,부산광역시 동래구 온천동 750-92,2,,,,,,,,,,,,,
조개대교 동래점,부산광역시 동래구 온천동 750-92,3,,,,,,,,,,,,,
조개대교 동래점,부산광역시 동래구 온천동 750-92,4,,,,,,,,,,,,,
조개대교 동래점,부산광역시 동래구 온천동 750-92,5,,,,,,,,,,,,,
조개대교 동래점,부산광역시 동래구 온천동 750-92,6,,,,,,,,,,,,,
까사,부산광역시 동래구 온천동 751-10,0,,,,,,,,,,,,,
까사,부산광역시 동래구 온천동 751-10,1,,,,,,,,,,,,,
까사,부산광역시 동래구 온천동 751-10,2,,,,,,,,,,,,,
까사,부산광역시 동래구 온천동 751-10,3,,,,,,,,,,,,,
까사,부산광역시 동래구 온천동 751-10,4,,,,,,,,,,,,,
까사,부산광역시 동래구 온천동 751-10,5,,,,,,,,,,,,,
까사,부산광역시 동래구 온천동 751-10,6,,,,,,,,,,,,,
마루한,부산광역시 동래구 온천동 751-12,0,,,,,,,,,,,,,
마루한,부산광역시 동래구 온천동 751-12,1,,,,,,,,,,,,,
마루한,부산광역시 동래구 온천동 751-12,2,,,,,,,,,,,,,
마루한,부산광역시 동래구 온천동 751-12,3,,,,,,,,,,,,,
마루한,부산광역시 동래구 온천동 751-12,4,,,,,,,,,,,,,
마루한,부산광역시 동래구 온천동 751-12,5,,,,,,,,,,,,,
마루한,부산광역시 동래구 온천동 751-12,6,,,,,,,,,,,,,
이가네백년국밥,부산광역시 동래구 온천동 751-13,0,,,,,,,,,,,,,
이가네백년국밥,부산광역시 동래구 온천동 751-13,1,,,,,,,,,,,,,
이가네백년국밥,부산광역시 동래구 온천동 751-13,2,,,,,,,,,,,,,
이가네백년국밥,부산광역시 동래구 온천동 751-13,3,,,,,,,,,,,,,
이가네백년국밥,부산광역시 동래구 온천동 751-13,4,,,,,,,,,,,,,
이가네백년국밥,부산광역시 동래구 온천동 751-13,5,,,,,,,,,,,,,
이가네백년국밥,부산광역시 동래구 온천동 751-13,6,,,,,,,,,,,,,
이비벨리랩,부산광역시 동래구 온천동 751-15,0,,,,,,,,,,,,,
이비벨리랩,부산광역시 동래구 온천동 751-15,1,,,,,,,,,,,,,
이비벨리랩,부산광역시 동래구 온천동 751-15,2,,,,,,,,,,,,,
이비벨리랩,부산광역시 동래구 온천동 751-15,3,,,,,,,,,,,,,
이비벨리랩,부산광역시 동래구 온천동 751-15,4,,,,,,,,,,,,,
이비벨리랩,부산광역시 동래구 온천동 751-15,5,,,,,,,,,,,,,
이비벨리랩,부산광역시 동래구 온천동 751-15,6,,,,,,,,,,,,,
남해어촌마을,부산광역시 동래구 온천동 751-17,0,,,,,,,,,,,,,
남해어촌마을,부산광역시 동래구 온천동 751-17,1,,,,,,,,,,,,,
남해어촌마을,부산광역시 동래구 온천동 751-17,2,,,,,,,,,,,,,
남해어촌마을,부산광역시 동래구 온천동 751-17,3,,,,,,,,,,,,,
남해어촌마을,부산광역시 동래구 온천동 751-17,4,,,,,,,,,,,,,
남해어촌마을,부산광역시 동래구 온천동 751-17,5,,,,,,,,,,,,,
남해어촌마을,부산광역시 동래구 온천동 751-17,6,,,,,,,,,,,,,
오리랑메기랑,부산광역시 동래구 온천동 751-18,0,,,,,,,,,,,,,
오리랑메기랑,부산광역시 동래구 온천동 751-18,1,,,,,,,,,,,,,
오리랑메기랑,부산광역시 동래구 온천동 751-18,2,,,,,,,,,,,,,
오리랑메기랑,부산광역시 동래구 온천동 751-18,3,,,,,,,,,,,,,
오리랑메기랑,부산광역시 동래구 온천동 751-18,4,,,,,,,,,,,,,
오리랑메기랑,부산광역시 동래구 온천동 751-18,5,,,,,,,,,,,,,
오리랑메기랑,부산광역시 동래구 온천동 751-18,6,,,,,,,,,,,,,
밤꿈,부산광역시 동래구 온천동 751-5,0,,,,,,,,,,,,,
밤꿈,부산광역시 동래구 온천동 751-5,1,,,,,,,,,,,,,
밤꿈,부산광역시 동래구 온천동 751-5,2,,,,,,,,,,,,,
밤꿈,부산광역시 동래구 온천동 751-5,3,,,,,,,,,,,,,
밤꿈,부산광역시 동래구 온천동 751-5,4,,,,,,,,,,,,,
밤꿈,부산광역시 동래구 온천동 751-5,5,,,,,,,,,,,,,
밤꿈,부산광역시 동래구 온천동 751-5,6,,,,,,,,,,,,,
단지물회,부산광역시 동래구 온천동 751-7,0,,,,,,,,,,,,,
단지물회,부산광역시 동래구 온천동 751-7,1,,,,,,,,,,,,,
단지물회,부산광역시 동래구 온천동 751-7,2,,,,,,,,,,,,,
단지물회,부산광역시 동래구 온천동 751-7,3,,,,,,,,,,,,,
단지물회,부산광역시 동래구 온천동 751-7,4,,,,,,,,,,,,,
단지물회,부산광역시 동래구 온천동 751-7,5,,,,,,,,,,,,,
단지물회,부산광역시 동래구 온천동 751-7,6,,,,,,,,,,,,,
월남면반 동래점,부산광역시 동래구 온천동 751-7,0,,,,,,,,,,,,,
월남면반 동래점,부산광역시 동래구 온천동 751-7,1,,,,,,,,,,,,,
월남면반 동래점,부산광역시 동래구 온천동 751-7,2,,,,,,,,,,,,,
월남면반 동래점,부산광역시 동래구 온천동 751-7,3,,,,,,,,,,,,,
월남면반 동래점,부산광역시 동래구 온천동 751-7,4,,,,,,,,,,,,,
월남면반 동래점,부산광역시 동래구 온천동 751-7,5,,,,,,,,,,,,,
월남면반 동래점,부산광역시 동래구 온천동 751-7,6,,,,,,,,,,,,,
주양간오찬,부산광역시 동래구 온천동 771-19,0,,,,,,,,,,,,,
주양간오찬,부산광역시 동래구 온천동 771-19,1,,,,,,,,,,,,,
주양간오찬,부산광역시 동래구 온천동 771-19,2,,,,,,,,,,,,,
주양간오찬,부산광역시 동래구 온천동 771-19,3,,,,,,,,,,,,,
주양간오찬,부산광역시 동래구 온천동 771-19,4,,,,,,,,,,,,,
주양간오찬,부산광역시 동래구 온천동 771-19,5,,,,,,,,,,,,,
주양간오찬,부산광역시 동래구 온천동 771-19,6,,,,,,,,,,,,,
구디스타코,부산광역시 동래구 온천동 771-21,0,,,,,,,,,,,,,
구디스타코,부산광역시 동래구 온천동 771-21,1,,,,,,,,,,,,,
구디스타코,부산광역시 동래구 온천동 771-21,2,,,,,,,,,,,,,
구디스타코,부산광역시 동래구 온천동 771-21,3,,,,,,,,,,,,,
구디스타코,부산광역시 동래구 온천동 771-21,4,,,,,,,,,,,,,
구디스타코,부산광역시 동래구 온천동 771-21,5,,,,,,,,,,,,,
구디스타코,부산광역시 동래구 온천동 771-21,6,,,,,,,,,,,,,
연승국밥,부산광역시 동래구 온천동 771-21,0,,,,,,,,,,,,,
연승국밥,부산광역시 동래구 온천동 771-21,1,,,,,,,,,,,,,
연승국밥,부산광역시 동래구 온천동 771-21,2,,,,,,,,,,,,,
연승국밥,부산광역시 동래구 온천동 771-21,3,,,,,,,,,,,,,
연승국밥,부산광역시 동래구 온천동 771-21,4,,,,,,,,,,,,,
연승국밥,부산광역시 동래구 온천동 771-21,5,,,,,,,,,,,,,
연승국밥,부산광역시 동래구 온천동 771-21,6,,,,,,,,,,,,,
갈비둥지,부산광역시 동래구 온천동 772-10,0,,,,,,,,,,,,,
갈비둥지,부산광역시 동래구 온천동 772-10,1,,,,,,,,,,,,,
갈비둥지,부산광역시 동래구 온천동 772-10,2,,,,,,,,,,,,,
갈비둥지,부산광역시 동래구 온천동 772-10,3,,,,,,,,,,,,,
갈비둥지,부산광역시 동래구 온천동 772-10,4,,,,,,,,,,,,,
갈비둥지,부산광역시 동래구 온천동 772-10,5,,,,,,,,,,,,,
갈비둥지,부산광역시 동래구 온천동 772-10,6,,,,,,,,,,,,,
1984나폴리,부산광역시 동래구 온천동 772-3,0,,,,,,,,,,,,,
1984나폴리,부산광역시 동래구 온천동 772-3,1,,,,,,,,,,,,,
1984나폴리,부산광역시 동래구 온천동 772-3,2,,,,,,,,,,,,,
1984나폴리,부산광역시 동래구 온천동 772-3,3,,,,,,,,,,,,,
1984나폴리,부산광역시 동래구 온천동 772-3,4,,,,,,,,,,,,,
1984나폴리,부산광역시 동래구 온천동 772-3,5,,,,,,,,,,,,,
1984나폴리,부산광역시 동래구 온천동 772-3,6,,,,,,,,,,,,,
헤아릴,부산광역시 동래구 온천동 776-2,0,,,,,,,,,,,,,
헤아릴,부산광역시 동래구 온천동 776-2,1,,,,,,,,,,,,,
헤아릴,부산광역시 동래구 온천동 776-2,2,,,,,,,,,,,,,
헤아릴,부산광역시 동래구 온천동 776-2,3,,,,,,,,,,,,,
헤아릴,부산광역시 동래구 온천동 776-2,4,,,,,,,,,,,,,
헤아릴,부산광역시 동래구 온천동 776-2,5,,,,,,,,,,,,,
헤아릴,부산광역시 동래구 온천동 776-2,6,,,,,,,,,,,,,
마츠리,부산광역시 동래구 온천동 776-6,0,,,,,,,,,,,,,
마츠리,부산광역시 동래구 온천동 776-6,1,,,,,,,,,,,,,
마츠리,부산광역시 동래구 온천동 776-6,2,,,,,,,,,,,,,
마츠리,부산광역시 동래구 온천동 776-6,3,,,,,,,,,,,,,
마츠리,부산광역시 동래구 온천동 776-6,4,,,,,,,,,,,,,
마츠리,부산광역시 동래구 온천동 776-6,5,,,,,,,,,,,,,
마츠리,부산광역시 동래구 온천동 776-6,6,,,,,,,,,,,,,
동해,부산광역시 동래구 온천동 777-35,0,,,,,,,,,,,,,
동해,부산광역시 동래구 온천동 777-35,1,,,,,,,,,,,,,
동해,부산광역시 동래구 온천동 777-35,2,,,,,,,,,,,,,
동해,부산광역시 동래구 온천동 777-35,3,,,,,,,,,,,,,
동해,부산광역시 동래구 온천동 777-35,4,,,,,,,,,,,,,
동해,부산광역시 동래구 온천동 777-35,5,,,,,,,,,,,,,
동해,부산광역시 동래구 온천동 777-35,6,,,,,,,,,,,,,
내담,부산광역시 동래구 온천동 777-43,0,,,,,,,,,,,,,
내담,부산광역시 동래구 온천동 777-43,1,,,,,,,,,,,,,
내담,부산광역시 동래구 온천동 777-43,2,,,,,,,,,,,,,
내담,부산광역시 동래구 온천동 777-43,3,,,,,,,,,,,,,
내담,부산광역시 동래구 온천동 777-43,4,,,,,,,,,,,,,
내담,부산광역시 동래구 온천동 777-43,5,,,,,,,,,,,,,
내담,부산광역시 동래구 온천동 777-43,6,,,,,,,,,,,,,
꼬목살,부산광역시 동래구 온천동 777-48,0,,,,,,,,,,,,,
꼬목살,부산광역시 동래구 온천동 777-48,1,,,,,,,,,,,,,
꼬목살,부산광역시 동래구 온천동 777-48,2,,,,,,,,,,,,,
꼬목살,부산광역시 동래구 온천동 777-48,3,,,,,,,,,,,,,
꼬목살,부산광역시 동래구 온천동 777-48,4,,,,,,,,,,,,,
꼬목살,부산광역시 동래구 온천동 777-48,5,,,,,,,,,,,,,
꼬목살,부산광역시 동래구 온천동 777-48,6,,,,,,,,,,,,,
도야족발 동래점,부산광역시 동래구 온천동 777-48,0,,,,,,,,,,,,,
도야족발 동래점,부산광역시 동래구 온천동 777-48,1,,,,,,,,,,,,,
도야족발 동래점,부산광역시 동래구 온천동 777-48,2,,,,,,,,,,,,,
도야족발 동래점,부산광역시 동래구 온천동 777-48,3,,,,,,,,,,,,,
도야족발 동래점,부산광역시 동래구 온천동 777-48,4,,,,,,,,,,,,,
도야족발 동래점,부산광역시 동래구 온천동 777-48,5,,,,,,,,,,,,,
도야족발 동래점,부산광역시 동래구 온천동 777-48,6,,,,,,,,,,,,,
아이디보푸드,부산광역시 동래구 온천동 777-49,0,,,,,,,,,,,,,
아이디보푸드,부산광역시 동래구 온천동 777-49,1,,,,,,,,,,,,,
아이디보푸드,부산광역시 동래구 온천동 777-49,2,,,,,,,,,,,,,
아이디보푸드,부산광역시 동래구 온천동 777-49,3,,,,,,,,,,,,,
아이디보푸드,부산광역시 동래구 온천동 777-49,4,,,,,,,,,,,,,
아이디보푸드,부산광역시 동래구 온천동 777-49,5,,,,,,,,,,,,,
아이디보푸드,부산광역시 동래구 온천동 777-49,6,,,,,,,,,,,,,
미진축산동래 롯데점,부산광역시 동래구 온천동 777-8,0,,,,,,,,,,,,,
미진축산동래 롯데점,부산광역시 동래구 온천동 777-8,1,,,,,,,,,,,,,
미진축산동래 롯데점,부산광역시 동래구 온천동 777-8,2,,,,,,,,,,,,,
미진축산동래 롯데점,부산광역시 동래구 온천동 777-8,3,,,,,,,,,,,,,
미진축산동래 롯데점,부산광역시 동래구 온천동 777-8,4,,,,,,,,,,,,,
미진축산동래 롯데점,부산광역시 동래구 온천동 777-8,5,,,,,,,,,,,,,
미진축산동래 롯데점,부산광역시 동래구 온천동 777-8,6,,,,,,,,,,,,,
유오크,부산광역시 동래구 온천동 777-8,0,,,,,,,,,,,,,
유오크,부산광역시 동래구 온천동 777-8,1,,,,,,,,,,,,,
유오크,부산광역시 동래구 온천동 777-8,2,,,,,,,,,,,,,
유오크,부산광역시 동래구 온천동 777-8,3,,,,,,,,,,,,,
유오크,부산광역시 동래구 온천동 777-8,4,,,,,,,,,,,,,
유오크,부산광역시 동래구 온천동 777-8,5,,,,,,,,,,,,,
유오크,부산광역시 동래구 온천동 777-8,6,,,,,,,,,,,,,
백양숯불갈비 온천점,부산광역시 동래구 온천동 779,0,,,,,,,,,,,,,
백양숯불갈비 온천점,부산광역시 동래구 온천동 779,1,,,,,,,,,,,,,
백양숯불갈비 온천점,부산광역시 동래구 온천동 779,2,,,,,,,,,,,,,
백양숯불갈비 온천점,부산광역시 동래구 온천동 779,3,,,,,,,,,,,,,
백양숯불갈비 온천점,부산광역시 동래구 온천동 779,4,,,,,,,,,,,,,
백양숯불갈비 온천점,부산광역시 동래구 온천동 779,5,,,,,,,,,,,,,
백양숯불갈비 온천점,부산광역시 동래구 온천동 779,6,,,,,,,,,,,,,
해님달님,부산광역시 동래구 온천동 779,0,,,,,,,,,,,,,
해님달님,부산광역시 동래구 온천동 779,1,,,,,,,,,,,,,
해님달님,부산광역시 동래구 온천동 779,2,,,,,,,,,,,,,
해님달님,부산광역시 동래구 온천동 779,3,,,,,,,,,,,,,
해님달님,부산광역시 동래구 온천동 779,4,,,,,,,,,,,,,
해님달님,부산광역시 동래구 온천동 779,5,,,,,,,,,,,,,
해님달님,부산광역시 동래구 온천동 779,6,,,,,,,,,,,,,
비에이치씨치킨,부산광역시 동래구 온천동 779-14,0,,,,,,,,,,,,,
비에이치씨치킨,부산광역시 동래구 온천동 779-14,1,,,,,,,,,,,,,
비에이치씨치킨,부산광역시 동래구 온천동 779-14,2,,,,,,,,,,,,,
비에이치씨치킨,부산광역시 동래구 온천동 779-14,3,,,,,,,,,,,,,
비에이치씨치킨,부산광역시 동래구 온천동 779-14,4,,,,,,,,,,,,,
비에이치씨치킨,부산광역시 동래구 온천동 779-14,5,,,,,,,,,,,,,
비에이치씨치킨,부산광역시 동래구 온천동 779-14,6,,,,,,,,,,,,,
대성한우암소식육식당,부산광역시 동래구 온천동 779-17,0,,,,,,,,,,,,,
대성한우암소식육식당,부산광역시 동래구 온천동 779-17,1,,,,,,,,,,,,,
대성한우암소식육식당,부산광역시 동래구 온천동 779-17,2,,,,,,,,,,,,,
대성한우암소식육식당,부산광역시 동래구 온천동 779-17,3,,,,,,,,,,,,,
대성한우암소식육식당,부산광역시 동래구 온천동 779-17,4,,,,,,,,,,,,,
대성한우암소식육식당,부산광역시 동래구 온천동 779-17,5,,,,,,,,,,,,,
대성한우암소식육식당,부산광역시 동래구 온천동 779-17,6,,,,,,,,,,,,,
동래막창,부산광역시 동래구 온천동 779-20,0,,,,,,,,,,,,,
동래막창,부산광역시 동래구 온천동 779-20,1,,,,,,,,,,,,,
동래막창,부산광역시 동래구 온천동 779-20,2,,,,,,,,,,,,,
동래막창,부산광역시 동래구 온천동 779-20,3,,,,,,,,,,,,,
동래막창,부산광역시 동래구 온천동 779-20,4,,,,,,,,,,,,,
동래막창,부산광역시 동래구 온천동 779-20,5,,,,,,,,,,,,,
동래막창,부산광역시 동래구 온천동 779-20,6,,,,,,,,,,,,,
부막숯불닭갈비 동래점,부산광역시 동래구 온천동 779-20,0,,,,,,,,,,,,,
부막숯불닭갈비 동래점,부산광역시 동래구 온천동 779-20,1,,,,,,,,,,,,,
부막숯불닭갈비 동래점,부산광역시 동래구 온천동 779-20,2,,,,,,,,,,,,,
부막숯불닭갈비 동래점,부산광역시 동래구 온천동 779-20,3,,,,,,,,,,,,,
부막숯불닭갈비 동래점,부산광역시 동래구 온천동 779-20,4,,,,,,,,,,,,,
부막숯불닭갈비 동래점,부산광역시 동래구 온천동 779-20,5,,,,,,,,,,,,,
부막숯불닭갈비 동래점,부산광역시 동래구 온천동 779-20,6,,,,,,,,,,,,,
꼬들미트,부산광역시 동래구 온천동 779-29,0,,,,,,,,,,,,,
꼬들미트,부산광역시 동래구 온천동 779-29,1,,,,,,,,,,,,,
꼬들미트,부산광역시 동래구 온천동 779-29,2,,,,,,,,,,,,,
꼬들미트,부산광역시 동래구 온천동 779-29,3,,,,,,,,,,,,,
꼬들미트,부산광역시 동래구 온천동 779-29,4,,,,,,,,,,,,,
꼬들미트,부산광역시 동래구 온천동 779-29,5,,,,,,,,,,,,,
꼬들미트,부산광역시 동래구 온천동 779-29,6,,,,,,,,,,,,,
대구반야월막창 온천점,부산광역시 동래구 온천동 779-29,0,,,,,,,,,,,,,
대구반야월막창 온천점,부산광역시 동래구 온천동 779-29,1,,,,,,,,,,,,,
대구반야월막창 온천점,부산광역시 동래구 온천동 779-29,2,,,,,,,,,,,,,
대구반야월막창 온천점,부산광역시 동래구 온천동 779-29,3,,,,,,,,,,,,,
대구반야월막창 온천점,부산광역시 동래구 온천동 779-29,4,,,,,,,,,,,,,
대구반야월막창 온천점,부산광역시 동래구 온천동 779-29,5,,,,,,,,,,,,,
대구반야월막창 온천점,부산광역시 동래구 온천동 779-29,6,,,,,,,,,,,,,
석정갈비,부산광역시 동래구 온천동 779-29,0,,,,,,,,,,,,,
석정갈비,부산광역시 동래구 온천동 779-29,1,,,,,,,,,,,,,
석정갈비,부산광역시 동래구 온천동 779-29,2,,,,,,,,,,,,,
석정갈비,부산광역시 동래구 온천동 779-29,3,,,,,,,,,,,,,
석정갈비,부산광역시 동래구 온천동 779-29,4,,,,,,,,,,,,,
석정갈비,부산광역시 동래구 온천동 779-29,5,,,,,,,,,,,,,
석정갈비,부산광역시 동래구 온천동 779-29,6,,,,,,,,,,,,,
삼목리,부산광역시 동래구 온천동 779-35,0,,,,,,,,,,,,,
삼목리,부산광역시 동래구 온천동 779-35,1,,,,,,,,,,,,,
삼목리,부산광역시 동래구 온천동 779-35,2,,,,,,,,,,,,,
삼목리,부산광역시 동래구 온천동 779-35,3,,,,,,,,,,,,,
삼목리,부산광역시 동래구 온천동 779-35,4,,,,,,,,,,,,,
삼목리,부산광역시 동래구 온천동 779-35,5,,,,,,,,,,,,,
삼목리,부산광역시 동래구 온천동 779-35,6,,,,,,,,,,,,,
청옥숯불장어구이,부산광역시 동래구 온천동 779-37,0,,,,,,,,,,,,,
청옥숯불장어구이,부산광역시 동래구 온천동 779-37,1,,,,,,,,,,,,,
청옥숯불장어구이,부산광역시 동래구 온천동 779-37,2,,,,,,,,,,,,,
청옥숯불장어구이,부산광역시 동래구 온천동 779-37,3,,,,,,,,,,,,,
청옥숯불장어구이,부산광역시 동래구 온천동 779-37,4,,,,,,,,,,,,,
청옥숯불장어구이,부산광역시 동래구 온천동 779-37,5,,,,,,,,,,,,,
청옥숯불장어구이,부산광역시 동래구 온천동 779-37,6,,,,,,,,,,,,,
토박이산곰장어,부산광역시 동래구 온천동 779-37,0,,,,,,,,,,,,,
토박이산곰장어,부산광역시 동래구 온천동 779-37,1,,,,,,,,,,,,,
토박이산곰장어,부산광역시 동래구 온천동 779-37,2,,,,,,,,,,,,,
토박이산곰장어,부산광역시 동래구 온천동 779-37,3,,,,,,,,,,,,,
토박이산곰장어,부산광역시 동래구 온천동 779-37,4,,,,,,,,,,,,,
토박이산곰장어,부산광역시 동래구 온천동 779-37,5,,,,,,,,,,,,,
토박이산곰장어,부산광역시 동래구 온천동 779-37,6,,,,,,,,,,,,,
사랑방,부산광역시 동래구 온천동 779-45,0,,,,,,,,,,,,,
사랑방,부산광역시 동래구 온천동 779-45,1,,,,,,,,,,,,,
사랑방,부산광역시 동래구 온천동 779-45,2,,,,,,,,,,,,,
사랑방,부산광역시 동래구 온천동 779-45,3,,,,,,,,,,,,,
사랑방,부산광역시 동래구 온천동 779-45,4,,,,,,,,,,,,,
사랑방,부산광역시 동래구 온천동 779-45,5,,,,,,,,,,,,,
사랑방,부산광역시 동래구 온천동 779-45,6,,,,,,,,,,,,,
원조조방낙지,부산광역시 동래구 온천동 779-45,0,,,,,,,,,,,,,
원조조방낙지,부산광역시 동래구 온천동 779-45,1,,,,,,,,,,,,,
원조조방낙지,부산광역시 동래구 온천동 779-45,2,,,,,,,,,,,,,
원조조방낙지,부산광역시 동래구 온천동 779-45,3,,,,,,,,,,,,,
원조조방낙지,부산광역시 동래구 온천동 779-45,4,,,,,,,,,,,,,
원조조방낙지,부산광역시 동래구 온천동 779-45,5,,,,,,,,,,,,,
원조조방낙지,부산광역시 동래구 온천동 779-45,6,,,,,,,,,,,,,
백마갈비,부산광역시 동래구 온천동 779-49,0,,,,,,,,,,,,,
백마갈비,부산광역시 동래구 온천동 779-49,1,,,,,,,,,,,,,
백마갈비,부산광역시 동래구 온천동 779-49,2,,,,,,,,,,,,,
백마갈비,부산광역시 동래구 온천동 779-49,3,,,,,,,,,,,,,
백마갈비,부산광역시 동래구 온천동 779-49,4,,,,,,,,,,,,,
백마갈비,부산광역시 동래구 온천동 779-49,5,,,,,,,,,,,,,
백마갈비,부산광역시 동래구 온천동 779-49,6,,,,,,,,,,,,,
숙성의미학,부산광역시 동래구 온천동 779-49,0,,,,,,,,,,,,,
숙성의미학,부산광역시 동래구 온천동 779-49,1,,,,,,,,,,,,,
숙성의미학,부산광역시 동래구 온천동 779-49,2,,,,,,,,,,,,,
숙성의미학,부산광역시 동래구 온천동 779-49,3,,,,,,,,,,,,,
숙성의미학,부산광역시 동래구 온천동 779-49,4,,,,,,,,,,,,,
숙성의미학,부산광역시 동래구 온천동 779-49,5,,,,,,,,,,,,,
숙성의미학,부산광역시 동래구 온천동 779-49,6,,,,,,,,,,,,,
도미다리,부산광역시 동래구 온천동 779-50,0,,,,,,,,,,,,,
도미다리,부산광역시 동래구 온천동 779-50,1,,,,,,,,,,,,,
도미다리,부산광역시 동래구 온천동 779-50,2,,,,,,,,,,,,,
도미다리,부산광역시 동래구 온천동 779-50,3,,,,,,,,,,,,,
도미다리,부산광역시 동래구 온천동 779-50,4,,,,,,,,,,,,,
도미다리,부산광역시 동래구 온천동 779-50,5,,,,,,,,,,,,,
도미다리,부산광역시 동래구 온천동 779-50,6,,,,,,,,,,,,,
무적,부산광역시 동래구 온천동 779-54,0,,,,,,,,,,,,,
무적,부산광역시 동래구 온천동 779-54,1,,,,,,,,,,,,,
무적,부산광역시 동래구 온천동 779-54,2,,,,,,,,,,,,,
무적,부산광역시 동래구 온천동 779-54,3,,,,,,,,,,,,,
무적,부산광역시 동래구 온천동 779-54,4,,,,,,,,,,,,,
무적,부산광역시 동래구 온천동 779-54,5,,,,,,,,,,,,,
무적,부산광역시 동래구 온천동 779-54,6,,,,,,,,,,,,,
부산식객,부산광역시 동래구 온천동 779-54,0,,,,,,,,,,,,,
부산식객,부산광역시 동래구 온천동 779-54,1,,,,,,,,,,,,,
부산식객,부산광역시 동래구 온천동 779-54,2,,,,,,,,,,,,,
부산식객,부산광역시 동래구 온천동 779-54,3,,,,,,,,,,,,,
부산식객,부산광역시 동래구 온천동 779-54,4,,,,,,,,,,,,,
부산식객,부산광역시 동래구 온천동 779-54,5,,,,,,,,,,,,,
부산식객,부산광역시 동래구 온천동 779-54,6,,,,,,,,,,,,,
부산식객,부산광역시 동래구 온천동 779-54,0,,,,,,,,,,,,,
부산식객,부산광역시 동래구 온천동 779-54,1,,,,,,,,,,,,,
부산식객,부산광역시 동래구 온천동 779-54,2,,,,,,,,,,,,,
부산식객,부산광역시 동래구 온천동 779-54,3,,,,,,,,,,,,,
부산식객,부산광역시 동래구 온천동 779-54,4,,,,,,,,,,,,,
부산식객,부산광역시 동래구 온천동 779-54,5,,,,,,,,,,,,,
부산식객,부산광역시 동래구 온천동 779-54,6,,,,,,,,,,,,,
아구마을,부산광역시 동래구 온천동 780-8,0,,,,,,,,,,,,,
아구마을,부산광역시 동래구 온천동 780-8,1,,,,,,,,,,,,,
아구마을,부산광역시 동래구 온천동 780-8,2,,,,,,,,,,,,,
아구마을,부산광역시 동래구 온천동 780-8,3,,,,,,,,,,,,,
아구마을,부산광역시 동래구 온천동 780-8,4,,,,,,,,,,,,,
아구마을,부산광역시 동래구 온천동 780-8,5,,,,,,,,,,,,,
아구마을,부산광역시 동래구 온천동 780-8,6,,,,,,,,,,,,,
쪽신치왕,부산광역시 동래구 온천동 780-9,0,,,,,,,,,,,,,
쪽신치왕,부산광역시 동래구 온천동 780-9,1,,,,,,,,,,,,,
쪽신치왕,부산광역시 동래구 온천동 780-9,2,,,,,,,,,,,,,
쪽신치왕,부산광역시 동래구 온천동 780-9,3,,,,,,,,,,,,,
쪽신치왕,부산광역시 동래구 온천동 780-9,4,,,,,,,,,,,,,
쪽신치왕,부산광역시 동래구 온천동 780-9,5,,,,,,,,,,,,,
쪽신치왕,부산광역시 동래구 온천동 780-9,6,,,,,,,,,,,,,
마라도식당,부산광역시 동래구 온천동 782-23,0,,,,,,,,,,,,,
마라도식당,부산광역시 동래구 온천동 782-23,1,,,,,,,,,,,,,
마라도식당,부산광역시 동래구 온천동 782-23,2,,,,,,,,,,,,,
마라도식당,부산광역시 동래구 온천동 782-23,3,,,,,,,,,,,,,
마라도식당,부산광역시 동래구 온천동 782-23,4,,,,,,,,,,,,,
마라도식당,부산광역시 동래구 온천동 782-23,5,,,,,,,,,,,,,
마라도식당,부산광역시 동래구 온천동 782-23,6,,,,,,,,,,,,,
우리콩맷돌순두부,부산광역시 동래구 온천동 782-30,0,,,,,,,,,,,,,
우리콩맷돌순두부,부산광역시 동래구 온천동 782-30,1,,,,,,,,,,,,,
우리콩맷돌순두부,부산광역시 동래구 온천동 782-30,2,,,,,,,,,,,,,
우리콩맷돌순두부,부산광역시 동래구 온천동 782-30,3,,,,,,,,,,,,,
우리콩맷돌순두부,부산광역시 동래구 온천동 782-30,4,,,,,,,,,,,,,
우리콩맷돌순두부,부산광역시 동래구 온천동 782-30,5,,,,,,,,,,,,,
우리콩맷돌순두부,부산광역시 동래구 온천동 782-30,6,,,,,,,,,,,,,
한솥동래래미안 아이파크점,부산광역시 동래구 온천동 782-38,0,,,,,,,,,,,,,
한솥동래래미안 아이파크점,부산광역시 동래구 온천동 782-38,1,,,,,,,,,,,,,
한솥동래래미안 아이파크점,부산광역시 동래구 온천동 782-38,2,,,,,,,,,,,,,
한솥동래래미안 아이파크점,부산광역시 동래구 온천동 782-38,3,,,,,,,,,,,,,
한솥동래래미안 아이파크점,부산광역시 동래구 온천동 782-38,4,,,,,,,,,,,,,
한솥동래래미안 아이파크점,부산광역시 동래구 온천동 782-38,5,,,,,,,,,,,,,
한솥동래래미안 아이파크점,부산광역시 동래구 온천동 782-38,6,,,,,,,,,,,,,
일번가횟집,부산광역시 동래구 온천동 782-4,0,,,,,,,,,,,,,
일번가횟집,부산광역시 동래구 온천동 782-4,1,,,,,,,,,,,,,
일번가횟집,부산광역시 동래구 온천동 782-4,2,,,,,,,,,,,,,
일번가횟집,부산광역시 동래구 온천동 782-4,3,,,,,,,,,,,,,
일번가횟집,부산광역시 동래구 온천동 782-4,4,,,,,,,,,,,,,
일번가횟집,부산광역시 동래구 온천동 782-4,5,,,,,,,,,,,,,
일번가횟집,부산광역시 동래구 온천동 782-4,6,,,,,,,,,,,,,
동호네,부산광역시 동래구 온천동 782-415,0,,,,,,,,,,,,,
동호네,부산광역시 동래구 온천동 782-415,1,,,,,,,,,,,,,
동호네,부산광역시 동래구 온천동 782-415,2,,,,,,,,,,,,,
동호네,부산광역시 동래구 온천동 782-415,3,,,,,,,,,,,,,
동호네,부산광역시 동래구 온천동 782-415,4,,,,,,,,,,,,,
동호네,부산광역시 동래구 온천동 782-415,5,,,,,,,,,,,,,
동호네,부산광역시 동래구 온천동 782-415,6,,,,,,,,,,,,,
해성관,부산광역시 동래구 온천동 784-22,0,,,,,,,,,,,,,
해성관,부산광역시 동래구 온천동 784-22,1,,,,,,,,,,,,,
해성관,부산광역시 동래구 온천동 784-22,2,,,,,,,,,,,,,
해성관,부산광역시 동래구 온천동 784-22,3,,,,,,,,,,,,,
해성관,부산광역시 동래구 온천동 784-22,4,,,,,,,,,,,,,
해성관,부산광역시 동래구 온천동 784-22,5,,,,,,,,,,,,,
해성관,부산광역시 동래구 온천동 784-22,6,,,,,,,,,,,,,
푸라닭부산 온천점,부산광역시 동래구 온천동 785-15,0,,,,,,,,,,,,,
푸라닭부산 온천점,부산광역시 동래구 온천동 785-15,1,,,,,,,,,,,,,
푸라닭부산 온천점,부산광역시 동래구 온천동 785-15,2,,,,,,,,,,,,,
푸라닭부산 온천점,부산광역시 동래구 온천동 785-15,3,,,,,,,,,,,,,
푸라닭부산 온천점,부산광역시 동래구 온천동 785-15,4,,,,,,,,,,,,,
푸라닭부산 온천점,부산광역시 동래구 온천동 785-15,5,,,,,,,,,,,,,
푸라닭부산 온천점,부산광역시 동래구 온천동 785-15,6,,,,,,,,,,,,,
저스트컴퍼니푸줏간고기도시락동래 직영점,부산광역시 동래구 온천동 850-33,0,,,,,,,,,,,,,
저스트컴퍼니푸줏간고기도시락동래 직영점,부산광역시 동래구 온천동 850-33,1,,,,,,,,,,,,,
저스트컴퍼니푸줏간고기도시락동래 직영점,부산광역시 동래구 온천동 850-33,2,,,,,,,,,,,,,
저스트컴퍼니푸줏간고기도시락동래 직영점,부산광역시 동래구 온천동 850-33,3,,,,,,,,,,,,,
저스트컴퍼니푸줏간고기도시락동래 직영점,부산광역시 동래구 온천동 850-33,4,,,,,,,,,,,,,
저스트컴퍼니푸줏간고기도시락동래 직영점,부산광역시 동래구 온천동 850-33,5,,,,,,,,,,,,,
저스트컴퍼니푸줏간고기도시락동래 직영점,부산광역시 동래구 온천동 850-33,6,,,,,,,,,,,,,
필링굿,부산광역시 동래구 온천동 850-33,0,,,,,,,,,,,,,
필링굿,부산광역시 동래구 온천동 850-33,1,,,,,,,,,,,,,
필링굿,부산광역시 동래구 온천동 850-33,2,,,,,,,,,,,,,
필링굿,부산광역시 동래구 온천동 850-33,3,,,,,,,,,,,,,
필링굿,부산광역시 동래구 온천동 850-33,4,,,,,,,,,,,,,
필링굿,부산광역시 동래구 온천동 850-33,5,,,,,,,,,,,,,
필링굿,부산광역시 동래구 온천동 850-33,6,,,,,,,,,,,,,
육미제당부산 온천점,부산광역시 동래구 온천동 851,0,,,,,,,,,,,,,
육미제당부산 온천점,부산광역시 동래구 온천동 851,1,,,,,,,,,,,,,
육미제당부산 온천점,부산광역시 동래구 온천동 851,2,,,,,,,,,,,,,
육미제당부산 온천점,부산광역시 동래구 온천동 851,3,,,,,,,,,,,,,
육미제당부산 온천점,부산광역시 동래구 온천동 851,4,,,,,,,,,,,,,
육미제당부산 온천점,부산광역시 동래구 온천동 851,5,,,,,,,,,,,,,
육미제당부산 온천점,부산광역시 동래구 온천동 851,6,,,,,,,,,,,,,
부바스,부산광역시 동래구 온천동 871-95,0,,,,,,,,,,,,,
부바스,부산광역시 동래구 온천동 871-95,1,,,,,,,,,,,,,
부바스,부산광역시 동래구 온천동 871-95,2,,,,,,,,,,,,,
부바스,부산광역시 동래구 온천동 871-95,3,,,,,,,,,,,,,
부바스,부산광역시 동래구 온천동 871-95,4,,,,,,,,,,,,,
부바스,부산광역시 동래구 온천동 871-95,5,,,,,,,,,,,,,
부바스,부산광역시 동래구 온천동 871-95,6,,,,,,,,,,,,,
자연함바식당,부산광역시 동래구 온천동 93-44,0,,,,,,,,,,,,,
자연함바식당,부산광역시 동래구 온천동 93-44,1,,,,,,,,,,,,,
자연함바식당,부산광역시 동래구 온천동 93-44,2,,,,,,,,,,,,,
자연함바식당,부산광역시 동래구 온천동 93-44,3,,,,,,,,,,,,,
자연함바식당,부산광역시 동래구 온천동 93-44,4,,,,,,,,,,,,,
자연함바식당,부산광역시 동래구 온천동 93-44,5,,,,,,,,,,,,,
자연함바식당,부산광역시 동래구 온천동 93-44,6,,,,,,,,,,,,,
최가네소머리국밥,부산광역시 동래구 온천동 93-44,0,,,,,,,,,,,,,
최가네소머리국밥,부산광역시 동래구 온천동 93-44,1,,,,,,,,,,,,,
최가네소머리국밥,부산광역시 동래구 온천동 93-44,2,,,,,,,,,,,,,
최가네소머리국밥,부산광역시 동래구 온천동 93-44,3,,,,,,,,,,,,,
최가네소머리국밥,부산광역시 동래구 온천동 93-44,4,,,,,,,,,,,,,
최가네소머리국밥,부산광역시 동래구 온천동 93-44,5,,,,,,,,,,,,,
최가네소머리국밥,부산광역시 동래구 온천동 93-44,6,,,,,,,,,,,,,
기장전복죽,부산광역시 동래구 온천동 94-10,0,,,,,,,,,,,,,
기장전복죽,부산광역시 동래구 온천동 94-10,1,,,,,,,,,,,,,
기장전복죽,부산광역시 동래구 온천동 94-10,2,,,,,,,,,,,,,
기장전복죽,부산광역시 동래구 온천동 94-10,3,,,,,,,,,,,,,
기장전복죽,부산광역시 동래구 온천동 94-10,4,,,,,,,,,,,,,
기장전복죽,부산광역시 동래구 온천동 94-10,5,,,,,,,,,,,,,
기장전복죽,부산광역시 동래구 온천동 94-10,6,,,,,,,,,,,,,
대길갈비,부산광역시 동래구 온천동 94-19,0,,,,,,,,,,,,,
대길갈비,부산광역시 동래구 온천동 94-19,1,,,,,,,,,,,,,
대길갈비,부산광역시 동래구 온천동 94-19,2,,,,,,,,,,,,,
대길갈비,부산광역시 동래구 온천동 94-19,3,,,,,,,,,,,,,
대길갈비,부산광역시 동래구 온천동 94-19,4,,,,,,,,,,,,,
대길갈비,부산광역시 동래구 온천동 94-19,5,,,,,,,,,,,,,
대길갈비,부산광역시 동래구 온천동 94-19,6,,,,,,,,,,,,,
대길갈비,부산광역시 동래구 온천동 94-19,0,,,,,,,,,,,,,
대길갈비,부산광역시 동래구 온천동 94-19,1,,,,,,,,,,,,,
대길갈비,부산광역시 동래구 온천동 94-19,2,,,,,,,,,,,,,
대길갈비,부산광역시 동래구 온천동 94-19,3,,,,,,,,,,,,,
대길갈비,부산광역시 동래구 온천동 94-19,4,,,,,,,,,,,,,
대길갈비,부산광역시 동래구 온천동 94-19,5,,,,,,,,,,,,,
대길갈비,부산광역시 동래구 온천동 94-19,6,,,,,,,,,,,,,
구수한아구찜,부산광역시 동래구 온천동 94-20,0,,,,,,,,,,,,,
구수한아구찜,부산광역시 동래구 온천동 94-20,1,,,,,,,,,,,,,
구수한아구찜,부산광역시 동래구 온천동 94-20,2,,,,,,,,,,,,,
구수한아구찜,부산광역시 동래구 온천동 94-20,3,,,,,,,,,,,,,
구수한아구찜,부산광역시 동래구 온천동 94-20,4,,,,,,,,,,,,,
구수한아구찜,부산광역시 동래구 온천동 94-20,5,,,,,,,,,,,,,
구수한아구찜,부산광역시 동래구 온천동 94-20,6,,,,,,,,,,,,,
양은이네온천장점,부산광역시 동래구 온천동 95-12,0,,,,,,,,,,,,,
양은이네온천장점,부산광역시 동래구 온천동 95-12,1,,,,,,,,,,,,,
양은이네온천장점,부산광역시 동래구 온천동 95-12,2,,,,,,,,,,,,,
양은이네온천장점,부산광역시 동래구 온천동 95-12,3,,,,,,,,,,,,,
양은이네온천장점,부산광역시 동래구 온천동 95-12,4,,,,,,,,,,,,,
양은이네온천장점,부산광역시 동래구 온천동 95-12,5,,,,,,,,,,,,,
양은이네온천장점,부산광역시 동래구 온천동 95-12,6,,,,,,,,,,,,,
우리산곰장어,부산광역시 동래구 온천동 95-19,0,,,,,,,,,,,,,
우리산곰장어,부산광역시 동래구 온천동 95-19,1,,,,,,,,,,,,,
우리산곰장어,부산광역시 동래구 온천동 95-19,2,,,,,,,,,,,,,
우리산곰장어,부산광역시 동래구 온천동 95-19,3,,,,,,,,,,,,,
우리산곰장어,부산광역시 동래구 온천동 95-19,4,,,,,,,,,,,,,
우리산곰장어,부산광역시 동래구 온천동 95-19,5,,,,,,,,,,,,,
우리산곰장어,부산광역시 동래구 온천동 95-19,6,,,,,,,,,,,,,
천일아구찜,부산광역시 동래구 온천동 95-19,0,,,,,,,,,,,,,
천일아구찜,부산광역시 동래구 온천동 95-19,1,,,,,,,,,,,,,
천일아구찜,부산광역시 동래구 온천동 95-19,2,,,,,,,,,,,,,
천일아구찜,부산광역시 동래구 온천동 95-19,3,,,,,,,,,,,,,
천일아구찜,부산광역시 동래구 온천동 95-19,4,,,,,,,,,,,,,
천일아구찜,부산광역시 동래구 온천동 95-19,5,,,,,,,,,,,,,
천일아구찜,부산광역시 동래구 온천동 95-19,6,,,,,,,,,,,,,
온천집 한우로스구이,부산광역시 동래구 온천동 96-4,0,,,,,,,,,,,,,
온천집 한우로스구이,부산광역시 동래구 온천동 96-4,1,,,,,,,,,,,,,
온천집 한우로스구이,부산광역시 동래구 온천동 96-4,2,,,,,,,,,,,,,
온천집 한우로스구이,부산광역시 동래구 온천동 96-4,3,,,,,,,,,,,,,
온천집 한우로스구이,부산광역시 동래구 온천동 96-4,4,,,,,,,,,,,,,
온천집 한우로스구이,부산광역시 동래구 온천동 96-4,5,,,,,,,,,,,,,
온천집 한우로스구이,부산광역시 동래구 온천동 96-4,6,,,,,,,,,,,,,
소담한우촌,부산광역시 동래구 온천동 96-5,0,,,,,,,,,,,,,
소담한우촌,부산광역시 동래구 온천동 96-5,1,,,,,,,,,,,,,
소담한우촌,부산광역시 동래구 온천동 96-5,2,,,,,,,,,,,,,
소담한우촌,부산광역시 동래구 온천동 96-5,3,,,,,,,,,,,,,
소담한우촌,부산광역시 동래구 온천동 96-5,4,,,,,,,,,,,,,
소담한우촌,부산광역시 동래구 온천동 96-5,5,,,,,,,,,,,,,
소담한우촌,부산광역시 동래구 온천동 96-5,6,,,,,,,,,,,,,
함흥냉면갈비탕,부산광역시 동래구 온천동 96-5,0,,,,,,,,,,,,,
함흥냉면갈비탕,부산광역시 동래구 온천동 96-5,1,,,,,,,,,,,,,
함흥냉면갈비탕,부산광역시 동래구 온천동 96-5,2,,,,,,,,,,,,,
함흥냉면갈비탕,부산광역시 동래구 온천동 96-5,3,,,,,,,,,,,,,
함흥냉면갈비탕,부산광역시 동래구 온천동 96-5,4,,,,,,,,,,,,,
함흥냉면갈비탕,부산광역시 동래구 온천동 96-5,5,,,,,,,,,,,,,
함흥냉면갈비탕,부산광역시 동래구 온천동 96-5,6,,,,,,,,,,,,,
초원장,부산광역시 동래구 온천동 산 154-11,0,,,,,,,,,,,,,
초원장,부산광역시 동래구 온천동 산 154-11,1,,,,,,,,,,,,,
초원장,부산광역시 동래구 온천동 산 154-11,2,,,,,,,,,,,,,
초원장,부산광역시 동래구 온천동 산 154-11,3,,,,,,,,,,,,,
초원장,부산광역시 동래구 온천동 산 154-11,4,,,,,,,,,,,,,
초원장,부산광역시 동래구 온천동 산 154-11,5,,,,,,,,,,,,,
초원장,부산광역시 동래구 온천동 산 154-11,6,,,,,,,,,,,,,
금강웰빙보리밥,부산광역시 동래구 온천동 산 20-17,0,,,,,,,,,,,,,
금강웰빙보리밥,부산광역시 동래구 온천동 산 20-17,1,,,,,,,,,,,,,
금강웰빙보리밥,부산광역시 동래구 온천동 산 20-17,2,,,,,,,,,,,,,
금강웰빙보리밥,부산광역시 동래구 온천동 산 20-17,3,,,,,,,,,,,,,
금강웰빙보리밥,부산광역시 동래구 온천동 산 20-17,4,,,,,,,,,,,,,
금강웰빙보리밥,부산광역시 동래구 온천동 산 20-17,5,,,,,,,,,,,,,
금강웰빙보리밥,부산광역시 동래구 온천동 산 20-17,6,,,,,,,,,,,,,
카츠모리,부산광역시 금정구 구서동 158-3,0,11:00,21:00,,,,,,,,,,,
카츠모리,부산광역시 금정구 구서동 158-3,1,11:00,21:00,,,,,,,,,,,
카츠모리,부산광역시 금정구 구서동 158-3,2,11:00,21:00,,,,,,,,,,,
카츠모리,부산광역시 금정구 구서동 158-3,3,11:00,21:00,,,,,,,,,,,
카츠모리,부산광역시 금정구 구서동 158-3,4,11:00,21:00,,,,,,,,,,,
카츠모리,부산광역시 금정구 구서동 158-3,5,11:00,21:00,,,,,,,,,,,
카츠모리,부산광역시 금정구 구서동 158-3,6,11:00,21:00,,,,,,,,,,,
도아,부산광역시 금정구 구서동 87-32,0,11:00,21:00,15:30,17:00,20:40,,,,,,,,
도아,부산광역시 금정구 구서동 87-32,1,11:00,21:00,15:30,17:00,20:40,,,,,,,,
도아,부산광역시 금정구 구서동 87-32,2,11:00,21:00,15:30,17:00,20:40,,,,,,,,
도아,부산광역시 금정구 구서동 87-32,3,11:00,21:00,15:30,17:00,20:40,,,,,,,,
도아,부산광역시 금정구 구서동 87-32,4,11:00,21:00,15:30,17:00,20:40,,,,,,,,
도아,부산광역시 금정구 구서동 87-32,5,11:00,21:00,15:30,17:00,20:40,,,,,,,,
도아,부산광역시 금정구 구서동 87-32,6,11:00,21:00,15:30,17:00,20:40,,,,,,,,
은화수식당 동래점,부산광역시 동래구 명륜동 450-4,0,11:30,20:40,,,20:10,,,,,,,,
은화수식당 동래점,부산광역시 동래구 명륜동 450-4,1,11:30,20:40,,,20:10,,,,,,,,
은화수식당 동래점,부산광역시 동래구 명륜동 450-4,2,11:30,20:40,,,20:10,,,,,,,,
은화수식당 동래점,부산광역시 동래구 명륜동 450-4,3,11:30,20:40,,,20:10,,,,,,,,
은화수식당 동래점,부산광역시 동래구 명륜동 450-4,4,11:30,20:40,,,20:10,,,,,,,,
은화수식당 동래점,부산광역시 동래구 명륜동 450-4,5,11:30,20:40,,,20:10,,,,,,,,
은화수식당 동래점,부산광역시 동래구 명륜동 450-4,6,11:30,20:40,,,20:10,,,,,,,,
돈모리,부산광역시 금정구 구서동 637-2,0,11:30,23:00,,,,,,,,,,,
돈모리,부산광역시 금정구 구서동 637-2,1,16:00,23:00,,,,,,,,,,,
돈모리,부산광역시 금정구 구서동 637-2,2,16:00,23:00,,,,,,,,,,,
돈모리,부산광역시 금정구 구서동 637-2,3,16:00,23:00,,,,,,,,,,,
돈모리,부산광역시 금정구 구서동 637-2,4,16:00,23:00,,,,,,,,,,,
돈모리,부산광역시 금정구 구서동 637-2,5,16:00,23:00,,,,,,,,,,,
돈모리,부산광역시 금정구 구서동 637-2,6,11:30,23:00,,,,,,,,,,,
