이름,지번주소,요일,여는시간,닫는시간,브레이크 시작,브레이크 끝,라스트오더,휴무여부,비고,
떡구름,부산광역시 금정구 구서동 1005-4,0,10:00,22:00,,,,,,
떡구름,부산광역시 금정구 구서동 1005-4,1,10:00,22:00,,,,,,
떡구름,부산광역시 금정구 구서동 1005-4,2,10:00,22:00,,,,,,
떡구름,부산광역시 금정구 구서동 1005-4,3,10:00,22:00,,,,,,
떡구름,부산광역시 금정구 구서동 1005-4,4,10:00,22:00,,,,,,
떡구름,부산광역시 금정구 구서동 1005-4,5,10:00,22:00,,,,,,
떡구름,부산광역시 금정구 구서동 1005-4,6,10:00,22:00,,,,,,
금샘떡집,부산광역시 금정구 구서동 1017-35,0,,,,,,,,
금샘떡집,부산광역시 금정구 구서동 1017-35,1,,,,,,,,
금샘떡집,부산광역시 금정구 구서동 1017-35,2,,,,,,,,
금샘떡집,부산광역시 금정구 구서동 1017-35,3,,,,,,,,
금샘떡집,부산광역시 금정구 구서동 1017-35,4,,,,,,,,
금샘떡집,부산광역시 금정구 구서동 1017-35,5,,,,,,,,
금샘떡집,부산광역시 금정구 구서동 1017-35,6,,,,,,,,
다옴;떡카페,부산광역시 금정구 구서동 1049,0,,,,,,TRUE,,
다옴;떡카페,부산광역시 금정구 구서동 1049,1,9:00,19:00,,,,,,
다옴;떡카페,부산광역시 금정구 구서동 1049,2,9:00,19:00,,,,,,
다옴;떡카페,부산광역시 금정구 구서동 1049,3,9:00,19:00,,,,,,
다옴;떡카페,부산광역시 금정구 구서동 1049,4,9:00,19:00,,,,,,
다옴;떡카페,부산광역시 금정구 구서동 1049,5,9:00,19:00,,,,,,
다옴;떡카페,부산광역시 금정구 구서동 1049,6,,,,,,TRUE,,
석봉토스트,부산광역시 금정구 구서동 1049,0,,,,,,,,
석봉토스트,부산광역시 금정구 구서동 1049,1,,,,,,,,
석봉토스트,부산광역시 금정구 구서동 1049,2,,,,,,,,
석봉토스트,부산광역시 금정구 구서동 1049,3,,,,,,,,
석봉토스트,부산광역시 금정구 구서동 1049,4,,,,,,,,
석봉토스트,부산광역시 금정구 구서동 1049,5,,,,,,,,
석봉토스트,부산광역시 금정구 구서동 1049,6,,,,,,,,
명품달인김밥구서점,부산광역시 금정구 구서동 1059,0,7:00,17:00,,,,,,
명품달인김밥구서점,부산광역시 금정구 구서동 1059,1,,,,,,TRUE,,
명품달인김밥구서점,부산광역시 금정구 구서동 1059,2,7:00,19:00,,,,,,
명품달인김밥구서점,부산광역시 금정구 구서동 1059,3,7:00,19:00,,,,,,
명품달인김밥구서점,부산광역시 금정구 구서동 1059,4,7:00,19:00,,,,,,
명품달인김밥구서점,부산광역시 금정구 구서동 1059,5,7:00,19:00,,,,,,
명품달인김밥구서점,부산광역시 금정구 구서동 1059,6,7:00,17:00,,,,,,
마시꼬마김밥,부산광역시 금정구 구서동 1074,0,,,,,,,,
마시꼬마김밥,부산광역시 금정구 구서동 1074,1,,,,,,,,
마시꼬마김밥,부산광역시 금정구 구서동 1074,2,,,,,,,,
마시꼬마김밥,부산광역시 금정구 구서동 1074,3,,,,,,,,
마시꼬마김밥,부산광역시 금정구 구서동 1074,4,,,,,,,,
마시꼬마김밥,부산광역시 금정구 구서동 1074,5,,,,,,,,
마시꼬마김밥,부산광역시 금정구 구서동 1074,6,,,,,,,,
정성한끼김밥달인,부산광역시 금정구 구서동 1074,0,7:00,13:30,,,,,,
정성한끼김밥달인,부산광역시 금정구 구서동 1074,1,7:00,19:00,,,,,,
정성한끼김밥달인,부산광역시 금정구 구서동 1074,2,7:00,19:00,,,,,,
정성한끼김밥달인,부산광역시 금정구 구서동 1074,3,7:00,19:00,,,,,,
정성한끼김밥달인,부산광역시 금정구 구서동 1074,4,7:00,19:00,,,,,,
정성한끼김밥달인,부산광역시 금정구 구서동 1074,5,7:00,19:00,,,,,,
정성한끼김밥달인,부산광역시 금정구 구서동 1074,6,7:00,19:00,,,,,,
동그라미,부산광역시 금정구 구서동 1078,0,7:00,19:00,,,18:30,,,
동그라미,부산광역시 금정구 구서동 1078,1,,,,,,TRUE,,
동그라미,부산광역시 금정구 구서동 1078,2,7:00,19:00,,,18:30,,,
동그라미,부산광역시 금정구 구서동 1078,3,7:00,19:00,,,18:30,,,
동그라미,부산광역시 금정구 구서동 1078,4,7:00,19:00,,,18:30,,,
동그라미,부산광역시 금정구 구서동 1078,5,7:00,19:00,,,18:30,,,
동그라미,부산광역시 금정구 구서동 1078,6,7:00,19:00,,,18:30,,,
르팽드윤,부산광역시 금정구 구서동 1078,0,8:00,22:00,,,,,,
르팽드윤,부산광역시 금정구 구서동 1078,1,8:00,22:00,,,,,,
르팽드윤,부산광역시 금정구 구서동 1078,2,8:00,22:00,,,,,,
르팽드윤,부산광역시 금정구 구서동 1078,3,8:00,22:00,,,,,,
르팽드윤,부산광역시 금정구 구서동 1078,4,8:00,22:00,,,,,,
르팽드윤,부산광역시 금정구 구서동 1078,5,8:00,22:00,,,,,,
르팽드윤,부산광역시 금정구 구서동 1078,6,8:00,22:00,,,,,,
행복한느림보 이흥용과자점,부산광역시 금정구 구서동 140-1,0,8:00,21:00,,,,,,
행복한느림보 이흥용과자점,부산광역시 금정구 구서동 140-1,1,8:00,21:00,,,,,,
행복한느림보 이흥용과자점,부산광역시 금정구 구서동 140-1,2,8:00,21:00,,,,,,
행복한느림보 이흥용과자점,부산광역시 금정구 구서동 140-1,3,8:00,21:00,,,,,,
행복한느림보 이흥용과자점,부산광역시 금정구 구서동 140-1,4,8:00,21:00,,,,,,
행복한느림보 이흥용과자점,부산광역시 금정구 구서동 140-1,5,8:00,21:00,,,,,,
행복한느림보 이흥용과자점,부산광역시 금정구 구서동 140-1,6,8:00,21:00,,,,,,
행복밥상,부산광역시 금정구 구서동 158-16,0,,,,,,,,
행복밥상,부산광역시 금정구 구서동 158-16,1,,,,,,,,
행복밥상,부산광역시 금정구 구서동 158-16,2,,,,,,,,
행복밥상,부산광역시 금정구 구서동 158-16,3,,,,,,,,
행복밥상,부산광역시 금정구 구서동 158-16,4,,,,,,,,
행복밥상,부산광역시 금정구 구서동 158-16,5,,,,,,,,
행복밥상,부산광역시 금정구 구서동 158-16,6,,,,,,,,
땡큐이모,부산광역시 금정구 구서동 162-13,0,9:00,17:00,,,,,,
땡큐이모,부산광역시 금정구 구서동 162-13,1,9:00,19:00,,,,,,
땡큐이모,부산광역시 금정구 구서동 162-13,2,9:00,19:00,,,,,,
땡큐이모,부산광역시 금정구 구서동 162-13,3,9:00,19:00,,,,,,
땡큐이모,부산광역시 금정구 구서동 162-13,4,9:00,19:00,,,,,,
땡큐이모,부산광역시 금정구 구서동 162-13,5,9:00,19:00,,,,,,
땡큐이모,부산광역시 금정구 구서동 162-13,6,9:00,19:00,,,,,,
브레드빈,부산광역시 금정구 구서동 163-13,0,7:00,22:00,,,,,,
브레드빈,부산광역시 금정구 구서동 163-13,1,7:00,22:00,,,,,,
브레드빈,부산광역시 금정구 구서동 163-13,2,7:00,22:00,,,,,,
브레드빈,부산광역시 금정구 구서동 163-13,3,7:00,22:00,,,,,,
브레드빈,부산광역시 금정구 구서동 163-13,4,7:00,22:00,,,,,,
브레드빈,부산광역시 금정구 구서동 163-13,5,7:00,22:00,,,,,,
브레드빈,부산광역시 금정구 구서동 163-13,6,7:00,22:00,,,,,,
홍이정김밥,부산광역시 금정구 구서동 166-12,0,7:00,16:00,,,,,,
홍이정김밥,부산광역시 금정구 구서동 166-12,1,,,,,,TRUE,,
홍이정김밥,부산광역시 금정구 구서동 166-12,2,7:00,16:00,,,,,,
홍이정김밥,부산광역시 금정구 구서동 166-12,3,7:00,16:00,,,,,,
홍이정김밥,부산광역시 금정구 구서동 166-12,4,7:00,16:00,,,,,,
홍이정김밥,부산광역시 금정구 구서동 166-12,5,7:00,16:00,,,,,,
홍이정김밥,부산광역시 금정구 구서동 166-12,6,7:00,16:00,,,,,,
돈비락,부산광역시 금정구 구서동 167-96,0,,,,,,,,
돈비락,부산광역시 금정구 구서동 167-96,1,,,,,,,,
돈비락,부산광역시 금정구 구서동 167-96,2,,,,,,,,
돈비락,부산광역시 금정구 구서동 167-96,3,,,,,,,,
돈비락,부산광역시 금정구 구서동 167-96,4,,,,,,,,
돈비락,부산광역시 금정구 구서동 167-96,5,,,,,,,,
돈비락,부산광역시 금정구 구서동 167-96,6,,,,,,,,
프레제구서점,부산광역시 금정구 구서동 167-96,0,9:00,21:00,,,,,,
프레제구서점,부산광역시 금정구 구서동 167-96,1,9:00,21:00,,,,,,
프레제구서점,부산광역시 금정구 구서동 167-96,2,9:00,21:00,,,,,,
프레제구서점,부산광역시 금정구 구서동 167-96,3,9:00,21:00,,,,,,
프레제구서점,부산광역시 금정구 구서동 167-96,4,9:00,21:00,,,,,,
프레제구서점,부산광역시 금정구 구서동 167-96,5,9:00,21:00,,,,,,
프레제구서점,부산광역시 금정구 구서동 167-96,6,9:00,21:00,,,,,,
원더풀명품찹쌀꽈배기,부산광역시 금정구 구서동 175-23,0,,,,,,TRUE,,
원더풀명품찹쌀꽈배기,부산광역시 금정구 구서동 175-23,1,9:30,19:30,,,,,,
원더풀명품찹쌀꽈배기,부산광역시 금정구 구서동 175-23,2,9:30,19:30,,,,,,
원더풀명품찹쌀꽈배기,부산광역시 금정구 구서동 175-23,3,9:30,19:30,,,,,,
원더풀명품찹쌀꽈배기,부산광역시 금정구 구서동 175-23,4,9:30,19:30,,,,,,
원더풀명품찹쌀꽈배기,부산광역시 금정구 구서동 175-23,5,9:30,19:30,,,,,,
원더풀명품찹쌀꽈배기,부산광역시 금정구 구서동 175-23,6,10:00,22:00,,,,,,
몽쉐리,부산광역시 금정구 구서동 184-17,0,7:00,22:00,,,,,,
몽쉐리,부산광역시 금정구 구서동 184-17,1,7:00,22:00,,,,,,
몽쉐리,부산광역시 금정구 구서동 184-17,2,7:00,22:00,,,,,,
몽쉐리,부산광역시 금정구 구서동 184-17,3,7:00,22:00,,,,,,
몽쉐리,부산광역시 금정구 구서동 184-17,4,7:00,22:00,,,,,,
몽쉐리,부산광역시 금정구 구서동 184-17,5,7:00,22:00,,,,,,
몽쉐리,부산광역시 금정구 구서동 184-17,6,7:00,22:00,,,,,,
파리바게트두실선경점,부산광역시 금정구 구서동 184-38,0,,,,,,,,
파리바게트두실선경점,부산광역시 금정구 구서동 184-38,1,,,,,,,,
파리바게트두실선경점,부산광역시 금정구 구서동 184-38,2,,,,,,,,
파리바게트두실선경점,부산광역시 금정구 구서동 184-38,3,,,,,,,,
파리바게트두실선경점,부산광역시 금정구 구서동 184-38,4,,,,,,,,
파리바게트두실선경점,부산광역시 금정구 구서동 184-38,5,,,,,,,,
파리바게트두실선경점,부산광역시 금정구 구서동 184-38,6,,,,,,,,
돼지팥빙수,부산광역시 금정구 구서동 192-5,0,10:00,22:00,,,,,,
돼지팥빙수,부산광역시 금정구 구서동 192-5,1,10:00,22:00,,,,,,
돼지팥빙수,부산광역시 금정구 구서동 192-5,2,10:00,22:00,,,,,,
돼지팥빙수,부산광역시 금정구 구서동 192-5,3,10:00,22:00,,,,,,
돼지팥빙수,부산광역시 금정구 구서동 192-5,4,10:00,22:00,,,,,,
돼지팥빙수,부산광역시 금정구 구서동 192-5,5,10:00,22:00,,,,,,
돼지팥빙수,부산광역시 금정구 구서동 192-5,6,10:00,22:00,,,,,,
김태호과자점,부산광역시 금정구 구서동 194-7,0,,,,,,,,
김태호과자점,부산광역시 금정구 구서동 194-7,1,,,,,,,,
김태호과자점,부산광역시 금정구 구서동 194-7,2,,,,,,,,
김태호과자점,부산광역시 금정구 구서동 194-7,3,,,,,,,,
김태호과자점,부산광역시 금정구 구서동 194-7,4,,,,,,,,
김태호과자점,부산광역시 금정구 구서동 194-7,5,,,,,,,,
김태호과자점,부산광역시 금정구 구서동 194-7,6,,,,,,,,
글로벌김밥,부산광역시 금정구 구서동 203-14,0,,,,,,TRUE,,
글로벌김밥,부산광역시 금정구 구서동 203-14,1,9:00,20:00,,,,,,
글로벌김밥,부산광역시 금정구 구서동 203-14,2,9:00,20:00,,,,,,
글로벌김밥,부산광역시 금정구 구서동 203-14,3,9:00,20:00,,,,,,
글로벌김밥,부산광역시 금정구 구서동 203-14,4,9:00,20:00,,,,,,
글로벌김밥,부산광역시 금정구 구서동 203-14,5,9:00,20:00,,,,,,
글로벌김밥,부산광역시 금정구 구서동 203-14,6,9:00,20:00,,,,,,
더크로와상구서점,부산광역시 금정구 구서동 203-9,0,,,,,,,,
더크로와상구서점,부산광역시 금정구 구서동 203-9,1,,,,,,,,
더크로와상구서점,부산광역시 금정구 구서동 203-9,2,,,,,,,,
더크로와상구서점,부산광역시 금정구 구서동 203-9,3,,,,,,,,
더크로와상구서점,부산광역시 금정구 구서동 203-9,4,,,,,,,,
더크로와상구서점,부산광역시 금정구 구서동 203-9,5,,,,,,,,
더크로와상구서점,부산광역시 금정구 구서동 203-9,6,,,,,,,,
이내무목,부산광역시 금정구 구서동 246-26,0,8:30,18:00,,,17:00,,,
이내무목,부산광역시 금정구 구서동 246-26,1,,,,,,TRUE,,
이내무목,부산광역시 금정구 구서동 246-26,2,8:30,18:00,,,17:00,,,
이내무목,부산광역시 금정구 구서동 246-26,3,8:30,18:00,,,17:00,,,
이내무목,부산광역시 금정구 구서동 246-26,4,8:30,18:00,,,17:00,,,
이내무목,부산광역시 금정구 구서동 246-26,5,8:30,18:00,,,17:00,,,
이내무목,부산광역시 금정구 구서동 246-26,6,8:30,18:00,,,17:00,,,
구서김밥,부산광역시 금정구 구서동 258-10,0,7:00,19:00,,,,,,
구서김밥,부산광역시 금정구 구서동 258-10,1,7:00,19:00,,,,,,
구서김밥,부산광역시 금정구 구서동 258-10,2,7:00,19:00,,,,,,
구서김밥,부산광역시 금정구 구서동 258-10,3,7:00,19:00,,,,,,
구서김밥,부산광역시 금정구 구서동 258-10,4,7:00,19:00,,,,,,
구서김밥,부산광역시 금정구 구서동 258-10,5,7:00,19:00,,,,,,
구서김밥,부산광역시 금정구 구서동 258-10,6,7:00,19:00,,,,,,
오복떡방앗간,부산광역시 금정구 구서동 258-13,0,,,,,,,,
오복떡방앗간,부산광역시 금정구 구서동 258-13,1,,,,,,,,
오복떡방앗간,부산광역시 금정구 구서동 258-13,2,,,,,,,,
오복떡방앗간,부산광역시 금정구 구서동 258-13,3,,,,,,,,
오복떡방앗간,부산광역시 금정구 구서동 258-13,4,,,,,,,,
오복떡방앗간,부산광역시 금정구 구서동 258-13,5,,,,,,,,
오복떡방앗간,부산광역시 금정구 구서동 258-13,6,,,,,,,,
맛나프레즐,부산광역시 금정구 구서동 368,0,,,,,,,,
맛나프레즐,부산광역시 금정구 구서동 368,1,,,,,,,,
맛나프레즐,부산광역시 금정구 구서동 368,2,,,,,,,,
맛나프레즐,부산광역시 금정구 구서동 368,3,,,,,,,,
맛나프레즐,부산광역시 금정구 구서동 368,4,,,,,,,,
맛나프레즐,부산광역시 금정구 구서동 368,5,,,,,,,,
맛나프레즐,부산광역시 금정구 구서동 368,6,,,,,,,,
배스킨라빈스부산금정 이마트점,부산광역시 금정구 구서동 368,0,,,,,,,,
배스킨라빈스부산금정 이마트점,부산광역시 금정구 구서동 368,1,,,,,,,,
배스킨라빈스부산금정 이마트점,부산광역시 금정구 구서동 368,2,,,,,,,,
배스킨라빈스부산금정 이마트점,부산광역시 금정구 구서동 368,3,,,,,,,,
배스킨라빈스부산금정 이마트점,부산광역시 금정구 구서동 368,4,,,,,,,,
배스킨라빈스부산금정 이마트점,부산광역시 금정구 구서동 368,5,,,,,,,,
배스킨라빈스부산금정 이마트점,부산광역시 금정구 구서동 368,6,,,,,,,,
송사부수제고로케이마트 금정점,부산광역시 금정구 구서동 368,0,,,,,,,,
송사부수제고로케이마트 금정점,부산광역시 금정구 구서동 368,1,,,,,,,,
송사부수제고로케이마트 금정점,부산광역시 금정구 구서동 368,2,,,,,,,,
송사부수제고로케이마트 금정점,부산광역시 금정구 구서동 368,3,,,,,,,,
송사부수제고로케이마트 금정점,부산광역시 금정구 구서동 368,4,,,,,,,,
송사부수제고로케이마트 금정점,부산광역시 금정구 구서동 368,5,,,,,,,,
송사부수제고로케이마트 금정점,부산광역시 금정구 구서동 368,6,,,,,,,,
다담김밥,부산광역시 금정구 구서동 409-19,0,8:00,14:00,,,,,,
다담김밥,부산광역시 금정구 구서동 409-19,1,8:00,20:00,,,,,,
다담김밥,부산광역시 금정구 구서동 409-19,2,8:00,20:00,,,,,,
다담김밥,부산광역시 금정구 구서동 409-19,3,8:00,20:00,,,,,,
다담김밥,부산광역시 금정구 구서동 409-19,4,8:00,20:00,,,,,,
다담김밥,부산광역시 금정구 구서동 409-19,5,8:00,20:00,,,,,,
다담김밥,부산광역시 금정구 구서동 409-19,6,8:00,20:00,,,,,,
빵집오빠구서점,부산광역시 금정구 구서동 409-20,0,0:00,,,,,,,
빵집오빠구서점,부산광역시 금정구 구서동 409-20,1,0:00,,,,,,,
빵집오빠구서점,부산광역시 금정구 구서동 409-20,2,0:00,,,,,,,
빵집오빠구서점,부산광역시 금정구 구서동 409-20,3,0:00,,,,,,,
빵집오빠구서점,부산광역시 금정구 구서동 409-20,4,0:00,,,,,,,
빵집오빠구서점,부산광역시 금정구 구서동 409-20,5,0:00,,,,,,,
빵집오빠구서점,부산광역시 금정구 구서동 409-20,6,0:00,,,,,,,
디에이크,부산광역시 금정구 구서동 413-2,0,,,,,,TRUE,,
디에이크,부산광역시 금정구 구서동 413-2,1,,,,,,TRUE,,
디에이크,부산광역시 금정구 구서동 413-2,2,12:00,19:30,,,,,,
디에이크,부산광역시 금정구 구서동 413-2,3,12:00,19:30,,,,,,
디에이크,부산광역시 금정구 구서동 413-2,4,12:00,19:30,,,,,,
디에이크,부산광역시 금정구 구서동 413-2,5,12:00,19:30,,,,,,
디에이크,부산광역시 금정구 구서동 413-2,6,12:00,19:30,,,,,,
유부부구서점,부산광역시 금정구 구서동 413-37,0,10:30,21:00,,,20:40,,,
유부부구서점,부산광역시 금정구 구서동 413-37,1,10:30,21:00,,,20:40,,,
유부부구서점,부산광역시 금정구 구서동 413-37,2,10:30,21:00,,,20:40,,,
유부부구서점,부산광역시 금정구 구서동 413-37,3,10:30,21:00,,,20:40,,,
유부부구서점,부산광역시 금정구 구서동 413-37,4,10:30,21:00,,,20:40,,,
유부부구서점,부산광역시 금정구 구서동 413-37,5,10:30,21:00,,,20:40,,,
유부부구서점,부산광역시 금정구 구서동 413-37,6,10:30,21:00,,,20:40,,,
오정은a김밥구서점,부산광역시 금정구 구서동 413-8,0,8:00,21:00,,,,,,
오정은a김밥구서점,부산광역시 금정구 구서동 413-8,1,8:00,21:00,,,,,,
오정은a김밥구서점,부산광역시 금정구 구서동 413-8,2,8:00,21:00,,,,,,
오정은a김밥구서점,부산광역시 금정구 구서동 413-8,3,8:00,21:00,,,,,,
오정은a김밥구서점,부산광역시 금정구 구서동 413-8,4,8:00,21:00,,,,,,
오정은a김밥구서점,부산광역시 금정구 구서동 413-8,5,8:00,21:00,,,,,,
오정은a김밥구서점,부산광역시 금정구 구서동 413-8,6,8:00,21:00,,,,,,
떡보의하루 금정점,부산광역시 금정구 구서동 414-1,0,,,,,,,,
떡보의하루 금정점,부산광역시 금정구 구서동 414-1,1,,,,,,,,
떡보의하루 금정점,부산광역시 금정구 구서동 414-1,2,,,,,,,,
떡보의하루 금정점,부산광역시 금정구 구서동 414-1,3,,,,,,,,
떡보의하루 금정점,부산광역시 금정구 구서동 414-1,4,,,,,,,,
떡보의하루 금정점,부산광역시 금정구 구서동 414-1,5,,,,,,,,
떡보의하루 금정점,부산광역시 금정구 구서동 414-1,6,,,,,,,,
파리바게뜨구서역점,부산광역시 금정구 구서동 414-20,0,,,,,,,,
파리바게뜨구서역점,부산광역시 금정구 구서동 414-20,1,,,,,,,,
파리바게뜨구서역점,부산광역시 금정구 구서동 414-20,2,,,,,,,,
파리바게뜨구서역점,부산광역시 금정구 구서동 414-20,3,,,,,,,,
파리바게뜨구서역점,부산광역시 금정구 구서동 414-20,4,,,,,,,,
파리바게뜨구서역점,부산광역시 금정구 구서동 414-20,5,,,,,,,,
파리바게뜨구서역점,부산광역시 금정구 구서동 414-20,6,,,,,,,,
느루베이커리,부산광역시 금정구 구서동 414-3,0,7:00,22:30,,,,,,
느루베이커리,부산광역시 금정구 구서동 414-3,1,7:00,23:00,,,,,,
느루베이커리,부산광역시 금정구 구서동 414-3,2,7:00,23:00,,,,,,
느루베이커리,부산광역시 금정구 구서동 414-3,3,7:00,23:00,,,,,,
느루베이커리,부산광역시 금정구 구서동 414-3,4,7:00,23:00,,,,,,
느루베이커리,부산광역시 금정구 구서동 414-3,5,7:00,23:00,,,,,,
느루베이커리,부산광역시 금정구 구서동 414-3,6,7:00,23:00,,,,,,
배스킨라빈스구서역점,부산광역시 금정구 구서동 415-101,0,,,,,,,,
배스킨라빈스구서역점,부산광역시 금정구 구서동 415-101,1,,,,,,,,
배스킨라빈스구서역점,부산광역시 금정구 구서동 415-101,2,,,,,,,,
배스킨라빈스구서역점,부산광역시 금정구 구서동 415-101,3,,,,,,,,
배스킨라빈스구서역점,부산광역시 금정구 구서동 415-101,4,,,,,,,,
배스킨라빈스구서역점,부산광역시 금정구 구서동 415-101,5,,,,,,,,
배스킨라빈스구서역점,부산광역시 금정구 구서동 415-101,6,,,,,,,,
호도인,부산광역시 금정구 구서동 415-101,0,9:00,22:00,,,,,,
호도인,부산광역시 금정구 구서동 415-101,1,9:00,22:00,,,,,,
호도인,부산광역시 금정구 구서동 415-101,2,9:00,22:00,,,,,,
호도인,부산광역시 금정구 구서동 415-101,3,9:00,22:00,,,,,,
호도인,부산광역시 금정구 구서동 415-101,4,9:00,22:00,,,,,,
호도인,부산광역시 금정구 구서동 415-101,5,9:00,22:00,,,,,,
호도인,부산광역시 금정구 구서동 415-101,6,9:00,22:00,,,,,,
이삭토스트구서역점,부산광역시 금정구 구서동 415-2,0,10:00,21:00,,,,,,
이삭토스트구서역점,부산광역시 금정구 구서동 415-2,1,10:00,21:00,,,,,,
이삭토스트구서역점,부산광역시 금정구 구서동 415-2,2,10:00,21:00,,,,,,
이삭토스트구서역점,부산광역시 금정구 구서동 415-2,3,10:00,21:00,,,,,,
이삭토스트구서역점,부산광역시 금정구 구서동 415-2,4,10:00,21:00,,,,,,
이삭토스트구서역점,부산광역시 금정구 구서동 415-2,5,10:00,21:00,,,,,,
이삭토스트구서역점,부산광역시 금정구 구서동 415-2,6,10:00,21:00,,,,,,
바람,부산광역시 금정구 구서동 458-11,0,18:00,0:00,,,,,,
바람,부산광역시 금정구 구서동 458-11,1,18:00,0:00,,,,,,
바람,부산광역시 금정구 구서동 458-11,2,18:00,0:00,,,,,,
바람,부산광역시 금정구 구서동 458-11,3,18:00,0:00,,,,,,
바람,부산광역시 금정구 구서동 458-11,4,18:00,0:00,,,,,,
바람,부산광역시 금정구 구서동 458-11,5,18:00,0:00,,,,,,
바람,부산광역시 금정구 구서동 458-11,6,18:00,0:00,,,,,,
본비당,부산광역시 금정구 구서동 468-32,0,,,,,,,,
본비당,부산광역시 금정구 구서동 468-32,1,,,,,,,,
본비당,부산광역시 금정구 구서동 468-32,2,,,,,,,,
본비당,부산광역시 금정구 구서동 468-32,3,,,,,,,,
본비당,부산광역시 금정구 구서동 468-32,4,,,,,,,,
본비당,부산광역시 금정구 구서동 468-32,5,,,,,,,,
본비당,부산광역시 금정구 구서동 468-32,6,,,,,,,,
동남떡방앗간,부산광역시 금정구 구서동 470-1,0,,,,,,,,
동남떡방앗간,부산광역시 금정구 구서동 470-1,1,,,,,,,,
동남떡방앗간,부산광역시 금정구 구서동 470-1,2,,,,,,,,
동남떡방앗간,부산광역시 금정구 구서동 470-1,3,,,,,,,,
동남떡방앗간,부산광역시 금정구 구서동 470-1,4,,,,,,,,
동남떡방앗간,부산광역시 금정구 구서동 470-1,5,,,,,,,,
동남떡방앗간,부산광역시 금정구 구서동 470-1,6,,,,,,,,
수앙,부산광역시 금정구 구서동 472-12,0,,,,,,TRUE,,
수앙,부산광역시 금정구 구서동 472-12,1,9:00,20:00,,,,,,
수앙,부산광역시 금정구 구서동 472-12,2,9:00,20:00,,,,,,
수앙,부산광역시 금정구 구서동 472-12,3,9:00,20:00,,,,,,
수앙,부산광역시 금정구 구서동 472-12,4,9:00,20:00,,,,,,
수앙,부산광역시 금정구 구서동 472-12,5,9:00,20:00,,,,,,
수앙,부산광역시 금정구 구서동 472-12,6,9:00,19:00,,,,,,
하루밀,부산광역시 금정구 구서동 472-7,0,,,,,,TRUE,,
하루밀,부산광역시 금정구 구서동 472-7,1,,,,,,TRUE,,
하루밀,부산광역시 금정구 구서동 472-7,2,11:00,19:00,,,,,,
하루밀,부산광역시 금정구 구서동 472-7,3,11:00,19:00,,,,,,
하루밀,부산광역시 금정구 구서동 472-7,4,11:00,19:00,,,,,,
하루밀,부산광역시 금정구 구서동 472-7,5,11:00,19:00,,,,,,
하루밀,부산광역시 금정구 구서동 472-7,6,11:00,19:00,,,,,,
맛있지요/구서역점,부산광역시 금정구 구서동 475,0,,,,,,TRUE,,
맛있지요/구서역점,부산광역시 금정구 구서동 475,1,7:00,22:00,,,21:30,,,
맛있지요/구서역점,부산광역시 금정구 구서동 475,2,7:00,22:00,,,21:30,,,
맛있지요/구서역점,부산광역시 금정구 구서동 475,3,7:00,22:00,,,21:30,,,
맛있지요/구서역점,부산광역시 금정구 구서동 475,4,7:00,22:00,,,21:30,,,
맛있지요/구서역점,부산광역시 금정구 구서동 475,5,7:00,22:00,,,21:30,,,
맛있지요/구서역점,부산광역시 금정구 구서동 475,6,7:00,21:00,,,20:30,,,
김밥천국두실점,부산광역시 금정구 구서동 654-46,0,,,,,,,,
김밥천국두실점,부산광역시 금정구 구서동 654-46,1,,,,,,,,
김밥천국두실점,부산광역시 금정구 구서동 654-46,2,,,,,,,,
김밥천국두실점,부산광역시 금정구 구서동 654-46,3,,,,,,,,
김밥천국두실점,부산광역시 금정구 구서동 654-46,4,,,,,,,,
김밥천국두실점,부산광역시 금정구 구서동 654-46,5,,,,,,,,
김밥천국두실점,부산광역시 금정구 구서동 654-46,6,,,,,,,,
아가랑분식,부산광역시 금정구 구서동 654-52,0,,,,,,,,
아가랑분식,부산광역시 금정구 구서동 654-52,1,,,,,,,,
아가랑분식,부산광역시 금정구 구서동 654-52,2,,,,,,,,
아가랑분식,부산광역시 금정구 구서동 654-52,3,,,,,,,,
아가랑분식,부산광역시 금정구 구서동 654-52,4,,,,,,,,
아가랑분식,부산광역시 금정구 구서동 654-52,5,,,,,,,,
아가랑분식,부산광역시 금정구 구서동 654-52,6,,,,,,,,
별하늘,부산광역시 금정구 구서동 655-1,0,,,,,,TRUE,,
별하늘,부산광역시 금정구 구서동 655-1,1,11:00,20:30,,,,,,
별하늘,부산광역시 금정구 구서동 655-1,2,11:00,20:30,,,,,,
별하늘,부산광역시 금정구 구서동 655-1,3,11:00,20:30,,,,,,
별하늘,부산광역시 금정구 구서동 655-1,4,11:00,20:30,,,,,,
별하늘,부산광역시 금정구 구서동 655-1,5,11:00,20:30,,,,,,
별하늘,부산광역시 금정구 구서동 655-1,6,11:00,20:30,,,,,,
김밥365,부산광역시 금정구 구서동 655-18,0,,,,,,,,
김밥365,부산광역시 금정구 구서동 655-18,1,,,,,,,,
김밥365,부산광역시 금정구 구서동 655-18,2,,,,,,,,
김밥365,부산광역시 금정구 구서동 655-18,3,,,,,,,,
김밥365,부산광역시 금정구 구서동 655-18,4,,,,,,,,
김밥365,부산광역시 금정구 구서동 655-18,5,,,,,,,,
김밥365,부산광역시 금정구 구서동 655-18,6,,,,,,,,
부산구서파리바게뜨-배송비,부산광역시 금정구 구서동 656-10,0,,,,,,,,
부산구서파리바게뜨-배송비,부산광역시 금정구 구서동 656-10,1,,,,,,,,
부산구서파리바게뜨-배송비,부산광역시 금정구 구서동 656-10,2,,,,,,,,
부산구서파리바게뜨-배송비,부산광역시 금정구 구서동 656-10,3,,,,,,,,
부산구서파리바게뜨-배송비,부산광역시 금정구 구서동 656-10,4,,,,,,,,
부산구서파리바게뜨-배송비,부산광역시 금정구 구서동 656-10,5,,,,,,,,
부산구서파리바게뜨-배송비,부산광역시 금정구 구서동 656-10,6,,,,,,,,
파리바게뜨구서점,부산광역시 금정구 구서동 656-10,0,,,,,,,,
파리바게뜨구서점,부산광역시 금정구 구서동 656-10,1,,,,,,,,
파리바게뜨구서점,부산광역시 금정구 구서동 656-10,2,,,,,,,,
파리바게뜨구서점,부산광역시 금정구 구서동 656-10,3,,,,,,,,
파리바게뜨구서점,부산광역시 금정구 구서동 656-10,4,,,,,,,,
파리바게뜨구서점,부산광역시 금정구 구서동 656-10,5,,,,,,,,
파리바게뜨구서점,부산광역시 금정구 구서동 656-10,6,,,,,,,,
전통떡집,부산광역시 금정구 구서동 656-17,0,,,,,,,,
전통떡집,부산광역시 금정구 구서동 656-17,1,,,,,,,,
전통떡집,부산광역시 금정구 구서동 656-17,2,,,,,,,,
전통떡집,부산광역시 금정구 구서동 656-17,3,,,,,,,,
전통떡집,부산광역시 금정구 구서동 656-17,4,,,,,,,,
전통떡집,부산광역시 금정구 구서동 656-17,5,,,,,,,,
전통떡집,부산광역시 금정구 구서동 656-17,6,,,,,,,,
뚜레쥬르,부산광역시 금정구 구서동 718-7,0,,,,,,,,
뚜레쥬르,부산광역시 금정구 구서동 718-7,1,,,,,,,,
뚜레쥬르,부산광역시 금정구 구서동 718-7,2,,,,,,,,
뚜레쥬르,부산광역시 금정구 구서동 718-7,3,,,,,,,,
뚜레쥬르,부산광역시 금정구 구서동 718-7,4,,,,,,,,
뚜레쥬르,부산광역시 금정구 구서동 718-7,5,,,,,,,,
뚜레쥬르,부산광역시 금정구 구서동 718-7,6,,,,,,,,
고봉민김밥인구서점,부산광역시 금정구 구서동 718-9,0,8:00,20:00,,,,,,
고봉민김밥인구서점,부산광역시 금정구 구서동 718-9,1,8:00,20:00,,,,,,
고봉민김밥인구서점,부산광역시 금정구 구서동 718-9,2,8:00,20:00,,,,,,
고봉민김밥인구서점,부산광역시 금정구 구서동 718-9,3,8:00,20:00,,,,,,
고봉민김밥인구서점,부산광역시 금정구 구서동 718-9,4,8:00,20:00,,,,,,
고봉민김밥인구서점,부산광역시 금정구 구서동 718-9,5,8:00,20:00,,,,,,
고봉민김밥인구서점,부산광역시 금정구 구서동 718-9,6,8:00,20:00,,,,,,
OPS,부산광역시 금정구 구서동 718-9,0,8:00,22:00,,,,,,
OPS,부산광역시 금정구 구서동 718-9,1,8:00,22:00,,,,,,
OPS,부산광역시 금정구 구서동 718-9,2,8:00,22:00,,,,,,
OPS,부산광역시 금정구 구서동 718-9,3,8:00,22:00,,,,,,
OPS,부산광역시 금정구 구서동 718-9,4,8:00,22:00,,,,,,
OPS,부산광역시 금정구 구서동 718-9,5,8:00,22:00,,,,,,
OPS,부산광역시 금정구 구서동 718-9,6,8:00,22:00,,,,,,
신전떡볶이구서점,부산광역시 금정구 구서동 735-29,0,,,,,,,,
신전떡볶이구서점,부산광역시 금정구 구서동 735-29,1,,,,,,,,
신전떡볶이구서점,부산광역시 금정구 구서동 735-29,2,,,,,,,,
신전떡볶이구서점,부산광역시 금정구 구서동 735-29,3,,,,,,,,
신전떡볶이구서점,부산광역시 금정구 구서동 735-29,4,,,,,,,,
신전떡볶이구서점,부산광역시 금정구 구서동 735-29,5,,,,,,,,
신전떡볶이구서점,부산광역시 금정구 구서동 735-29,6,,,,,,,,
메노미니떡사랑방,부산광역시 금정구 구서동 742-17,0,,,,,,,,
메노미니떡사랑방,부산광역시 금정구 구서동 742-17,1,,,,,,,,
메노미니떡사랑방,부산광역시 금정구 구서동 742-17,2,,,,,,,,
메노미니떡사랑방,부산광역시 금정구 구서동 742-17,3,,,,,,,,
메노미니떡사랑방,부산광역시 금정구 구서동 742-17,4,,,,,,,,
메노미니떡사랑방,부산광역시 금정구 구서동 742-17,5,,,,,,,,
메노미니떡사랑방,부산광역시 금정구 구서동 742-17,6,,,,,,,,
금샘김밥,부산광역시 금정구 구서동 769-13,0,6:00,17:00,,,,,,
금샘김밥,부산광역시 금정구 구서동 769-13,1,,,,,,TRUE,,
금샘김밥,부산광역시 금정구 구서동 769-13,2,6:00,15:00,,,,,,
금샘김밥,부산광역시 금정구 구서동 769-13,3,6:00,15:00,,,,,,
금샘김밥,부산광역시 금정구 구서동 769-13,4,6:00,15:00,,,,,,
금샘김밥,부산광역시 금정구 구서동 769-13,5,6:00,15:00,,,,,,
금샘김밥,부산광역시 금정구 구서동 769-13,6,6:00,17:00,,,,,,
블룸,부산광역시 금정구 구서동 769-13,0,,,,,,,,
블룸,부산광역시 금정구 구서동 769-13,1,,,,,,,,
블룸,부산광역시 금정구 구서동 769-13,2,,,,,,,,
블룸,부산광역시 금정구 구서동 769-13,3,,,,,,,,
블룸,부산광역시 금정구 구서동 769-13,4,,,,,,,,
블룸,부산광역시 금정구 구서동 769-13,5,,,,,,,,
블룸,부산광역시 금정구 구서동 769-13,6,,,,,,,,
스페셜오더,부산광역시 금정구 구서동 774-29,0,,,,,,,,
스페셜오더,부산광역시 금정구 구서동 774-29,1,,,,,,,,
스페셜오더,부산광역시 금정구 구서동 774-29,2,,,,,,,,
스페셜오더,부산광역시 금정구 구서동 774-29,3,,,,,,,,
스페셜오더,부산광역시 금정구 구서동 774-29,4,,,,,,,,
스페셜오더,부산광역시 금정구 구서동 774-29,5,,,,,,,,
스페셜오더,부산광역시 금정구 구서동 774-29,6,,,,,,,,
떡만드는카페,부산광역시 금정구 구서동 775-4,0,9:30,22:00,,,19:00,,예약제 운영,
떡만드는카페,부산광역시 금정구 구서동 775-4,1,9:30,22:00,,,19:00,,예약제 운영,
떡만드는카페,부산광역시 금정구 구서동 775-4,2,9:30,22:00,,,19:00,,예약제 운영,
떡만드는카페,부산광역시 금정구 구서동 775-4,3,9:30,22:00,,,19:00,,예약제 운영,
떡만드는카페,부산광역시 금정구 구서동 775-4,4,9:30,22:00,,,19:00,,예약제 운영,
떡만드는카페,부산광역시 금정구 구서동 775-4,5,9:30,22:00,,,19:00,,예약제 운영,
떡만드는카페,부산광역시 금정구 구서동 775-4,6,9:30,22:00,,,19:00,,예약제 운영,
진만두가,부산광역시 금정구 구서동 816-11,0,10:00,22:00,,,,,"첫째 주, 셋째 주 일요일은 휴무",
진만두가,부산광역시 금정구 구서동 816-11,1,10:00,22:00,,,,,,
진만두가,부산광역시 금정구 구서동 816-11,2,10:00,22:00,,,,,,
진만두가,부산광역시 금정구 구서동 816-11,3,10:00,22:00,,,,,,
진만두가,부산광역시 금정구 구서동 816-11,4,10:00,22:00,,,,,,
진만두가,부산광역시 금정구 구서동 816-11,5,10:00,22:00,,,,,,
진만두가,부산광역시 금정구 구서동 816-11,6,10:00,22:00,,,,,,
선경떡방앗간,부산광역시 금정구 구서동 822-2,0,,,,,,TRUE,,
선경떡방앗간,부산광역시 금정구 구서동 822-2,1,7:00,19:00,,,,,,
선경떡방앗간,부산광역시 금정구 구서동 822-2,2,7:00,19:00,,,,,,
선경떡방앗간,부산광역시 금정구 구서동 822-2,3,7:00,19:00,,,,,,
선경떡방앗간,부산광역시 금정구 구서동 822-2,4,7:00,19:00,,,,,,
선경떡방앗간,부산광역시 금정구 구서동 822-2,5,7:00,19:00,,,,,,
선경떡방앗간,부산광역시 금정구 구서동 822-2,6,7:00,19:00,,,,,,
맛있어요,부산광역시 금정구 구서동 84-1,0,,,,,,,,
맛있어요,부산광역시 금정구 구서동 84-1,1,,,,,,,,
맛있어요,부산광역시 금정구 구서동 84-1,2,,,,,,,,
맛있어요,부산광역시 금정구 구서동 84-1,3,,,,,,,,
맛있어요,부산광역시 금정구 구서동 84-1,4,,,,,,,,
맛있어요,부산광역시 금정구 구서동 84-1,5,,,,,,,,
맛있어요,부산광역시 금정구 구서동 84-1,6,,,,,,,,
설빙구서점,부산광역시 금정구 구서동 86-55,0,,,,,,,,
설빙구서점,부산광역시 금정구 구서동 86-55,1,,,,,,,,
설빙구서점,부산광역시 금정구 구서동 86-55,2,,,,,,,,
설빙구서점,부산광역시 금정구 구서동 86-55,3,,,,,,,,
설빙구서점,부산광역시 금정구 구서동 86-55,4,,,,,,,,
설빙구서점,부산광역시 금정구 구서동 86-55,5,,,,,,,,
설빙구서점,부산광역시 금정구 구서동 86-55,6,,,,,,,,
동림떡집,부산광역시 금정구 구서동 86-8,0,,,,,,,,
동림떡집,부산광역시 금정구 구서동 86-8,1,,,,,,,,
동림떡집,부산광역시 금정구 구서동 86-8,2,,,,,,,,
동림떡집,부산광역시 금정구 구서동 86-8,3,,,,,,,,
동림떡집,부산광역시 금정구 구서동 86-8,4,,,,,,,,
동림떡집,부산광역시 금정구 구서동 86-8,5,,,,,,,,
동림떡집,부산광역시 금정구 구서동 86-8,6,,,,,,,,
돼지떡볶이,부산광역시 금정구 구서동 87-1,0,,,,,,TRUE,,
돼지떡볶이,부산광역시 금정구 구서동 87-1,1,9:00,21:30,,,,,"첫째 주, 셋째 주 월요일은 휴무",
돼지떡볶이,부산광역시 금정구 구서동 87-1,2,9:00,21:30,,,,,,
돼지떡볶이,부산광역시 금정구 구서동 87-1,3,9:00,21:30,,,,,,
돼지떡볶이,부산광역시 금정구 구서동 87-1,4,9:00,21:30,,,,,,
돼지떡볶이,부산광역시 금정구 구서동 87-1,5,9:00,21:30,,,,,,
돼지떡볶이,부산광역시 금정구 구서동 87-1,6,9:00,21:30,,,,,,
던킨부산구서점,부산광역시 금정구 구서동 87-26,0,,,,,,,,
던킨부산구서점,부산광역시 금정구 구서동 87-26,1,,,,,,,,
던킨부산구서점,부산광역시 금정구 구서동 87-26,2,,,,,,,,
던킨부산구서점,부산광역시 금정구 구서동 87-26,3,,,,,,,,
던킨부산구서점,부산광역시 금정구 구서동 87-26,4,,,,,,,,
던킨부산구서점,부산광역시 금정구 구서동 87-26,5,,,,,,,,
던킨부산구서점,부산광역시 금정구 구서동 87-26,6,,,,,,,,
이레김밥,부산광역시 금정구 구서동 87-31,0,,,,,,,,
이레김밥,부산광역시 금정구 구서동 87-31,1,,,,,,,,
이레김밥,부산광역시 금정구 구서동 87-31,2,,,,,,,,
이레김밥,부산광역시 금정구 구서동 87-31,3,,,,,,,,
이레김밥,부산광역시 금정구 구서동 87-31,4,,,,,,,,
이레김밥,부산광역시 금정구 구서동 87-31,5,,,,,,,,
이레김밥,부산광역시 금정구 구서동 87-31,6,,,,,,,,
유명토스트,부산광역시 금정구 구서동 87-9,0,,,,,,,,
유명토스트,부산광역시 금정구 구서동 87-9,1,,,,,,,,
유명토스트,부산광역시 금정구 구서동 87-9,2,,,,,,,,
유명토스트,부산광역시 금정구 구서동 87-9,3,,,,,,,,
유명토스트,부산광역시 금정구 구서동 87-9,4,,,,,,,,
유명토스트,부산광역시 금정구 구서동 87-9,5,,,,,,,,
유명토스트,부산광역시 금정구 구서동 87-9,6,,,,,,,,
중독떡볶이,부산광역시 금정구 구서동 87-9,0,10:00,20:30,,,,,,
중독떡볶이,부산광역시 금정구 구서동 87-9,1,10:00,20:30,,,,,,
중독떡볶이,부산광역시 금정구 구서동 87-9,2,10:00,20:30,,,,,,
중독떡볶이,부산광역시 금정구 구서동 87-9,3,10:00,20:30,,,,,,
중독떡볶이,부산광역시 금정구 구서동 87-9,4,10:00,20:30,,,,,,
중독떡볶이,부산광역시 금정구 구서동 87-9,5,10:00,20:30,,,,,,
중독떡볶이,부산광역시 금정구 구서동 87-9,6,10:00,20:30,,,,,,
입큰개구리,부산광역시 금정구 부곡동 18-1,0,,,,,,TRUE,,
입큰개구리,부산광역시 금정구 부곡동 18-1,1,8:00,20:00,,,,,,
입큰개구리,부산광역시 금정구 부곡동 18-1,2,8:00,20:00,,,,,,
입큰개구리,부산광역시 금정구 부곡동 18-1,3,8:00,20:00,,,,,,
입큰개구리,부산광역시 금정구 부곡동 18-1,4,8:00,20:00,,,,,,
입큰개구리,부산광역시 금정구 부곡동 18-1,5,8:00,20:00,,,,,,
입큰개구리,부산광역시 금정구 부곡동 18-1,6,,,,,,TRUE,,
2代바우떡집,부산광역시 금정구 부곡동 21-19,0,,,,,,,,
2代바우떡집,부산광역시 금정구 부곡동 21-19,1,,,,,,,,
2代바우떡집,부산광역시 금정구 부곡동 21-19,2,,,,,,,,
2代바우떡집,부산광역시 금정구 부곡동 21-19,3,,,,,,,,
2代바우떡집,부산광역시 금정구 부곡동 21-19,4,,,,,,,,
2代바우떡집,부산광역시 금정구 부곡동 21-19,5,,,,,,,,
2代바우떡집,부산광역시 금정구 부곡동 21-19,6,,,,,,,,
청춘라면,부산광역시 금정구 부곡동 22-1,0,8:00,19:00,,,,,,
청춘라면,부산광역시 금정구 부곡동 22-1,1,8:00,19:00,,,,,,
청춘라면,부산광역시 금정구 부곡동 22-1,2,8:00,19:00,,,,,,
청춘라면,부산광역시 금정구 부곡동 22-1,3,8:00,19:00,,,,,,
청춘라면,부산광역시 금정구 부곡동 22-1,4,8:00,19:00,,,,,,
청춘라면,부산광역시 금정구 부곡동 22-1,5,8:00,19:00,,,,,,
청춘라면,부산광역시 금정구 부곡동 22-1,6,8:00,19:00,,,,,,
떡아뜰리에,부산광역시 금정구 부곡동 221-11,0,,,,,,,,
떡아뜰리에,부산광역시 금정구 부곡동 221-11,1,,,,,,,,
떡아뜰리에,부산광역시 금정구 부곡동 221-11,2,,,,,,,,
떡아뜰리에,부산광역시 금정구 부곡동 221-11,3,,,,,,,,
떡아뜰리에,부산광역시 금정구 부곡동 221-11,4,,,,,,,,
떡아뜰리에,부산광역시 금정구 부곡동 221-11,5,,,,,,,,
떡아뜰리에,부산광역시 금정구 부곡동 221-11,6,,,,,,,,
기찰떡방앗간,부산광역시 금정구 부곡동 221-5,0,,,,,,TRUE,,
기찰떡방앗간,부산광역시 금정구 부곡동 221-5,1,8:00,20:00,,,,,,
기찰떡방앗간,부산광역시 금정구 부곡동 221-5,2,8:00,20:00,,,,,,
기찰떡방앗간,부산광역시 금정구 부곡동 221-5,3,8:00,20:00,,,,,,
기찰떡방앗간,부산광역시 금정구 부곡동 221-5,4,8:00,20:00,,,,,,
기찰떡방앗간,부산광역시 금정구 부곡동 221-5,5,8:00,20:00,,,,,,
기찰떡방앗간,부산광역시 금정구 부곡동 221-5,6,8:00,20:00,,,,,,
써브웨이장전지하철역점,부산광역시 금정구 부곡동 223-56,0,,,,,,,,
써브웨이장전지하철역점,부산광역시 금정구 부곡동 223-56,1,,,,,,,,
써브웨이장전지하철역점,부산광역시 금정구 부곡동 223-56,2,,,,,,,,
써브웨이장전지하철역점,부산광역시 금정구 부곡동 223-56,3,,,,,,,,
써브웨이장전지하철역점,부산광역시 금정구 부곡동 223-56,4,,,,,,,,
써브웨이장전지하철역점,부산광역시 금정구 부곡동 223-56,5,,,,,,,,
써브웨이장전지하철역점,부산광역시 금정구 부곡동 223-56,6,,,,,,,,
얌샘김밥부산장전역점,부산광역시 금정구 부곡동 223-56,0,10:00,20:30,,,,,,
얌샘김밥부산장전역점,부산광역시 금정구 부곡동 223-56,1,10:00,20:30,,,,,,
얌샘김밥부산장전역점,부산광역시 금정구 부곡동 223-56,2,10:00,20:30,,,,,,
얌샘김밥부산장전역점,부산광역시 금정구 부곡동 223-56,3,10:00,20:30,,,,,,
얌샘김밥부산장전역점,부산광역시 금정구 부곡동 223-56,4,10:00,20:30,,,,,,
얌샘김밥부산장전역점,부산광역시 금정구 부곡동 223-56,5,10:00,20:30,,,,,,
얌샘김밥부산장전역점,부산광역시 금정구 부곡동 223-56,6,10:00,20:30,,,,,,
대박떡볶이,부산광역시 금정구 부곡동 223-63,0,,,,,,,,
대박떡볶이,부산광역시 금정구 부곡동 223-63,1,,,,,,,,
대박떡볶이,부산광역시 금정구 부곡동 223-63,2,,,,,,,,
대박떡볶이,부산광역시 금정구 부곡동 223-63,3,,,,,,,,
대박떡볶이,부산광역시 금정구 부곡동 223-63,4,,,,,,,,
대박떡볶이,부산광역시 금정구 부곡동 223-63,5,,,,,,,,
대박떡볶이,부산광역시 금정구 부곡동 223-63,6,,,,,,,,
진만두가 부곡점,부산광역시 금정구 부곡동 223-70,0,,,,,,TRUE,,
진만두가 부곡점,부산광역시 금정구 부곡동 223-70,1,10:00,21:00,,,20:50,,,
진만두가 부곡점,부산광역시 금정구 부곡동 223-70,2,10:00,21:00,,,20:50,,,
진만두가 부곡점,부산광역시 금정구 부곡동 223-70,3,10:00,21:00,,,20:50,,,
진만두가 부곡점,부산광역시 금정구 부곡동 223-70,4,10:00,21:00,,,20:50,,,
진만두가 부곡점,부산광역시 금정구 부곡동 223-70,5,10:00,21:00,,,20:50,,,
진만두가 부곡점,부산광역시 금정구 부곡동 223-70,6,10:00,21:00,,,20:50,,,
원더풀꽈배기장전점,부산광역시 금정구 부곡동 225-1,0,,,,,,,,
원더풀꽈배기장전점,부산광역시 금정구 부곡동 225-1,1,,,,,,,,
원더풀꽈배기장전점,부산광역시 금정구 부곡동 225-1,2,,,,,,,,
원더풀꽈배기장전점,부산광역시 금정구 부곡동 225-1,3,,,,,,,,
원더풀꽈배기장전점,부산광역시 금정구 부곡동 225-1,4,,,,,,,,
원더풀꽈배기장전점,부산광역시 금정구 부곡동 225-1,5,,,,,,,,
원더풀꽈배기장전점,부산광역시 금정구 부곡동 225-1,6,,,,,,,,
화오뎅떡볶이,부산광역시 금정구 부곡동 225-1,0,10:00,22:00,,,,,,
화오뎅떡볶이,부산광역시 금정구 부곡동 225-1,1,10:00,22:00,,,,,,
화오뎅떡볶이,부산광역시 금정구 부곡동 225-1,2,10:00,22:00,,,,,,
화오뎅떡볶이,부산광역시 금정구 부곡동 225-1,3,10:00,22:00,,,,,,
화오뎅떡볶이,부산광역시 금정구 부곡동 225-1,4,10:00,22:00,,,,,,
화오뎅떡볶이,부산광역시 금정구 부곡동 225-1,5,10:00,22:00,,,,,,
화오뎅떡볶이,부산광역시 금정구 부곡동 225-1,6,10:00,22:00,,,,,,
배스킨라빈스부산장전역,부산광역시 금정구 부곡동 225-58,0,,,,,,,,
배스킨라빈스부산장전역,부산광역시 금정구 부곡동 225-58,1,,,,,,,,
배스킨라빈스부산장전역,부산광역시 금정구 부곡동 225-58,2,,,,,,,,
배스킨라빈스부산장전역,부산광역시 금정구 부곡동 225-58,3,,,,,,,,
배스킨라빈스부산장전역,부산광역시 금정구 부곡동 225-58,4,,,,,,,,
배스킨라빈스부산장전역,부산광역시 금정구 부곡동 225-58,5,,,,,,,,
배스킨라빈스부산장전역,부산광역시 금정구 부곡동 225-58,6,,,,,,,,
빵들리에,부산광역시 금정구 부곡동 225-58,0,7:00,23:00,,,,,,
빵들리에,부산광역시 금정구 부곡동 225-58,1,7:00,23:00,,,,,,
빵들리에,부산광역시 금정구 부곡동 225-58,2,7:00,23:00,,,,,,
빵들리에,부산광역시 금정구 부곡동 225-58,3,7:00,23:00,,,,,,
빵들리에,부산광역시 금정구 부곡동 225-58,4,7:00,23:00,,,,,,
빵들리에,부산광역시 금정구 부곡동 225-58,5,7:00,23:00,,,,,,
빵들리에,부산광역시 금정구 부곡동 225-58,6,7:00,23:00,,,,,,
대성떡집,부산광역시 금정구 부곡동 225-6,0,,,,,,,,
대성떡집,부산광역시 금정구 부곡동 225-6,1,,,,,,,,
대성떡집,부산광역시 금정구 부곡동 225-6,2,,,,,,,,
대성떡집,부산광역시 금정구 부곡동 225-6,3,,,,,,,,
대성떡집,부산광역시 금정구 부곡동 225-6,4,,,,,,,,
대성떡집,부산광역시 금정구 부곡동 225-6,5,,,,,,,,
대성떡집,부산광역시 금정구 부곡동 225-6,6,,,,,,,,
공서방떡집,부산광역시 금정구 부곡동 225-66,0,,,,,,TRUE,,
공서방떡집,부산광역시 금정구 부곡동 225-66,1,7:00,19:00,,,,,,
공서방떡집,부산광역시 금정구 부곡동 225-66,2,7:00,19:00,,,,,,
공서방떡집,부산광역시 금정구 부곡동 225-66,3,7:00,19:00,,,,,,
공서방떡집,부산광역시 금정구 부곡동 225-66,4,7:00,19:00,,,,,,
공서방떡집,부산광역시 금정구 부곡동 225-66,5,7:00,19:00,,,,,,
공서방떡집,부산광역시 금정구 부곡동 225-66,6,7:00,19:00,,,,,,
가족찬,부산광역시 금정구 부곡동 225-68,0,,,,,,TRUE,,
가족찬,부산광역시 금정구 부곡동 225-68,1,10:00,13:00,,,,,,
가족찬,부산광역시 금정구 부곡동 225-68,2,,,,,,TRUE,,
가족찬,부산광역시 금정구 부곡동 225-68,3,10:00,13:00,,,,,,
가족찬,부산광역시 금정구 부곡동 225-68,4,,,,,,TRUE,,
가족찬,부산광역시 금정구 부곡동 225-68,5,10:00,13:00,,,,,,
가족찬,부산광역시 금정구 부곡동 225-68,6,,,,,,TRUE,,
보리종파티세리,부산광역시 금정구 부곡동 244-1,0,8:30,21:30,,,,,,
보리종파티세리,부산광역시 금정구 부곡동 244-1,1,8:30,21:30,,,,,,
보리종파티세리,부산광역시 금정구 부곡동 244-1,2,8:30,21:30,,,,,,
보리종파티세리,부산광역시 금정구 부곡동 244-1,3,8:30,21:30,,,,,,
보리종파티세리,부산광역시 금정구 부곡동 244-1,4,8:30,21:30,,,,,,
보리종파티세리,부산광역시 금정구 부곡동 244-1,5,8:30,21:30,,,,,,
보리종파티세리,부산광역시 금정구 부곡동 244-1,6,8:30,21:30,,,,,,
딜리버리멀티샵,부산광역시 금정구 부곡동 244-7,0,,,,,,,,
딜리버리멀티샵,부산광역시 금정구 부곡동 244-7,1,,,,,,,,
딜리버리멀티샵,부산광역시 금정구 부곡동 244-7,2,,,,,,,,
딜리버리멀티샵,부산광역시 금정구 부곡동 244-7,3,,,,,,,,
딜리버리멀티샵,부산광역시 금정구 부곡동 244-7,4,,,,,,,,
딜리버리멀티샵,부산광역시 금정구 부곡동 244-7,5,,,,,,,,
딜리버리멀티샵,부산광역시 금정구 부곡동 244-7,6,,,,,,,,
다온아이엠분식,부산광역시 금정구 부곡동 257-26,0,,,,,,,,
다온아이엠분식,부산광역시 금정구 부곡동 257-26,1,,,,,,,,
다온아이엠분식,부산광역시 금정구 부곡동 257-26,2,,,,,,,,
다온아이엠분식,부산광역시 금정구 부곡동 257-26,3,,,,,,,,
다온아이엠분식,부산광역시 금정구 부곡동 257-26,4,,,,,,,,
다온아이엠분식,부산광역시 금정구 부곡동 257-26,5,,,,,,,,
다온아이엠분식,부산광역시 금정구 부곡동 257-26,6,,,,,,,,
할매손충무김밥,부산광역시 금정구 부곡동 267-73,0,9:00,21:00,,,,,,
할매손충무김밥,부산광역시 금정구 부곡동 267-73,1,9:00,21:00,,,,,"매월 첫째 주, 셋째 주 월요일은 휴무",
할매손충무김밥,부산광역시 금정구 부곡동 267-73,2,9:00,21:00,,,,,,
할매손충무김밥,부산광역시 금정구 부곡동 267-73,3,9:00,21:00,,,,,,
할매손충무김밥,부산광역시 금정구 부곡동 267-73,4,9:00,21:00,,,,,,
할매손충무김밥,부산광역시 금정구 부곡동 267-73,5,9:00,21:00,,,,,,
할매손충무김밥,부산광역시 금정구 부곡동 267-73,6,9:00,21:00,,,,,,
뚜레쥬르부산대푸르지오,부산광역시 금정구 부곡동 268-2,0,,,,,,,,
뚜레쥬르부산대푸르지오,부산광역시 금정구 부곡동 268-2,1,,,,,,,,
뚜레쥬르부산대푸르지오,부산광역시 금정구 부곡동 268-2,2,,,,,,,,
뚜레쥬르부산대푸르지오,부산광역시 금정구 부곡동 268-2,3,,,,,,,,
뚜레쥬르부산대푸르지오,부산광역시 금정구 부곡동 268-2,4,,,,,,,,
뚜레쥬르부산대푸르지오,부산광역시 금정구 부곡동 268-2,5,,,,,,,,
뚜레쥬르부산대푸르지오,부산광역시 금정구 부곡동 268-2,6,,,,,,,,
위티케이크,부산광역시 금정구 부곡동 268-2,0,11:00,22:00,,,,,,
위티케이크,부산광역시 금정구 부곡동 268-2,1,11:00,22:00,,,,,,
위티케이크,부산광역시 금정구 부곡동 268-2,2,11:00,22:00,,,,,,
위티케이크,부산광역시 금정구 부곡동 268-2,3,11:00,22:00,,,,,,
위티케이크,부산광역시 금정구 부곡동 268-2,4,11:00,22:00,,,,,,
위티케이크,부산광역시 금정구 부곡동 268-2,5,11:00,22:00,,,,,,
위티케이크,부산광역시 금정구 부곡동 268-2,6,11:00,22:00,,,,,,
이삭토스트부산_ 부곡점,부산광역시 금정구 부곡동 26-9,0,,,,,,,,
이삭토스트부산_ 부곡점,부산광역시 금정구 부곡동 26-9,1,,,,,,,,
이삭토스트부산_ 부곡점,부산광역시 금정구 부곡동 26-9,2,,,,,,,,
이삭토스트부산_ 부곡점,부산광역시 금정구 부곡동 26-9,3,,,,,,,,
이삭토스트부산_ 부곡점,부산광역시 금정구 부곡동 26-9,4,,,,,,,,
이삭토스트부산_ 부곡점,부산광역시 금정구 부곡동 26-9,5,,,,,,,,
이삭토스트부산_ 부곡점,부산광역시 금정구 부곡동 26-9,6,,,,,,,,
지성떡,부산광역시 금정구 부곡동 274-15,0,,,,,,,,
지성떡,부산광역시 금정구 부곡동 274-15,1,,,,,,,,
지성떡,부산광역시 금정구 부곡동 274-15,2,,,,,,,,
지성떡,부산광역시 금정구 부곡동 274-15,3,,,,,,,,
지성떡,부산광역시 금정구 부곡동 274-15,4,,,,,,,,
지성떡,부산광역시 금정구 부곡동 274-15,5,,,,,,,,
지성떡,부산광역시 금정구 부곡동 274-15,6,,,,,,,,
레이디에이치케이크,부산광역시 금정구 부곡동 275-16,0,,,,,,,,
레이디에이치케이크,부산광역시 금정구 부곡동 275-16,1,,,,,,,,
레이디에이치케이크,부산광역시 금정구 부곡동 275-16,2,,,,,,,,
레이디에이치케이크,부산광역시 금정구 부곡동 275-16,3,,,,,,,,
레이디에이치케이크,부산광역시 금정구 부곡동 275-16,4,,,,,,,,
레이디에이치케이크,부산광역시 금정구 부곡동 275-16,5,,,,,,,,
레이디에이치케이크,부산광역시 금정구 부곡동 275-16,6,,,,,,,,
팔복떡집,부산광역시 금정구 부곡동 287-19,0,7:00,10:00,,,,,,
팔복떡집,부산광역시 금정구 부곡동 287-19,1,7:00,18:00,,,,,,
팔복떡집,부산광역시 금정구 부곡동 287-19,2,7:00,18:00,,,,,,
팔복떡집,부산광역시 금정구 부곡동 287-19,3,7:00,18:00,,,,,,
팔복떡집,부산광역시 금정구 부곡동 287-19,4,7:00,18:00,,,,,,
팔복떡집,부산광역시 금정구 부곡동 287-19,5,7:00,18:00,,,,,,
팔복떡집,부산광역시 금정구 부곡동 287-19,6,7:00,18:00,,,,,,
명천떡방아간,부산광역시 금정구 부곡동 292-24,0,,,,,,,,
명천떡방아간,부산광역시 금정구 부곡동 292-24,1,,,,,,,,
명천떡방아간,부산광역시 금정구 부곡동 292-24,2,,,,,,,,
명천떡방아간,부산광역시 금정구 부곡동 292-24,3,,,,,,,,
명천떡방아간,부산광역시 금정구 부곡동 292-24,4,,,,,,,,
명천떡방아간,부산광역시 금정구 부곡동 292-24,5,,,,,,,,
명천떡방아간,부산광역시 금정구 부곡동 292-24,6,,,,,,,,
우리할매떡볶이,부산광역시 금정구 부곡동 292-36,0,11:00,21:00,,,,,,
우리할매떡볶이,부산광역시 금정구 부곡동 292-36,1,11:00,21:00,,,,,,
우리할매떡볶이,부산광역시 금정구 부곡동 292-36,2,11:00,21:00,,,,,,
우리할매떡볶이,부산광역시 금정구 부곡동 292-36,3,11:00,21:00,,,,,,
우리할매떡볶이,부산광역시 금정구 부곡동 292-36,4,11:00,21:00,,,,,,
우리할매떡볶이,부산광역시 금정구 부곡동 292-36,5,11:00,21:00,,,,,,
우리할매떡볶이,부산광역시 금정구 부곡동 292-36,6,11:00,21:00,,,,,,
쫀떡쫀떡,부산광역시 금정구 부곡동 293-1,0,,,,,,,,
쫀떡쫀떡,부산광역시 금정구 부곡동 293-1,1,,,,,,,,
쫀떡쫀떡,부산광역시 금정구 부곡동 293-1,2,,,,,,,,
쫀떡쫀떡,부산광역시 금정구 부곡동 293-1,3,,,,,,,,
쫀떡쫀떡,부산광역시 금정구 부곡동 293-1,4,,,,,,,,
쫀떡쫀떡,부산광역시 금정구 부곡동 293-1,5,,,,,,,,
쫀떡쫀떡,부산광역시 금정구 부곡동 293-1,6,,,,,,,,
당신은빙수가땡긴다 부산대점,부산광역시 금정구 부곡동 293-24,0,,,,,,,,
당신은빙수가땡긴다 부산대점,부산광역시 금정구 부곡동 293-24,1,,,,,,,,
당신은빙수가땡긴다 부산대점,부산광역시 금정구 부곡동 293-24,2,,,,,,,,
당신은빙수가땡긴다 부산대점,부산광역시 금정구 부곡동 293-24,3,,,,,,,,
당신은빙수가땡긴다 부산대점,부산광역시 금정구 부곡동 293-24,4,,,,,,,,
당신은빙수가땡긴다 부산대점,부산광역시 금정구 부곡동 293-24,5,,,,,,,,
당신은빙수가땡긴다 부산대점,부산광역시 금정구 부곡동 293-24,6,,,,,,,,
김밥나라,부산광역시 금정구 부곡동 295-16,0,,,,,,,,
김밥나라,부산광역시 금정구 부곡동 295-16,1,,,,,,,,
김밥나라,부산광역시 금정구 부곡동 295-16,2,,,,,,,,
김밥나라,부산광역시 금정구 부곡동 295-16,3,,,,,,,,
김밥나라,부산광역시 금정구 부곡동 295-16,4,,,,,,,,
김밥나라,부산광역시 금정구 부곡동 295-16,5,,,,,,,,
김밥나라,부산광역시 금정구 부곡동 295-16,6,,,,,,,,
부림분식,부산광역시 금정구 부곡동 295-27,0,,,,,,,,
부림분식,부산광역시 금정구 부곡동 295-27,1,,,,,,,,
부림분식,부산광역시 금정구 부곡동 295-27,2,,,,,,,,
부림분식,부산광역시 금정구 부곡동 295-27,3,,,,,,,,
부림분식,부산광역시 금정구 부곡동 295-27,4,,,,,,,,
부림분식,부산광역시 금정구 부곡동 295-27,5,,,,,,,,
부림분식,부산광역시 금정구 부곡동 295-27,6,,,,,,,,
맛짱떡볶이,부산광역시 금정구 부곡동 296-1,0,11:00,22:00,,,,,,
맛짱떡볶이,부산광역시 금정구 부곡동 296-1,1,11:00,22:00,,,,,,
맛짱떡볶이,부산광역시 금정구 부곡동 296-1,2,11:00,22:00,,,,,,
맛짱떡볶이,부산광역시 금정구 부곡동 296-1,3,11:00,22:00,,,,,,
맛짱떡볶이,부산광역시 금정구 부곡동 296-1,4,11:00,22:00,,,,,,
맛짱떡볶이,부산광역시 금정구 부곡동 296-1,5,11:00,22:00,,,,,,
맛짱떡볶이,부산광역시 금정구 부곡동 296-1,6,11:00,22:00,,,,,,
브레드빈,부산광역시 금정구 부곡동 296-100,0,,,,,,,,
브레드빈,부산광역시 금정구 부곡동 296-100,1,,,,,,,,
브레드빈,부산광역시 금정구 부곡동 296-100,2,,,,,,,,
브레드빈,부산광역시 금정구 부곡동 296-100,3,,,,,,,,
브레드빈,부산광역시 금정구 부곡동 296-100,4,,,,,,,,
브레드빈,부산광역시 금정구 부곡동 296-100,5,,,,,,,,
브레드빈,부산광역시 금정구 부곡동 296-100,6,,,,,,,,
필리밀 부곡점,부산광역시 금정구 부곡동 296-48,0,12:30,17:00,,,,,,
필리밀 부곡점,부산광역시 금정구 부곡동 296-48,1,10:00,19:00,,,,,,
필리밀 부곡점,부산광역시 금정구 부곡동 296-48,2,10:00,19:00,,,,,,
필리밀 부곡점,부산광역시 금정구 부곡동 296-48,3,10:00,19:00,,,,,,
필리밀 부곡점,부산광역시 금정구 부곡동 296-48,4,10:00,19:00,,,,,,
필리밀 부곡점,부산광역시 금정구 부곡동 296-48,5,10:00,19:00,,,,,,
필리밀 부곡점,부산광역시 금정구 부곡동 296-48,6,,,,,,TRUE,,
파리바게뜨부산대역점,부산광역시 금정구 부곡동 298-14,0,,,,,,,,
파리바게뜨부산대역점,부산광역시 금정구 부곡동 298-14,1,,,,,,,,
파리바게뜨부산대역점,부산광역시 금정구 부곡동 298-14,2,,,,,,,,
파리바게뜨부산대역점,부산광역시 금정구 부곡동 298-14,3,,,,,,,,
파리바게뜨부산대역점,부산광역시 금정구 부곡동 298-14,4,,,,,,,,
파리바게뜨부산대역점,부산광역시 금정구 부곡동 298-14,5,,,,,,,,
파리바게뜨부산대역점,부산광역시 금정구 부곡동 298-14,6,,,,,,,,
태광떡방앗간,부산광역시 금정구 부곡동 303-22,0,,,,,,,,
태광떡방앗간,부산광역시 금정구 부곡동 303-22,1,,,,,,,,
태광떡방앗간,부산광역시 금정구 부곡동 303-22,2,,,,,,,,
태광떡방앗간,부산광역시 금정구 부곡동 303-22,3,,,,,,,,
태광떡방앗간,부산광역시 금정구 부곡동 303-22,4,,,,,,,,
태광떡방앗간,부산광역시 금정구 부곡동 303-22,5,,,,,,,,
태광떡방앗간,부산광역시 금정구 부곡동 303-22,6,,,,,,,,
정대감충무김밥 부곡점,부산광역시 금정구 부곡동 303-28,0,9:00,21:00,,,,,,
정대감충무김밥 부곡점,부산광역시 금정구 부곡동 303-28,1,9:00,21:00,,,,,,
정대감충무김밥 부곡점,부산광역시 금정구 부곡동 303-28,2,9:00,21:00,,,,,,
정대감충무김밥 부곡점,부산광역시 금정구 부곡동 303-28,3,9:00,21:00,,,,,,
정대감충무김밥 부곡점,부산광역시 금정구 부곡동 303-28,4,9:00,21:00,,,,,,
정대감충무김밥 부곡점,부산광역시 금정구 부곡동 303-28,5,9:00,21:00,,,,,,
정대감충무김밥 부곡점,부산광역시 금정구 부곡동 303-28,6,9:00,21:00,,,,,,
황태자베이커리,부산광역시 금정구 부곡동 304-1,0,,,,,,,,
황태자베이커리,부산광역시 금정구 부곡동 304-1,1,,,,,,,,
황태자베이커리,부산광역시 금정구 부곡동 304-1,2,,,,,,,,
황태자베이커리,부산광역시 금정구 부곡동 304-1,3,,,,,,,,
황태자베이커리,부산광역시 금정구 부곡동 304-1,4,,,,,,,,
황태자베이커리,부산광역시 금정구 부곡동 304-1,5,,,,,,,,
황태자베이커리,부산광역시 금정구 부곡동 304-1,6,,,,,,,,
부곡떡방앗간,부산광역시 금정구 부곡동 304-9,0,,,,,,,,
부곡떡방앗간,부산광역시 금정구 부곡동 304-9,1,,,,,,,,
부곡떡방앗간,부산광역시 금정구 부곡동 304-9,2,,,,,,,,
부곡떡방앗간,부산광역시 금정구 부곡동 304-9,3,,,,,,,,
부곡떡방앗간,부산광역시 금정구 부곡동 304-9,4,,,,,,,,
부곡떡방앗간,부산광역시 금정구 부곡동 304-9,5,,,,,,,,
부곡떡방앗간,부산광역시 금정구 부곡동 304-9,6,,,,,,,,
파리바게트금정 부곡점,부산광역시 금정구 부곡동 305-1,0,,,,,,,,
파리바게트금정 부곡점,부산광역시 금정구 부곡동 305-1,1,,,,,,,,
파리바게트금정 부곡점,부산광역시 금정구 부곡동 305-1,2,,,,,,,,
파리바게트금정 부곡점,부산광역시 금정구 부곡동 305-1,3,,,,,,,,
파리바게트금정 부곡점,부산광역시 금정구 부곡동 305-1,4,,,,,,,,
파리바게트금정 부곡점,부산광역시 금정구 부곡동 305-1,5,,,,,,,,
파리바게트금정 부곡점,부산광역시 금정구 부곡동 305-1,6,,,,,,,,
부곡분식,부산광역시 금정구 부곡동 308-1,0,10:30,23:30,,,,,,
부곡분식,부산광역시 금정구 부곡동 308-1,1,,,,,,TRUE,,
부곡분식,부산광역시 금정구 부곡동 308-1,2,11:30,23:30,,,,,,
부곡분식,부산광역시 금정구 부곡동 308-1,3,11:30,23:30,,,,,,
부곡분식,부산광역시 금정구 부곡동 308-1,4,11:30,23:30,,,,,,
부곡분식,부산광역시 금정구 부곡동 308-1,5,11:30,23:30,,,,,,
부곡분식,부산광역시 금정구 부곡동 308-1,6,10:30,23:30,,,,,,
영토스트,부산광역시 금정구 부곡동 308-2,0,10:30,15:30,,,,,,
영토스트,부산광역시 금정구 부곡동 308-2,1,9:30,20:30,,,,,,
영토스트,부산광역시 금정구 부곡동 308-2,2,9:30,20:30,,,,,,
영토스트,부산광역시 금정구 부곡동 308-2,3,9:30,20:30,,,,,,
영토스트,부산광역시 금정구 부곡동 308-2,4,9:30,20:30,,,,,,
영토스트,부산광역시 금정구 부곡동 308-2,5,9:30,20:30,,,,,,
영토스트,부산광역시 금정구 부곡동 308-2,6,10:30,19:30,,,,,,
바니바니,부산광역시 금정구 부곡동 308-20,0,,,,,,,,
바니바니,부산광역시 금정구 부곡동 308-20,1,,,,,,,,
바니바니,부산광역시 금정구 부곡동 308-20,2,,,,,,,,
바니바니,부산광역시 금정구 부곡동 308-20,3,,,,,,,,
바니바니,부산광역시 금정구 부곡동 308-20,4,,,,,,,,
바니바니,부산광역시 금정구 부곡동 308-20,5,,,,,,,,
바니바니,부산광역시 금정구 부곡동 308-20,6,,,,,,,,
숙희네왕만두,부산광역시 금정구 부곡동 308-22,0,7:00,18:00,,,17:30,,,
숙희네왕만두,부산광역시 금정구 부곡동 308-22,1,7:00,18:00,,,17:30,,매월 첫째 주 월요일은 휴무,
숙희네왕만두,부산광역시 금정구 부곡동 308-22,2,7:00,18:00,,,17:30,,,
숙희네왕만두,부산광역시 금정구 부곡동 308-22,3,7:00,18:00,,,17:30,,,
숙희네왕만두,부산광역시 금정구 부곡동 308-22,4,7:00,18:00,,,17:30,,,
숙희네왕만두,부산광역시 금정구 부곡동 308-22,5,7:00,18:00,,,17:30,,,
숙희네왕만두,부산광역시 금정구 부곡동 308-22,6,7:00,18:00,,,17:30,,,
푸드정,부산광역시 금정구 부곡동 324-25,0,,,,,,,,
푸드정,부산광역시 금정구 부곡동 324-25,1,,,,,,,,
푸드정,부산광역시 금정구 부곡동 324-25,2,,,,,,,,
푸드정,부산광역시 금정구 부곡동 324-25,3,,,,,,,,
푸드정,부산광역시 금정구 부곡동 324-25,4,,,,,,,,
푸드정,부산광역시 금정구 부곡동 324-25,5,,,,,,,,
푸드정,부산광역시 금정구 부곡동 324-25,6,,,,,,,,
승주네김밥,부산광역시 금정구 부곡동 324-29,0,4:00,13:00,,,,,,
승주네김밥,부산광역시 금정구 부곡동 324-29,1,4:00,20:00,,,,,,
승주네김밥,부산광역시 금정구 부곡동 324-29,2,4:00,20:00,,,,,,
승주네김밥,부산광역시 금정구 부곡동 324-29,3,4:00,20:00,,,,,,
승주네김밥,부산광역시 금정구 부곡동 324-29,4,4:00,20:00,,,,,,
승주네김밥,부산광역시 금정구 부곡동 324-29,5,4:00,20:00,,,,,,
승주네김밥,부산광역시 금정구 부곡동 324-29,6,4:00,20:00,,,,,,
옐로YELLO,부산광역시 금정구 부곡동 324-9,0,,,,,,TRUE,,
옐로YELLO,부산광역시 금정구 부곡동 324-9,1,11:00,17:00,,,,,,
옐로YELLO,부산광역시 금정구 부곡동 324-9,2,11:00,17:00,,,,,,
옐로YELLO,부산광역시 금정구 부곡동 324-9,3,11:00,17:00,,,,,,
옐로YELLO,부산광역시 금정구 부곡동 324-9,4,11:00,17:00,,,,,,
옐로YELLO,부산광역시 금정구 부곡동 324-9,5,11:00,17:00,,,,,,
옐로YELLO,부산광역시 금정구 부곡동 324-9,6,,,,,,TRUE,,
초록문카페,부산광역시 금정구 부곡동 334-1,0,,,,,,TRUE,,
초록문카페,부산광역시 금정구 부곡동 334-1,1,8:00,20:00,,,,,,
초록문카페,부산광역시 금정구 부곡동 334-1,2,8:00,20:00,,,,,,
초록문카페,부산광역시 금정구 부곡동 334-1,3,8:00,20:00,,,,,,
초록문카페,부산광역시 금정구 부곡동 334-1,4,8:00,20:00,,,,,,
초록문카페,부산광역시 금정구 부곡동 334-1,5,8:00,20:00,,,,,,
초록문카페,부산광역시 금정구 부곡동 334-1,6,8:00,18:00,,,,,,
이모네집,부산광역시 금정구 부곡동 391-15,0,,,,,,,,
이모네집,부산광역시 금정구 부곡동 391-15,1,,,,,,,,
이모네집,부산광역시 금정구 부곡동 391-15,2,,,,,,,,
이모네집,부산광역시 금정구 부곡동 391-15,3,,,,,,,,
이모네집,부산광역시 금정구 부곡동 391-15,4,,,,,,,,
이모네집,부산광역시 금정구 부곡동 391-15,5,,,,,,,,
이모네집,부산광역시 금정구 부곡동 391-15,6,,,,,,,,
하루,부산광역시 금정구 부곡동 392-27,0,11:30,20:00,,,,,,
하루,부산광역시 금정구 부곡동 392-27,1,11:30,20:00,,,,,,
하루,부산광역시 금정구 부곡동 392-27,2,11:30,20:00,,,,,,
하루,부산광역시 금정구 부곡동 392-27,3,11:30,20:00,,,,,,
하루,부산광역시 금정구 부곡동 392-27,4,11:30,20:00,,,,,,
하루,부산광역시 금정구 부곡동 392-27,5,11:30,20:00,,,,,,
하루,부산광역시 금정구 부곡동 392-27,6,11:30,20:00,,,,,,
민가네손만두,부산광역시 금정구 부곡동 392-5,0,,,,,,,,
민가네손만두,부산광역시 금정구 부곡동 392-5,1,,,,,,,,
민가네손만두,부산광역시 금정구 부곡동 392-5,2,,,,,,,,
민가네손만두,부산광역시 금정구 부곡동 392-5,3,,,,,,,,
민가네손만두,부산광역시 금정구 부곡동 392-5,4,,,,,,,,
민가네손만두,부산광역시 금정구 부곡동 392-5,5,,,,,,,,
민가네손만두,부산광역시 금정구 부곡동 392-5,6,,,,,,,,
양산집,부산광역시 금정구 부곡동 393-7,0,,,,,,,,
양산집,부산광역시 금정구 부곡동 393-7,1,,,,,,,,
양산집,부산광역시 금정구 부곡동 393-7,2,,,,,,,,
양산집,부산광역시 금정구 부곡동 393-7,3,,,,,,,,
양산집,부산광역시 금정구 부곡동 393-7,4,,,,,,,,
양산집,부산광역시 금정구 부곡동 393-7,5,,,,,,,,
양산집,부산광역시 금정구 부곡동 393-7,6,,,,,,,,
201과자점,부산광역시 금정구 부곡동 394-17,0,7:00,23:00,,,,,,
201과자점,부산광역시 금정구 부곡동 394-17,1,7:00,23:00,,,,,,
201과자점,부산광역시 금정구 부곡동 394-17,2,7:00,23:00,,,,,,
201과자점,부산광역시 금정구 부곡동 394-17,3,7:00,23:00,,,,,,
201과자점,부산광역시 금정구 부곡동 394-17,4,7:00,23:00,,,,,,
201과자점,부산광역시 금정구 부곡동 394-17,5,7:00,23:00,,,,,,
201과자점,부산광역시 금정구 부곡동 394-17,6,7:00,23:00,,,,,,
김밥천국,부산광역시 금정구 부곡동 394-21,0,0:00,24:00,,,,,,
김밥천국,부산광역시 금정구 부곡동 394-21,1,0:00,24:00,,,,,,
김밥천국,부산광역시 금정구 부곡동 394-21,2,0:00,24:00,,,,,,
김밥천국,부산광역시 금정구 부곡동 394-21,3,0:00,24:00,,,,,,
김밥천국,부산광역시 금정구 부곡동 394-21,4,0:00,24:00,,,,,,
김밥천국,부산광역시 금정구 부곡동 394-21,5,0:00,24:00,,,,,,
김밥천국,부산광역시 금정구 부곡동 394-21,6,0:00,24:00,,,,,,
청도떡방아간,부산광역시 금정구 부곡동 531-2,0,,,,,,,,
청도떡방아간,부산광역시 금정구 부곡동 531-2,1,,,,,,,,
청도떡방아간,부산광역시 금정구 부곡동 531-2,2,,,,,,,,
청도떡방아간,부산광역시 금정구 부곡동 531-2,3,,,,,,,,
청도떡방아간,부산광역시 금정구 부곡동 531-2,4,,,,,,,,
청도떡방아간,부산광역시 금정구 부곡동 531-2,5,,,,,,,,
청도떡방아간,부산광역시 금정구 부곡동 531-2,6,,,,,,,,
금호탕제원,부산광역시 금정구 부곡동 612-1,0,,,,,,,,
금호탕제원,부산광역시 금정구 부곡동 612-1,1,,,,,,,,
금호탕제원,부산광역시 금정구 부곡동 612-1,2,,,,,,,,
금호탕제원,부산광역시 금정구 부곡동 612-1,3,,,,,,,,
금호탕제원,부산광역시 금정구 부곡동 612-1,4,,,,,,,,
금호탕제원,부산광역시 금정구 부곡동 612-1,5,,,,,,,,
금호탕제원,부산광역시 금정구 부곡동 612-1,6,,,,,,,,
김밥천국,부산광역시 금정구 부곡동 63-11,0,,,,,,TRUE,,
김밥천국,부산광역시 금정구 부곡동 63-11,1,7:30,20:30,,,,,,
김밥천국,부산광역시 금정구 부곡동 63-11,2,7:30,20:30,,,,,,
김밥천국,부산광역시 금정구 부곡동 63-11,3,7:30,20:30,,,,,,
김밥천국,부산광역시 금정구 부곡동 63-11,4,7:30,20:30,,,,,,
김밥천국,부산광역시 금정구 부곡동 63-11,5,7:30,20:30,,,,,,
김밥천국,부산광역시 금정구 부곡동 63-11,6,7:30,20:30,,,,,,
쉐프윤찹쌀꽈배기 금정점,부산광역시 금정구 부곡동 64-23,0,10:30,20:00,,,,,,
쉐프윤찹쌀꽈배기 금정점,부산광역시 금정구 부곡동 64-23,1,10:30,20:00,,,,,,
쉐프윤찹쌀꽈배기 금정점,부산광역시 금정구 부곡동 64-23,2,10:30,20:00,,,,,,
쉐프윤찹쌀꽈배기 금정점,부산광역시 금정구 부곡동 64-23,3,10:30,20:00,,,,,,
쉐프윤찹쌀꽈배기 금정점,부산광역시 금정구 부곡동 64-23,4,10:30,20:00,,,,,,
쉐프윤찹쌀꽈배기 금정점,부산광역시 금정구 부곡동 64-23,5,10:30,20:00,,,,,,
쉐프윤찹쌀꽈배기 금정점,부산광역시 금정구 부곡동 64-23,6,10:30,20:00,,,,,,
시야김밥시야떡볶이,부산광역시 금정구 부곡동 64-23,0,10:00,20:00,,,,,,
시야김밥시야떡볶이,부산광역시 금정구 부곡동 64-23,1,,,,,,TRUE,,
시야김밥시야떡볶이,부산광역시 금정구 부곡동 64-23,2,10:00,20:00,,,,,,
시야김밥시야떡볶이,부산광역시 금정구 부곡동 64-23,3,10:00,20:00,,,,,,
시야김밥시야떡볶이,부산광역시 금정구 부곡동 64-23,4,10:00,20:00,,,,,,
시야김밥시야떡볶이,부산광역시 금정구 부곡동 64-23,5,10:00,20:00,,,,,,
시야김밥시야떡볶이,부산광역시 금정구 부곡동 64-23,6,10:00,20:00,,,,,,
햇살머믄꼬마김밥,부산광역시 금정구 부곡동 64-23,0,,,,,,TRUE,,
햇살머믄꼬마김밥,부산광역시 금정구 부곡동 64-23,1,10:00,20:00,,,,,,
햇살머믄꼬마김밥,부산광역시 금정구 부곡동 64-23,2,10:00,20:00,,,,,,
햇살머믄꼬마김밥,부산광역시 금정구 부곡동 64-23,3,10:00,20:00,,,,,,
햇살머믄꼬마김밥,부산광역시 금정구 부곡동 64-23,4,10:00,20:00,,,,,,
햇살머믄꼬마김밥,부산광역시 금정구 부곡동 64-23,5,10:00,20:00,,,,,,
햇살머믄꼬마김밥,부산광역시 금정구 부곡동 64-23,6,10:00,20:00,,,,,,
르봉케이크부티크,부산광역시 금정구 부곡동 65-102,0,,,,,,TRUE,,
르봉케이크부티크,부산광역시 금정구 부곡동 65-102,1,9:00,19:00,,,,,,
르봉케이크부티크,부산광역시 금정구 부곡동 65-102,2,9:00,19:00,,,,,,
르봉케이크부티크,부산광역시 금정구 부곡동 65-102,3,9:00,19:00,,,,,,
르봉케이크부티크,부산광역시 금정구 부곡동 65-102,4,9:00,19:00,,,,,,
르봉케이크부티크,부산광역시 금정구 부곡동 65-102,5,9:00,19:00,,,,,,
르봉케이크부티크,부산광역시 금정구 부곡동 65-102,6,9:00,19:00,,,,,,
송스베이커리카페,부산광역시 금정구 부곡동 65-15,0,7:30,22:00,,,,,,
송스베이커리카페,부산광역시 금정구 부곡동 65-15,1,8:00,22:00,,,,,,
송스베이커리카페,부산광역시 금정구 부곡동 65-15,2,8:00,22:00,,,,,,
송스베이커리카페,부산광역시 금정구 부곡동 65-15,3,8:00,22:00,,,,,,
송스베이커리카페,부산광역시 금정구 부곡동 65-15,4,8:00,22:00,,,,,,
송스베이커리카페,부산광역시 금정구 부곡동 65-15,5,8:00,22:00,,,,,,
송스베이커리카페,부산광역시 금정구 부곡동 65-15,6,7:30,22:00,,,,,,
브레드헤븐,부산광역시 금정구 부곡동 65-91,0,10:00,23:00,,,,,,
브레드헤븐,부산광역시 금정구 부곡동 65-91,1,10:00,23:00,,,,,,
브레드헤븐,부산광역시 금정구 부곡동 65-91,2,10:00,23:00,,,,,,
브레드헤븐,부산광역시 금정구 부곡동 65-91,3,10:00,23:00,,,,,,
브레드헤븐,부산광역시 금정구 부곡동 65-91,4,10:00,23:00,,,,,,
브레드헤븐,부산광역시 금정구 부곡동 65-91,5,10:00,23:00,,,,,,
브레드헤븐,부산광역시 금정구 부곡동 65-91,6,10:00,23:00,,,,,,
성화양분식,부산광역시 금정구 부곡동 726-7,0,11:00,20:30,,,,,,
성화양분식,부산광역시 금정구 부곡동 726-7,1,11:00,20:30,,,,,,
성화양분식,부산광역시 금정구 부곡동 726-7,2,11:00,20:30,,,,,,
성화양분식,부산광역시 금정구 부곡동 726-7,3,11:00,20:30,,,,,,
성화양분식,부산광역시 금정구 부곡동 726-7,4,11:00,20:30,,,,,,
성화양분식,부산광역시 금정구 부곡동 726-7,5,11:00,20:30,,,,,,
성화양분식,부산광역시 금정구 부곡동 726-7,6,11:00,20:30,,,,,,
명랑쌀핫도그온천장점,부산광역시 금정구 부곡동 873-33,0,10:30,22:30,,,,,,
명랑쌀핫도그온천장점,부산광역시 금정구 부곡동 873-33,1,10:30,22:30,,,,,,
명랑쌀핫도그온천장점,부산광역시 금정구 부곡동 873-33,2,10:30,22:30,,,,,,
명랑쌀핫도그온천장점,부산광역시 금정구 부곡동 873-33,3,10:30,22:30,,,,,,
명랑쌀핫도그온천장점,부산광역시 금정구 부곡동 873-33,4,10:30,22:30,,,,,,
명랑쌀핫도그온천장점,부산광역시 금정구 부곡동 873-33,5,10:30,22:30,,,,,,
명랑쌀핫도그온천장점,부산광역시 금정구 부곡동 873-33,6,10:30,22:30,,,,,,
튀김집커피집,부산광역시 금정구 부곡동 873-35,0,,,,,,TRUE,,
튀김집커피집,부산광역시 금정구 부곡동 873-35,1,10:00,22:00,,,,,,
튀김집커피집,부산광역시 금정구 부곡동 873-35,2,10:00,22:00,,,,,,
튀김집커피집,부산광역시 금정구 부곡동 873-35,3,10:00,22:00,,,,,,
튀김집커피집,부산광역시 금정구 부곡동 873-35,4,10:00,22:00,,,,,,
튀김집커피집,부산광역시 금정구 부곡동 873-35,5,10:00,22:00,,,,,,
튀김집커피집,부산광역시 금정구 부곡동 873-35,6,7:30,22:00,,,,,,
지하철집,부산광역시 금정구 부곡동 873-40,0,,,,,,,,
지하철집,부산광역시 금정구 부곡동 873-40,1,,,,,,,,
지하철집,부산광역시 금정구 부곡동 873-40,2,,,,,,,,
지하철집,부산광역시 금정구 부곡동 873-40,3,,,,,,,,
지하철집,부산광역시 금정구 부곡동 873-40,4,,,,,,,,
지하철집,부산광역시 금정구 부곡동 873-40,5,,,,,,,,
지하철집,부산광역시 금정구 부곡동 873-40,6,,,,,,,,
미진김밥,부산광역시 금정구 부곡동 873-7,0,4:30,14:00,,,,,,
미진김밥,부산광역시 금정구 부곡동 873-7,1,4:30,20:00,,,,,,
미진김밥,부산광역시 금정구 부곡동 873-7,2,4:30,20:00,,,,,,
미진김밥,부산광역시 금정구 부곡동 873-7,3,4:30,20:00,,,,,,
미진김밥,부산광역시 금정구 부곡동 873-7,4,4:30,20:00,,,,,,
미진김밥,부산광역시 금정구 부곡동 873-7,5,4:30,20:00,,,,,,
미진김밥,부산광역시 금정구 부곡동 873-7,6,4:30,19:00,,,,,,
온천떡공장,부산광역시 금정구 부곡동 889-53,0,8:00,12:00,,,,,,
온천떡공장,부산광역시 금정구 부곡동 889-53,1,8:00,12:00,,,,,,
온천떡공장,부산광역시 금정구 부곡동 889-53,2,8:00,12:00,,,,,,
온천떡공장,부산광역시 금정구 부곡동 889-53,3,8:00,12:00,,,,,,
온천떡공장,부산광역시 금정구 부곡동 889-53,4,8:00,12:00,,,,,,
온천떡공장,부산광역시 금정구 부곡동 889-53,5,8:00,12:00,,,,,,
온천떡공장,부산광역시 금정구 부곡동 889-53,6,8:00,12:00,,,,,,
더브라운테이블,부산광역시 금정구 부곡동 9,0,,,,,,,,
더브라운테이블,부산광역시 금정구 부곡동 9,1,,,,,,,,
더브라운테이블,부산광역시 금정구 부곡동 9,2,,,,,,,,
더브라운테이블,부산광역시 금정구 부곡동 9,3,,,,,,,,
더브라운테이블,부산광역시 금정구 부곡동 9,4,,,,,,,,
더브라운테이블,부산광역시 금정구 부곡동 9,5,,,,,,,,
더브라운테이블,부산광역시 금정구 부곡동 9,6,,,,,,,,
에그토스트부산가톨릭대점,부산광역시 금정구 부곡동 9,0,,,,,,,,
에그토스트부산가톨릭대점,부산광역시 금정구 부곡동 9,1,,,,,,,,
에그토스트부산가톨릭대점,부산광역시 금정구 부곡동 9,2,,,,,,,,
에그토스트부산가톨릭대점,부산광역시 금정구 부곡동 9,3,,,,,,,,
에그토스트부산가톨릭대점,부산광역시 금정구 부곡동 9,4,,,,,,,,
에그토스트부산가톨릭대점,부산광역시 금정구 부곡동 9,5,,,,,,,,
에그토스트부산가톨릭대점,부산광역시 금정구 부곡동 9,6,,,,,,,,
아네모네분식,부산광역시 금정구 부곡동 9-21,0,,,,,,TRUE,,
아네모네분식,부산광역시 금정구 부곡동 9-21,1,8:00,19:00,,,,,,
아네모네분식,부산광역시 금정구 부곡동 9-21,2,8:00,19:00,,,,,,
아네모네분식,부산광역시 금정구 부곡동 9-21,3,8:00,19:00,,,,,,
아네모네분식,부산광역시 금정구 부곡동 9-21,4,8:00,19:00,,,,,,
아네모네분식,부산광역시 금정구 부곡동 9-21,5,8:00,19:00,,,,,,
아네모네분식,부산광역시 금정구 부곡동 9-21,6,,,,,,TRUE,,
봉구스밥버거가톨릭대점,부산광역시 금정구 부곡동 9-22,0,,,,,,,,
봉구스밥버거가톨릭대점,부산광역시 금정구 부곡동 9-22,1,,,,,,,,
봉구스밥버거가톨릭대점,부산광역시 금정구 부곡동 9-22,2,,,,,,,,
봉구스밥버거가톨릭대점,부산광역시 금정구 부곡동 9-22,3,,,,,,,,
봉구스밥버거가톨릭대점,부산광역시 금정구 부곡동 9-22,4,,,,,,,,
봉구스밥버거가톨릭대점,부산광역시 금정구 부곡동 9-22,5,,,,,,,,
봉구스밥버거가톨릭대점,부산광역시 금정구 부곡동 9-22,6,,,,,,,,
마카러버,부산광역시 금정구 부곡동 974,0,,,,,,TRUE,,
마카러버,부산광역시 금정구 부곡동 974,1,,,,,,TRUE,,
마카러버,부산광역시 금정구 부곡동 974,2,11:00,19:00,,,,,,
마카러버,부산광역시 금정구 부곡동 974,3,11:00,19:00,,,,,,
마카러버,부산광역시 금정구 부곡동 974,4,11:00,19:00,,,,,,
마카러버,부산광역시 금정구 부곡동 974,5,11:00,19:00,,,,,,
마카러버,부산광역시 금정구 부곡동 974,6,11:00,19:00,,,,,,
1등식탁,부산광역시 금정구 부곡동 977,0,,,,,,,,
1등식탁,부산광역시 금정구 부곡동 977,1,,,,,,,,
1등식탁,부산광역시 금정구 부곡동 977,2,,,,,,,,
1등식탁,부산광역시 금정구 부곡동 977,3,,,,,,,,
1등식탁,부산광역시 금정구 부곡동 977,4,,,,,,,,
1등식탁,부산광역시 금정구 부곡동 977,5,,,,,,,,
1등식탁,부산광역시 금정구 부곡동 977,6,,,,,,,,
복이네즉석떡볶이,부산광역시 금정구 부곡동 981,0,11:00,20:30,,,20:00,,,
복이네즉석떡볶이,부산광역시 금정구 부곡동 981,1,11:00,20:30,,,20:00,,,
복이네즉석떡볶이,부산광역시 금정구 부곡동 981,2,11:00,20:30,,,20:00,,,
복이네즉석떡볶이,부산광역시 금정구 부곡동 981,3,11:00,20:30,,,20:00,,,
복이네즉석떡볶이,부산광역시 금정구 부곡동 981,4,11:00,20:30,,,20:00,,,
복이네즉석떡볶이,부산광역시 금정구 부곡동 981,5,11:00,20:30,,,20:00,,,
복이네즉석떡볶이,부산광역시 금정구 부곡동 981,6,11:00,20:30,,,20:00,,,
빠다리아,부산광역시 금정구 부곡동 981,0,,,,,,TRUE,,
빠다리아,부산광역시 금정구 부곡동 981,1,,,,,,TRUE,,
빠다리아,부산광역시 금정구 부곡동 981,2,8:00,20:00,,,,,,
빠다리아,부산광역시 금정구 부곡동 981,3,8:00,20:00,,,,,,
빠다리아,부산광역시 금정구 부곡동 981,4,8:00,20:00,,,,,,
빠다리아,부산광역시 금정구 부곡동 981,5,8:00,20:00,,,,,,
빠다리아,부산광역시 금정구 부곡동 981,6,8:00,20:00,,,,,,
요거트아이스크림의정석 부산대점,부산광역시 금정구 장전동 129-13,0,,,,,,,,
요거트아이스크림의정석 부산대점,부산광역시 금정구 장전동 129-13,1,,,,,,,,
요거트아이스크림의정석 부산대점,부산광역시 금정구 장전동 129-13,2,,,,,,,,
요거트아이스크림의정석 부산대점,부산광역시 금정구 장전동 129-13,3,,,,,,,,
요거트아이스크림의정석 부산대점,부산광역시 금정구 장전동 129-13,4,,,,,,,,
요거트아이스크림의정석 부산대점,부산광역시 금정구 장전동 129-13,5,,,,,,,,
요거트아이스크림의정석 부산대점,부산광역시 금정구 장전동 129-13,6,,,,,,,,
에바다꼬치,부산광역시 금정구 장전동 130-16,0,,,,,,,,
에바다꼬치,부산광역시 금정구 장전동 130-16,1,,,,,,,,
에바다꼬치,부산광역시 금정구 장전동 130-16,2,,,,,,,,
에바다꼬치,부산광역시 금정구 장전동 130-16,3,,,,,,,,
에바다꼬치,부산광역시 금정구 장전동 130-16,4,,,,,,,,
에바다꼬치,부산광역시 금정구 장전동 130-16,5,,,,,,,,
에바다꼬치,부산광역시 금정구 장전동 130-16,6,,,,,,,,
셰프윤찹쌀꽈배기,부산광역시 금정구 장전동 130-25,0,,,,,,,,
셰프윤찹쌀꽈배기,부산광역시 금정구 장전동 130-25,1,,,,,,,,
셰프윤찹쌀꽈배기,부산광역시 금정구 장전동 130-25,2,,,,,,,,
셰프윤찹쌀꽈배기,부산광역시 금정구 장전동 130-25,3,,,,,,,,
셰프윤찹쌀꽈배기,부산광역시 금정구 장전동 130-25,4,,,,,,,,
셰프윤찹쌀꽈배기,부산광역시 금정구 장전동 130-25,5,,,,,,,,
셰프윤찹쌀꽈배기,부산광역시 금정구 장전동 130-25,6,,,,,,,,
마산분식,부산광역시 금정구 장전동 146-1,0,,,,,,TRUE,,
마산분식,부산광역시 금정구 장전동 146-1,1,9:00,20:00,,,,,,
마산분식,부산광역시 금정구 장전동 146-1,2,9:00,20:00,,,,,,
마산분식,부산광역시 금정구 장전동 146-1,3,9:00,20:00,,,,,,
마산분식,부산광역시 금정구 장전동 146-1,4,9:00,20:00,,,,,,
마산분식,부산광역시 금정구 장전동 146-1,5,9:00,20:00,,,,,,
마산분식,부산광역시 금정구 장전동 146-1,6,9:00,20:00,,,,,,
땡초떡볶이,부산광역시 금정구 장전동 146-19,0,,,,,,,,
땡초떡볶이,부산광역시 금정구 장전동 146-19,1,,,,,,,,
땡초떡볶이,부산광역시 금정구 장전동 146-19,2,,,,,,,,
땡초떡볶이,부산광역시 금정구 장전동 146-19,3,,,,,,,,
땡초떡볶이,부산광역시 금정구 장전동 146-19,4,,,,,,,,
땡초떡볶이,부산광역시 금정구 장전동 146-19,5,,,,,,,,
땡초떡볶이,부산광역시 금정구 장전동 146-19,6,,,,,,,,
두근두근주먹밥,부산광역시 금정구 장전동 146-6,0,9:00,20:00,,,,,,
두근두근주먹밥,부산광역시 금정구 장전동 146-6,1,9:00,20:00,,,,,,
두근두근주먹밥,부산광역시 금정구 장전동 146-6,2,9:00,20:00,,,,,,
두근두근주먹밥,부산광역시 금정구 장전동 146-6,3,9:00,20:00,,,,,,
두근두근주먹밥,부산광역시 금정구 장전동 146-6,4,9:00,20:00,,,,,,
두근두근주먹밥,부산광역시 금정구 장전동 146-6,5,9:00,20:00,,,,,,
두근두근주먹밥,부산광역시 금정구 장전동 146-6,6,9:00,20:00,,,,,,
봉구스밥버거 부산대점,부산광역시 금정구 장전동 147-22,0,,,,,,,,
봉구스밥버거 부산대점,부산광역시 금정구 장전동 147-22,1,,,,,,,,
봉구스밥버거 부산대점,부산광역시 금정구 장전동 147-22,2,,,,,,,,
봉구스밥버거 부산대점,부산광역시 금정구 장전동 147-22,3,,,,,,,,
봉구스밥버거 부산대점,부산광역시 금정구 장전동 147-22,4,,,,,,,,
봉구스밥버거 부산대점,부산광역시 금정구 장전동 147-22,5,,,,,,,,
봉구스밥버거 부산대점,부산광역시 금정구 장전동 147-22,6,,,,,,,,
금정떡마을,부산광역시 금정구 장전동 152-23,0,,,,,,,,
금정떡마을,부산광역시 금정구 장전동 152-23,1,,,,,,,,
금정떡마을,부산광역시 금정구 장전동 152-23,2,,,,,,,,
금정떡마을,부산광역시 금정구 장전동 152-23,3,,,,,,,,
금정떡마을,부산광역시 금정구 장전동 152-23,4,,,,,,,,
금정떡마을,부산광역시 금정구 장전동 152-23,5,,,,,,,,
금정떡마을,부산광역시 금정구 장전동 152-23,6,,,,,,,,
파리바게트,부산광역시 금정구 장전동 154-2,0,,,,,,,,
파리바게트,부산광역시 금정구 장전동 154-2,1,,,,,,,,
파리바게트,부산광역시 금정구 장전동 154-2,2,,,,,,,,
파리바게트,부산광역시 금정구 장전동 154-2,3,,,,,,,,
파리바게트,부산광역시 금정구 장전동 154-2,4,,,,,,,,
파리바게트,부산광역시 금정구 장전동 154-2,5,,,,,,,,
파리바게트,부산광역시 금정구 장전동 154-2,6,,,,,,,,
호자베이커리,부산광역시 금정구 장전동 154-33,0,,,,,,,,
호자베이커리,부산광역시 금정구 장전동 154-33,1,,,,,,,,
호자베이커리,부산광역시 금정구 장전동 154-33,2,,,,,,,,
호자베이커리,부산광역시 금정구 장전동 154-33,3,,,,,,,,
호자베이커리,부산광역시 금정구 장전동 154-33,4,,,,,,,,
호자베이커리,부산광역시 금정구 장전동 154-33,5,,,,,,,,
호자베이커리,부산광역시 금정구 장전동 154-33,6,,,,,,,,
과일빙수항그,부산광역시 금정구 장전동 154-7,0,12:00,1:00,,,,,,
과일빙수항그,부산광역시 금정구 장전동 154-7,1,12:00,1:00,,,,,,
과일빙수항그,부산광역시 금정구 장전동 154-7,2,12:00,1:00,,,,,,
과일빙수항그,부산광역시 금정구 장전동 154-7,3,12:00,1:00,,,,,,
과일빙수항그,부산광역시 금정구 장전동 154-7,4,12:00,1:00,,,,,,
과일빙수항그,부산광역시 금정구 장전동 154-7,5,12:00,1:00,,,,,,
과일빙수항그,부산광역시 금정구 장전동 154-7,6,12:00,1:00,,,,,,
츄러스1500 부산대점,부산광역시 금정구 장전동 155-16,0,,,,,,,,
츄러스1500 부산대점,부산광역시 금정구 장전동 155-16,1,,,,,,,,
츄러스1500 부산대점,부산광역시 금정구 장전동 155-16,2,,,,,,,,
츄러스1500 부산대점,부산광역시 금정구 장전동 155-16,3,,,,,,,,
츄러스1500 부산대점,부산광역시 금정구 장전동 155-16,4,,,,,,,,
츄러스1500 부산대점,부산광역시 금정구 장전동 155-16,5,,,,,,,,
츄러스1500 부산대점,부산광역시 금정구 장전동 155-16,6,,,,,,,,
더김밥77,부산광역시 금정구 장전동 155-19,0,,,,,,TRUE,,
더김밥77,부산광역시 금정구 장전동 155-19,1,10:00,20:00,,,,,,
더김밥77,부산광역시 금정구 장전동 155-19,2,10:00,20:00,,,,,,
더김밥77,부산광역시 금정구 장전동 155-19,3,10:00,20:00,,,,,,
더김밥77,부산광역시 금정구 장전동 155-19,4,10:00,20:00,,,,,,
더김밥77,부산광역시 금정구 장전동 155-19,5,10:00,20:00,,,,,,
더김밥77,부산광역시 금정구 장전동 155-19,6,10:00,15:00,,,,,,
이가네떡볶이,부산광역시 금정구 장전동 158-2,0,,,,,,,,
이가네떡볶이,부산광역시 금정구 장전동 158-2,1,,,,,,,,
이가네떡볶이,부산광역시 금정구 장전동 158-2,2,,,,,,,,
이가네떡볶이,부산광역시 금정구 장전동 158-2,3,,,,,,,,
이가네떡볶이,부산광역시 금정구 장전동 158-2,4,,,,,,,,
이가네떡볶이,부산광역시 금정구 장전동 158-2,5,,,,,,,,
이가네떡볶이,부산광역시 금정구 장전동 158-2,6,,,,,,,,
베리베리케이크,부산광역시 금정구 장전동 213-3,0,,,,,,,,
베리베리케이크,부산광역시 금정구 장전동 213-3,1,,,,,,,,
베리베리케이크,부산광역시 금정구 장전동 213-3,2,,,,,,,,
베리베리케이크,부산광역시 금정구 장전동 213-3,3,,,,,,,,
베리베리케이크,부산광역시 금정구 장전동 213-3,4,,,,,,,,
베리베리케이크,부산광역시 금정구 장전동 213-3,5,,,,,,,,
베리베리케이크,부산광역시 금정구 장전동 213-3,6,,,,,,,,
부산떡방앗간,부산광역시 금정구 장전동 213-9,0,,,,,,,,
부산떡방앗간,부산광역시 금정구 장전동 213-9,1,,,,,,,,
부산떡방앗간,부산광역시 금정구 장전동 213-9,2,,,,,,,,
부산떡방앗간,부산광역시 금정구 장전동 213-9,3,,,,,,,,
부산떡방앗간,부산광역시 금정구 장전동 213-9,4,,,,,,,,
부산떡방앗간,부산광역시 금정구 장전동 213-9,5,,,,,,,,
부산떡방앗간,부산광역시 금정구 장전동 213-9,6,,,,,,,,
밀당,부산광역시 금정구 장전동 222-1,0,,,,,,,,
밀당,부산광역시 금정구 장전동 222-1,1,,,,,,,,
밀당,부산광역시 금정구 장전동 222-1,2,,,,,,,,
밀당,부산광역시 금정구 장전동 222-1,3,,,,,,,,
밀당,부산광역시 금정구 장전동 222-1,4,,,,,,,,
밀당,부산광역시 금정구 장전동 222-1,5,,,,,,,,
밀당,부산광역시 금정구 장전동 222-1,6,,,,,,,,
오뚜기분식,부산광역시 금정구 장전동 225-4 ,0,,,,,,,,
오뚜기분식,부산광역시 금정구 장전동 225-4 ,1,,,,,,,,
오뚜기분식,부산광역시 금정구 장전동 225-4 ,2,,,,,,,,
오뚜기분식,부산광역시 금정구 장전동 225-4 ,3,,,,,,,,
오뚜기분식,부산광역시 금정구 장전동 225-4 ,4,,,,,,,,
오뚜기분식,부산광역시 금정구 장전동 225-4 ,5,,,,,,,,
오뚜기분식,부산광역시 금정구 장전동 225-4 ,6,,,,,,,,
소사베이커리,부산광역시 금정구 장전동 232-18,0,,,,,,,,
소사베이커리,부산광역시 금정구 장전동 232-18,1,,,,,,,,
소사베이커리,부산광역시 금정구 장전동 232-18,2,,,,,,,,
소사베이커리,부산광역시 금정구 장전동 232-18,3,,,,,,,,
소사베이커리,부산광역시 금정구 장전동 232-18,4,,,,,,,,
소사베이커리,부산광역시 금정구 장전동 232-18,5,,,,,,,,
소사베이커리,부산광역시 금정구 장전동 232-18,6,,,,,,,,
니다나과자점,부산광역시 금정구 장전동 263-58,0,,,,,,TRUE,,
니다나과자점,부산광역시 금정구 장전동 263-58,1,12:00,20:00,,,,,,
니다나과자점,부산광역시 금정구 장전동 263-58,2,12:00,20:00,,,,,,
니다나과자점,부산광역시 금정구 장전동 263-58,3,12:00,20:00,,,,,,
니다나과자점,부산광역시 금정구 장전동 263-58,4,12:00,20:00,,,,,,
니다나과자점,부산광역시 금정구 장전동 263-58,5,12:00,20:00,,,,,,
니다나과자점,부산광역시 금정구 장전동 263-58,6,,,,,,TRUE,,
몽중양과,부산광역시 금정구 장전동 263-58,0,,,,,,TRUE,,
몽중양과,부산광역시 금정구 장전동 263-58,1,11:00,19:30,,,,,,
몽중양과,부산광역시 금정구 장전동 263-58,2,11:00,19:30,,,,,,
몽중양과,부산광역시 금정구 장전동 263-58,3,,,,,,TRUE,,
몽중양과,부산광역시 금정구 장전동 263-58,4,11:00,19:30,,,,,,
몽중양과,부산광역시 금정구 장전동 263-58,5,11:00,19:30,,,,,,
몽중양과,부산광역시 금정구 장전동 263-58,6,11:00,19:30,,,,,,
북문분식,부산광역시 금정구 장전동 271-14,0,,,,,,,,
북문분식,부산광역시 금정구 장전동 271-14,1,,,,,,,,
북문분식,부산광역시 금정구 장전동 271-14,2,,,,,,,,
북문분식,부산광역시 금정구 장전동 271-14,3,,,,,,,,
북문분식,부산광역시 금정구 장전동 271-14,4,,,,,,,,
북문분식,부산광역시 금정구 장전동 271-14,5,,,,,,,,
북문분식,부산광역시 금정구 장전동 271-14,6,,,,,,,,
의리빙수,부산광역시 금정구 장전동 271-19,0,,,,,,TRUE,,
의리빙수,부산광역시 금정구 장전동 271-19,1,18:00,3:00,,,,,,
의리빙수,부산광역시 금정구 장전동 271-19,2,18:00,3:00,,,,,,
의리빙수,부산광역시 금정구 장전동 271-19,3,18:00,3:00,,,,,,
의리빙수,부산광역시 금정구 장전동 271-19,4,18:00,3:00,,,,,,
의리빙수,부산광역시 금정구 장전동 271-19,5,18:00,3:00,,,,,,
의리빙수,부산광역시 금정구 장전동 271-19,6,18:00,3:00,,,,,,
명랑시대쌀핫도그 부산대점,부산광역시 금정구 장전동 292-3,0,,,,,,,,
명랑시대쌀핫도그 부산대점,부산광역시 금정구 장전동 292-3,1,,,,,,,,
명랑시대쌀핫도그 부산대점,부산광역시 금정구 장전동 292-3,2,,,,,,,,
명랑시대쌀핫도그 부산대점,부산광역시 금정구 장전동 292-3,3,,,,,,,,
명랑시대쌀핫도그 부산대점,부산광역시 금정구 장전동 292-3,4,,,,,,,,
명랑시대쌀핫도그 부산대점,부산광역시 금정구 장전동 292-3,5,,,,,,,,
명랑시대쌀핫도그 부산대점,부산광역시 금정구 장전동 292-3,6,,,,,,,,
이도씨베이킹,부산광역시 금정구 장전동 293-105,0,0:00,,,,,,케이크 주문은 미리 전화로,
이도씨베이킹,부산광역시 금정구 장전동 293-105,1,0:00,,,,,,케이크 주문은 미리 전화로,
이도씨베이킹,부산광역시 금정구 장전동 293-105,2,0:00,,,,,,케이크 주문은 미리 전화로,
이도씨베이킹,부산광역시 금정구 장전동 293-105,3,0:00,,,,,,케이크 주문은 미리 전화로,
이도씨베이킹,부산광역시 금정구 장전동 293-105,4,0:00,,,,,,케이크 주문은 미리 전화로,
이도씨베이킹,부산광역시 금정구 장전동 293-105,5,0:00,,,,,,케이크 주문은 미리 전화로,
이도씨베이킹,부산광역시 금정구 장전동 293-105,6,0:00,,,,,,케이크 주문은 미리 전화로,
베스킨라빈스부산대역점,부산광역시 금정구 장전동 293-116,0,,,,,,,,
베스킨라빈스부산대역점,부산광역시 금정구 장전동 293-116,1,,,,,,,,
베스킨라빈스부산대역점,부산광역시 금정구 장전동 293-116,2,,,,,,,,
베스킨라빈스부산대역점,부산광역시 금정구 장전동 293-116,3,,,,,,,,
베스킨라빈스부산대역점,부산광역시 금정구 장전동 293-116,4,,,,,,,,
베스킨라빈스부산대역점,부산광역시 금정구 장전동 293-116,5,,,,,,,,
베스킨라빈스부산대역점,부산광역시 금정구 장전동 293-116,6,,,,,,,,
빨봉분식부산대역점,부산광역시 금정구 장전동 293-117,0,,,,,,,,
빨봉분식부산대역점,부산광역시 금정구 장전동 293-117,1,,,,,,,,
빨봉분식부산대역점,부산광역시 금정구 장전동 293-117,2,,,,,,,,
빨봉분식부산대역점,부산광역시 금정구 장전동 293-117,3,,,,,,,,
빨봉분식부산대역점,부산광역시 금정구 장전동 293-117,4,,,,,,,,
빨봉분식부산대역점,부산광역시 금정구 장전동 293-117,5,,,,,,,,
빨봉분식부산대역점,부산광역시 금정구 장전동 293-117,6,,,,,,,,
서브웨이부산대역점,부산광역시 금정구 장전동 293-128,0,,,,,,,,
서브웨이부산대역점,부산광역시 금정구 장전동 293-128,1,,,,,,,,
서브웨이부산대역점,부산광역시 금정구 장전동 293-128,2,,,,,,,,
서브웨이부산대역점,부산광역시 금정구 장전동 293-128,3,,,,,,,,
서브웨이부산대역점,부산광역시 금정구 장전동 293-128,4,,,,,,,,
서브웨이부산대역점,부산광역시 금정구 장전동 293-128,5,,,,,,,,
서브웨이부산대역점,부산광역시 금정구 장전동 293-128,6,,,,,,,,
세이지케이크,부산광역시 금정구 장전동 293-166,0,11:00,19:00,,,,,픽업은 24시간 가능,
세이지케이크,부산광역시 금정구 장전동 293-166,1,11:00,19:00,,,,,픽업은 24시간 가능,
세이지케이크,부산광역시 금정구 장전동 293-166,2,11:00,19:00,,,,,픽업은 24시간 가능,
세이지케이크,부산광역시 금정구 장전동 293-166,3,11:00,19:00,,,,,픽업은 24시간 가능,
세이지케이크,부산광역시 금정구 장전동 293-166,4,11:00,19:00,,,,,픽업은 24시간 가능,
세이지케이크,부산광역시 금정구 장전동 293-166,5,11:00,19:00,,,,,픽업은 24시간 가능,
세이지케이크,부산광역시 금정구 장전동 293-166,6,11:00,19:00,,,,,픽업은 24시간 가능,
진경순꼬마김밥,부산광역시 금정구 장전동 293-177,0,0:00,,,,,,,
진경순꼬마김밥,부산광역시 금정구 장전동 293-177,1,0:00,,,,,,,
진경순꼬마김밥,부산광역시 금정구 장전동 293-177,2,0:00,,,,,,,
진경순꼬마김밥,부산광역시 금정구 장전동 293-177,3,0:00,,,,,,,
진경순꼬마김밥,부산광역시 금정구 장전동 293-177,4,0:00,,,,,,,
진경순꼬마김밥,부산광역시 금정구 장전동 293-177,5,0:00,,,,,,,
진경순꼬마김밥,부산광역시 금정구 장전동 293-177,6,0:00,,,,,,,
타코야끼코코네,부산광역시 금정구 장전동 293-4,0,14:00,21:00,,,,,,
타코야끼코코네,부산광역시 금정구 장전동 293-4,1,14:00,21:00,,,,,,
타코야끼코코네,부산광역시 금정구 장전동 293-4,2,,,,,,TRUE,,
타코야끼코코네,부산광역시 금정구 장전동 293-4,3,16:00,21:00,,,,,,
타코야끼코코네,부산광역시 금정구 장전동 293-4,4,14:00,21:00,,,,,,
타코야끼코코네,부산광역시 금정구 장전동 293-4,5,14:00,21:00,,,,,,
타코야끼코코네,부산광역시 금정구 장전동 293-4,6,14:00,21:00,,,,,,
서빙고,부산광역시 금정구 장전동 293-90 ,0,13:00,21:00,,,,,"5~6월에는 30분, 7~9월에는 1시간 일찍 열고 늦게 닫는다. 이때는 휴무 또한 없음",
서빙고,부산광역시 금정구 장전동 293-90 ,1,,,,,,TRUE,"5~6월에는 30분, 7~9월에는 1시간 일찍 열고 늦게 닫는다. 이때는 휴무 또한 없음",
서빙고,부산광역시 금정구 장전동 293-90 ,2,13:00,21:00,,,,,"5~6월에는 30분, 7~9월에는 1시간 일찍 열고 늦게 닫는다. 이때는 휴무 또한 없음",
서빙고,부산광역시 금정구 장전동 293-90 ,3,13:00,21:00,,,,,"5~6월에는 30분, 7~9월에는 1시간 일찍 열고 늦게 닫는다. 이때는 휴무 또한 없음",
서빙고,부산광역시 금정구 장전동 293-90 ,4,13:00,21:00,,,,,"5~6월에는 30분, 7~9월에는 1시간 일찍 열고 늦게 닫는다. 이때는 휴무 또한 없음",
서빙고,부산광역시 금정구 장전동 293-90 ,5,13:00,21:00,,,,,"5~6월에는 30분, 7~9월에는 1시간 일찍 열고 늦게 닫는다. 이때는 휴무 또한 없음",
서빙고,부산광역시 금정구 장전동 293-90 ,6,13:00,21:00,,,,,"5~6월에는 30분, 7~9월에는 1시간 일찍 열고 늦게 닫는다. 이때는 휴무 또한 없음",
브레드바스켓,부산광역시 금정구 장전동 296-25,0,,,,,,TRUE,,
브레드바스켓,부산광역시 금정구 장전동 296-25,1,,,,,,TRUE,,
브레드바스켓,부산광역시 금정구 장전동 296-25,2,11:00,16:00,,,,,,
브레드바스켓,부산광역시 금정구 장전동 296-25,3,11:00,16:00,,,,,,
브레드바스켓,부산광역시 금정구 장전동 296-25,4,11:00,16:00,,,,,,
브레드바스켓,부산광역시 금정구 장전동 296-25,5,11:00,16:00,,,,,,
브레드바스켓,부산광역시 금정구 장전동 296-25,6,11:00,16:00,,,,,,
계성상회,부산광역시 금정구 장전동 299-46,0,,,,,,,,
계성상회,부산광역시 금정구 장전동 299-46,1,,,,,,,,
계성상회,부산광역시 금정구 장전동 299-46,2,,,,,,,,
계성상회,부산광역시 금정구 장전동 299-46,3,,,,,,,,
계성상회,부산광역시 금정구 장전동 299-46,4,,,,,,,,
계성상회,부산광역시 금정구 장전동 299-46,5,,,,,,,,
계성상회,부산광역시 금정구 장전동 299-46,6,,,,,,,,
스웨터,부산광역시 금정구 장전동 300-12,0,13:00,21:00,,,,,,
스웨터,부산광역시 금정구 장전동 300-12,1,13:00,21:00,,,,,,
스웨터,부산광역시 금정구 장전동 300-12,2,,,,,,TRUE,,
스웨터,부산광역시 금정구 장전동 300-12,3,,,,,,TRUE,,
스웨터,부산광역시 금정구 장전동 300-12,4,,,,,,TRUE,,
스웨터,부산광역시 금정구 장전동 300-12,5,13:00,21:00,,,,,,
스웨터,부산광역시 금정구 장전동 300-12,6,13:00,21:00,,,,,,
브로넛,부산광역시 금정구 장전동 302-10,0,12:00,22:00,,,21:30,,,
브로넛,부산광역시 금정구 장전동 302-10,1,12:00,22:00,,,21:30,,,
브로넛,부산광역시 금정구 장전동 302-10,2,12:00,22:00,,,21:30,,,
브로넛,부산광역시 금정구 장전동 302-10,3,12:00,22:00,,,21:30,,,
브로넛,부산광역시 금정구 장전동 302-10,4,12:00,22:00,,,21:30,,,
브로넛,부산광역시 금정구 장전동 302-10,5,12:00,22:00,,,21:30,,,
브로넛,부산광역시 금정구 장전동 302-10,6,12:00,22:00,,,21:30,,,
윤스디저트,부산광역시 금정구 장전동 302-10,0,,,,,,,,
윤스디저트,부산광역시 금정구 장전동 302-10,1,,,,,,,,
윤스디저트,부산광역시 금정구 장전동 302-10,2,,,,,,,,
윤스디저트,부산광역시 금정구 장전동 302-10,3,,,,,,,,
윤스디저트,부산광역시 금정구 장전동 302-10,4,,,,,,,,
윤스디저트,부산광역시 금정구 장전동 302-10,5,,,,,,,,
윤스디저트,부산광역시 금정구 장전동 302-10,6,,,,,,,,
이글루빙수카페,부산광역시 금정구 장전동 302-10,0,,,,,,,,
이글루빙수카페,부산광역시 금정구 장전동 302-10,1,,,,,,,,
이글루빙수카페,부산광역시 금정구 장전동 302-10,2,,,,,,,,
이글루빙수카페,부산광역시 금정구 장전동 302-10,3,,,,,,,,
이글루빙수카페,부산광역시 금정구 장전동 302-10,4,,,,,,,,
이글루빙수카페,부산광역시 금정구 장전동 302-10,5,,,,,,,,
이글루빙수카페,부산광역시 금정구 장전동 302-10,6,,,,,,,,
어스베이킹케이크부산대레터링케이크,부산광역시 금정구 장전동 302-22,0,11:30,19:00,,,,,인스타/카톡으로 오후 12시에 올라오는 케이크 확인 후 주문,
어스베이킹케이크부산대레터링케이크,부산광역시 금정구 장전동 302-22,1,11:30,19:00,,,,,인스타/카톡으로 오후 12시에 올라오는 케이크 확인 후 주문,
어스베이킹케이크부산대레터링케이크,부산광역시 금정구 장전동 302-22,2,11:30,19:00,,,,,인스타/카톡으로 오후 12시에 올라오는 케이크 확인 후 주문,
어스베이킹케이크부산대레터링케이크,부산광역시 금정구 장전동 302-22,3,11:30,19:00,,,,,인스타/카톡으로 오후 12시에 올라오는 케이크 확인 후 주문,
어스베이킹케이크부산대레터링케이크,부산광역시 금정구 장전동 302-22,4,11:30,19:00,,,,,인스타/카톡으로 오후 12시에 올라오는 케이크 확인 후 주문,
어스베이킹케이크부산대레터링케이크,부산광역시 금정구 장전동 302-22,5,11:30,19:00,,,,,인스타/카톡으로 오후 12시에 올라오는 케이크 확인 후 주문,
어스베이킹케이크부산대레터링케이크,부산광역시 금정구 장전동 302-22,6,11:30,19:00,,,,,인스타/카톡으로 오후 12시에 올라오는 케이크 확인 후 주문,
싸다김밥 부산대점,부산광역시 금정구 장전동 310-3,0,,,,,,,,
싸다김밥 부산대점,부산광역시 금정구 장전동 310-3,1,,,,,,,,
싸다김밥 부산대점,부산광역시 금정구 장전동 310-3,2,,,,,,,,
싸다김밥 부산대점,부산광역시 금정구 장전동 310-3,3,,,,,,,,
싸다김밥 부산대점,부산광역시 금정구 장전동 310-3,4,,,,,,,,
싸다김밥 부산대점,부산광역시 금정구 장전동 310-3,5,,,,,,,,
싸다김밥 부산대점,부산광역시 금정구 장전동 310-3,6,,,,,,,,
정다운김밥&떡볶이,부산광역시 금정구 장전동 312-21,0,,,,,,,,
정다운김밥&떡볶이,부산광역시 금정구 장전동 312-21,1,,,,,,,,
정다운김밥&떡볶이,부산광역시 금정구 장전동 312-21,2,,,,,,,,
정다운김밥&떡볶이,부산광역시 금정구 장전동 312-21,3,,,,,,,,
정다운김밥&떡볶이,부산광역시 금정구 장전동 312-21,4,,,,,,,,
정다운김밥&떡볶이,부산광역시 금정구 장전동 312-21,5,,,,,,,,
정다운김밥&떡볶이,부산광역시 금정구 장전동 312-21,6,,,,,,,,
몽벨쉘터 부산대점,부산광역시 금정구 장전동 315-7,0,11:00,21:00,,,,,설날 당일 휴무,
몽벨쉘터 부산대점,부산광역시 금정구 장전동 315-7,1,11:00,21:00,,,,,설날 당일 휴무,
몽벨쉘터 부산대점,부산광역시 금정구 장전동 315-7,2,11:00,21:00,,,,,설날 당일 휴무,
몽벨쉘터 부산대점,부산광역시 금정구 장전동 315-7,3,11:00,21:00,,,,,설날 당일 휴무,
몽벨쉘터 부산대점,부산광역시 금정구 장전동 315-7,4,11:00,21:00,,,,,설날 당일 휴무,
몽벨쉘터 부산대점,부산광역시 금정구 장전동 315-7,5,11:00,21:00,,,,,설날 당일 휴무,
몽벨쉘터 부산대점,부산광역시 금정구 장전동 315-7,6,11:00,21:00,,,,,설날 당일 휴무,
분잉,부산광역시 금정구 장전동 334-55,0,8:00,20:00,,,,,,
분잉,부산광역시 금정구 장전동 334-55,1,,,,,,TRUE,,
분잉,부산광역시 금정구 장전동 334-55,2,8:00,20:00,,,,,,
분잉,부산광역시 금정구 장전동 334-55,3,8:00,20:00,,,,,,
분잉,부산광역시 금정구 장전동 334-55,4,8:00,20:00,,,,,,
분잉,부산광역시 금정구 장전동 334-55,5,8:00,20:00,,,,,,
분잉,부산광역시 금정구 장전동 334-55,6,8:00,20:00,,,,,,
카페씨엘,부산광역시 금정구 장전동 337-3,0,,,,,,,,
카페씨엘,부산광역시 금정구 장전동 337-3,1,,,,,,,,
카페씨엘,부산광역시 금정구 장전동 337-3,2,,,,,,,,
카페씨엘,부산광역시 금정구 장전동 337-3,3,,,,,,,,
카페씨엘,부산광역시 금정구 장전동 337-3,4,,,,,,,,
카페씨엘,부산광역시 금정구 장전동 337-3,5,,,,,,,,
카페씨엘,부산광역시 금정구 장전동 337-3,6,,,,,,,,
마음한줄,부산광역시 금정구 장전동 341-11,0,8:00,21:00,,,,,,
마음한줄,부산광역시 금정구 장전동 341-11,1,8:00,21:00,,,,,,
마음한줄,부산광역시 금정구 장전동 341-11,2,8:00,21:00,,,,,,
마음한줄,부산광역시 금정구 장전동 341-11,3,8:00,21:00,,,,,,
마음한줄,부산광역시 금정구 장전동 341-11,4,8:00,21:00,,,,,,
마음한줄,부산광역시 금정구 장전동 341-11,5,8:00,21:00,,,,,,
마음한줄,부산광역시 금정구 장전동 341-11,6,8:00,21:00,,,,,,
정식당,부산광역시 금정구 장전동 360-24,0,,,,,,TRUE,,
정식당,부산광역시 금정구 장전동 360-24,1,11:30,,,,,,재료 소진 시 영업 종료,
정식당,부산광역시 금정구 장전동 360-24,2,11:30,,,,,,재료 소진 시 영업 종료,
정식당,부산광역시 금정구 장전동 360-24,3,11:30,,,,,,재료 소진 시 영업 종료,
정식당,부산광역시 금정구 장전동 360-24,4,11:30,,,,,,재료 소진 시 영업 종료,
정식당,부산광역시 금정구 장전동 360-24,5,11:30,,,,,,재료 소진 시 영업 종료,
정식당,부산광역시 금정구 장전동 360-24,6,,,,,,TRUE,,
그라미 부산대점,부산광역시 금정구 장전동 378-7,0,,,,,,,,
그라미 부산대점,부산광역시 금정구 장전동 378-7,1,,,,,,,,
그라미 부산대점,부산광역시 금정구 장전동 378-7,2,,,,,,,,
그라미 부산대점,부산광역시 금정구 장전동 378-7,3,,,,,,,,
그라미 부산대점,부산광역시 금정구 장전동 378-7,4,,,,,,,,
그라미 부산대점,부산광역시 금정구 장전동 378-7,5,,,,,,,,
그라미 부산대점,부산광역시 금정구 장전동 378-7,6,,,,,,,,
온김밥,부산광역시 금정구 장전동 384-49,0,,,,,,,TRUE,
온김밥,부산광역시 금정구 장전동 384-49,1,8:00,14:00,,,,,,
온김밥,부산광역시 금정구 장전동 384-49,2,8:00,14:00,,,,,,
온김밥,부산광역시 금정구 장전동 384-49,3,8:00,14:00,,,,,,
온김밥,부산광역시 금정구 장전동 384-49,4,8:00,14:00,,,,,,
온김밥,부산광역시 금정구 장전동 384-49,5,8:00,14:00,,,,,,
온김밥,부산광역시 금정구 장전동 384-49,6,9:00,14:00,,,,,,
올베이크,부산광역시 금정구 장전동 385-1,0,,,,,,TRUE,,
올베이크,부산광역시 금정구 장전동 385-1,1,,,,,,TRUE,,
올베이크,부산광역시 금정구 장전동 385-1,2,,,,,,TRUE,,
올베이크,부산광역시 금정구 장전동 385-1,3,12:00,18:00,,,,,,
올베이크,부산광역시 금정구 장전동 385-1,4,12:00,18:00,,,,,,
올베이크,부산광역시 금정구 장전동 385-1,5,12:00,18:00,,,,,,
올베이크,부산광역시 금정구 장전동 385-1,6,12:00,18:00,,,,,,
컵넛부산대 정문점,부산광역시 금정구 장전동 387-15,0,12:00,21:00,,,,,,
컵넛부산대 정문점,부산광역시 금정구 장전동 387-15,1,12:00,21:00,,,,,,
컵넛부산대 정문점,부산광역시 금정구 장전동 387-15,2,12:00,21:00,,,,,,
컵넛부산대 정문점,부산광역시 금정구 장전동 387-15,3,12:00,21:00,,,,,,
컵넛부산대 정문점,부산광역시 금정구 장전동 387-15,4,12:00,21:00,,,,,,
컵넛부산대 정문점,부산광역시 금정구 장전동 387-15,5,12:00,21:00,,,,,,
컵넛부산대 정문점,부산광역시 금정구 장전동 387-15,6,12:00,21:00,,,,,,
포케올데이 부산대점,부산광역시 금정구 장전동 387-15,0,,,,,,,,
포케올데이 부산대점,부산광역시 금정구 장전동 387-15,1,,,,,,,,
포케올데이 부산대점,부산광역시 금정구 장전동 387-15,2,,,,,,,,
포케올데이 부산대점,부산광역시 금정구 장전동 387-15,3,,,,,,,,
포케올데이 부산대점,부산광역시 금정구 장전동 387-15,4,,,,,,,,
포케올데이 부산대점,부산광역시 금정구 장전동 387-15,5,,,,,,,,
포케올데이 부산대점,부산광역시 금정구 장전동 387-15,6,,,,,,,,
삼첩분식 부산대점,부산광역시 금정구 장전동 388-37,0,,,,,,,,
삼첩분식 부산대점,부산광역시 금정구 장전동 388-37,1,,,,,,,,
삼첩분식 부산대점,부산광역시 금정구 장전동 388-37,2,,,,,,,,
삼첩분식 부산대점,부산광역시 금정구 장전동 388-37,3,,,,,,,,
삼첩분식 부산대점,부산광역시 금정구 장전동 388-37,4,,,,,,,,
삼첩분식 부산대점,부산광역시 금정구 장전동 388-37,5,,,,,,,,
삼첩분식 부산대점,부산광역시 금정구 장전동 388-37,6,,,,,,,,
록록빵가게,부산광역시 금정구 장전동 393-12,0,,,,,,TRUE,,
록록빵가게,부산광역시 금정구 장전동 393-12,1,,,,,,TRUE,,
록록빵가게,부산광역시 금정구 장전동 393-12,2,,,,,,TRUE,,
록록빵가게,부산광역시 금정구 장전동 393-12,3,12:00,19:00,,,,,,
록록빵가게,부산광역시 금정구 장전동 393-12,4,12:00,19:00,,,,,,
록록빵가게,부산광역시 금정구 장전동 393-12,5,12:00,19:00,,,,,,
록록빵가게,부산광역시 금정구 장전동 393-12,6,12:00,19:00,,,,,,
깐도분식,부산광역시 금정구 장전동 393-2,0,,,,,,,,
깐도분식,부산광역시 금정구 장전동 393-2,1,,,,,,,,
깐도분식,부산광역시 금정구 장전동 393-2,2,,,,,,,,
깐도분식,부산광역시 금정구 장전동 393-2,3,,,,,,,,
깐도분식,부산광역시 금정구 장전동 393-2,4,,,,,,,,
깐도분식,부산광역시 금정구 장전동 393-2,5,,,,,,,,
깐도분식,부산광역시 금정구 장전동 393-2,6,,,,,,,,
보노베리,부산광역시 금정구 장전동 394-4,0,,,,,,,,
보노베리,부산광역시 금정구 장전동 394-4,1,,,,,,,,
보노베리,부산광역시 금정구 장전동 394-4,2,,,,,,,,
보노베리,부산광역시 금정구 장전동 394-4,3,,,,,,,,
보노베리,부산광역시 금정구 장전동 394-4,4,,,,,,,,
보노베리,부산광역시 금정구 장전동 394-4,5,,,,,,,,
보노베리,부산광역시 금정구 장전동 394-4,6,,,,,,,,
앤티앤스프레즐,부산광역시 금정구 장전동 40,0,,,,,,,,
앤티앤스프레즐,부산광역시 금정구 장전동 40,1,,,,,,,,
앤티앤스프레즐,부산광역시 금정구 장전동 40,2,,,,,,,,
앤티앤스프레즐,부산광역시 금정구 장전동 40,3,,,,,,,,
앤티앤스프레즐,부산광역시 금정구 장전동 40,4,,,,,,,,
앤티앤스프레즐,부산광역시 금정구 장전동 40,5,,,,,,,,
앤티앤스프레즐,부산광역시 금정구 장전동 40,6,,,,,,,,
청년다방 부산대점,부산광역시 금정구 장전동 40,0,,,,,,,,
청년다방 부산대점,부산광역시 금정구 장전동 40,1,,,,,,,,
청년다방 부산대점,부산광역시 금정구 장전동 40,2,,,,,,,,
청년다방 부산대점,부산광역시 금정구 장전동 40,3,,,,,,,,
청년다방 부산대점,부산광역시 금정구 장전동 40,4,,,,,,,,
청년다방 부산대점,부산광역시 금정구 장전동 40,5,,,,,,,,
청년다방 부산대점,부산광역시 금정구 장전동 40,6,,,,,,,,
더크로와상,부산광역시 금정구 장전동 400-1,0,10:30,20:30,,,,,,
더크로와상,부산광역시 금정구 장전동 400-1,1,10:30,20:30,,,,,,
더크로와상,부산광역시 금정구 장전동 400-1,2,10:30,20:30,,,,,,
더크로와상,부산광역시 금정구 장전동 400-1,3,10:30,20:30,,,,,,
더크로와상,부산광역시 금정구 장전동 400-1,4,10:30,20:30,,,,,,
더크로와상,부산광역시 금정구 장전동 400-1,5,10:30,20:30,,,,,,
더크로와상,부산광역시 금정구 장전동 400-1,6,10:30,20:30,,,,,,
따봉분식,부산광역시 금정구 장전동 400-40 ,0,,,,,,,,
따봉분식,부산광역시 금정구 장전동 400-40 ,1,,,,,,,,
따봉분식,부산광역시 금정구 장전동 400-40 ,2,,,,,,,,
따봉분식,부산광역시 금정구 장전동 400-40 ,3,,,,,,,,
따봉분식,부산광역시 금정구 장전동 400-40 ,4,,,,,,,,
따봉분식,부산광역시 금정구 장전동 400-40 ,5,,,,,,,,
따봉분식,부산광역시 금정구 장전동 400-40 ,6,,,,,,,,
애플꼬마김밥 부산대점,부산광역시 금정구 장전동 400-54,0,,,,,,,,
애플꼬마김밥 부산대점,부산광역시 금정구 장전동 400-54,1,,,,,,,,
애플꼬마김밥 부산대점,부산광역시 금정구 장전동 400-54,2,,,,,,,,
애플꼬마김밥 부산대점,부산광역시 금정구 장전동 400-54,3,,,,,,,,
애플꼬마김밥 부산대점,부산광역시 금정구 장전동 400-54,4,,,,,,,,
애플꼬마김밥 부산대점,부산광역시 금정구 장전동 400-54,5,,,,,,,,
애플꼬마김밥 부산대점,부산광역시 금정구 장전동 400-54,6,,,,,,,,
원조토스트,부산광역시 금정구 장전동 400-54,0,0:00,,,,,,,
원조토스트,부산광역시 금정구 장전동 400-54,1,0:00,,,,,,,
원조토스트,부산광역시 금정구 장전동 400-54,2,0:00,,,,,,,
원조토스트,부산광역시 금정구 장전동 400-54,3,0:00,,,,,,,
원조토스트,부산광역시 금정구 장전동 400-54,4,0:00,,,,,,,
원조토스트,부산광역시 금정구 장전동 400-54,5,0:00,,,,,,,
원조토스트,부산광역시 금정구 장전동 400-54,6,0:00,,,,,,,
명물토스트,부산광역시 금정구 장전동 400-61,0,9:00,,,,,,,
명물토스트,부산광역시 금정구 장전동 400-61,1,9:00,,,,,,,
명물토스트,부산광역시 금정구 장전동 400-61,2,9:00,,,,,,,
명물토스트,부산광역시 금정구 장전동 400-61,3,9:00,,,,,,,
명물토스트,부산광역시 금정구 장전동 400-61,4,9:00,,,,,,,
명물토스트,부산광역시 금정구 장전동 400-61,5,9:00,,,,,,,
명물토스트,부산광역시 금정구 장전동 400-61,6,9:00,,,,,,,
더기베이글,부산광역시 금정구 장전동 401-11,0,,,,,,TRUE,,
더기베이글,부산광역시 금정구 장전동 401-11,1,9:00,19:00,,,,,,
더기베이글,부산광역시 금정구 장전동 401-11,2,9:00,19:00,,,,,,
더기베이글,부산광역시 금정구 장전동 401-11,3,9:00,19:00,,,,,,
더기베이글,부산광역시 금정구 장전동 401-11,4,9:00,19:00,,,,,,
더기베이글,부산광역시 금정구 장전동 401-11,5,9:00,19:00,,,,,,
더기베이글,부산광역시 금정구 장전동 401-11,6,,,,,,TRUE,,
강다짐삼각김밥,부산광역시 금정구 장전동 402-3,0,9:00,13:30,,,,,,
강다짐삼각김밥,부산광역시 금정구 장전동 402-3,1,9:30,18:30,14:00,16:00,,,,
강다짐삼각김밥,부산광역시 금정구 장전동 402-3,2,9:30,18:30,14:00,16:00,,,,
강다짐삼각김밥,부산광역시 금정구 장전동 402-3,3,9:30,18:30,14:00,16:00,,,,
강다짐삼각김밥,부산광역시 금정구 장전동 402-3,4,9:30,18:30,14:00,16:00,,,,
강다짐삼각김밥,부산광역시 금정구 장전동 402-3,5,9:30,18:30,14:00,16:00,,,,
강다짐삼각김밥,부산광역시 금정구 장전동 402-3,6,9:00,13:30,,,,,,
부대쌀떡볶이,부산광역시 금정구 장전동 403-23,0,,,,,,,,
부대쌀떡볶이,부산광역시 금정구 장전동 403-23,1,,,,,,,,
부대쌀떡볶이,부산광역시 금정구 장전동 403-23,2,,,,,,,,
부대쌀떡볶이,부산광역시 금정구 장전동 403-23,3,,,,,,,,
부대쌀떡볶이,부산광역시 금정구 장전동 403-23,4,,,,,,,,
부대쌀떡볶이,부산광역시 금정구 장전동 403-23,5,,,,,,,,
부대쌀떡볶이,부산광역시 금정구 장전동 403-23,6,,,,,,,,
부산대정문토스트,부산광역시 금정구 장전동 403-23,0,7:30,,,,,,,
부산대정문토스트,부산광역시 금정구 장전동 403-23,1,7:30,,,,,,,
부산대정문토스트,부산광역시 금정구 장전동 403-23,2,7:30,,,,,,,
부산대정문토스트,부산광역시 금정구 장전동 403-23,3,7:30,,,,,,,
부산대정문토스트,부산광역시 금정구 장전동 403-23,4,7:30,,,,,,,
부산대정문토스트,부산광역시 금정구 장전동 403-23,5,7:30,,,,,,,
부산대정문토스트,부산광역시 금정구 장전동 403-23,6,7:30,,,,,,,
계도,부산광역시 금정구 장전동 412-10,0,,,,,,,,
계도,부산광역시 금정구 장전동 412-10,1,,,,,,,,
계도,부산광역시 금정구 장전동 412-10,2,,,,,,,,
계도,부산광역시 금정구 장전동 412-10,3,,,,,,,,
계도,부산광역시 금정구 장전동 412-10,4,,,,,,,,
계도,부산광역시 금정구 장전동 412-10,5,,,,,,,,
계도,부산광역시 금정구 장전동 412-10,6,,,,,,,,
블루그로토,부산광역시 금정구 장전동 412-45,0,10:30,21:00,,,,,,
블루그로토,부산광역시 금정구 장전동 412-45,1,10:30,19:00,,,18:30,,,
블루그로토,부산광역시 금정구 장전동 412-45,2,10:30,19:00,,,18:30,,,
블루그로토,부산광역시 금정구 장전동 412-45,3,10:30,19:00,,,18:30,,,
블루그로토,부산광역시 금정구 장전동 412-45,4,10:30,19:00,,,18:30,,,
블루그로토,부산광역시 금정구 장전동 412-45,5,10:30,19:00,,,18:30,,,
블루그로토,부산광역시 금정구 장전동 412-45,6,10:30,21:00,,,,,,
보노베리,부산광역시 금정구 장전동 414-1,0,10:00,22:15,,,21:45,,,
보노베리,부산광역시 금정구 장전동 414-1,1,10:00,22:15,,,21:45,,,
보노베리,부산광역시 금정구 장전동 414-1,2,10:00,22:15,,,21:45,,,
보노베리,부산광역시 금정구 장전동 414-1,3,10:00,22:15,,,21:45,,,
보노베리,부산광역시 금정구 장전동 414-1,4,10:00,22:15,,,21:45,,,
보노베리,부산광역시 금정구 장전동 414-1,5,10:00,22:15,,,21:45,,,
보노베리,부산광역시 금정구 장전동 414-1,6,10:00,22:15,,,21:45,,,
미스터빠삭,부산광역시 금정구 장전동 414-11,0,11:00,21:00,,,20:55,,,
미스터빠삭,부산광역시 금정구 장전동 414-11,1,11:00,21:00,,,20:55,,,
미스터빠삭,부산광역시 금정구 장전동 414-11,2,11:00,21:00,,,20:55,,,
미스터빠삭,부산광역시 금정구 장전동 414-11,3,11:00,21:00,,,20:55,,,
미스터빠삭,부산광역시 금정구 장전동 414-11,4,11:00,21:00,,,20:55,,,
미스터빠삭,부산광역시 금정구 장전동 414-11,5,11:00,21:00,,,20:55,,,
미스터빠삭,부산광역시 금정구 장전동 414-11,6,11:00,21:00,,,20:55,,,
와플대학 부산대점,부산광역시 금정구 장전동 414-3,0,,,,,,,,
와플대학 부산대점,부산광역시 금정구 장전동 414-3,1,,,,,,,,
와플대학 부산대점,부산광역시 금정구 장전동 414-3,2,,,,,,,,
와플대학 부산대점,부산광역시 금정구 장전동 414-3,3,,,,,,,,
와플대학 부산대점,부산광역시 금정구 장전동 414-3,4,,,,,,,,
와플대학 부산대점,부산광역시 금정구 장전동 414-3,5,,,,,,,,
와플대학 부산대점,부산광역시 금정구 장전동 414-3,6,,,,,,,,
디델리 부산대점,부산광역시 금정구 장전동 415-19,0,,,,,,,,
디델리 부산대점,부산광역시 금정구 장전동 415-19,1,,,,,,,,
디델리 부산대점,부산광역시 금정구 장전동 415-19,2,,,,,,,,
디델리 부산대점,부산광역시 금정구 장전동 415-19,3,,,,,,,,
디델리 부산대점,부산광역시 금정구 장전동 415-19,4,,,,,,,,
디델리 부산대점,부산광역시 금정구 장전동 415-19,5,,,,,,,,
디델리 부산대점,부산광역시 금정구 장전동 415-19,6,,,,,,,,
두끼떡볶이 부산대점,부산광역시 금정구 장전동 415-21,0,,,,,,,,
두끼떡볶이 부산대점,부산광역시 금정구 장전동 415-21,1,,,,,,,,
두끼떡볶이 부산대점,부산광역시 금정구 장전동 415-21,2,,,,,,,,
두끼떡볶이 부산대점,부산광역시 금정구 장전동 415-21,3,,,,,,,,
두끼떡볶이 부산대점,부산광역시 금정구 장전동 415-21,4,,,,,,,,
두끼떡볶이 부산대점,부산광역시 금정구 장전동 415-21,5,,,,,,,,
두끼떡볶이 부산대점,부산광역시 금정구 장전동 415-21,6,,,,,,,,
뚜레쥬르부산대학교점,부산광역시 금정구 장전동 415-23,0,,,,,,,,
뚜레쥬르부산대학교점,부산광역시 금정구 장전동 415-23,1,,,,,,,,
뚜레쥬르부산대학교점,부산광역시 금정구 장전동 415-23,2,,,,,,,,
뚜레쥬르부산대학교점,부산광역시 금정구 장전동 415-23,3,,,,,,,,
뚜레쥬르부산대학교점,부산광역시 금정구 장전동 415-23,4,,,,,,,,
뚜레쥬르부산대학교점,부산광역시 금정구 장전동 415-23,5,,,,,,,,
뚜레쥬르부산대학교점,부산광역시 금정구 장전동 415-23,6,,,,,,,,
카페미엔느,부산광역시 금정구 장전동 417-11,0,12:00,21:00,,,20:30,,,
카페미엔느,부산광역시 금정구 장전동 417-11,1,,,,,,TRUE,,
카페미엔느,부산광역시 금정구 장전동 417-11,2,,,,,,TRUE,,
카페미엔느,부산광역시 금정구 장전동 417-11,3,,,,,,TRUE,,
카페미엔느,부산광역시 금정구 장전동 417-11,4,12:00,21:00,,,20:30,,,
카페미엔느,부산광역시 금정구 장전동 417-11,5,12:00,21:00,,,20:30,,,
카페미엔느,부산광역시 금정구 장전동 417-11,6,12:00,21:00,,,20:30,,,
써브웨이 부산대점,부산광역시 금정구 장전동 417-39,0,,,,,,,,
써브웨이 부산대점,부산광역시 금정구 장전동 417-39,1,,,,,,,,
써브웨이 부산대점,부산광역시 금정구 장전동 417-39,2,,,,,,,,
써브웨이 부산대점,부산광역시 금정구 장전동 417-39,3,,,,,,,,
써브웨이 부산대점,부산광역시 금정구 장전동 417-39,4,,,,,,,,
써브웨이 부산대점,부산광역시 금정구 장전동 417-39,5,,,,,,,,
써브웨이 부산대점,부산광역시 금정구 장전동 417-39,6,,,,,,,,
정항우케익 부산대점,부산광역시 금정구 장전동 418-1,0,11:00,21:00,,,,,,
정항우케익 부산대점,부산광역시 금정구 장전동 418-1,1,11:00,21:00,,,,,,
정항우케익 부산대점,부산광역시 금정구 장전동 418-1,2,11:00,21:00,,,,,,
정항우케익 부산대점,부산광역시 금정구 장전동 418-1,3,11:00,21:00,,,,,,
정항우케익 부산대점,부산광역시 금정구 장전동 418-1,4,11:00,21:00,,,,,,
정항우케익 부산대점,부산광역시 금정구 장전동 418-1,5,11:00,21:00,,,,,,
정항우케익 부산대점,부산광역시 금정구 장전동 418-1,6,11:00,21:00,,,,,,
김미김밥,부산광역시 금정구 장전동 418-11,0,,,,,,,,
김미김밥,부산광역시 금정구 장전동 418-11,1,,,,,,,,
김미김밥,부산광역시 금정구 장전동 418-11,2,,,,,,,,
김미김밥,부산광역시 금정구 장전동 418-11,3,,,,,,,,
김미김밥,부산광역시 금정구 장전동 418-11,4,,,,,,,,
김미김밥,부산광역시 금정구 장전동 418-11,5,,,,,,,,
김미김밥,부산광역시 금정구 장전동 418-11,6,,,,,,,,
더마셔,부산광역시 금정구 장전동 418-34,0,,,,,,,,
더마셔,부산광역시 금정구 장전동 418-34,1,,,,,,,,
더마셔,부산광역시 금정구 장전동 418-34,2,,,,,,,,
더마셔,부산광역시 금정구 장전동 418-34,3,,,,,,,,
더마셔,부산광역시 금정구 장전동 418-34,4,,,,,,,,
더마셔,부산광역시 금정구 장전동 418-34,5,,,,,,,,
더마셔,부산광역시 금정구 장전동 418-34,6,,,,,,,,
신전떡볶이,부산광역시 금정구 장전동 418-63,0,,,,,,,,
신전떡볶이,부산광역시 금정구 장전동 418-63,1,,,,,,,,
신전떡볶이,부산광역시 금정구 장전동 418-63,2,,,,,,,,
신전떡볶이,부산광역시 금정구 장전동 418-63,3,,,,,,,,
신전떡볶이,부산광역시 금정구 장전동 418-63,4,,,,,,,,
신전떡볶이,부산광역시 금정구 장전동 418-63,5,,,,,,,,
신전떡볶이,부산광역시 금정구 장전동 418-63,6,,,,,,,,
땡초불닭발동대문엽기떡뽁이 부산대점,부산광역시 금정구 장전동 419-10,0,,,,,,,,
땡초불닭발동대문엽기떡뽁이 부산대점,부산광역시 금정구 장전동 419-10,1,,,,,,,,
땡초불닭발동대문엽기떡뽁이 부산대점,부산광역시 금정구 장전동 419-10,2,,,,,,,,
땡초불닭발동대문엽기떡뽁이 부산대점,부산광역시 금정구 장전동 419-10,3,,,,,,,,
땡초불닭발동대문엽기떡뽁이 부산대점,부산광역시 금정구 장전동 419-10,4,,,,,,,,
땡초불닭발동대문엽기떡뽁이 부산대점,부산광역시 금정구 장전동 419-10,5,,,,,,,,
땡초불닭발동대문엽기떡뽁이 부산대점,부산광역시 금정구 장전동 419-10,6,,,,,,,,
소다미,부산광역시 금정구 장전동 419-10,0,,,,,,TRUE,,
소다미,부산광역시 금정구 장전동 419-10,1,10:30,19:00,,,,,,
소다미,부산광역시 금정구 장전동 419-10,2,10:30,19:00,,,,,,
소다미,부산광역시 금정구 장전동 419-10,3,10:30,19:00,,,,,,
소다미,부산광역시 금정구 장전동 419-10,4,10:30,19:00,,,,,,
소다미,부산광역시 금정구 장전동 419-10,5,10:30,15:00,,,,,,
소다미,부산광역시 금정구 장전동 419-10,6,10:30,15:00,,,,,,
정직유부 부산대점,부산광역시 금정구 장전동 419-19,0,11:00,20:30,,,,,,
정직유부 부산대점,부산광역시 금정구 장전동 419-19,1,11:00,20:30,,,,,,
정직유부 부산대점,부산광역시 금정구 장전동 419-19,2,11:00,20:30,,,,,,
정직유부 부산대점,부산광역시 금정구 장전동 419-19,3,11:00,20:30,,,,,,
정직유부 부산대점,부산광역시 금정구 장전동 419-19,4,11:00,20:30,,,,,,
정직유부 부산대점,부산광역시 금정구 장전동 419-19,5,11:00,20:30,,,,,,
정직유부 부산대점,부산광역시 금정구 장전동 419-19,6,11:00,20:30,,,,,,
부산대순저씨,부산광역시 금정구 장전동 419-34,0,16:00,23:00,,,,,,
부산대순저씨,부산광역시 금정구 장전동 419-34,1,16:00,23:00,,,,,,
부산대순저씨,부산광역시 금정구 장전동 419-34,2,16:00,23:00,,,,,,
부산대순저씨,부산광역시 금정구 장전동 419-34,3,16:00,23:00,,,,,,
부산대순저씨,부산광역시 금정구 장전동 419-34,4,16:00,23:00,,,,,,
부산대순저씨,부산광역시 금정구 장전동 419-34,5,16:00,23:00,,,,,,
부산대순저씨,부산광역시 금정구 장전동 419-34,6,,,,,,TRUE,,
봉구스밥버거앤텐더크래커부산대 정문점,부산광역시 금정구 장전동 419-56,0,,,,,,,,
봉구스밥버거앤텐더크래커부산대 정문점,부산광역시 금정구 장전동 419-56,1,,,,,,,,
봉구스밥버거앤텐더크래커부산대 정문점,부산광역시 금정구 장전동 419-56,2,,,,,,,,
봉구스밥버거앤텐더크래커부산대 정문점,부산광역시 금정구 장전동 419-56,3,,,,,,,,
봉구스밥버거앤텐더크래커부산대 정문점,부산광역시 금정구 장전동 419-56,4,,,,,,,,
봉구스밥버거앤텐더크래커부산대 정문점,부산광역시 금정구 장전동 419-56,5,,,,,,,,
봉구스밥버거앤텐더크래커부산대 정문점,부산광역시 금정구 장전동 419-56,6,,,,,,,,
스페로스페라,부산광역시 금정구 장전동 419-56,0,,,,,,TRUE,,
스페로스페라,부산광역시 금정구 장전동 419-56,1,13:30,19:30,,,,,,
스페로스페라,부산광역시 금정구 장전동 419-56,2,13:30,19:30,,,,,,
스페로스페라,부산광역시 금정구 장전동 419-56,3,13:30,19:30,,,,,,
스페로스페라,부산광역시 금정구 장전동 419-56,4,13:30,19:30,,,,,,
스페로스페라,부산광역시 금정구 장전동 419-56,5,13:30,19:30,,,,,,
스페로스페라,부산광역시 금정구 장전동 419-56,6,12:30,19:30,,,,,,
파리바게뜨 부산대점,부산광역시 금정구 장전동 419-60,0,,,,,,,,
파리바게뜨 부산대점,부산광역시 금정구 장전동 419-60,1,,,,,,,,
파리바게뜨 부산대점,부산광역시 금정구 장전동 419-60,2,,,,,,,,
파리바게뜨 부산대점,부산광역시 금정구 장전동 419-60,3,,,,,,,,
파리바게뜨 부산대점,부산광역시 금정구 장전동 419-60,4,,,,,,,,
파리바게뜨 부산대점,부산광역시 금정구 장전동 419-60,5,,,,,,,,
파리바게뜨 부산대점,부산광역시 금정구 장전동 419-60,6,,,,,,,,
베스킨라빈스,부산광역시 금정구 장전동 420-21,0,,,,,,,,
베스킨라빈스,부산광역시 금정구 장전동 420-21,1,,,,,,,,
베스킨라빈스,부산광역시 금정구 장전동 420-21,2,,,,,,,,
베스킨라빈스,부산광역시 금정구 장전동 420-21,3,,,,,,,,
베스킨라빈스,부산광역시 금정구 장전동 420-21,4,,,,,,,,
베스킨라빈스,부산광역시 금정구 장전동 420-21,5,,,,,,,,
베스킨라빈스,부산광역시 금정구 장전동 420-21,6,,,,,,,,
타코파파,부산광역시 금정구 장전동 421-23 ,0,,,,,,,,
타코파파,부산광역시 금정구 장전동 421-23 ,1,,,,,,,,
타코파파,부산광역시 금정구 장전동 421-23 ,2,,,,,,,,
타코파파,부산광역시 금정구 장전동 421-23 ,3,,,,,,,,
타코파파,부산광역시 금정구 장전동 421-23 ,4,,,,,,,,
타코파파,부산광역시 금정구 장전동 421-23 ,5,,,,,,,,
타코파파,부산광역시 금정구 장전동 421-23 ,6,,,,,,,,
장호덕손만두 부산대점,부산광역시 금정구 장전동 421-12,0,,,,,,,,
장호덕손만두 부산대점,부산광역시 금정구 장전동 421-12,1,,,,,,,,
장호덕손만두 부산대점,부산광역시 금정구 장전동 421-12,2,,,,,,,,
장호덕손만두 부산대점,부산광역시 금정구 장전동 421-12,3,,,,,,,,
장호덕손만두 부산대점,부산광역시 금정구 장전동 421-12,4,,,,,,,,
장호덕손만두 부산대점,부산광역시 금정구 장전동 421-12,5,,,,,,,,
장호덕손만두 부산대점,부산광역시 금정구 장전동 421-12,6,,,,,,,,
권스와아이들,부산광역시 금정구 장전동 421-23,0,,,,,,,,
권스와아이들,부산광역시 금정구 장전동 421-23,1,,,,,,,,
권스와아이들,부산광역시 금정구 장전동 421-23,2,,,,,,,,
권스와아이들,부산광역시 금정구 장전동 421-23,3,,,,,,,,
권스와아이들,부산광역시 금정구 장전동 421-23,4,,,,,,,,
권스와아이들,부산광역시 금정구 장전동 421-23,5,,,,,,,,
권스와아이들,부산광역시 금정구 장전동 421-23,6,,,,,,,,
배떡 부산대점,부산광역시 금정구 장전동 423-39,0,,,,,,,,
배떡 부산대점,부산광역시 금정구 장전동 423-39,1,,,,,,,,
배떡 부산대점,부산광역시 금정구 장전동 423-39,2,,,,,,,,
배떡 부산대점,부산광역시 금정구 장전동 423-39,3,,,,,,,,
배떡 부산대점,부산광역시 금정구 장전동 423-39,4,,,,,,,,
배떡 부산대점,부산광역시 금정구 장전동 423-39,5,,,,,,,,
배떡 부산대점,부산광역시 금정구 장전동 423-39,6,,,,,,,,
쿠카이야,부산광역시 금정구 장전동 424-5,0,11:30,20:30,15:00,17:00,,,,
쿠카이야,부산광역시 금정구 장전동 424-5,1,11:30,20:30,15:00,17:00,,,,
쿠카이야,부산광역시 금정구 장전동 424-5,2,11:30,20:30,15:00,17:00,,,,
쿠카이야,부산광역시 금정구 장전동 424-5,3,11:30,20:30,15:00,17:00,,,,
쿠카이야,부산광역시 금정구 장전동 424-5,4,11:30,20:30,15:00,17:00,,,,
쿠카이야,부산광역시 금정구 장전동 424-5,5,,,,,,TRUE,,
쿠카이야,부산광역시 금정구 장전동 424-5,6,11:30,20:30,15:00,17:00,,,,
이흥용과자점,부산광역시 금정구 장전동 425-1,0,8:30,21:00,,,,,,
이흥용과자점,부산광역시 금정구 장전동 425-1,1,8:30,21:00,,,,,,
이흥용과자점,부산광역시 금정구 장전동 425-1,2,8:30,21:00,,,,,,
이흥용과자점,부산광역시 금정구 장전동 425-1,3,8:30,21:00,,,,,,
이흥용과자점,부산광역시 금정구 장전동 425-1,4,8:30,21:00,,,,,,
이흥용과자점,부산광역시 금정구 장전동 425-1,5,8:30,21:00,,,,,,
이흥용과자점,부산광역시 금정구 장전동 425-1,6,8:30,21:00,,,,,,
로완,부산광역시 금정구 장전동 47-2,0,,,,,,TRUE,,
로완,부산광역시 금정구 장전동 47-2,1,,,,,,TRUE,,
로완,부산광역시 금정구 장전동 47-2,2,12:00,20:00,,,,,,
로완,부산광역시 금정구 장전동 47-2,3,12:00,20:00,,,,,,
로완,부산광역시 금정구 장전동 47-2,4,12:00,20:00,,,,,,
로완,부산광역시 금정구 장전동 47-2,5,12:00,20:00,,,,,,
로완,부산광역시 금정구 장전동 47-2,6,12:00,20:00,,,,,,
몽레브(Mon reve),부산광역시 금정구 장전동 538-1,0,,,,,,TRUE,,
몽레브(Mon reve),부산광역시 금정구 장전동 538-1,1,8:00,20:00,,,,,,
몽레브(Mon reve),부산광역시 금정구 장전동 538-1,2,8:00,20:00,,,,,,
몽레브(Mon reve),부산광역시 금정구 장전동 538-1,3,8:00,20:00,,,,,,
몽레브(Mon reve),부산광역시 금정구 장전동 538-1,4,8:00,20:00,,,,,,
몽레브(Mon reve),부산광역시 금정구 장전동 538-1,5,8:00,20:00,,,,,,
몽레브(Mon reve),부산광역시 금정구 장전동 538-1,6,8:00,20:00,,,,,,
온리김밥,부산광역시 금정구 장전동 576-5,0,8:00,19:00,,,18:30,,,
온리김밥,부산광역시 금정구 장전동 576-5,1,,,,,,TRUE,,
온리김밥,부산광역시 금정구 장전동 576-5,2,8:00,19:00,,,18:30,,,
온리김밥,부산광역시 금정구 장전동 576-5,3,8:00,19:00,,,18:30,,,
온리김밥,부산광역시 금정구 장전동 576-5,4,8:00,19:00,,,18:30,,,
온리김밥,부산광역시 금정구 장전동 576-5,5,8:00,19:00,,,18:30,,,
온리김밥,부산광역시 금정구 장전동 576-5,6,8:00,19:00,,,18:30,,,
쉬프렘베이커리,부산광역시 금정구 장전동 579-5,0,8:00,22:00,,,,,,
쉬프렘베이커리,부산광역시 금정구 장전동 579-5,1,8:00,22:00,,,,,,
쉬프렘베이커리,부산광역시 금정구 장전동 579-5,2,8:00,22:00,,,,,,
쉬프렘베이커리,부산광역시 금정구 장전동 579-5,3,8:00,22:00,,,,,,
쉬프렘베이커리,부산광역시 금정구 장전동 579-5,4,8:00,22:00,,,,,,
쉬프렘베이커리,부산광역시 금정구 장전동 579-5,5,8:00,22:00,,,,,,
쉬프렘베이커리,부산광역시 금정구 장전동 579-5,6,8:00,22:00,,,,,,
햇쌀빵집,부산광역시 금정구 장전동 581,0,0:00,,,,,,24시간 연중무휴,
햇쌀빵집,부산광역시 금정구 장전동 581,1,0:00,,,,,,24시간 연중무휴,
햇쌀빵집,부산광역시 금정구 장전동 581,2,0:00,,,,,,24시간 연중무휴,
햇쌀빵집,부산광역시 금정구 장전동 581,3,11:00,19:00,,,,,,
햇쌀빵집,부산광역시 금정구 장전동 581,4,11:00,19:00,,,,,,
햇쌀빵집,부산광역시 금정구 장전동 581,5,11:00,19:00,,,,,,
햇쌀빵집,부산광역시 금정구 장전동 581,6,11:00,19:00,,,,,,
돼지떡볶이,부산광역시 금정구 장전동 596-5,0,,,,,,TRUE,,
돼지떡볶이,부산광역시 금정구 장전동 596-5,1,13:00,22:00,,,,,,
돼지떡볶이,부산광역시 금정구 장전동 596-5,2,13:00,22:00,,,,,,
돼지떡볶이,부산광역시 금정구 장전동 596-5,3,13:00,22:00,,,,,,
돼지떡볶이,부산광역시 금정구 장전동 596-5,4,13:00,22:00,,,,,,
돼지떡볶이,부산광역시 금정구 장전동 596-5,5,13:00,22:00,,,,,,
돼지떡볶이,부산광역시 금정구 장전동 596-5,6,13:00,22:00,,,,,,
온천장우리떡집,부산광역시 금정구 장전동 602-3,0,6:00,11:00,,,,,,
온천장우리떡집,부산광역시 금정구 장전동 602-3,1,5:30,19:00,,,,,,
온천장우리떡집,부산광역시 금정구 장전동 602-3,2,5:30,19:00,,,,,,
온천장우리떡집,부산광역시 금정구 장전동 602-3,3,5:30,19:00,,,,,,
온천장우리떡집,부산광역시 금정구 장전동 602-3,4,5:30,19:00,,,,,,
온천장우리떡집,부산광역시 금정구 장전동 602-3,5,5:30,19:00,,,,,,
온천장우리떡집,부산광역시 금정구 장전동 602-3,6,5:30,19:00,,,,,,
이고움디저트,부산광역시 금정구 장전동 607-24,0,12:00,20:00,,,,,,
이고움디저트,부산광역시 금정구 장전동 607-24,1,12:00,20:00,,,,,,
이고움디저트,부산광역시 금정구 장전동 607-24,2,12:00,20:00,,,,,,
이고움디저트,부산광역시 금정구 장전동 607-24,3,12:00,20:00,,,,,,
이고움디저트,부산광역시 금정구 장전동 607-24,4,12:00,20:00,,,,,,
이고움디저트,부산광역시 금정구 장전동 607-24,5,,,,,,TRUE,,
이고움디저트,부산광역시 금정구 장전동 607-24,6,12:00,20:00,,,,,,
보리종파티세리장전점,부산광역시 금정구 장전동 607-37,0,8:30,21:30,,,,,,
보리종파티세리장전점,부산광역시 금정구 장전동 607-37,1,8:30,21:30,,,,,,
보리종파티세리장전점,부산광역시 금정구 장전동 607-37,2,8:30,21:30,,,,,,
보리종파티세리장전점,부산광역시 금정구 장전동 607-37,3,8:30,21:30,,,,,,
보리종파티세리장전점,부산광역시 금정구 장전동 607-37,4,8:30,21:30,,,,,,
보리종파티세리장전점,부산광역시 금정구 장전동 607-37,5,8:30,21:30,,,,,,
보리종파티세리장전점,부산광역시 금정구 장전동 607-37,6,8:30,21:30,,,,,,
온리스윗,부산광역시 금정구 장전동 60-9,0,,,,,,,,
온리스윗,부산광역시 금정구 장전동 60-9,1,,,,,,,,
온리스윗,부산광역시 금정구 장전동 60-9,2,,,,,,,,
온리스윗,부산광역시 금정구 장전동 60-9,3,,,,,,,,
온리스윗,부산광역시 금정구 장전동 60-9,4,,,,,,,,
온리스윗,부산광역시 금정구 장전동 60-9,5,,,,,,,,
온리스윗,부산광역시 금정구 장전동 60-9,6,,,,,,,,
명품달인김밥 온천점,부산광역시 금정구 장전동 617-18,0,8:00,15:00,,,,,,
명품달인김밥 온천점,부산광역시 금정구 장전동 617-18,1,8:00,18:00,,,,,,
명품달인김밥 온천점,부산광역시 금정구 장전동 617-18,2,8:00,18:00,,,,,,
명품달인김밥 온천점,부산광역시 금정구 장전동 617-18,3,8:00,18:00,,,,,,
명품달인김밥 온천점,부산광역시 금정구 장전동 617-18,4,8:00,18:00,,,,,,
명품달인김밥 온천점,부산광역시 금정구 장전동 617-18,5,8:00,18:00,,,,,,
명품달인김밥 온천점,부산광역시 금정구 장전동 617-18,6,8:00,18:00,,,,,,
모모팥빙수,부산광역시 금정구 장전동 619-11,0,,,,,,,,
모모팥빙수,부산광역시 금정구 장전동 619-11,1,,,,,,,,
모모팥빙수,부산광역시 금정구 장전동 619-11,2,,,,,,,,
모모팥빙수,부산광역시 금정구 장전동 619-11,3,,,,,,,,
모모팥빙수,부산광역시 금정구 장전동 619-11,4,,,,,,,,
모모팥빙수,부산광역시 금정구 장전동 619-11,5,,,,,,,,
모모팥빙수,부산광역시 금정구 장전동 619-11,6,,,,,,,,
소정떡방아,부산광역시 금정구 장전동 621-30,0,,,,,,,,
소정떡방아,부산광역시 금정구 장전동 621-30,1,,,,,,,,
소정떡방아,부산광역시 금정구 장전동 621-30,2,,,,,,,,
소정떡방아,부산광역시 금정구 장전동 621-30,3,,,,,,,,
소정떡방아,부산광역시 금정구 장전동 621-30,4,,,,,,,,
소정떡방아,부산광역시 금정구 장전동 621-30,5,,,,,,,,
소정떡방아,부산광역시 금정구 장전동 621-30,6,,,,,,,,
금미떡방앗간,부산광역시 금정구 장전동 62-35,0,,,,,,,,
금미떡방앗간,부산광역시 금정구 장전동 62-35,1,,,,,,,,
금미떡방앗간,부산광역시 금정구 장전동 62-35,2,,,,,,,,
금미떡방앗간,부산광역시 금정구 장전동 62-35,3,,,,,,,,
금미떡방앗간,부산광역시 금정구 장전동 62-35,4,,,,,,,,
금미떡방앗간,부산광역시 금정구 장전동 62-35,5,,,,,,,,
금미떡방앗간,부산광역시 금정구 장전동 62-35,6,,,,,,,,
파리바게뜨 금정점,부산광역시 금정구 장전동 629-2,0,,,,,,,,
파리바게뜨 금정점,부산광역시 금정구 장전동 629-2,1,,,,,,,,
파리바게뜨 금정점,부산광역시 금정구 장전동 629-2,2,,,,,,,,
파리바게뜨 금정점,부산광역시 금정구 장전동 629-2,3,,,,,,,,
파리바게뜨 금정점,부산광역시 금정구 장전동 629-2,4,,,,,,,,
파리바게뜨 금정점,부산광역시 금정구 장전동 629-2,5,,,,,,,,
파리바게뜨 금정점,부산광역시 금정구 장전동 629-2,6,,,,,,,,
스텔라떡볶이부산부곡장전점,부산광역시 금정구 장전동 629-6,0,,,,,,,,
스텔라떡볶이부산부곡장전점,부산광역시 금정구 장전동 629-6,1,,,,,,,,
스텔라떡볶이부산부곡장전점,부산광역시 금정구 장전동 629-6,2,,,,,,,,
스텔라떡볶이부산부곡장전점,부산광역시 금정구 장전동 629-6,3,,,,,,,,
스텔라떡볶이부산부곡장전점,부산광역시 금정구 장전동 629-6,4,,,,,,,,
스텔라떡볶이부산부곡장전점,부산광역시 금정구 장전동 629-6,5,,,,,,,,
스텔라떡볶이부산부곡장전점,부산광역시 금정구 장전동 629-6,6,,,,,,,,
떡당,부산광역시 금정구 장전동 636-40,0,,,,,,,,
떡당,부산광역시 금정구 장전동 636-40,1,,,,,,,,
떡당,부산광역시 금정구 장전동 636-40,2,,,,,,,,
떡당,부산광역시 금정구 장전동 636-40,3,,,,,,,,
떡당,부산광역시 금정구 장전동 636-40,4,,,,,,,,
떡당,부산광역시 금정구 장전동 636-40,5,,,,,,,,
떡당,부산광역시 금정구 장전동 636-40,6,,,,,,,,
마블스크림 부산대점,부산광역시 금정구 장전동 643-117,0,,,,,,,,
마블스크림 부산대점,부산광역시 금정구 장전동 643-117,1,,,,,,,,
마블스크림 부산대점,부산광역시 금정구 장전동 643-117,2,,,,,,,,
마블스크림 부산대점,부산광역시 금정구 장전동 643-117,3,,,,,,,,
마블스크림 부산대점,부산광역시 금정구 장전동 643-117,4,,,,,,,,
마블스크림 부산대점,부산광역시 금정구 장전동 643-117,5,,,,,,,,
마블스크림 부산대점,부산광역시 금정구 장전동 643-117,6,,,,,,,,
대단한탕후루 부산대점,부산광역시 금정구 장전동 643-3,0,,,,,,,,
대단한탕후루 부산대점,부산광역시 금정구 장전동 643-3,1,,,,,,,,
대단한탕후루 부산대점,부산광역시 금정구 장전동 643-3,2,,,,,,,,
대단한탕후루 부산대점,부산광역시 금정구 장전동 643-3,3,,,,,,,,
대단한탕후루 부산대점,부산광역시 금정구 장전동 643-3,4,,,,,,,,
대단한탕후루 부산대점,부산광역시 금정구 장전동 643-3,5,,,,,,,,
대단한탕후루 부산대점,부산광역시 금정구 장전동 643-3,6,,,,,,,,
버터레코드,부산광역시 금정구 장전동 643-306,0,12:00,21:00,,,,,,
버터레코드,부산광역시 금정구 장전동 643-306,1,12:00,21:00,,,,,,
버터레코드,부산광역시 금정구 장전동 643-306,2,12:00,21:00,,,,,,
버터레코드,부산광역시 금정구 장전동 643-306,3,12:00,21:00,,,,,,
버터레코드,부산광역시 금정구 장전동 643-306,4,12:00,21:00,,,,,,
버터레코드,부산광역시 금정구 장전동 643-306,5,12:00,21:00,,,,,,
버터레코드,부산광역시 금정구 장전동 643-306,6,12:00,21:00,,,,,,
별난씨호떡,부산광역시 금정구 장전동 643-306,0,12:30,22:00,,,,,,
별난씨호떡,부산광역시 금정구 장전동 643-306,1,12:30,22:00,,,,,,
별난씨호떡,부산광역시 금정구 장전동 643-306,2,12:30,22:00,,,,,,
별난씨호떡,부산광역시 금정구 장전동 643-306,3,12:30,22:00,,,,,,
별난씨호떡,부산광역시 금정구 장전동 643-306,4,12:30,22:00,,,,,,
별난씨호떡,부산광역시 금정구 장전동 643-306,5,12:30,22:00,,,,,,
별난씨호떡,부산광역시 금정구 장전동 643-306,6,12:30,22:00,,,,,,
로자스,부산광역시 금정구 장전동 643-318,0,,,,,,TRUE,,
로자스,부산광역시 금정구 장전동 643-318,1,,,,,,TRUE,,
로자스,부산광역시 금정구 장전동 643-318,2,12:30,20:00,,,,,,
로자스,부산광역시 금정구 장전동 643-318,3,12:30,20:00,,,,,,
로자스,부산광역시 금정구 장전동 643-318,4,12:30,20:00,,,,,,
로자스,부산광역시 금정구 장전동 643-318,5,12:30,20:00,,,,,,
로자스,부산광역시 금정구 장전동 643-318,6,12:30,20:00,,,,,,
김유일쌀빵제빵소,부산광역시 금정구 장전동 652-77,0,7:30,22:20,,,,,,
김유일쌀빵제빵소,부산광역시 금정구 장전동 652-77,1,7:30,22:20,,,,,,
김유일쌀빵제빵소,부산광역시 금정구 장전동 652-77,2,7:30,22:20,,,,,,
김유일쌀빵제빵소,부산광역시 금정구 장전동 652-77,3,7:30,22:20,,,,,,
김유일쌀빵제빵소,부산광역시 금정구 장전동 652-77,4,7:30,22:20,,,,,,
김유일쌀빵제빵소,부산광역시 금정구 장전동 652-77,5,7:30,22:20,,,,,,
김유일쌀빵제빵소,부산광역시 금정구 장전동 652-77,6,7:30,22:20,,,,,,
원더풀꽈배기 온천점,부산광역시 금정구 장전동 653-28,0,,,,,,,,
원더풀꽈배기 온천점,부산광역시 금정구 장전동 653-28,1,,,,,,,,
원더풀꽈배기 온천점,부산광역시 금정구 장전동 653-28,2,,,,,,,,
원더풀꽈배기 온천점,부산광역시 금정구 장전동 653-28,3,,,,,,,,
원더풀꽈배기 온천점,부산광역시 금정구 장전동 653-28,4,,,,,,,,
원더풀꽈배기 온천점,부산광역시 금정구 장전동 653-28,5,,,,,,,,
원더풀꽈배기 온천점,부산광역시 금정구 장전동 653-28,6,,,,,,,,
장전 분식센터,부산광역시 금정구 장전동 653-37 ,0,,,,,,,,
장전 분식센터,부산광역시 금정구 장전동 653-37 ,1,,,,,,,,
장전 분식센터,부산광역시 금정구 장전동 653-37 ,2,,,,,,,,
장전 분식센터,부산광역시 금정구 장전동 653-37 ,3,,,,,,,,
장전 분식센터,부산광역시 금정구 장전동 653-37 ,4,,,,,,,,
장전 분식센터,부산광역시 금정구 장전동 653-37 ,5,,,,,,,,
장전 분식센터,부산광역시 금정구 장전동 653-37 ,6,,,,,,,,
상옥떡방,부산광역시 금정구 장전동 739,0,,,,,,,"주말, 공휴일은 주문떡만",
상옥떡방,부산광역시 금정구 장전동 739,1,9:00,18:00,,,,,,
상옥떡방,부산광역시 금정구 장전동 739,2,9:00,18:00,,,,,,
상옥떡방,부산광역시 금정구 장전동 739,3,9:00,18:00,,,,,,
상옥떡방,부산광역시 금정구 장전동 739,4,9:00,18:00,,,,,,
상옥떡방,부산광역시 금정구 장전동 739,5,9:00,18:00,,,,,,
상옥떡방,부산광역시 금정구 장전동 739,6,,,,,,,"주말, 공휴일은 주문떡만",
샐러드앤가든 부산대점,부산광역시 금정구 장전동 745,0,,,,,,,,
샐러드앤가든 부산대점,부산광역시 금정구 장전동 745,1,,,,,,,,
샐러드앤가든 부산대점,부산광역시 금정구 장전동 745,2,,,,,,,,
샐러드앤가든 부산대점,부산광역시 금정구 장전동 745,3,,,,,,,,
샐러드앤가든 부산대점,부산광역시 금정구 장전동 745,4,,,,,,,,
샐러드앤가든 부산대점,부산광역시 금정구 장전동 745,5,,,,,,,,
샐러드앤가든 부산대점,부산광역시 금정구 장전동 745,6,,,,,,,,
임프레저트,부산광역시 금정구 장전동 74-60,0,,,,,,TRUE,,
임프레저트,부산광역시 금정구 장전동 74-60,1,12:00,19:00,,,,,디저트 소진 시 조기마감,
임프레저트,부산광역시 금정구 장전동 74-60,2,12:00,19:00,,,,,디저트 소진 시 조기마감,
임프레저트,부산광역시 금정구 장전동 74-60,3,12:00,19:00,,,,,디저트 소진 시 조기마감,
임프레저트,부산광역시 금정구 장전동 74-60,4,12:00,19:00,,,,,디저트 소진 시 조기마감,
임프레저트,부산광역시 금정구 장전동 74-60,5,12:00,19:00,,,,,디저트 소진 시 조기마감,
임프레저트,부산광역시 금정구 장전동 74-60,6,,,,,,TRUE,,
길목집,부산광역시 금정구 장전동 산 29-4,0,9:00,18:30,,,,,,
길목집,부산광역시 금정구 장전동 산 29-4,1,9:00,18:30,,,,,,
길목집,부산광역시 금정구 장전동 산 29-4,2,9:00,18:30,,,,,,
길목집,부산광역시 금정구 장전동 산 29-4,3,9:00,18:30,,,,,,
길목집,부산광역시 금정구 장전동 산 29-4,4,9:00,18:30,,,,,,
길목집,부산광역시 금정구 장전동 산 29-4,5,9:00,18:30,,,,,,
길목집,부산광역시 금정구 장전동 산 29-4,6,9:00,18:30,,,,,,
조선떡명가,부산광역시 동래구 명륜동 12-17,0,,,,,,,,
조선떡명가,부산광역시 동래구 명륜동 12-17,1,,,,,,,,
조선떡명가,부산광역시 동래구 명륜동 12-17,2,,,,,,,,
조선떡명가,부산광역시 동래구 명륜동 12-17,3,,,,,,,,
조선떡명가,부산광역시 동래구 명륜동 12-17,4,,,,,,,,
조선떡명가,부산광역시 동래구 명륜동 12-17,5,,,,,,,,
조선떡명가,부산광역시 동래구 명륜동 12-17,6,,,,,,,,
소피샐러드앤샌드위치,부산광역시 동래구 명륜동 289-3,0,10:00,19:30,,,,,,
소피샐러드앤샌드위치,부산광역시 동래구 명륜동 289-3,1,10:00,19:30,,,,,,
소피샐러드앤샌드위치,부산광역시 동래구 명륜동 289-3,2,10:00,19:30,,,,,,
소피샐러드앤샌드위치,부산광역시 동래구 명륜동 289-3,3,10:00,19:30,,,,,,
소피샐러드앤샌드위치,부산광역시 동래구 명륜동 289-3,4,10:00,19:30,,,,,,
소피샐러드앤샌드위치,부산광역시 동래구 명륜동 289-3,5,10:00,19:30,,,,,,
소피샐러드앤샌드위치,부산광역시 동래구 명륜동 289-3,6,10:00,19:30,,,,,,
테제,부산광역시 동래구 명륜동 29,0,12:00,21:00,,,,,,
테제,부산광역시 동래구 명륜동 29,1,,,,,,TRUE,,
테제,부산광역시 동래구 명륜동 29,2,12:00,21:00,,,,,,
테제,부산광역시 동래구 명륜동 29,3,12:00,21:00,,,,,,
테제,부산광역시 동래구 명륜동 29,4,12:00,21:00,,,,,,
테제,부산광역시 동래구 명륜동 29,5,12:00,21:00,,,,,,
테제,부산광역시 동래구 명륜동 29,6,12:00,21:00,,,,,,
브로쓰마카롱,부산광역시 동래구 명륜동 324-5,0,,,,,,TRUE,,
브로쓰마카롱,부산광역시 동래구 명륜동 324-5,1,12:00,20:00,,,,,,
브로쓰마카롱,부산광역시 동래구 명륜동 324-5,2,12:00,20:00,,,,,,
브로쓰마카롱,부산광역시 동래구 명륜동 324-5,3,12:00,20:00,,,,,,
브로쓰마카롱,부산광역시 동래구 명륜동 324-5,4,12:00,20:00,,,,,,
브로쓰마카롱,부산광역시 동래구 명륜동 324-5,5,12:00,20:00,,,,,,
브로쓰마카롱,부산광역시 동래구 명륜동 324-5,6,12:00,20:00,,,,,,
김밥가족,부산광역시 동래구 명륜동 399-6,0,,,,,,,,
김밥가족,부산광역시 동래구 명륜동 399-6,1,,,,,,,,
김밥가족,부산광역시 동래구 명륜동 399-6,2,,,,,,,,
김밥가족,부산광역시 동래구 명륜동 399-6,3,,,,,,,,
김밥가족,부산광역시 동래구 명륜동 399-6,4,,,,,,,,
김밥가족,부산광역시 동래구 명륜동 399-6,5,,,,,,,,
김밥가족,부산광역시 동래구 명륜동 399-6,6,,,,,,,,
충무김밥,부산광역시 동래구 명륜동 403-1,0,10:30,20:00,,,,,홀수 번째 주 일요일은 휴무,
충무김밥,부산광역시 동래구 명륜동 403-1,1,10:30,20:00,,,,,,
충무김밥,부산광역시 동래구 명륜동 403-1,2,10:30,20:00,,,,,,
충무김밥,부산광역시 동래구 명륜동 403-1,3,10:30,20:00,,,,,,
충무김밥,부산광역시 동래구 명륜동 403-1,4,10:30,20:00,,,,,,
충무김밥,부산광역시 동래구 명륜동 403-1,5,10:30,20:00,,,,,,
충무김밥,부산광역시 동래구 명륜동 403-1,6,10:30,20:00,,,,,,
신전떡볶이 동래점,부산광역시 동래구 명륜동 467-7,0,,,,,,,,
신전떡볶이 동래점,부산광역시 동래구 명륜동 467-7,1,,,,,,,,
신전떡볶이 동래점,부산광역시 동래구 명륜동 467-7,2,,,,,,,,
신전떡볶이 동래점,부산광역시 동래구 명륜동 467-7,3,,,,,,,,
신전떡볶이 동래점,부산광역시 동래구 명륜동 467-7,4,,,,,,,,
신전떡볶이 동래점,부산광역시 동래구 명륜동 467-7,5,,,,,,,,
신전떡볶이 동래점,부산광역시 동래구 명륜동 467-7,6,,,,,,,,
파리바게뜨 동래역점,부산광역시 동래구 명륜동 503-7,0,,,,,,,,
파리바게뜨 동래역점,부산광역시 동래구 명륜동 503-7,1,,,,,,,,
파리바게뜨 동래역점,부산광역시 동래구 명륜동 503-7,2,,,,,,,,
파리바게뜨 동래역점,부산광역시 동래구 명륜동 503-7,3,,,,,,,,
파리바게뜨 동래역점,부산광역시 동래구 명륜동 503-7,4,,,,,,,,
파리바게뜨 동래역점,부산광역시 동래구 명륜동 503-7,5,,,,,,,,
파리바게뜨 동래역점,부산광역시 동래구 명륜동 503-7,6,,,,,,,,
도르리충무김밥동래메가마트점,부산광역시 동래구 명륜동 506-3,0,,,,,,,,
도르리충무김밥동래메가마트점,부산광역시 동래구 명륜동 506-3,1,,,,,,,,
도르리충무김밥동래메가마트점,부산광역시 동래구 명륜동 506-3,2,,,,,,,,
도르리충무김밥동래메가마트점,부산광역시 동래구 명륜동 506-3,3,,,,,,,,
도르리충무김밥동래메가마트점,부산광역시 동래구 명륜동 506-3,4,,,,,,,,
도르리충무김밥동래메가마트점,부산광역시 동래구 명륜동 506-3,5,,,,,,,,
도르리충무김밥동래메가마트점,부산광역시 동래구 명륜동 506-3,6,,,,,,,,
로반스윗,부산광역시 동래구 명륜동 506-3,0,10:00,22:00,,,,,,
로반스윗,부산광역시 동래구 명륜동 506-3,1,10:00,22:00,,,,,"둘째 주, 넷째 주 월요일은 휴무",
로반스윗,부산광역시 동래구 명륜동 506-3,2,10:00,22:00,,,,,,
로반스윗,부산광역시 동래구 명륜동 506-3,3,10:00,22:00,,,,,,
로반스윗,부산광역시 동래구 명륜동 506-3,4,10:00,22:00,,,,,,
로반스윗,부산광역시 동래구 명륜동 506-3,5,10:00,22:00,,,,,,
로반스윗,부산광역시 동래구 명륜동 506-3,6,10:00,22:00,,,,,,
온도케이크,부산광역시 동래구 명륜동 532-18,0,12:00,17:00,,,,,,
온도케이크,부산광역시 동래구 명륜동 532-18,1,,,,,,TRUE,,
온도케이크,부산광역시 동래구 명륜동 532-18,2,12:00,19:30,,,,,,
온도케이크,부산광역시 동래구 명륜동 532-18,3,12:00,19:30,,,,,,
온도케이크,부산광역시 동래구 명륜동 532-18,4,12:00,19:30,,,,,,
온도케이크,부산광역시 동래구 명륜동 532-18,5,12:00,19:30,,,,,,
온도케이크,부산광역시 동래구 명륜동 532-18,6,12:00,19:30,,,,,,
이화동,부산광역시 동래구 명륜동 532-27,0,,,,,,,,
이화동,부산광역시 동래구 명륜동 532-27,1,,,,,,,,
이화동,부산광역시 동래구 명륜동 532-27,2,,,,,,,,
이화동,부산광역시 동래구 명륜동 532-27,3,,,,,,,,
이화동,부산광역시 동래구 명륜동 532-27,4,,,,,,,,
이화동,부산광역시 동래구 명륜동 532-27,5,,,,,,,,
이화동,부산광역시 동래구 명륜동 532-27,6,,,,,,,,
먹거리천국,부산광역시 동래구 명륜동 533,0,0:00,,,,,,,
먹거리천국,부산광역시 동래구 명륜동 533,1,0:00,,,,,,,
먹거리천국,부산광역시 동래구 명륜동 533,2,0:00,,,,,,,
먹거리천국,부산광역시 동래구 명륜동 533,3,0:00,,,,,,,
먹거리천국,부산광역시 동래구 명륜동 533,4,0:00,,,,,,,
먹거리천국,부산광역시 동래구 명륜동 533,5,0:00,,,,,,,
먹거리천국,부산광역시 동래구 명륜동 533,6,0:00,,,,,,,
동래호밀호두,부산광역시 동래구 명륜동 533-1,0,,,,,,TRUE,,
동래호밀호두,부산광역시 동래구 명륜동 533-1,1,8:30,21:00,,,,,,
동래호밀호두,부산광역시 동래구 명륜동 533-1,2,8:30,21:00,,,,,,
동래호밀호두,부산광역시 동래구 명륜동 533-1,3,8:30,21:00,,,,,,
동래호밀호두,부산광역시 동래구 명륜동 533-1,4,8:30,21:00,,,,,,
동래호밀호두,부산광역시 동래구 명륜동 533-1,5,8:30,21:00,,,,,,
동래호밀호두,부산광역시 동래구 명륜동 533-1,6,8:30,21:00,,,,,,
떡보의하루 동래점,부산광역시 동래구 명륜동 533-153,0,,,,,,,,
떡보의하루 동래점,부산광역시 동래구 명륜동 533-153,1,,,,,,,,
떡보의하루 동래점,부산광역시 동래구 명륜동 533-153,2,,,,,,,,
떡보의하루 동래점,부산광역시 동래구 명륜동 533-153,3,,,,,,,,
떡보의하루 동래점,부산광역시 동래구 명륜동 533-153,4,,,,,,,,
떡보의하루 동래점,부산광역시 동래구 명륜동 533-153,5,,,,,,,,
떡보의하루 동래점,부산광역시 동래구 명륜동 533-153,6,,,,,,,,
불닭발엽기떡볶이 동대문,부산광역시 동래구 명륜동 533-158,0,,,,,,,,
불닭발엽기떡볶이 동대문,부산광역시 동래구 명륜동 533-158,1,,,,,,,,
불닭발엽기떡볶이 동대문,부산광역시 동래구 명륜동 533-158,2,,,,,,,,
불닭발엽기떡볶이 동대문,부산광역시 동래구 명륜동 533-158,3,,,,,,,,
불닭발엽기떡볶이 동대문,부산광역시 동래구 명륜동 533-158,4,,,,,,,,
불닭발엽기떡볶이 동대문,부산광역시 동래구 명륜동 533-158,5,,,,,,,,
불닭발엽기떡볶이 동대문,부산광역시 동래구 명륜동 533-158,6,,,,,,,,
푸드카페김밥천국 동래점,부산광역시 동래구 명륜동 533-158,0,0:00,,,,,,,
푸드카페김밥천국 동래점,부산광역시 동래구 명륜동 533-158,1,0:00,,,,,,,
푸드카페김밥천국 동래점,부산광역시 동래구 명륜동 533-158,2,0:00,,,,,,,
푸드카페김밥천국 동래점,부산광역시 동래구 명륜동 533-158,3,0:00,,,,,,,
푸드카페김밥천국 동래점,부산광역시 동래구 명륜동 533-158,4,0:00,,,,,,,
푸드카페김밥천국 동래점,부산광역시 동래구 명륜동 533-158,5,0:00,,,,,,,
푸드카페김밥천국 동래점,부산광역시 동래구 명륜동 533-158,6,0:00,,,,,,,
레스베러,부산광역시 동래구 명륜동 533-199,0,12:00,22:00,,,,,,
레스베러,부산광역시 동래구 명륜동 533-199,1,12:00,22:00,,,,,,
레스베러,부산광역시 동래구 명륜동 533-199,2,,,,,,TRUE,,
레스베러,부산광역시 동래구 명륜동 533-199,3,12:00,22:00,,,,,,
레스베러,부산광역시 동래구 명륜동 533-199,4,12:00,22:00,,,,,,
레스베러,부산광역시 동래구 명륜동 533-199,5,12:00,22:00,,,,,,
레스베러,부산광역시 동래구 명륜동 533-199,6,12:00,22:00,,,,,,
스무스,부산광역시 동래구 명륜동 533-199,0,12:00,22:00,,,21:30,,,
스무스,부산광역시 동래구 명륜동 533-199,1,,,,,,TRUE,,
스무스,부산광역시 동래구 명륜동 533-199,2,,,,,,TRUE,,
스무스,부산광역시 동래구 명륜동 533-199,3,12:00,22:00,,,21:30,,,
스무스,부산광역시 동래구 명륜동 533-199,4,12:00,22:00,,,21:30,,,
스무스,부산광역시 동래구 명륜동 533-199,5,12:00,22:00,,,21:30,,,
스무스,부산광역시 동래구 명륜동 533-199,6,12:00,22:00,,,21:30,,,
걸걸,부산광역시 동래구 명륜동 533-229,0,,,,,,TRUE,,
걸걸,부산광역시 동래구 명륜동 533-229,1,,,,,,TRUE,,
걸걸,부산광역시 동래구 명륜동 533-229,2,12:00,21:00,,,20:30,,,
걸걸,부산광역시 동래구 명륜동 533-229,3,12:00,21:00,,,20:30,,,
걸걸,부산광역시 동래구 명륜동 533-229,4,12:00,21:00,,,20:30,,,
걸걸,부산광역시 동래구 명륜동 533-229,5,12:00,21:00,,,20:30,,,
걸걸,부산광역시 동래구 명륜동 533-229,6,12:00,21:00,,,20:30,,,
김밥천국,부산광역시 동래구 명륜동 533-229,0,0:00,,,,,,,
김밥천국,부산광역시 동래구 명륜동 533-229,1,0:00,,,,,,,
김밥천국,부산광역시 동래구 명륜동 533-229,2,0:00,,,,,,,
김밥천국,부산광역시 동래구 명륜동 533-229,3,0:00,,,,,,,
김밥천국,부산광역시 동래구 명륜동 533-229,4,0:00,,,,,,,
김밥천국,부산광역시 동래구 명륜동 533-229,5,0:00,,,,,,,
김밥천국,부산광역시 동래구 명륜동 533-229,6,0:00,,,,,,,
꽃채움김밥,부산광역시 동래구 명륜동 533-229,0,6:30,16:00,,,,,,
꽃채움김밥,부산광역시 동래구 명륜동 533-229,1,7:00,22:00,,,,,,
꽃채움김밥,부산광역시 동래구 명륜동 533-229,2,7:00,22:00,,,,,,
꽃채움김밥,부산광역시 동래구 명륜동 533-229,3,7:00,22:00,,,,,,
꽃채움김밥,부산광역시 동래구 명륜동 533-229,4,7:00,22:00,,,,,,
꽃채움김밥,부산광역시 동래구 명륜동 533-229,5,7:00,22:00,,,,,,
꽃채움김밥,부산광역시 동래구 명륜동 533-229,6,7:00,22:00,,,,,,
명성만두,부산광역시 동래구 명륜동 533-81,0,,,,,,TRUE,,
명성만두,부산광역시 동래구 명륜동 533-81,1,8:00,21:30,,,,,,
명성만두,부산광역시 동래구 명륜동 533-81,2,8:00,21:30,,,,,,
명성만두,부산광역시 동래구 명륜동 533-81,3,8:00,21:30,,,,,,
명성만두,부산광역시 동래구 명륜동 533-81,4,8:00,21:30,,,,,,
명성만두,부산광역시 동래구 명륜동 533-81,5,8:00,21:30,,,,,,
명성만두,부산광역시 동래구 명륜동 533-81,6,8:00,21:30,,,,,,
뚜레쥬르 동래점,부산광역시 동래구 명륜동 533-95,0,,,,,,,,
뚜레쥬르 동래점,부산광역시 동래구 명륜동 533-95,1,,,,,,,,
뚜레쥬르 동래점,부산광역시 동래구 명륜동 533-95,2,,,,,,,,
뚜레쥬르 동래점,부산광역시 동래구 명륜동 533-95,3,,,,,,,,
뚜레쥬르 동래점,부산광역시 동래구 명륜동 533-95,4,,,,,,,,
뚜레쥬르 동래점,부산광역시 동래구 명륜동 533-95,5,,,,,,,,
뚜레쥬르 동래점,부산광역시 동래구 명륜동 533-95,6,,,,,,,,
달콤왕가탕후루 동래역점,부산광역시 동래구 명륜동 539-6,0,,,,,,,,
달콤왕가탕후루 동래역점,부산광역시 동래구 명륜동 539-6,1,,,,,,,,
달콤왕가탕후루 동래역점,부산광역시 동래구 명륜동 539-6,2,,,,,,,,
달콤왕가탕후루 동래역점,부산광역시 동래구 명륜동 539-6,3,,,,,,,,
달콤왕가탕후루 동래역점,부산광역시 동래구 명륜동 539-6,4,,,,,,,,
달콤왕가탕후루 동래역점,부산광역시 동래구 명륜동 539-6,5,,,,,,,,
달콤왕가탕후루 동래역점,부산광역시 동래구 명륜동 539-6,6,,,,,,,,
참새방앗간,부산광역시 동래구 명륜동 548-39,0,17:00,2:00,,,,,,
참새방앗간,부산광역시 동래구 명륜동 548-39,1,17:00,1:00,,,,,,
참새방앗간,부산광역시 동래구 명륜동 548-39,2,17:00,1:00,,,,,,
참새방앗간,부산광역시 동래구 명륜동 548-39,3,17:00,1:00,,,,,,
참새방앗간,부산광역시 동래구 명륜동 548-39,4,17:00,1:00,,,,,,
참새방앗간,부산광역시 동래구 명륜동 548-39,5,17:00,1:00,,,,,,
참새방앗간,부산광역시 동래구 명륜동 548-39,6,17:00,2:00,,,,,,
써브웨이부산 동래점,부산광역시 동래구 명륜동 553-5,0,,,,,,,,
써브웨이부산 동래점,부산광역시 동래구 명륜동 553-5,1,,,,,,,,
써브웨이부산 동래점,부산광역시 동래구 명륜동 553-5,2,,,,,,,,
써브웨이부산 동래점,부산광역시 동래구 명륜동 553-5,3,,,,,,,,
써브웨이부산 동래점,부산광역시 동래구 명륜동 553-5,4,,,,,,,,
써브웨이부산 동래점,부산광역시 동래구 명륜동 553-5,5,,,,,,,,
써브웨이부산 동래점,부산광역시 동래구 명륜동 553-5,6,,,,,,,,
봉림떡방앗간,부산광역시 동래구 명륜동 5-6,0,,,,,,,,
봉림떡방앗간,부산광역시 동래구 명륜동 5-6,1,,,,,,,,
봉림떡방앗간,부산광역시 동래구 명륜동 5-6,2,,,,,,,,
봉림떡방앗간,부산광역시 동래구 명륜동 5-6,3,,,,,,,,
봉림떡방앗간,부산광역시 동래구 명륜동 5-6,4,,,,,,,,
봉림떡방앗간,부산광역시 동래구 명륜동 5-6,5,,,,,,,,
봉림떡방앗간,부산광역시 동래구 명륜동 5-6,6,,,,,,,,
배스킨라빈스,부산광역시 동래구 명륜동 560-6,0,,,,,,,,
배스킨라빈스,부산광역시 동래구 명륜동 560-6,1,,,,,,,,
배스킨라빈스,부산광역시 동래구 명륜동 560-6,2,,,,,,,,
배스킨라빈스,부산광역시 동래구 명륜동 560-6,3,,,,,,,,
배스킨라빈스,부산광역시 동래구 명륜동 560-6,4,,,,,,,,
배스킨라빈스,부산광역시 동래구 명륜동 560-6,5,,,,,,,,
배스킨라빈스,부산광역시 동래구 명륜동 560-6,6,,,,,,,,
윤이빵,부산광역시 동래구 명륜동 603,0,9:00,19:00,,,,,,
윤이빵,부산광역시 동래구 명륜동 603,1,,,,,,TRUE,,
윤이빵,부산광역시 동래구 명륜동 603,2,10:30,20:00,,,,,"첫째 주, 셋째 주 화요일은 휴무",
윤이빵,부산광역시 동래구 명륜동 603,3,10:30,20:00,,,,,,
윤이빵,부산광역시 동래구 명륜동 603,4,10:30,20:00,,,,,,
윤이빵,부산광역시 동래구 명륜동 603,5,10:30,20:00,,,,,,
윤이빵,부산광역시 동래구 명륜동 603,6,9:00,19:00,,,,,,
글라쇼부산 동래점,부산광역시 동래구 명륜동 624-1,0,12:00,1:00,,,0:40,,,
글라쇼부산 동래점,부산광역시 동래구 명륜동 624-1,1,12:00,1:00,,,0:40,,,
글라쇼부산 동래점,부산광역시 동래구 명륜동 624-1,2,12:00,1:00,,,0:40,,,
글라쇼부산 동래점,부산광역시 동래구 명륜동 624-1,3,12:00,1:00,,,0:40,,,
글라쇼부산 동래점,부산광역시 동래구 명륜동 624-1,4,12:00,1:00,,,0:40,,,
글라쇼부산 동래점,부산광역시 동래구 명륜동 624-1,5,12:00,1:00,,,0:40,,,
글라쇼부산 동래점,부산광역시 동래구 명륜동 624-1,6,12:00,1:00,,,0:40,,,
잇프리,부산광역시 동래구 명륜동 644-13,0,,,,,,,,
잇프리,부산광역시 동래구 명륜동 644-13,1,,,,,,,,
잇프리,부산광역시 동래구 명륜동 644-13,2,,,,,,,,
잇프리,부산광역시 동래구 명륜동 644-13,3,,,,,,,,
잇프리,부산광역시 동래구 명륜동 644-13,4,,,,,,,,
잇프리,부산광역시 동래구 명륜동 644-13,5,,,,,,,,
잇프리,부산광역시 동래구 명륜동 644-13,6,,,,,,,,
더라이스,부산광역시 동래구 명륜동 671-6,0,,,,,,TRUE,,
더라이스,부산광역시 동래구 명륜동 671-6,1,10:30,19:00,,,,,,
더라이스,부산광역시 동래구 명륜동 671-6,2,10:30,19:00,,,,,,
더라이스,부산광역시 동래구 명륜동 671-6,3,10:30,19:00,,,,,,
더라이스,부산광역시 동래구 명륜동 671-6,4,10:30,19:00,,,,,,
더라이스,부산광역시 동래구 명륜동 671-6,5,10:30,19:00,,,,,,
더라이스,부산광역시 동래구 명륜동 671-6,6,10:30,19:00,,,,,,
진주떡집,부산광역시 동래구 명륜동 676-105,0,,,,,,,,
진주떡집,부산광역시 동래구 명륜동 676-105,1,,,,,,,,
진주떡집,부산광역시 동래구 명륜동 676-105,2,,,,,,,,
진주떡집,부산광역시 동래구 명륜동 676-105,3,,,,,,,,
진주떡집,부산광역시 동래구 명륜동 676-105,4,,,,,,,,
진주떡집,부산광역시 동래구 명륜동 676-105,5,,,,,,,,
진주떡집,부산광역시 동래구 명륜동 676-105,6,,,,,,,,
라면다방,부산광역시 동래구 명륜동 676-114,0,0:00,,,,,,,
라면다방,부산광역시 동래구 명륜동 676-114,1,0:00,,,,,,,
라면다방,부산광역시 동래구 명륜동 676-114,2,0:00,,,,,,,
라면다방,부산광역시 동래구 명륜동 676-114,3,0:00,,,,,,,
라면다방,부산광역시 동래구 명륜동 676-114,4,0:00,,,,,,,
라면다방,부산광역시 동래구 명륜동 676-114,5,0:00,,,,,,,
라면다방,부산광역시 동래구 명륜동 676-114,6,0:00,,,,,,,
파리바게트,부산광역시 동래구 명륜동 676-23,0,,,,,,,,
파리바게트,부산광역시 동래구 명륜동 676-23,1,,,,,,,,
파리바게트,부산광역시 동래구 명륜동 676-23,2,,,,,,,,
파리바게트,부산광역시 동래구 명륜동 676-23,3,,,,,,,,
파리바게트,부산광역시 동래구 명륜동 676-23,4,,,,,,,,
파리바게트,부산광역시 동래구 명륜동 676-23,5,,,,,,,,
파리바게트,부산광역시 동래구 명륜동 676-23,6,,,,,,,,
햇살머믄꼬마김밥,부산광역시 동래구 명륜동 677-13,0,,,,,,TRUE,,
햇살머믄꼬마김밥,부산광역시 동래구 명륜동 677-13,1,10:00,20:00,,,,,,
햇살머믄꼬마김밥,부산광역시 동래구 명륜동 677-13,2,10:00,20:00,,,,,,
햇살머믄꼬마김밥,부산광역시 동래구 명륜동 677-13,3,10:00,20:00,,,,,,
햇살머믄꼬마김밥,부산광역시 동래구 명륜동 677-13,4,10:00,20:00,,,,,,
햇살머믄꼬마김밥,부산광역시 동래구 명륜동 677-13,5,10:00,20:00,,,,,,
햇살머믄꼬마김밥,부산광역시 동래구 명륜동 677-13,6,10:00,20:00,,,,TRUE,,
써브웨이부산명륜점,부산광역시 동래구 명륜동 681-35,0,,,,,,,,
써브웨이부산명륜점,부산광역시 동래구 명륜동 681-35,1,,,,,,,,
써브웨이부산명륜점,부산광역시 동래구 명륜동 681-35,2,,,,,,,,
써브웨이부산명륜점,부산광역시 동래구 명륜동 681-35,3,,,,,,,,
써브웨이부산명륜점,부산광역시 동래구 명륜동 681-35,4,,,,,,,,
써브웨이부산명륜점,부산광역시 동래구 명륜동 681-35,5,,,,,,,,
써브웨이부산명륜점,부산광역시 동래구 명륜동 681-35,6,,,,,,,,
여우애김밥부산명륜점,부산광역시 동래구 명륜동 696-147,0,,,,,,,,
여우애김밥부산명륜점,부산광역시 동래구 명륜동 696-147,1,,,,,,,,
여우애김밥부산명륜점,부산광역시 동래구 명륜동 696-147,2,,,,,,,,
여우애김밥부산명륜점,부산광역시 동래구 명륜동 696-147,3,,,,,,,,
여우애김밥부산명륜점,부산광역시 동래구 명륜동 696-147,4,,,,,,,,
여우애김밥부산명륜점,부산광역시 동래구 명륜동 696-147,5,,,,,,,,
여우애김밥부산명륜점,부산광역시 동래구 명륜동 696-147,6,,,,,,,,
배스킨라빈스명륜 아이파크점,부산광역시 동래구 명륜동 7-1,0,,,,,,,,
배스킨라빈스명륜 아이파크점,부산광역시 동래구 명륜동 7-1,1,,,,,,,,
배스킨라빈스명륜 아이파크점,부산광역시 동래구 명륜동 7-1,2,,,,,,,,
배스킨라빈스명륜 아이파크점,부산광역시 동래구 명륜동 7-1,3,,,,,,,,
배스킨라빈스명륜 아이파크점,부산광역시 동래구 명륜동 7-1,4,,,,,,,,
배스킨라빈스명륜 아이파크점,부산광역시 동래구 명륜동 7-1,5,,,,,,,,
배스킨라빈스명륜 아이파크점,부산광역시 동래구 명륜동 7-1,6,,,,,,,,
쿠루미제과,부산광역시 동래구 명륜동 721-21,0,11:00,19:00,,,,,빙수 주문은 16시까지,
쿠루미제과,부산광역시 동래구 명륜동 721-21,1,11:00,21:00,,,,,빙수 주문은 16시까지,
쿠루미제과,부산광역시 동래구 명륜동 721-21,2,11:00,21:00,,,,,빙수 주문은 16시까지,
쿠루미제과,부산광역시 동래구 명륜동 721-21,3,11:00,21:00,,,,,빙수 주문은 16시까지,
쿠루미제과,부산광역시 동래구 명륜동 721-21,4,11:00,21:00,,,,,빙수 주문은 16시까지,
쿠루미제과,부산광역시 동래구 명륜동 721-21,5,11:00,21:00,,,,,빙수 주문은 16시까지,
쿠루미제과,부산광역시 동래구 명륜동 721-21,6,11:00,19:00,,,,,빙수 주문은 16시까지,
베베아또 부산본점,부산광역시 동래구 명륜동 756-1,0,,,,,,TRUE,,
베베아또 부산본점,부산광역시 동래구 명륜동 756-1,1,10:00,18:00,,,,,,
베베아또 부산본점,부산광역시 동래구 명륜동 756-1,2,10:00,18:00,,,,,,
베베아또 부산본점,부산광역시 동래구 명륜동 756-1,3,10:00,18:00,,,,,,
베베아또 부산본점,부산광역시 동래구 명륜동 756-1,4,10:00,18:00,,,,,,
베베아또 부산본점,부산광역시 동래구 명륜동 756-1,5,10:00,18:00,,,,,,
베베아또 부산본점,부산광역시 동래구 명륜동 756-1,6,,,,,,TRUE,,
여우야,부산광역시 동래구 명륜동 757,0,,,,,,,,
여우야,부산광역시 동래구 명륜동 757,1,,,,,,,,
여우야,부산광역시 동래구 명륜동 757,2,,,,,,,,
여우야,부산광역시 동래구 명륜동 757,3,,,,,,,,
여우야,부산광역시 동래구 명륜동 757,4,,,,,,,,
여우야,부산광역시 동래구 명륜동 757,5,,,,,,,,
여우야,부산광역시 동래구 명륜동 757,6,,,,,,,,
온담떡공방,부산광역시 동래구 명륜동 795,0,,,,,,TRUE,,
온담떡공방,부산광역시 동래구 명륜동 795,1,9:00,19:00,,,,,,
온담떡공방,부산광역시 동래구 명륜동 795,2,9:00,19:00,,,,,,
온담떡공방,부산광역시 동래구 명륜동 795,3,9:00,19:00,,,,,,
온담떡공방,부산광역시 동래구 명륜동 795,4,9:00,19:00,,,,,,
온담떡공방,부산광역시 동래구 명륜동 795,5,9:00,19:00,,,,,,
온담떡공방,부산광역시 동래구 명륜동 795,6,9:00,19:00,,,,,,
온담떡공방,부산광역시 동래구 명륜동 795-1,0,,,,,,TRUE,,
온담떡공방,부산광역시 동래구 명륜동 795-1,1,9:00,19:00,,,,,,
온담떡공방,부산광역시 동래구 명륜동 795-1,2,9:00,19:00,,,,,,
온담떡공방,부산광역시 동래구 명륜동 795-1,3,9:00,19:00,,,,,,
온담떡공방,부산광역시 동래구 명륜동 795-1,4,9:00,19:00,,,,,,
온담떡공방,부산광역시 동래구 명륜동 795-1,5,9:00,19:00,,,,,,
온담떡공방,부산광역시 동래구 명륜동 795-1,6,9:00,19:00,,,,,,
위위케이크스튜디오,부산광역시 동래구 명륜동 796,0,,,,,,TRUE,,
위위케이크스튜디오,부산광역시 동래구 명륜동 796,1,12:00,20:00,,,,,,
위위케이크스튜디오,부산광역시 동래구 명륜동 796,2,12:00,20:00,,,,,,
위위케이크스튜디오,부산광역시 동래구 명륜동 796,3,12:00,20:00,,,,,,
위위케이크스튜디오,부산광역시 동래구 명륜동 796,4,12:00,20:00,,,,,,
위위케이크스튜디오,부산광역시 동래구 명륜동 796,5,12:00,20:00,,,,,,
위위케이크스튜디오,부산광역시 동래구 명륜동 796,6,12:00,20:00,,,,,,
명륜수정김밥,부산광역시 동래구 명륜동 8-69,0,8:00,20:00,,,,,,
명륜수정김밥,부산광역시 동래구 명륜동 8-69,1,8:00,20:00,,,,,,
명륜수정김밥,부산광역시 동래구 명륜동 8-69,2,,,,,,TRUE,,
명륜수정김밥,부산광역시 동래구 명륜동 8-69,3,8:00,20:00,,,,,,
명륜수정김밥,부산광역시 동래구 명륜동 8-69,4,8:00,20:00,,,,,,
명륜수정김밥,부산광역시 동래구 명륜동 8-69,5,8:00,20:00,,,,,,
명륜수정김밥,부산광역시 동래구 명륜동 8-69,6,8:00,20:00,,,,,,
뚜레쥬르명륜2차 아이파크점,부산광역시 동래구 명륜동 9-2,0,,,,,,,,
뚜레쥬르명륜2차 아이파크점,부산광역시 동래구 명륜동 9-2,1,,,,,,,,
뚜레쥬르명륜2차 아이파크점,부산광역시 동래구 명륜동 9-2,2,,,,,,,,
뚜레쥬르명륜2차 아이파크점,부산광역시 동래구 명륜동 9-2,3,,,,,,,,
뚜레쥬르명륜2차 아이파크점,부산광역시 동래구 명륜동 9-2,4,,,,,,,,
뚜레쥬르명륜2차 아이파크점,부산광역시 동래구 명륜동 9-2,5,,,,,,,,
뚜레쥬르명륜2차 아이파크점,부산광역시 동래구 명륜동 9-2,6,,,,,,,,
달달설기디저트카페,부산광역시 동래구 온천동 1234-17,0,,,,,,,,
달달설기디저트카페,부산광역시 동래구 온천동 1234-17,1,,,,,,,,
달달설기디저트카페,부산광역시 동래구 온천동 1234-17,2,,,,,,,,
달달설기디저트카페,부산광역시 동래구 온천동 1234-17,3,,,,,,,,
달달설기디저트카페,부산광역시 동래구 온천동 1234-17,4,,,,,,,,
달달설기디저트카페,부산광역시 동래구 온천동 1234-17,5,,,,,,,,
달달설기디저트카페,부산광역시 동래구 온천동 1234-17,6,,,,,,,,
미남만두,부산광역시 동래구 온천동 1234-6,0,,,,,,,,
미남만두,부산광역시 동래구 온천동 1234-6,1,,,,,,,,
미남만두,부산광역시 동래구 온천동 1234-6,2,,,,,,,,
미남만두,부산광역시 동래구 온천동 1234-6,3,,,,,,,,
미남만두,부산광역시 동래구 온천동 1234-6,4,,,,,,,,
미남만두,부산광역시 동래구 온천동 1234-6,5,,,,,,,,
미남만두,부산광역시 동래구 온천동 1234-6,6,,,,,,,,
이레푸드74,부산광역시 동래구 온천동 1243-1,0,,,,,,,,
이레푸드74,부산광역시 동래구 온천동 1243-1,1,,,,,,,,
이레푸드74,부산광역시 동래구 온천동 1243-1,2,,,,,,,,
이레푸드74,부산광역시 동래구 온천동 1243-1,3,,,,,,,,
이레푸드74,부산광역시 동래구 온천동 1243-1,4,,,,,,,,
이레푸드74,부산광역시 동래구 온천동 1243-1,5,,,,,,,,
이레푸드74,부산광역시 동래구 온천동 1243-1,6,,,,,,,,
미남김밥,부산광역시 동래구 온천동 1247-2,0,,,,,,,,
미남김밥,부산광역시 동래구 온천동 1247-2,1,,,,,,,,
미남김밥,부산광역시 동래구 온천동 1247-2,2,,,,,,,,
미남김밥,부산광역시 동래구 온천동 1247-2,3,,,,,,,,
미남김밥,부산광역시 동래구 온천동 1247-2,4,,,,,,,,
미남김밥,부산광역시 동래구 온천동 1247-2,5,,,,,,,,
미남김밥,부산광역시 동래구 온천동 1247-2,6,,,,,,,,
파리바게트,부산광역시 동래구 온천동 1248-13,0,,,,,,,,
파리바게트,부산광역시 동래구 온천동 1248-13,1,,,,,,,,
파리바게트,부산광역시 동래구 온천동 1248-13,2,,,,,,,,
파리바게트,부산광역시 동래구 온천동 1248-13,3,,,,,,,,
파리바게트,부산광역시 동래구 온천동 1248-13,4,,,,,,,,
파리바게트,부산광역시 동래구 온천동 1248-13,5,,,,,,,,
파리바게트,부산광역시 동래구 온천동 1248-13,6,,,,,,,,
배스킨라빈스 부산미남,부산광역시 동래구 온천동 1249-10,0,,,,,,,,
배스킨라빈스 부산미남,부산광역시 동래구 온천동 1249-10,1,,,,,,,,
배스킨라빈스 부산미남,부산광역시 동래구 온천동 1249-10,2,,,,,,,,
배스킨라빈스 부산미남,부산광역시 동래구 온천동 1249-10,3,,,,,,,,
배스킨라빈스 부산미남,부산광역시 동래구 온천동 1249-10,4,,,,,,,,
배스킨라빈스 부산미남,부산광역시 동래구 온천동 1249-10,5,,,,,,,,
배스킨라빈스 부산미남,부산광역시 동래구 온천동 1249-10,6,,,,,,,,
분식그리고전,부산광역시 동래구 온천동 1253-25,0,,,,,,,,
분식그리고전,부산광역시 동래구 온천동 1253-25,1,,,,,,,,
분식그리고전,부산광역시 동래구 온천동 1253-25,2,,,,,,,,
분식그리고전,부산광역시 동래구 온천동 1253-25,3,,,,,,,,
분식그리고전,부산광역시 동래구 온천동 1253-25,4,,,,,,,,
분식그리고전,부산광역시 동래구 온천동 1253-25,5,,,,,,,,
분식그리고전,부산광역시 동래구 온천동 1253-25,6,,,,,,,,
꼬지와친구들&카페,부산광역시 동래구 온천동 1266-17,0,,,,,,,,
꼬지와친구들&카페,부산광역시 동래구 온천동 1266-17,1,,,,,,,,
꼬지와친구들&카페,부산광역시 동래구 온천동 1266-17,2,,,,,,,,
꼬지와친구들&카페,부산광역시 동래구 온천동 1266-17,3,,,,,,,,
꼬지와친구들&카페,부산광역시 동래구 온천동 1266-17,4,,,,,,,,
꼬지와친구들&카페,부산광역시 동래구 온천동 1266-17,5,,,,,,,,
꼬지와친구들&카페,부산광역시 동래구 온천동 1266-17,6,,,,,,,,
풍미식당,부산광역시 동래구 온천동 134-5,0,,,,,,,,
풍미식당,부산광역시 동래구 온천동 134-5,1,,,,,,,,
풍미식당,부산광역시 동래구 온천동 134-5,2,,,,,,,,
풍미식당,부산광역시 동래구 온천동 134-5,3,,,,,,,,
풍미식당,부산광역시 동래구 온천동 134-5,4,,,,,,,,
풍미식당,부산광역시 동래구 온천동 134-5,5,,,,,,,,
풍미식당,부산광역시 동래구 온천동 134-5,6,,,,,,,,
베스트,부산광역시 동래구 온천동 135-10,0,,,,,,,,
베스트,부산광역시 동래구 온천동 135-10,1,,,,,,,,
베스트,부산광역시 동래구 온천동 135-10,2,,,,,,,,
베스트,부산광역시 동래구 온천동 135-10,3,,,,,,,,
베스트,부산광역시 동래구 온천동 135-10,4,,,,,,,,
베스트,부산광역시 동래구 온천동 135-10,5,,,,,,,,
베스트,부산광역시 동래구 온천동 135-10,6,,,,,,,,
온천충무김밥,부산광역시 동래구 온천동 137-5,0,,,,,,,,
온천충무김밥,부산광역시 동래구 온천동 137-5,1,,,,,,,,
온천충무김밥,부산광역시 동래구 온천동 137-5,2,,,,,,,,
온천충무김밥,부산광역시 동래구 온천동 137-5,3,,,,,,,,
온천충무김밥,부산광역시 동래구 온천동 137-5,4,,,,,,,,
온천충무김밥,부산광역시 동래구 온천동 137-5,5,,,,,,,,
온천충무김밥,부산광역시 동래구 온천동 137-5,6,,,,,,,,
삼첩분식사직 온천점,부산광역시 동래구 온천동 1376-20,0,,,,,,,,
삼첩분식사직 온천점,부산광역시 동래구 온천동 1376-20,1,,,,,,,,
삼첩분식사직 온천점,부산광역시 동래구 온천동 1376-20,2,,,,,,,,
삼첩분식사직 온천점,부산광역시 동래구 온천동 1376-20,3,,,,,,,,
삼첩분식사직 온천점,부산광역시 동래구 온천동 1376-20,4,,,,,,,,
삼첩분식사직 온천점,부산광역시 동래구 온천동 1376-20,5,,,,,,,,
삼첩분식사직 온천점,부산광역시 동래구 온천동 1376-20,6,,,,,,,,
케키야,부산광역시 동래구 온천동 1379-17,0,,,,,,,,
케키야,부산광역시 동래구 온천동 1379-17,1,,,,,,,,
케키야,부산광역시 동래구 온천동 1379-17,2,,,,,,,,
케키야,부산광역시 동래구 온천동 1379-17,3,,,,,,,,
케키야,부산광역시 동래구 온천동 1379-17,4,,,,,,,,
케키야,부산광역시 동래구 온천동 1379-17,5,,,,,,,,
케키야,부산광역시 동래구 온천동 1379-17,6,,,,,,,,
수복분식,부산광역시 동래구 온천동 1380-2,0,,,,,,,,
수복분식,부산광역시 동래구 온천동 1380-2,1,,,,,,,,
수복분식,부산광역시 동래구 온천동 1380-2,2,,,,,,,,
수복분식,부산광역시 동래구 온천동 1380-2,3,,,,,,,,
수복분식,부산광역시 동래구 온천동 1380-2,4,,,,,,,,
수복분식,부산광역시 동래구 온천동 1380-2,5,,,,,,,,
수복분식,부산광역시 동래구 온천동 1380-2,6,,,,,,,,
명랑핫도그미남역점,부산광역시 동래구 온천동 1394-1,0,,,,,,,,
명랑핫도그미남역점,부산광역시 동래구 온천동 1394-1,1,,,,,,,,
명랑핫도그미남역점,부산광역시 동래구 온천동 1394-1,2,,,,,,,,
명랑핫도그미남역점,부산광역시 동래구 온천동 1394-1,3,,,,,,,,
명랑핫도그미남역점,부산광역시 동래구 온천동 1394-1,4,,,,,,,,
명랑핫도그미남역점,부산광역시 동래구 온천동 1394-1,5,,,,,,,,
명랑핫도그미남역점,부산광역시 동래구 온천동 1394-1,6,,,,,,,,
미정제과,부산광역시 동래구 온천동 1401-14,0,,,,,,,,
미정제과,부산광역시 동래구 온천동 1401-14,1,,,,,,,,
미정제과,부산광역시 동래구 온천동 1401-14,2,,,,,,,,
미정제과,부산광역시 동래구 온천동 1401-14,3,,,,,,,,
미정제과,부산광역시 동래구 온천동 1401-14,4,,,,,,,,
미정제과,부산광역시 동래구 온천동 1401-14,5,,,,,,,,
미정제과,부산광역시 동래구 온천동 1401-14,6,,,,,,,,
할매분식,부산광역시 동래구 온천동 1404-1,0,,,,,,,,
할매분식,부산광역시 동래구 온천동 1404-1,1,,,,,,,,
할매분식,부산광역시 동래구 온천동 1404-1,2,,,,,,,,
할매분식,부산광역시 동래구 온천동 1404-1,3,,,,,,,,
할매분식,부산광역시 동래구 온천동 1404-1,4,,,,,,,,
할매분식,부산광역시 동래구 온천동 1404-1,5,,,,,,,,
할매분식,부산광역시 동래구 온천동 1404-1,6,,,,,,,,
삐삐콩,부산광역시 동래구 온천동 1408-6,0,,,,,,,,
삐삐콩,부산광역시 동래구 온천동 1408-6,1,,,,,,,,
삐삐콩,부산광역시 동래구 온천동 1408-6,2,,,,,,,,
삐삐콩,부산광역시 동래구 온천동 1408-6,3,,,,,,,,
삐삐콩,부산광역시 동래구 온천동 1408-6,4,,,,,,,,
삐삐콩,부산광역시 동래구 온천동 1408-6,5,,,,,,,,
삐삐콩,부산광역시 동래구 온천동 1408-6,6,,,,,,,,
고봉민김밥인,부산광역시 동래구 온천동 1412-1,0,,,,,,,,
고봉민김밥인,부산광역시 동래구 온천동 1412-1,1,,,,,,,,
고봉민김밥인,부산광역시 동래구 온천동 1412-1,2,,,,,,,,
고봉민김밥인,부산광역시 동래구 온천동 1412-1,3,,,,,,,,
고봉민김밥인,부산광역시 동래구 온천동 1412-1,4,,,,,,,,
고봉민김밥인,부산광역시 동래구 온천동 1412-1,5,,,,,,,,
고봉민김밥인,부산광역시 동래구 온천동 1412-1,6,,,,,,,,
델리까뜨,부산광역시 동래구 온천동 1412-1,0,,,,,,,,
델리까뜨,부산광역시 동래구 온천동 1412-1,1,,,,,,,,
델리까뜨,부산광역시 동래구 온천동 1412-1,2,,,,,,,,
델리까뜨,부산광역시 동래구 온천동 1412-1,3,,,,,,,,
델리까뜨,부산광역시 동래구 온천동 1412-1,4,,,,,,,,
델리까뜨,부산광역시 동래구 온천동 1412-1,5,,,,,,,,
델리까뜨,부산광역시 동래구 온천동 1412-1,6,,,,,,,,
김밥천국,부산광역시 동래구 온천동 1412-4,0,,,,,,,,
김밥천국,부산광역시 동래구 온천동 1412-4,1,,,,,,,,
김밥천국,부산광역시 동래구 온천동 1412-4,2,,,,,,,,
김밥천국,부산광역시 동래구 온천동 1412-4,3,,,,,,,,
김밥천국,부산광역시 동래구 온천동 1412-4,4,,,,,,,,
김밥천국,부산광역시 동래구 온천동 1412-4,5,,,,,,,,
김밥천국,부산광역시 동래구 온천동 1412-4,6,,,,,,,,
청학동떡마을,부산광역시 동래구 온천동 141-6,0,,,,,,,,
청학동떡마을,부산광역시 동래구 온천동 141-6,1,,,,,,,,
청학동떡마을,부산광역시 동래구 온천동 141-6,2,,,,,,,,
청학동떡마을,부산광역시 동래구 온천동 141-6,3,,,,,,,,
청학동떡마을,부산광역시 동래구 온천동 141-6,4,,,,,,,,
청학동떡마을,부산광역시 동래구 온천동 141-6,5,,,,,,,,
청학동떡마을,부산광역시 동래구 온천동 141-6,6,,,,,,,,
선희네김밥,부산광역시 동래구 온천동 1425-16,0,,,,,,,,
선희네김밥,부산광역시 동래구 온천동 1425-16,1,,,,,,,,
선희네김밥,부산광역시 동래구 온천동 1425-16,2,,,,,,,,
선희네김밥,부산광역시 동래구 온천동 1425-16,3,,,,,,,,
선희네김밥,부산광역시 동래구 온천동 1425-16,4,,,,,,,,
선희네김밥,부산광역시 동래구 온천동 1425-16,5,,,,,,,,
선희네김밥,부산광역시 동래구 온천동 1425-16,6,,,,,,,,
써니페스트리,부산광역시 동래구 온천동 1429-8,0,,,,,,,,
써니페스트리,부산광역시 동래구 온천동 1429-8,1,,,,,,,,
써니페스트리,부산광역시 동래구 온천동 1429-8,2,,,,,,,,
써니페스트리,부산광역시 동래구 온천동 1429-8,3,,,,,,,,
써니페스트리,부산광역시 동래구 온천동 1429-8,4,,,,,,,,
써니페스트리,부산광역시 동래구 온천동 1429-8,5,,,,,,,,
써니페스트리,부산광역시 동래구 온천동 1429-8,6,,,,,,,,
달롱도르요거트아이스크림 동래점,부산광역시 동래구 온천동 1432-13,0,,,,,,,,
달롱도르요거트아이스크림 동래점,부산광역시 동래구 온천동 1432-13,1,,,,,,,,
달롱도르요거트아이스크림 동래점,부산광역시 동래구 온천동 1432-13,2,,,,,,,,
달롱도르요거트아이스크림 동래점,부산광역시 동래구 온천동 1432-13,3,,,,,,,,
달롱도르요거트아이스크림 동래점,부산광역시 동래구 온천동 1432-13,4,,,,,,,,
달롱도르요거트아이스크림 동래점,부산광역시 동래구 온천동 1432-13,5,,,,,,,,
달롱도르요거트아이스크림 동래점,부산광역시 동래구 온천동 1432-13,6,,,,,,,,
화채한박스 동래점,부산광역시 동래구 온천동 1432-13,0,,,,,,,,
화채한박스 동래점,부산광역시 동래구 온천동 1432-13,1,,,,,,,,
화채한박스 동래점,부산광역시 동래구 온천동 1432-13,2,,,,,,,,
화채한박스 동래점,부산광역시 동래구 온천동 1432-13,3,,,,,,,,
화채한박스 동래점,부산광역시 동래구 온천동 1432-13,4,,,,,,,,
화채한박스 동래점,부산광역시 동래구 온천동 1432-13,5,,,,,,,,
화채한박스 동래점,부산광역시 동래구 온천동 1432-13,6,,,,,,,,
을찌로국물떡볶이,부산광역시 동래구 온천동 1432-4,0,,,,,,,,
을찌로국물떡볶이,부산광역시 동래구 온천동 1432-4,1,,,,,,,,
을찌로국물떡볶이,부산광역시 동래구 온천동 1432-4,2,,,,,,,,
을찌로국물떡볶이,부산광역시 동래구 온천동 1432-4,3,,,,,,,,
을찌로국물떡볶이,부산광역시 동래구 온천동 1432-4,4,,,,,,,,
을찌로국물떡볶이,부산광역시 동래구 온천동 1432-4,5,,,,,,,,
을찌로국물떡볶이,부산광역시 동래구 온천동 1432-4,6,,,,,,,,
정가네가마솥떡볶이,부산광역시 동래구 온천동 1433-21,0,,,,,,,,
정가네가마솥떡볶이,부산광역시 동래구 온천동 1433-21,1,,,,,,,,
정가네가마솥떡볶이,부산광역시 동래구 온천동 1433-21,2,,,,,,,,
정가네가마솥떡볶이,부산광역시 동래구 온천동 1433-21,3,,,,,,,,
정가네가마솥떡볶이,부산광역시 동래구 온천동 1433-21,4,,,,,,,,
정가네가마솥떡볶이,부산광역시 동래구 온천동 1433-21,5,,,,,,,,
정가네가마솥떡볶이,부산광역시 동래구 온천동 1433-21,6,,,,,,,,
까만만두,부산광역시 동래구 온천동 1435-2,0,,,,,,,,
까만만두,부산광역시 동래구 온천동 1435-2,1,,,,,,,,
까만만두,부산광역시 동래구 온천동 1435-2,2,,,,,,,,
까만만두,부산광역시 동래구 온천동 1435-2,3,,,,,,,,
까만만두,부산광역시 동래구 온천동 1435-2,4,,,,,,,,
까만만두,부산광역시 동래구 온천동 1435-2,5,,,,,,,,
까만만두,부산광역시 동래구 온천동 1435-2,6,,,,,,,,
맛있는고로케,부산광역시 동래구 온천동 1435-29,0,,,,,,,,
맛있는고로케,부산광역시 동래구 온천동 1435-29,1,,,,,,,,
맛있는고로케,부산광역시 동래구 온천동 1435-29,2,,,,,,,,
맛있는고로케,부산광역시 동래구 온천동 1435-29,3,,,,,,,,
맛있는고로케,부산광역시 동래구 온천동 1435-29,4,,,,,,,,
맛있는고로케,부산광역시 동래구 온천동 1435-29,5,,,,,,,,
맛있는고로케,부산광역시 동래구 온천동 1435-29,6,,,,,,,,
오;그래요,부산광역시 동래구 온천동 1435-7,0,,,,,,,,
오;그래요,부산광역시 동래구 온천동 1435-7,1,,,,,,,,
오;그래요,부산광역시 동래구 온천동 1435-7,2,,,,,,,,
오;그래요,부산광역시 동래구 온천동 1435-7,3,,,,,,,,
오;그래요,부산광역시 동래구 온천동 1435-7,4,,,,,,,,
오;그래요,부산광역시 동래구 온천동 1435-7,5,,,,,,,,
오;그래요,부산광역시 동래구 온천동 1435-7,6,,,,,,,,
파리바게뜨동래내성점,부산광역시 동래구 온천동 1439-6,0,,,,,,,,
파리바게뜨동래내성점,부산광역시 동래구 온천동 1439-6,1,,,,,,,,
파리바게뜨동래내성점,부산광역시 동래구 온천동 1439-6,2,,,,,,,,
파리바게뜨동래내성점,부산광역시 동래구 온천동 1439-6,3,,,,,,,,
파리바게뜨동래내성점,부산광역시 동래구 온천동 1439-6,4,,,,,,,,
파리바게뜨동래내성점,부산광역시 동래구 온천동 1439-6,5,,,,,,,,
파리바게뜨동래내성점,부산광역시 동래구 온천동 1439-6,6,,,,,,,,
코로로,부산광역시 동래구 온천동 1441-38,0,,,,,,,,
코로로,부산광역시 동래구 온천동 1441-38,1,,,,,,,,
코로로,부산광역시 동래구 온천동 1441-38,2,,,,,,,,
코로로,부산광역시 동래구 온천동 1441-38,3,,,,,,,,
코로로,부산광역시 동래구 온천동 1441-38,4,,,,,,,,
코로로,부산광역시 동래구 온천동 1441-38,5,,,,,,,,
코로로,부산광역시 동래구 온천동 1441-38,6,,,,,,,,
써드비앤참,부산광역시 동래구 온천동 1442-22,0,,,,,,,,
써드비앤참,부산광역시 동래구 온천동 1442-22,1,,,,,,,,
써드비앤참,부산광역시 동래구 온천동 1442-22,2,,,,,,,,
써드비앤참,부산광역시 동래구 온천동 1442-22,3,,,,,,,,
써드비앤참,부산광역시 동래구 온천동 1442-22,4,,,,,,,,
써드비앤참,부산광역시 동래구 온천동 1442-22,5,,,,,,,,
써드비앤참,부산광역시 동래구 온천동 1442-22,6,,,,,,,,
서가원김밥,부산광역시 동래구 온천동 1444-10,0,,,,,,,,
서가원김밥,부산광역시 동래구 온천동 1444-10,1,,,,,,,,
서가원김밥,부산광역시 동래구 온천동 1444-10,2,,,,,,,,
서가원김밥,부산광역시 동래구 온천동 1444-10,3,,,,,,,,
서가원김밥,부산광역시 동래구 온천동 1444-10,4,,,,,,,,
서가원김밥,부산광역시 동래구 온천동 1444-10,5,,,,,,,,
서가원김밥,부산광역시 동래구 온천동 1444-10,6,,,,,,,,
뉴김밥잔치,부산광역시 동래구 온천동 1448-1,0,,,,,,,,
뉴김밥잔치,부산광역시 동래구 온천동 1448-1,1,,,,,,,,
뉴김밥잔치,부산광역시 동래구 온천동 1448-1,2,,,,,,,,
뉴김밥잔치,부산광역시 동래구 온천동 1448-1,3,,,,,,,,
뉴김밥잔치,부산광역시 동래구 온천동 1448-1,4,,,,,,,,
뉴김밥잔치,부산광역시 동래구 온천동 1448-1,5,,,,,,,,
뉴김밥잔치,부산광역시 동래구 온천동 1448-1,6,,,,,,,,
싱싱프루츠,부산광역시 동래구 온천동 1450-82,0,,,,,,,,
싱싱프루츠,부산광역시 동래구 온천동 1450-82,1,,,,,,,,
싱싱프루츠,부산광역시 동래구 온천동 1450-82,2,,,,,,,,
싱싱프루츠,부산광역시 동래구 온천동 1450-82,3,,,,,,,,
싱싱프루츠,부산광역시 동래구 온천동 1450-82,4,,,,,,,,
싱싱프루츠,부산광역시 동래구 온천동 1450-82,5,,,,,,,,
싱싱프루츠,부산광역시 동래구 온천동 1450-82,6,,,,,,,,
요아잇부산미남점,부산광역시 동래구 온천동 1451-39,0,,,,,,,,
요아잇부산미남점,부산광역시 동래구 온천동 1451-39,1,,,,,,,,
요아잇부산미남점,부산광역시 동래구 온천동 1451-39,2,,,,,,,,
요아잇부산미남점,부산광역시 동래구 온천동 1451-39,3,,,,,,,,
요아잇부산미남점,부산광역시 동래구 온천동 1451-39,4,,,,,,,,
요아잇부산미남점,부산광역시 동래구 온천동 1451-39,5,,,,,,,,
요아잇부산미남점,부산광역시 동래구 온천동 1451-39,6,,,,,,,,
열꼬치,부산광역시 동래구 온천동 1451-64,0,,,,,,,,
열꼬치,부산광역시 동래구 온천동 1451-64,1,,,,,,,,
열꼬치,부산광역시 동래구 온천동 1451-64,2,,,,,,,,
열꼬치,부산광역시 동래구 온천동 1451-64,3,,,,,,,,
열꼬치,부산광역시 동래구 온천동 1451-64,4,,,,,,,,
열꼬치,부산광역시 동래구 온천동 1451-64,5,,,,,,,,
열꼬치,부산광역시 동래구 온천동 1451-64,6,,,,,,,,
꾸움다락,부산광역시 동래구 온천동 1452-27,0,,,,,,,,
꾸움다락,부산광역시 동래구 온천동 1452-27,1,,,,,,,,
꾸움다락,부산광역시 동래구 온천동 1452-27,2,,,,,,,,
꾸움다락,부산광역시 동래구 온천동 1452-27,3,,,,,,,,
꾸움다락,부산광역시 동래구 온천동 1452-27,4,,,,,,,,
꾸움다락,부산광역시 동래구 온천동 1452-27,5,,,,,,,,
꾸움다락,부산광역시 동래구 온천동 1452-27,6,,,,,,,,
인정국물떡볶이 동래점,부산광역시 동래구 온천동 1452-35,0,,,,,,,,
인정국물떡볶이 동래점,부산광역시 동래구 온천동 1452-35,1,,,,,,,,
인정국물떡볶이 동래점,부산광역시 동래구 온천동 1452-35,2,,,,,,,,
인정국물떡볶이 동래점,부산광역시 동래구 온천동 1452-35,3,,,,,,,,
인정국물떡볶이 동래점,부산광역시 동래구 온천동 1452-35,4,,,,,,,,
인정국물떡볶이 동래점,부산광역시 동래구 온천동 1452-35,5,,,,,,,,
인정국물떡볶이 동래점,부산광역시 동래구 온천동 1452-35,6,,,,,,,,
8090분식,부산광역시 동래구 온천동 1453-46,0,,,,,,,,
8090분식,부산광역시 동래구 온천동 1453-46,1,,,,,,,,
8090분식,부산광역시 동래구 온천동 1453-46,2,,,,,,,,
8090분식,부산광역시 동래구 온천동 1453-46,3,,,,,,,,
8090분식,부산광역시 동래구 온천동 1453-46,4,,,,,,,,
8090분식,부산광역시 동래구 온천동 1453-46,5,,,,,,,,
8090분식,부산광역시 동래구 온천동 1453-46,6,,,,,,,,
고고충무김밥,부산광역시 동래구 온천동 1454-24,0,,,,,,,,
고고충무김밥,부산광역시 동래구 온천동 1454-24,1,,,,,,,,
고고충무김밥,부산광역시 동래구 온천동 1454-24,2,,,,,,,,
고고충무김밥,부산광역시 동래구 온천동 1454-24,3,,,,,,,,
고고충무김밥,부산광역시 동래구 온천동 1454-24,4,,,,,,,,
고고충무김밥,부산광역시 동래구 온천동 1454-24,5,,,,,,,,
고고충무김밥,부산광역시 동래구 온천동 1454-24,6,,,,,,,,
참새방앗간,부산광역시 동래구 온천동 1457-1,0,,,,,,,,
참새방앗간,부산광역시 동래구 온천동 1457-1,1,,,,,,,,
참새방앗간,부산광역시 동래구 온천동 1457-1,2,,,,,,,,
참새방앗간,부산광역시 동래구 온천동 1457-1,3,,,,,,,,
참새방앗간,부산광역시 동래구 온천동 1457-1,4,,,,,,,,
참새방앗간,부산광역시 동래구 온천동 1457-1,5,,,,,,,,
참새방앗간,부산광역시 동래구 온천동 1457-1,6,,,,,,,,
온담가,부산광역시 동래구 온천동 1457-7,0,,,,,,,,
온담가,부산광역시 동래구 온천동 1457-7,1,,,,,,,,
온담가,부산광역시 동래구 온천동 1457-7,2,,,,,,,,
온담가,부산광역시 동래구 온천동 1457-7,3,,,,,,,,
온담가,부산광역시 동래구 온천동 1457-7,4,,,,,,,,
온담가,부산광역시 동래구 온천동 1457-7,5,,,,,,,,
온담가,부산광역시 동래구 온천동 1457-7,6,,,,,,,,
구페베이커리,부산광역시 동래구 온천동 1459-15,0,,,,,,,,
구페베이커리,부산광역시 동래구 온천동 1459-15,1,,,,,,,,
구페베이커리,부산광역시 동래구 온천동 1459-15,2,,,,,,,,
구페베이커리,부산광역시 동래구 온천동 1459-15,3,,,,,,,,
구페베이커리,부산광역시 동래구 온천동 1459-15,4,,,,,,,,
구페베이커리,부산광역시 동래구 온천동 1459-15,5,,,,,,,,
구페베이커리,부산광역시 동래구 온천동 1459-15,6,,,,,,,,
떡순이방,부산광역시 동래구 온천동 1459-2,0,,,,,,,,
떡순이방,부산광역시 동래구 온천동 1459-2,1,,,,,,,,
떡순이방,부산광역시 동래구 온천동 1459-2,2,,,,,,,,
떡순이방,부산광역시 동래구 온천동 1459-2,3,,,,,,,,
떡순이방,부산광역시 동래구 온천동 1459-2,4,,,,,,,,
떡순이방,부산광역시 동래구 온천동 1459-2,5,,,,,,,,
떡순이방,부산광역시 동래구 온천동 1459-2,6,,,,,,,,
금정떡방앗간,부산광역시 동래구 온천동 1459-30,0,,,,,,,,
금정떡방앗간,부산광역시 동래구 온천동 1459-30,1,,,,,,,,
금정떡방앗간,부산광역시 동래구 온천동 1459-30,2,,,,,,,,
금정떡방앗간,부산광역시 동래구 온천동 1459-30,3,,,,,,,,
금정떡방앗간,부산광역시 동래구 온천동 1459-30,4,,,,,,,,
금정떡방앗간,부산광역시 동래구 온천동 1459-30,5,,,,,,,,
금정떡방앗간,부산광역시 동래구 온천동 1459-30,6,,,,,,,,
원더풀명품찹쌀꽈배기,부산광역시 동래구 온천동 1459-45,0,,,,,,,,
원더풀명품찹쌀꽈배기,부산광역시 동래구 온천동 1459-45,1,,,,,,,,
원더풀명품찹쌀꽈배기,부산광역시 동래구 온천동 1459-45,2,,,,,,,,
원더풀명품찹쌀꽈배기,부산광역시 동래구 온천동 1459-45,3,,,,,,,,
원더풀명품찹쌀꽈배기,부산광역시 동래구 온천동 1459-45,4,,,,,,,,
원더풀명품찹쌀꽈배기,부산광역시 동래구 온천동 1459-45,5,,,,,,,,
원더풀명품찹쌀꽈배기,부산광역시 동래구 온천동 1459-45,6,,,,,,,,
이대충무할매김밥,부산광역시 동래구 온천동 1459-45,0,,,,,,,,
이대충무할매김밥,부산광역시 동래구 온천동 1459-45,1,,,,,,,,
이대충무할매김밥,부산광역시 동래구 온천동 1459-45,2,,,,,,,,
이대충무할매김밥,부산광역시 동래구 온천동 1459-45,3,,,,,,,,
이대충무할매김밥,부산광역시 동래구 온천동 1459-45,4,,,,,,,,
이대충무할매김밥,부산광역시 동래구 온천동 1459-45,5,,,,,,,,
이대충무할매김밥,부산광역시 동래구 온천동 1459-45,6,,,,,,,,
초원베이커리,부산광역시 동래구 온천동 1459-47,0,,,,,,,,
초원베이커리,부산광역시 동래구 온천동 1459-47,1,,,,,,,,
초원베이커리,부산광역시 동래구 온천동 1459-47,2,,,,,,,,
초원베이커리,부산광역시 동래구 온천동 1459-47,3,,,,,,,,
초원베이커리,부산광역시 동래구 온천동 1459-47,4,,,,,,,,
초원베이커리,부산광역시 동래구 온천동 1459-47,5,,,,,,,,
초원베이커리,부산광역시 동래구 온천동 1459-47,6,,,,,,,,
호떡이네분식,부산광역시 동래구 온천동 1459-47,0,,,,,,,,
호떡이네분식,부산광역시 동래구 온천동 1459-47,1,,,,,,,,
호떡이네분식,부산광역시 동래구 온천동 1459-47,2,,,,,,,,
호떡이네분식,부산광역시 동래구 온천동 1459-47,3,,,,,,,,
호떡이네분식,부산광역시 동래구 온천동 1459-47,4,,,,,,,,
호떡이네분식,부산광역시 동래구 온천동 1459-47,5,,,,,,,,
호떡이네분식,부산광역시 동래구 온천동 1459-47,6,,,,,,,,
상대양과,부산광역시 동래구 온천동 146-29,0,,,,,,,,
상대양과,부산광역시 동래구 온천동 146-29,1,,,,,,,,
상대양과,부산광역시 동래구 온천동 146-29,2,,,,,,,,
상대양과,부산광역시 동래구 온천동 146-29,3,,,,,,,,
상대양과,부산광역시 동래구 온천동 146-29,4,,,,,,,,
상대양과,부산광역시 동래구 온천동 146-29,5,,,,,,,,
상대양과,부산광역시 동래구 온천동 146-29,6,,,,,,,,
한아름떡집,부산광역시 동래구 온천동 146-29,0,,,,,,,,
한아름떡집,부산광역시 동래구 온천동 146-29,1,,,,,,,,
한아름떡집,부산광역시 동래구 온천동 146-29,2,,,,,,,,
한아름떡집,부산광역시 동래구 온천동 146-29,3,,,,,,,,
한아름떡집,부산광역시 동래구 온천동 146-29,4,,,,,,,,
한아름떡집,부산광역시 동래구 온천동 146-29,5,,,,,,,,
한아름떡집,부산광역시 동래구 온천동 146-29,6,,,,,,,,
전문제과,부산광역시 동래구 온천동 146-47,0,,,,,,,,
전문제과,부산광역시 동래구 온천동 146-47,1,,,,,,,,
전문제과,부산광역시 동래구 온천동 146-47,2,,,,,,,,
전문제과,부산광역시 동래구 온천동 146-47,3,,,,,,,,
전문제과,부산광역시 동래구 온천동 146-47,4,,,,,,,,
전문제과,부산광역시 동래구 온천동 146-47,5,,,,,,,,
전문제과,부산광역시 동래구 온천동 146-47,6,,,,,,,,
궁중떡메,부산광역시 동래구 온천동 1468-12,0,,,,,,,,
궁중떡메,부산광역시 동래구 온천동 1468-12,1,,,,,,,,
궁중떡메,부산광역시 동래구 온천동 1468-12,2,,,,,,,,
궁중떡메,부산광역시 동래구 온천동 1468-12,3,,,,,,,,
궁중떡메,부산광역시 동래구 온천동 1468-12,4,,,,,,,,
궁중떡메,부산광역시 동래구 온천동 1468-12,5,,,,,,,,
궁중떡메,부산광역시 동래구 온천동 1468-12,6,,,,,,,,
부산떡집떡바라기,부산광역시 동래구 온천동 1468-2,0,,,,,,,,
부산떡집떡바라기,부산광역시 동래구 온천동 1468-2,1,,,,,,,,
부산떡집떡바라기,부산광역시 동래구 온천동 1468-2,2,,,,,,,,
부산떡집떡바라기,부산광역시 동래구 온천동 1468-2,3,,,,,,,,
부산떡집떡바라기,부산광역시 동래구 온천동 1468-2,4,,,,,,,,
부산떡집떡바라기,부산광역시 동래구 온천동 1468-2,5,,,,,,,,
부산떡집떡바라기,부산광역시 동래구 온천동 1468-2,6,,,,,,,,
깜빠뉴베이커리,부산광역시 동래구 온천동 1468-26,0,,,,,,,,
깜빠뉴베이커리,부산광역시 동래구 온천동 1468-26,1,,,,,,,,
깜빠뉴베이커리,부산광역시 동래구 온천동 1468-26,2,,,,,,,,
깜빠뉴베이커리,부산광역시 동래구 온천동 1468-26,3,,,,,,,,
깜빠뉴베이커리,부산광역시 동래구 온천동 1468-26,4,,,,,,,,
깜빠뉴베이커리,부산광역시 동래구 온천동 1468-26,5,,,,,,,,
깜빠뉴베이커리,부산광역시 동래구 온천동 1468-26,6,,,,,,,,
진만두가,부산광역시 동래구 온천동 1468-27,0,,,,,,,,
진만두가,부산광역시 동래구 온천동 1468-27,1,,,,,,,,
진만두가,부산광역시 동래구 온천동 1468-27,2,,,,,,,,
진만두가,부산광역시 동래구 온천동 1468-27,3,,,,,,,,
진만두가,부산광역시 동래구 온천동 1468-27,4,,,,,,,,
진만두가,부산광역시 동래구 온천동 1468-27,5,,,,,,,,
진만두가,부산광역시 동래구 온천동 1468-27,6,,,,,,,,
금화떡방앗간,부산광역시 동래구 온천동 147-18,0,,,,,,,,
금화떡방앗간,부산광역시 동래구 온천동 147-18,1,,,,,,,,
금화떡방앗간,부산광역시 동래구 온천동 147-18,2,,,,,,,,
금화떡방앗간,부산광역시 동래구 온천동 147-18,3,,,,,,,,
금화떡방앗간,부산광역시 동래구 온천동 147-18,4,,,,,,,,
금화떡방앗간,부산광역시 동래구 온천동 147-18,5,,,,,,,,
금화떡방앗간,부산광역시 동래구 온천동 147-18,6,,,,,,,,
뉴황태자,부산광역시 동래구 온천동 148-14,0,,,,,,,,
뉴황태자,부산광역시 동래구 온천동 148-14,1,,,,,,,,
뉴황태자,부산광역시 동래구 온천동 148-14,2,,,,,,,,
뉴황태자,부산광역시 동래구 온천동 148-14,3,,,,,,,,
뉴황태자,부산광역시 동래구 온천동 148-14,4,,,,,,,,
뉴황태자,부산광역시 동래구 온천동 148-14,5,,,,,,,,
뉴황태자,부산광역시 동래구 온천동 148-14,6,,,,,,,,
유정튀김,부산광역시 동래구 온천동 148-20,0,,,,,,,,
유정튀김,부산광역시 동래구 온천동 148-20,1,,,,,,,,
유정튀김,부산광역시 동래구 온천동 148-20,2,,,,,,,,
유정튀김,부산광역시 동래구 온천동 148-20,3,,,,,,,,
유정튀김,부산광역시 동래구 온천동 148-20,4,,,,,,,,
유정튀김,부산광역시 동래구 온천동 148-20,5,,,,,,,,
유정튀김,부산광역시 동래구 온천동 148-20,6,,,,,,,,
삼삼만두,부산광역시 동래구 온천동 149-13,0,,,,,,,,
삼삼만두,부산광역시 동래구 온천동 149-13,1,,,,,,,,
삼삼만두,부산광역시 동래구 온천동 149-13,2,,,,,,,,
삼삼만두,부산광역시 동래구 온천동 149-13,3,,,,,,,,
삼삼만두,부산광역시 동래구 온천동 149-13,4,,,,,,,,
삼삼만두,부산광역시 동래구 온천동 149-13,5,,,,,,,,
삼삼만두,부산광역시 동래구 온천동 149-13,6,,,,,,,,
브리앙,부산광역시 동래구 온천동 150-15,0,,,,,,,,
브리앙,부산광역시 동래구 온천동 150-15,1,,,,,,,,
브리앙,부산광역시 동래구 온천동 150-15,2,,,,,,,,
브리앙,부산광역시 동래구 온천동 150-15,3,,,,,,,,
브리앙,부산광역시 동래구 온천동 150-15,4,,,,,,,,
브리앙,부산광역시 동래구 온천동 150-15,5,,,,,,,,
브리앙,부산광역시 동래구 온천동 150-15,6,,,,,,,,
파리바게뜨온천스카이점,부산광역시 동래구 온천동 151-14,0,,,,,,,,
파리바게뜨온천스카이점,부산광역시 동래구 온천동 151-14,1,,,,,,,,
파리바게뜨온천스카이점,부산광역시 동래구 온천동 151-14,2,,,,,,,,
파리바게뜨온천스카이점,부산광역시 동래구 온천동 151-14,3,,,,,,,,
파리바게뜨온천스카이점,부산광역시 동래구 온천동 151-14,4,,,,,,,,
파리바게뜨온천스카이점,부산광역시 동래구 온천동 151-14,5,,,,,,,,
파리바게뜨온천스카이점,부산광역시 동래구 온천동 151-14,6,,,,,,,,
쉬프렘,부산광역시 동래구 온천동 153-4,0,,,,,,,,
쉬프렘,부산광역시 동래구 온천동 153-4,1,,,,,,,,
쉬프렘,부산광역시 동래구 온천동 153-4,2,,,,,,,,
쉬프렘,부산광역시 동래구 온천동 153-4,3,,,,,,,,
쉬프렘,부산광역시 동래구 온천동 153-4,4,,,,,,,,
쉬프렘,부산광역시 동래구 온천동 153-4,5,,,,,,,,
쉬프렘,부산광역시 동래구 온천동 153-4,6,,,,,,,,
뉴욕핫도그,부산광역시 동래구 온천동 153-8,0,,,,,,,,
뉴욕핫도그,부산광역시 동래구 온천동 153-8,1,,,,,,,,
뉴욕핫도그,부산광역시 동래구 온천동 153-8,2,,,,,,,,
뉴욕핫도그,부산광역시 동래구 온천동 153-8,3,,,,,,,,
뉴욕핫도그,부산광역시 동래구 온천동 153-8,4,,,,,,,,
뉴욕핫도그,부산광역시 동래구 온천동 153-8,5,,,,,,,,
뉴욕핫도그,부산광역시 동래구 온천동 153-8,6,,,,,,,,
던킨도너츠온천장역점,부산광역시 동래구 온천동 153-8,0,,,,,,,,
던킨도너츠온천장역점,부산광역시 동래구 온천동 153-8,1,,,,,,,,
던킨도너츠온천장역점,부산광역시 동래구 온천동 153-8,2,,,,,,,,
던킨도너츠온천장역점,부산광역시 동래구 온천동 153-8,3,,,,,,,,
던킨도너츠온천장역점,부산광역시 동래구 온천동 153-8,4,,,,,,,,
던킨도너츠온천장역점,부산광역시 동래구 온천동 153-8,5,,,,,,,,
던킨도너츠온천장역점,부산광역시 동래구 온천동 153-8,6,,,,,,,,
던킨도넛,부산광역시 동래구 온천동 153-8,0,,,,,,,,
던킨도넛,부산광역시 동래구 온천동 153-8,1,,,,,,,,
던킨도넛,부산광역시 동래구 온천동 153-8,2,,,,,,,,
던킨도넛,부산광역시 동래구 온천동 153-8,3,,,,,,,,
던킨도넛,부산광역시 동래구 온천동 153-8,4,,,,,,,,
던킨도넛,부산광역시 동래구 온천동 153-8,5,,,,,,,,
던킨도넛,부산광역시 동래구 온천동 153-8,6,,,,,,,,
뚜레쥬르동래허브스카이점,부산광역시 동래구 온천동 153-8,0,,,,,,,,
뚜레쥬르동래허브스카이점,부산광역시 동래구 온천동 153-8,1,,,,,,,,
뚜레쥬르동래허브스카이점,부산광역시 동래구 온천동 153-8,2,,,,,,,,
뚜레쥬르동래허브스카이점,부산광역시 동래구 온천동 153-8,3,,,,,,,,
뚜레쥬르동래허브스카이점,부산광역시 동래구 온천동 153-8,4,,,,,,,,
뚜레쥬르동래허브스카이점,부산광역시 동래구 온천동 153-8,5,,,,,,,,
뚜레쥬르동래허브스카이점,부산광역시 동래구 온천동 153-8,6,,,,,,,,
마라김밥,부산광역시 동래구 온천동 153-8,0,,,,,,,,
마라김밥,부산광역시 동래구 온천동 153-8,1,,,,,,,,
마라김밥,부산광역시 동래구 온천동 153-8,2,,,,,,,,
마라김밥,부산광역시 동래구 온천동 153-8,3,,,,,,,,
마라김밥,부산광역시 동래구 온천동 153-8,4,,,,,,,,
마라김밥,부산광역시 동래구 온천동 153-8,5,,,,,,,,
마라김밥,부산광역시 동래구 온천동 153-8,6,,,,,,,,
미당만두,부산광역시 동래구 온천동 153-8,0,,,,,,,,
미당만두,부산광역시 동래구 온천동 153-8,1,,,,,,,,
미당만두,부산광역시 동래구 온천동 153-8,2,,,,,,,,
미당만두,부산광역시 동래구 온천동 153-8,3,,,,,,,,
미당만두,부산광역시 동래구 온천동 153-8,4,,,,,,,,
미당만두,부산광역시 동래구 온천동 153-8,5,,,,,,,,
미당만두,부산광역시 동래구 온천동 153-8,6,,,,,,,,
분식입니다,부산광역시 동래구 온천동 153-8,0,,,,,,,,
분식입니다,부산광역시 동래구 온천동 153-8,1,,,,,,,,
분식입니다,부산광역시 동래구 온천동 153-8,2,,,,,,,,
분식입니다,부산광역시 동래구 온천동 153-8,3,,,,,,,,
분식입니다,부산광역시 동래구 온천동 153-8,4,,,,,,,,
분식입니다,부산광역시 동래구 온천동 153-8,5,,,,,,,,
분식입니다,부산광역시 동래구 온천동 153-8,6,,,,,,,,
수풀림,부산광역시 동래구 온천동 153-8,0,,,,,,,,
수풀림,부산광역시 동래구 온천동 153-8,1,,,,,,,,
수풀림,부산광역시 동래구 온천동 153-8,2,,,,,,,,
수풀림,부산광역시 동래구 온천동 153-8,3,,,,,,,,
수풀림,부산광역시 동래구 온천동 153-8,4,,,,,,,,
수풀림,부산광역시 동래구 온천동 153-8,5,,,,,,,,
수풀림,부산광역시 동래구 온천동 153-8,6,,,,,,,,
언니케이크,부산광역시 동래구 온천동 153-8,0,,,,,,,,
언니케이크,부산광역시 동래구 온천동 153-8,1,,,,,,,,
언니케이크,부산광역시 동래구 온천동 153-8,2,,,,,,,,
언니케이크,부산광역시 동래구 온천동 153-8,3,,,,,,,,
언니케이크,부산광역시 동래구 온천동 153-8,4,,,,,,,,
언니케이크,부산광역시 동래구 온천동 153-8,5,,,,,,,,
언니케이크,부산광역시 동래구 온천동 153-8,6,,,,,,,,
코코호도 온천점,부산광역시 동래구 온천동 153-8,0,,,,,,,,
코코호도 온천점,부산광역시 동래구 온천동 153-8,1,,,,,,,,
코코호도 온천점,부산광역시 동래구 온천동 153-8,2,,,,,,,,
코코호도 온천점,부산광역시 동래구 온천동 153-8,3,,,,,,,,
코코호도 온천점,부산광역시 동래구 온천동 153-8,4,,,,,,,,
코코호도 온천점,부산광역시 동래구 온천동 153-8,5,,,,,,,,
코코호도 온천점,부산광역시 동래구 온천동 153-8,6,,,,,,,,
할매손충무김밥,부산광역시 동래구 온천동 153-8,0,,,,,,,,
할매손충무김밥,부산광역시 동래구 온천동 153-8,1,,,,,,,,
할매손충무김밥,부산광역시 동래구 온천동 153-8,2,,,,,,,,
할매손충무김밥,부산광역시 동래구 온천동 153-8,3,,,,,,,,
할매손충무김밥,부산광역시 동래구 온천동 153-8,4,,,,,,,,
할매손충무김밥,부산광역시 동래구 온천동 153-8,5,,,,,,,,
할매손충무김밥,부산광역시 동래구 온천동 153-8,6,,,,,,,,
도리마리,부산광역시 동래구 온천동 154-36,0,,,,,,,,
도리마리,부산광역시 동래구 온천동 154-36,1,,,,,,,,
도리마리,부산광역시 동래구 온천동 154-36,2,,,,,,,,
도리마리,부산광역시 동래구 온천동 154-36,3,,,,,,,,
도리마리,부산광역시 동래구 온천동 154-36,4,,,,,,,,
도리마리,부산광역시 동래구 온천동 154-36,5,,,,,,,,
도리마리,부산광역시 동래구 온천동 154-36,6,,,,,,,,
태이아트,부산광역시 동래구 온천동 154-58,0,,,,,,,,
태이아트,부산광역시 동래구 온천동 154-58,1,,,,,,,,
태이아트,부산광역시 동래구 온천동 154-58,2,,,,,,,,
태이아트,부산광역시 동래구 온천동 154-58,3,,,,,,,,
태이아트,부산광역시 동래구 온천동 154-58,4,,,,,,,,
태이아트,부산광역시 동래구 온천동 154-58,5,,,,,,,,
태이아트,부산광역시 동래구 온천동 154-58,6,,,,,,,,
배스킨라빈스부산온천장점,부산광역시 동래구 온천동 155-2,0,,,,,,,,
배스킨라빈스부산온천장점,부산광역시 동래구 온천동 155-2,1,,,,,,,,
배스킨라빈스부산온천장점,부산광역시 동래구 온천동 155-2,2,,,,,,,,
배스킨라빈스부산온천장점,부산광역시 동래구 온천동 155-2,3,,,,,,,,
배스킨라빈스부산온천장점,부산광역시 동래구 온천동 155-2,4,,,,,,,,
배스킨라빈스부산온천장점,부산광역시 동래구 온천동 155-2,5,,,,,,,,
배스킨라빈스부산온천장점,부산광역시 동래구 온천동 155-2,6,,,,,,,,
영김밥,부산광역시 동래구 온천동 172-23,0,,,,,,,,
영김밥,부산광역시 동래구 온천동 172-23,1,,,,,,,,
영김밥,부산광역시 동래구 온천동 172-23,2,,,,,,,,
영김밥,부산광역시 동래구 온천동 172-23,3,,,,,,,,
영김밥,부산광역시 동래구 온천동 172-23,4,,,,,,,,
영김밥,부산광역시 동래구 온천동 172-23,5,,,,,,,,
영김밥,부산광역시 동래구 온천동 172-23,6,,,,,,,,
본가정항우케익온천장역 2호점,부산광역시 동래구 온천동 1750-1,0,,,,,,,,
본가정항우케익온천장역 2호점,부산광역시 동래구 온천동 1750-1,1,,,,,,,,
본가정항우케익온천장역 2호점,부산광역시 동래구 온천동 1750-1,2,,,,,,,,
본가정항우케익온천장역 2호점,부산광역시 동래구 온천동 1750-1,3,,,,,,,,
본가정항우케익온천장역 2호점,부산광역시 동래구 온천동 1750-1,4,,,,,,,,
본가정항우케익온천장역 2호점,부산광역시 동래구 온천동 1750-1,5,,,,,,,,
본가정항우케익온천장역 2호점,부산광역시 동래구 온천동 1750-1,6,,,,,,,,
우리쌀왕호두,부산광역시 동래구 온천동 1750-1,0,,,,,,,,
우리쌀왕호두,부산광역시 동래구 온천동 1750-1,1,,,,,,,,
우리쌀왕호두,부산광역시 동래구 온천동 1750-1,2,,,,,,,,
우리쌀왕호두,부산광역시 동래구 온천동 1750-1,3,,,,,,,,
우리쌀왕호두,부산광역시 동래구 온천동 1750-1,4,,,,,,,,
우리쌀왕호두,부산광역시 동래구 온천동 1750-1,5,,,,,,,,
우리쌀왕호두,부산광역시 동래구 온천동 1750-1,6,,,,,,,,
대미공방,부산광역시 동래구 온천동 178-7,0,,,,,,,,
대미공방,부산광역시 동래구 온천동 178-7,1,,,,,,,,
대미공방,부산광역시 동래구 온천동 178-7,2,,,,,,,,
대미공방,부산광역시 동래구 온천동 178-7,3,,,,,,,,
대미공방,부산광역시 동래구 온천동 178-7,4,,,,,,,,
대미공방,부산광역시 동래구 온천동 178-7,5,,,,,,,,
대미공방,부산광역시 동래구 온천동 178-7,6,,,,,,,,
데이브라운,부산광역시 동래구 온천동 178-7,0,,,,,,,,
데이브라운,부산광역시 동래구 온천동 178-7,1,,,,,,,,
데이브라운,부산광역시 동래구 온천동 178-7,2,,,,,,,,
데이브라운,부산광역시 동래구 온천동 178-7,3,,,,,,,,
데이브라운,부산광역시 동래구 온천동 178-7,4,,,,,,,,
데이브라운,부산광역시 동래구 온천동 178-7,5,,,,,,,,
데이브라운,부산광역시 동래구 온천동 178-7,6,,,,,,,,
혹시2,부산광역시 동래구 온천동 1838,0,,,,,,,,
혹시2,부산광역시 동래구 온천동 1838,1,,,,,,,,
혹시2,부산광역시 동래구 온천동 1838,2,,,,,,,,
혹시2,부산광역시 동래구 온천동 1838,3,,,,,,,,
혹시2,부산광역시 동래구 온천동 1838,4,,,,,,,,
혹시2,부산광역시 동래구 온천동 1838,5,,,,,,,,
혹시2,부산광역시 동래구 온천동 1838,6,,,,,,,,
브랜드김밥 동래점,부산광역시 동래구 온천동 1850,0,,,,,,,,
브랜드김밥 동래점,부산광역시 동래구 온천동 1850,1,,,,,,,,
브랜드김밥 동래점,부산광역시 동래구 온천동 1850,2,,,,,,,,
브랜드김밥 동래점,부산광역시 동래구 온천동 1850,3,,,,,,,,
브랜드김밥 동래점,부산광역시 동래구 온천동 1850,4,,,,,,,,
브랜드김밥 동래점,부산광역시 동래구 온천동 1850,5,,,,,,,,
브랜드김밥 동래점,부산광역시 동래구 온천동 1850,6,,,,,,,,
지우분식,부산광역시 동래구 온천동 1850,0,,,,,,,,
지우분식,부산광역시 동래구 온천동 1850,1,,,,,,,,
지우분식,부산광역시 동래구 온천동 1850,2,,,,,,,,
지우분식,부산광역시 동래구 온천동 1850,3,,,,,,,,
지우분식,부산광역시 동래구 온천동 1850,4,,,,,,,,
지우분식,부산광역시 동래구 온천동 1850,5,,,,,,,,
지우분식,부산광역시 동래구 온천동 1850,6,,,,,,,,
뚜레쥬르부산동래래미안점,부산광역시 동래구 온천동 1853,0,,,,,,,,
뚜레쥬르부산동래래미안점,부산광역시 동래구 온천동 1853,1,,,,,,,,
뚜레쥬르부산동래래미안점,부산광역시 동래구 온천동 1853,2,,,,,,,,
뚜레쥬르부산동래래미안점,부산광역시 동래구 온천동 1853,3,,,,,,,,
뚜레쥬르부산동래래미안점,부산광역시 동래구 온천동 1853,4,,,,,,,,
뚜레쥬르부산동래래미안점,부산광역시 동래구 온천동 1853,5,,,,,,,,
뚜레쥬르부산동래래미안점,부산광역시 동래구 온천동 1853,6,,,,,,,,
명품달인김밥미남점,부산광역시 동래구 온천동 1853,0,,,,,,,,
명품달인김밥미남점,부산광역시 동래구 온천동 1853,1,,,,,,,,
명품달인김밥미남점,부산광역시 동래구 온천동 1853,2,,,,,,,,
명품달인김밥미남점,부산광역시 동래구 온천동 1853,3,,,,,,,,
명품달인김밥미남점,부산광역시 동래구 온천동 1853,4,,,,,,,,
명품달인김밥미남점,부산광역시 동래구 온천동 1853,5,,,,,,,,
명품달인김밥미남점,부산광역시 동래구 온천동 1853,6,,,,,,,,
소담부엌,부산광역시 동래구 온천동 1853,0,,,,,,,,
소담부엌,부산광역시 동래구 온천동 1853,1,,,,,,,,
소담부엌,부산광역시 동래구 온천동 1853,2,,,,,,,,
소담부엌,부산광역시 동래구 온천동 1853,3,,,,,,,,
소담부엌,부산광역시 동래구 온천동 1853,4,,,,,,,,
소담부엌,부산광역시 동래구 온천동 1853,5,,,,,,,,
소담부엌,부산광역시 동래구 온천동 1853,6,,,,,,,,
아빠컵볶이,부산광역시 동래구 온천동 1853,0,,,,,,,,
아빠컵볶이,부산광역시 동래구 온천동 1853,1,,,,,,,,
아빠컵볶이,부산광역시 동래구 온천동 1853,2,,,,,,,,
아빠컵볶이,부산광역시 동래구 온천동 1853,3,,,,,,,,
아빠컵볶이,부산광역시 동래구 온천동 1853,4,,,,,,,,
아빠컵볶이,부산광역시 동래구 온천동 1853,5,,,,,,,,
아빠컵볶이,부산광역시 동래구 온천동 1853,6,,,,,,,,
호두당부산 동래점,부산광역시 동래구 온천동 1853,0,,,,,,,,
호두당부산 동래점,부산광역시 동래구 온천동 1853,1,,,,,,,,
호두당부산 동래점,부산광역시 동래구 온천동 1853,2,,,,,,,,
호두당부산 동래점,부산광역시 동래구 온천동 1853,3,,,,,,,,
호두당부산 동래점,부산광역시 동래구 온천동 1853,4,,,,,,,,
호두당부산 동래점,부산광역시 동래구 온천동 1853,5,,,,,,,,
호두당부산 동래점,부산광역시 동래구 온천동 1853,6,,,,,,,,
한울분식,부산광역시 동래구 온천동 1859,0,,,,,,,,
한울분식,부산광역시 동래구 온천동 1859,1,,,,,,,,
한울분식,부산광역시 동래구 온천동 1859,2,,,,,,,,
한울분식,부산광역시 동래구 온천동 1859,3,,,,,,,,
한울분식,부산광역시 동래구 온천동 1859,4,,,,,,,,
한울분식,부산광역시 동래구 온천동 1859,5,,,,,,,,
한울분식,부산광역시 동래구 온천동 1859,6,,,,,,,,
이음,부산광역시 동래구 온천동 186-76,0,,,,,,,,
이음,부산광역시 동래구 온천동 186-76,1,,,,,,,,
이음,부산광역시 동래구 온천동 186-76,2,,,,,,,,
이음,부산광역시 동래구 온천동 186-76,3,,,,,,,,
이음,부산광역시 동래구 온천동 186-76,4,,,,,,,,
이음,부산광역시 동래구 온천동 186-76,5,,,,,,,,
이음,부산광역시 동래구 온천동 186-76,6,,,,,,,,
지앤지 온천점,부산광역시 동래구 온천동 189-19,0,,,,,,,,
지앤지 온천점,부산광역시 동래구 온천동 189-19,1,,,,,,,,
지앤지 온천점,부산광역시 동래구 온천동 189-19,2,,,,,,,,
지앤지 온천점,부산광역시 동래구 온천동 189-19,3,,,,,,,,
지앤지 온천점,부산광역시 동래구 온천동 189-19,4,,,,,,,,
지앤지 온천점,부산광역시 동래구 온천동 189-19,5,,,,,,,,
지앤지 온천점,부산광역시 동래구 온천동 189-19,6,,,,,,,,
귀족떡볶이,부산광역시 동래구 온천동 189-40,0,,,,,,,,
귀족떡볶이,부산광역시 동래구 온천동 189-40,1,,,,,,,,
귀족떡볶이,부산광역시 동래구 온천동 189-40,2,,,,,,,,
귀족떡볶이,부산광역시 동래구 온천동 189-40,3,,,,,,,,
귀족떡볶이,부산광역시 동래구 온천동 189-40,4,,,,,,,,
귀족떡볶이,부산광역시 동래구 온천동 189-40,5,,,,,,,,
귀족떡볶이,부산광역시 동래구 온천동 189-40,6,,,,,,,,
우리집김밥,부산광역시 동래구 온천동 193-3,0,,,,,,,,
우리집김밥,부산광역시 동래구 온천동 193-3,1,,,,,,,,
우리집김밥,부산광역시 동래구 온천동 193-3,2,,,,,,,,
우리집김밥,부산광역시 동래구 온천동 193-3,3,,,,,,,,
우리집김밥,부산광역시 동래구 온천동 193-3,4,,,,,,,,
우리집김밥,부산광역시 동래구 온천동 193-3,5,,,,,,,,
우리집김밥,부산광역시 동래구 온천동 193-3,6,,,,,,,,
원조미성왕만두,부산광역시 동래구 온천동 193-5,0,,,,,,,,
원조미성왕만두,부산광역시 동래구 온천동 193-5,1,,,,,,,,
원조미성왕만두,부산광역시 동래구 온천동 193-5,2,,,,,,,,
원조미성왕만두,부산광역시 동래구 온천동 193-5,3,,,,,,,,
원조미성왕만두,부산광역시 동래구 온천동 193-5,4,,,,,,,,
원조미성왕만두,부산광역시 동래구 온천동 193-5,5,,,,,,,,
원조미성왕만두,부산광역시 동래구 온천동 193-5,6,,,,,,,,
요요충무김밥,부산광역시 동래구 온천동 194-4,0,,,,,,,,
요요충무김밥,부산광역시 동래구 온천동 194-4,1,,,,,,,,
요요충무김밥,부산광역시 동래구 온천동 194-4,2,,,,,,,,
요요충무김밥,부산광역시 동래구 온천동 194-4,3,,,,,,,,
요요충무김밥,부산광역시 동래구 온천동 194-4,4,,,,,,,,
요요충무김밥,부산광역시 동래구 온천동 194-4,5,,,,,,,,
요요충무김밥,부산광역시 동래구 온천동 194-4,6,,,,,,,,
충무김밥,부산광역시 동래구 온천동 210-66,0,,,,,,,,
충무김밥,부산광역시 동래구 온천동 210-66,1,,,,,,,,
충무김밥,부산광역시 동래구 온천동 210-66,2,,,,,,,,
충무김밥,부산광역시 동래구 온천동 210-66,3,,,,,,,,
충무김밥,부산광역시 동래구 온천동 210-66,4,,,,,,,,
충무김밥,부산광역시 동래구 온천동 210-66,5,,,,,,,,
충무김밥,부산광역시 동래구 온천동 210-66,6,,,,,,,,
파리바게뜨 온천점,부산광역시 동래구 온천동 212-10,0,,,,,,,,
파리바게뜨 온천점,부산광역시 동래구 온천동 212-10,1,,,,,,,,
파리바게뜨 온천점,부산광역시 동래구 온천동 212-10,2,,,,,,,,
파리바게뜨 온천점,부산광역시 동래구 온천동 212-10,3,,,,,,,,
파리바게뜨 온천점,부산광역시 동래구 온천동 212-10,4,,,,,,,,
파리바게뜨 온천점,부산광역시 동래구 온천동 212-10,5,,,,,,,,
파리바게뜨 온천점,부산광역시 동래구 온천동 212-10,6,,,,,,,,
파리바게뜨 온천점,부산광역시 동래구 온천동 212-27,0,,,,,,,,
파리바게뜨 온천점,부산광역시 동래구 온천동 212-27,1,,,,,,,,
파리바게뜨 온천점,부산광역시 동래구 온천동 212-27,2,,,,,,,,
파리바게뜨 온천점,부산광역시 동래구 온천동 212-27,3,,,,,,,,
파리바게뜨 온천점,부산광역시 동래구 온천동 212-27,4,,,,,,,,
파리바게뜨 온천점,부산광역시 동래구 온천동 212-27,5,,,,,,,,
파리바게뜨 온천점,부산광역시 동래구 온천동 212-27,6,,,,,,,,
응급실국물떡볶이부산 온천점,부산광역시 동래구 온천동 397-27,0,,,,,,,,
응급실국물떡볶이부산 온천점,부산광역시 동래구 온천동 397-27,1,,,,,,,,
응급실국물떡볶이부산 온천점,부산광역시 동래구 온천동 397-27,2,,,,,,,,
응급실국물떡볶이부산 온천점,부산광역시 동래구 온천동 397-27,3,,,,,,,,
응급실국물떡볶이부산 온천점,부산광역시 동래구 온천동 397-27,4,,,,,,,,
응급실국물떡볶이부산 온천점,부산광역시 동래구 온천동 397-27,5,,,,,,,,
응급실국물떡볶이부산 온천점,부산광역시 동래구 온천동 397-27,6,,,,,,,,
온천만두,부산광역시 동래구 온천동 40-15,0,,,,,,,,
온천만두,부산광역시 동래구 온천동 40-15,1,,,,,,,,
온천만두,부산광역시 동래구 온천동 40-15,2,,,,,,,,
온천만두,부산광역시 동래구 온천동 40-15,3,,,,,,,,
온천만두,부산광역시 동래구 온천동 40-15,4,,,,,,,,
온천만두,부산광역시 동래구 온천동 40-15,5,,,,,,,,
온천만두,부산광역시 동래구 온천동 40-15,6,,,,,,,,
전남친순대,부산광역시 동래구 온천동 40-38,0,,,,,,,,
전남친순대,부산광역시 동래구 온천동 40-38,1,,,,,,,,
전남친순대,부산광역시 동래구 온천동 40-38,2,,,,,,,,
전남친순대,부산광역시 동래구 온천동 40-38,3,,,,,,,,
전남친순대,부산광역시 동래구 온천동 40-38,4,,,,,,,,
전남친순대,부산광역시 동래구 온천동 40-38,5,,,,,,,,
전남친순대,부산광역시 동래구 온천동 40-38,6,,,,,,,,
간지떡볶이,부산광역시 동래구 온천동 425-27,0,,,,,,,,
간지떡볶이,부산광역시 동래구 온천동 425-27,1,,,,,,,,
간지떡볶이,부산광역시 동래구 온천동 425-27,2,,,,,,,,
간지떡볶이,부산광역시 동래구 온천동 425-27,3,,,,,,,,
간지떡볶이,부산광역시 동래구 온천동 425-27,4,,,,,,,,
간지떡볶이,부산광역시 동래구 온천동 425-27,5,,,,,,,,
간지떡볶이,부산광역시 동래구 온천동 425-27,6,,,,,,,,
명가김밥,부산광역시 동래구 온천동 429-10,0,,,,,,,,
명가김밥,부산광역시 동래구 온천동 429-10,1,,,,,,,,
명가김밥,부산광역시 동래구 온천동 429-10,2,,,,,,,,
명가김밥,부산광역시 동래구 온천동 429-10,3,,,,,,,,
명가김밥,부산광역시 동래구 온천동 429-10,4,,,,,,,,
명가김밥,부산광역시 동래구 온천동 429-10,5,,,,,,,,
명가김밥,부산광역시 동래구 온천동 429-10,6,,,,,,,,
뚜레쥬르부산 온천점,부산광역시 동래구 온천동 442-5,0,,,,,,,,
뚜레쥬르부산 온천점,부산광역시 동래구 온천동 442-5,1,,,,,,,,
뚜레쥬르부산 온천점,부산광역시 동래구 온천동 442-5,2,,,,,,,,
뚜레쥬르부산 온천점,부산광역시 동래구 온천동 442-5,3,,,,,,,,
뚜레쥬르부산 온천점,부산광역시 동래구 온천동 442-5,4,,,,,,,,
뚜레쥬르부산 온천점,부산광역시 동래구 온천동 442-5,5,,,,,,,,
뚜레쥬르부산 온천점,부산광역시 동래구 온천동 442-5,6,,,,,,,,
화계장터,부산광역시 동래구 온천동 444-48,0,,,,,,,,
화계장터,부산광역시 동래구 온천동 444-48,1,,,,,,,,
화계장터,부산광역시 동래구 온천동 444-48,2,,,,,,,,
화계장터,부산광역시 동래구 온천동 444-48,3,,,,,,,,
화계장터,부산광역시 동래구 온천동 444-48,4,,,,,,,,
화계장터,부산광역시 동래구 온천동 444-48,5,,,,,,,,
화계장터,부산광역시 동래구 온천동 444-48,6,,,,,,,,
미성분식,부산광역시 동래구 온천동 444-66,0,,,,,,,,
미성분식,부산광역시 동래구 온천동 444-66,1,,,,,,,,
미성분식,부산광역시 동래구 온천동 444-66,2,,,,,,,,
미성분식,부산광역시 동래구 온천동 444-66,3,,,,,,,,
미성분식,부산광역시 동래구 온천동 444-66,4,,,,,,,,
미성분식,부산광역시 동래구 온천동 444-66,5,,,,,,,,
미성분식,부산광역시 동래구 온천동 444-66,6,,,,,,,,
겐츠베이커리롯데동래점 백화점,부산광역시 동래구 온천동 502-3,0,,,,,,,,
겐츠베이커리롯데동래점 백화점,부산광역시 동래구 온천동 502-3,1,,,,,,,,
겐츠베이커리롯데동래점 백화점,부산광역시 동래구 온천동 502-3,2,,,,,,,,
겐츠베이커리롯데동래점 백화점,부산광역시 동래구 온천동 502-3,3,,,,,,,,
겐츠베이커리롯데동래점 백화점,부산광역시 동래구 온천동 502-3,4,,,,,,,,
겐츠베이커리롯데동래점 백화점,부산광역시 동래구 온천동 502-3,5,,,,,,,,
겐츠베이커리롯데동래점 백화점,부산광역시 동래구 온천동 502-3,6,,,,,,,,
디어스푼롯데동래점 백화점,부산광역시 동래구 온천동 502-3,0,,,,,,,,
디어스푼롯데동래점 백화점,부산광역시 동래구 온천동 502-3,1,,,,,,,,
디어스푼롯데동래점 백화점,부산광역시 동래구 온천동 502-3,2,,,,,,,,
디어스푼롯데동래점 백화점,부산광역시 동래구 온천동 502-3,3,,,,,,,,
디어스푼롯데동래점 백화점,부산광역시 동래구 온천동 502-3,4,,,,,,,,
디어스푼롯데동래점 백화점,부산광역시 동래구 온천동 502-3,5,,,,,,,,
디어스푼롯데동래점 백화점,부산광역시 동래구 온천동 502-3,6,,,,,,,,
앤티앤스예현F&B,부산광역시 동래구 온천동 502-3,0,,,,,,,,
앤티앤스예현F&B,부산광역시 동래구 온천동 502-3,1,,,,,,,,
앤티앤스예현F&B,부산광역시 동래구 온천동 502-3,2,,,,,,,,
앤티앤스예현F&B,부산광역시 동래구 온천동 502-3,3,,,,,,,,
앤티앤스예현F&B,부산광역시 동래구 온천동 502-3,4,,,,,,,,
앤티앤스예현F&B,부산광역시 동래구 온천동 502-3,5,,,,,,,,
앤티앤스예현F&B,부산광역시 동래구 온천동 502-3,6,,,,,,,,
찹찹떡떡롯데동래점 백화점,부산광역시 동래구 온천동 502-3,0,,,,,,,,
찹찹떡떡롯데동래점 백화점,부산광역시 동래구 온천동 502-3,1,,,,,,,,
찹찹떡떡롯데동래점 백화점,부산광역시 동래구 온천동 502-3,2,,,,,,,,
찹찹떡떡롯데동래점 백화점,부산광역시 동래구 온천동 502-3,3,,,,,,,,
찹찹떡떡롯데동래점 백화점,부산광역시 동래구 온천동 502-3,4,,,,,,,,
찹찹떡떡롯데동래점 백화점,부산광역시 동래구 온천동 502-3,5,,,,,,,,
찹찹떡떡롯데동래점 백화점,부산광역시 동래구 온천동 502-3,6,,,,,,,,
최고식품마싯는끼니,부산광역시 동래구 온천동 502-3,0,,,,,,,,
최고식품마싯는끼니,부산광역시 동래구 온천동 502-3,1,,,,,,,,
최고식품마싯는끼니,부산광역시 동래구 온천동 502-3,2,,,,,,,,
최고식품마싯는끼니,부산광역시 동래구 온천동 502-3,3,,,,,,,,
최고식품마싯는끼니,부산광역시 동래구 온천동 502-3,4,,,,,,,,
최고식품마싯는끼니,부산광역시 동래구 온천동 502-3,5,,,,,,,,
최고식품마싯는끼니,부산광역시 동래구 온천동 502-3,6,,,,,,,,
크리스피크림롯데 동래점,부산광역시 동래구 온천동 502-3,0,,,,,,,,
크리스피크림롯데 동래점,부산광역시 동래구 온천동 502-3,1,,,,,,,,
크리스피크림롯데 동래점,부산광역시 동래구 온천동 502-3,2,,,,,,,,
크리스피크림롯데 동래점,부산광역시 동래구 온천동 502-3,3,,,,,,,,
크리스피크림롯데 동래점,부산광역시 동래구 온천동 502-3,4,,,,,,,,
크리스피크림롯데 동래점,부산광역시 동래구 온천동 502-3,5,,,,,,,,
크리스피크림롯데 동래점,부산광역시 동래구 온천동 502-3,6,,,,,,,,
골목분식,부산광역시 동래구 온천동 503-23,0,,,,,,,,
골목분식,부산광역시 동래구 온천동 503-23,1,,,,,,,,
골목분식,부산광역시 동래구 온천동 503-23,2,,,,,,,,
골목분식,부산광역시 동래구 온천동 503-23,3,,,,,,,,
골목분식,부산광역시 동래구 온천동 503-23,4,,,,,,,,
골목분식,부산광역시 동래구 온천동 503-23,5,,,,,,,,
골목분식,부산광역시 동래구 온천동 503-23,6,,,,,,,,
에스엠호두파야동래역사점,부산광역시 동래구 온천동 514-2,0,,,,,,,,
에스엠호두파야동래역사점,부산광역시 동래구 온천동 514-2,1,,,,,,,,
에스엠호두파야동래역사점,부산광역시 동래구 온천동 514-2,2,,,,,,,,
에스엠호두파야동래역사점,부산광역시 동래구 온천동 514-2,3,,,,,,,,
에스엠호두파야동래역사점,부산광역시 동래구 온천동 514-2,4,,,,,,,,
에스엠호두파야동래역사점,부산광역시 동래구 온천동 514-2,5,,,,,,,,
에스엠호두파야동래역사점,부산광역시 동래구 온천동 514-2,6,,,,,,,,
고전떡집,부산광역시 동래구 온천동 707,0,,,,,,,,
고전떡집,부산광역시 동래구 온천동 707,1,,,,,,,,
고전떡집,부산광역시 동래구 온천동 707,2,,,,,,,,
고전떡집,부산광역시 동래구 온천동 707,3,,,,,,,,
고전떡집,부산광역시 동래구 온천동 707,4,,,,,,,,
고전떡집,부산광역시 동래구 온천동 707,5,,,,,,,,
고전떡집,부산광역시 동래구 온천동 707,6,,,,,,,,
씨트론과자점,부산광역시 동래구 온천동 707,0,,,,,,,,
씨트론과자점,부산광역시 동래구 온천동 707,1,,,,,,,,
씨트론과자점,부산광역시 동래구 온천동 707,2,,,,,,,,
씨트론과자점,부산광역시 동래구 온천동 707,3,,,,,,,,
씨트론과자점,부산광역시 동래구 온천동 707,4,,,,,,,,
씨트론과자점,부산광역시 동래구 온천동 707,5,,,,,,,,
씨트론과자점,부산광역시 동래구 온천동 707,6,,,,,,,,
정원분식,부산광역시 동래구 온천동 707-1,0,,,,,,,,
정원분식,부산광역시 동래구 온천동 707-1,1,,,,,,,,
정원분식,부산광역시 동래구 온천동 707-1,2,,,,,,,,
정원분식,부산광역시 동래구 온천동 707-1,3,,,,,,,,
정원분식,부산광역시 동래구 온천동 707-1,4,,,,,,,,
정원분식,부산광역시 동래구 온천동 707-1,5,,,,,,,,
정원분식,부산광역시 동래구 온천동 707-1,6,,,,,,,,
복떡방,부산광역시 동래구 온천동 728-9,0,,,,,,,,
복떡방,부산광역시 동래구 온천동 728-9,1,,,,,,,,
복떡방,부산광역시 동래구 온천동 728-9,2,,,,,,,,
복떡방,부산광역시 동래구 온천동 728-9,3,,,,,,,,
복떡방,부산광역시 동래구 온천동 728-9,4,,,,,,,,
복떡방,부산광역시 동래구 온천동 728-9,5,,,,,,,,
복떡방,부산광역시 동래구 온천동 728-9,6,,,,,,,,
미성분식,부산광역시 동래구 온천동 750-64,0,,,,,,,,
미성분식,부산광역시 동래구 온천동 750-64,1,,,,,,,,
미성분식,부산광역시 동래구 온천동 750-64,2,,,,,,,,
미성분식,부산광역시 동래구 온천동 750-64,3,,,,,,,,
미성분식,부산광역시 동래구 온천동 750-64,4,,,,,,,,
미성분식,부산광역시 동래구 온천동 750-64,5,,,,,,,,
미성분식,부산광역시 동래구 온천동 750-64,6,,,,,,,,
커피볶는시골커피동래 중앙점,부산광역시 동래구 온천동 750-94,0,,,,,,,,
커피볶는시골커피동래 중앙점,부산광역시 동래구 온천동 750-94,1,,,,,,,,
커피볶는시골커피동래 중앙점,부산광역시 동래구 온천동 750-94,2,,,,,,,,
커피볶는시골커피동래 중앙점,부산광역시 동래구 온천동 750-94,3,,,,,,,,
커피볶는시골커피동래 중앙점,부산광역시 동래구 온천동 750-94,4,,,,,,,,
커피볶는시골커피동래 중앙점,부산광역시 동래구 온천동 750-94,5,,,,,,,,
커피볶는시골커피동래 중앙점,부산광역시 동래구 온천동 750-94,6,,,,,,,,
하동녹차팥빙수,부산광역시 동래구 온천동 751-1,0,,,,,,,,
하동녹차팥빙수,부산광역시 동래구 온천동 751-1,1,,,,,,,,
하동녹차팥빙수,부산광역시 동래구 온천동 751-1,2,,,,,,,,
하동녹차팥빙수,부산광역시 동래구 온천동 751-1,3,,,,,,,,
하동녹차팥빙수,부산광역시 동래구 온천동 751-1,4,,,,,,,,
하동녹차팥빙수,부산광역시 동래구 온천동 751-1,5,,,,,,,,
하동녹차팥빙수,부산광역시 동래구 온천동 751-1,6,,,,,,,,
배스킨라빈스부산 동래점,부산광역시 동래구 온천동 751-15,0,,,,,,,,
배스킨라빈스부산 동래점,부산광역시 동래구 온천동 751-15,1,,,,,,,,
배스킨라빈스부산 동래점,부산광역시 동래구 온천동 751-15,2,,,,,,,,
배스킨라빈스부산 동래점,부산광역시 동래구 온천동 751-15,3,,,,,,,,
배스킨라빈스부산 동래점,부산광역시 동래구 온천동 751-15,4,,,,,,,,
배스킨라빈스부산 동래점,부산광역시 동래구 온천동 751-15,5,,,,,,,,
배스킨라빈스부산 동래점,부산광역시 동래구 온천동 751-15,6,,,,,,,,
씨트론과자점,부산광역시 동래구 온천동 777,0,,,,,,,,
씨트론과자점,부산광역시 동래구 온천동 777,1,,,,,,,,
씨트론과자점,부산광역시 동래구 온천동 777,2,,,,,,,,
씨트론과자점,부산광역시 동래구 온천동 777,3,,,,,,,,
씨트론과자점,부산광역시 동래구 온천동 777,4,,,,,,,,
씨트론과자점,부산광역시 동래구 온천동 777,5,,,,,,,,
씨트론과자점,부산광역시 동래구 온천동 777,6,,,,,,,,
우리집김밥,부산광역시 동래구 온천동 781,0,,,,,,,,
우리집김밥,부산광역시 동래구 온천동 781,1,,,,,,,,
우리집김밥,부산광역시 동래구 온천동 781,2,,,,,,,,
우리집김밥,부산광역시 동래구 온천동 781,3,,,,,,,,
우리집김밥,부산광역시 동래구 온천동 781,4,,,,,,,,
우리집김밥,부산광역시 동래구 온천동 781,5,,,,,,,,
우리집김밥,부산광역시 동래구 온천동 781,6,,,,,,,,
화이트리에,부산광역시 동래구 온천동 782-40,0,,,,,,,,
화이트리에,부산광역시 동래구 온천동 782-40,1,,,,,,,,
화이트리에,부산광역시 동래구 온천동 782-40,2,,,,,,,,
화이트리에,부산광역시 동래구 온천동 782-40,3,,,,,,,,
화이트리에,부산광역시 동래구 온천동 782-40,4,,,,,,,,
화이트리에,부산광역시 동래구 온천동 782-40,5,,,,,,,,
화이트리에,부산광역시 동래구 온천동 782-40,6,,,,,,,,
오정은a김밥동래래미안점,부산광역시 동래구 온천동 782-9,0,,,,,,,,
오정은a김밥동래래미안점,부산광역시 동래구 온천동 782-9,1,,,,,,,,
오정은a김밥동래래미안점,부산광역시 동래구 온천동 782-9,2,,,,,,,,
오정은a김밥동래래미안점,부산광역시 동래구 온천동 782-9,3,,,,,,,,
오정은a김밥동래래미안점,부산광역시 동래구 온천동 782-9,4,,,,,,,,
오정은a김밥동래래미안점,부산광역시 동래구 온천동 782-9,5,,,,,,,,
오정은a김밥동래래미안점,부산광역시 동래구 온천동 782-9,6,,,,,,,,
모어샌드위치 동래점,부산광역시 동래구 온천동 784-8,0,,,,,,,,
모어샌드위치 동래점,부산광역시 동래구 온천동 784-8,1,,,,,,,,
모어샌드위치 동래점,부산광역시 동래구 온천동 784-8,2,,,,,,,,
모어샌드위치 동래점,부산광역시 동래구 온천동 784-8,3,,,,,,,,
모어샌드위치 동래점,부산광역시 동래구 온천동 784-8,4,,,,,,,,
모어샌드위치 동래점,부산광역시 동래구 온천동 784-8,5,,,,,,,,
모어샌드위치 동래점,부산광역시 동래구 온천동 784-8,6,,,,,,,,
온천꼬치,부산광역시 동래구 온천동 785-8,0,,,,,,,,
온천꼬치,부산광역시 동래구 온천동 785-8,1,,,,,,,,
온천꼬치,부산광역시 동래구 온천동 785-8,2,,,,,,,,
온천꼬치,부산광역시 동래구 온천동 785-8,3,,,,,,,,
온천꼬치,부산광역시 동래구 온천동 785-8,4,,,,,,,,
온천꼬치,부산광역시 동래구 온천동 785-8,5,,,,,,,,
온천꼬치,부산광역시 동래구 온천동 785-8,6,,,,,,,,
이삭토스트,부산광역시 동래구 온천동 786-5,0,,,,,,,,
이삭토스트,부산광역시 동래구 온천동 786-5,1,,,,,,,,
이삭토스트,부산광역시 동래구 온천동 786-5,2,,,,,,,,
이삭토스트,부산광역시 동래구 온천동 786-5,3,,,,,,,,
이삭토스트,부산광역시 동래구 온천동 786-5,4,,,,,,,,
이삭토스트,부산광역시 동래구 온천동 786-5,5,,,,,,,,
이삭토스트,부산광역시 동래구 온천동 786-5,6,,,,,,,,
벽초당매점,부산광역시 동래구 온천동 84-41,0,,,,,,,,
벽초당매점,부산광역시 동래구 온천동 84-41,1,,,,,,,,
벽초당매점,부산광역시 동래구 온천동 84-41,2,,,,,,,,
벽초당매점,부산광역시 동래구 온천동 84-41,3,,,,,,,,
벽초당매점,부산광역시 동래구 온천동 84-41,4,,,,,,,,
벽초당매점,부산광역시 동래구 온천동 84-41,5,,,,,,,,
벽초당매점,부산광역시 동래구 온천동 84-41,6,,,,,,,,
하르당 동래역점,부산광역시 동래구 명륜동 533-51,0,,,,,,,,
하르당 동래역점,부산광역시 동래구 명륜동 533-51,1,,,,,,,,
하르당 동래역점,부산광역시 동래구 명륜동 533-51,2,,,,,,,,
하르당 동래역점,부산광역시 동래구 명륜동 533-51,3,,,,,,,,
하르당 동래역점,부산광역시 동래구 명륜동 533-51,4,,,,,,,,
하르당 동래역점,부산광역시 동래구 명륜동 533-51,5,,,,,,,,
하르당 동래역점,부산광역시 동래구 명륜동 533-51,6,,,,,,,,
응응스크르부곡 온천점,부산광역시 동래구 명륜동 541-2,0,0:00,,,,,,,
응응스크르부곡 온천점,부산광역시 동래구 명륜동 541-2,1,0:00,,,,,,,
응응스크르부곡 온천점,부산광역시 동래구 명륜동 541-2,2,0:00,,,,,,,
응응스크르부곡 온천점,부산광역시 동래구 명륜동 541-2,3,0:00,,,,,,,
응응스크르부곡 온천점,부산광역시 동래구 명륜동 541-2,4,0:00,,,,,,,
응응스크르부곡 온천점,부산광역시 동래구 명륜동 541-2,5,0:00,,,,,,,
응응스크르부곡 온천점,부산광역시 동래구 명륜동 541-2,6,0:00,,,,,,,
응응스크르 부산구서점,부산광역시 금정구 구서동 1074,0,0:00,,,,,,,
응응스크르 부산구서점,부산광역시 금정구 구서동 1074,1,0:00,,,,,,,
응응스크르 부산구서점,부산광역시 금정구 구서동 1074,2,0:00,,,,,,,
응응스크르 부산구서점,부산광역시 금정구 구서동 1074,3,0:00,,,,,,,
응응스크르 부산구서점,부산광역시 금정구 구서동 1074,4,0:00,,,,,,,
응응스크르 부산구서점,부산광역시 금정구 구서동 1074,5,0:00,,,,,,,
응응스크르 부산구서점,부산광역시 금정구 구서동 1074,6,0:00,,,,,,,
명품추어탕,부산광역시 금정구 구서동 158-16,0,11:00,21:00,,,,,,
명품추어탕,부산광역시 금정구 구서동 158-16,1,11:00,21:00,,,,,,
명품추어탕,부산광역시 금정구 구서동 158-16,2,11:00,21:00,,,,,,
명품추어탕,부산광역시 금정구 구서동 158-16,3,11:00,21:00,,,,,,
명품추어탕,부산광역시 금정구 구서동 158-16,4,11:00,21:00,,,,,,
명품추어탕,부산광역시 금정구 구서동 158-16,5,11:00,21:00,,,,,,
명품추어탕,부산광역시 금정구 구서동 158-16,6,11:00,21:00,,,,,,
맛조아,부산광역시 금정구 구서동 158-17,0,11:00,20:50,,,,,,
맛조아,부산광역시 금정구 구서동 158-17,1,11:00,20:50,,,,,,
맛조아,부산광역시 금정구 구서동 158-17,2,11:00,20:50,,,,,,
맛조아,부산광역시 금정구 구서동 158-17,3,11:00,20:50,,,,,,
맛조아,부산광역시 금정구 구서동 158-17,4,11:00,20:50,,,,,,
맛조아,부산광역시 금정구 구서동 158-17,5,11:00,20:50,,,,,,
맛조아,부산광역시 금정구 구서동 158-17,6,11:00,20:50,,,,,,
동근이숯불두마리치킨,부산광역시 금정구 구서동 158-20,0,,,,,,,,
동근이숯불두마리치킨,부산광역시 금정구 구서동 158-20,1,,,,,,,,
동근이숯불두마리치킨,부산광역시 금정구 구서동 158-20,2,,,,,,,,
동근이숯불두마리치킨,부산광역시 금정구 구서동 158-20,3,,,,,,,,
동근이숯불두마리치킨,부산광역시 금정구 구서동 158-20,4,,,,,,,,
동근이숯불두마리치킨,부산광역시 금정구 구서동 158-20,5,,,,,,,,
동근이숯불두마리치킨,부산광역시 금정구 구서동 158-20,6,,,,,,,,
현이네밥집,부산광역시 금정구 구서동 158-20,0,,,,,,,,
현이네밥집,부산광역시 금정구 구서동 158-20,1,,,,,,,,
현이네밥집,부산광역시 금정구 구서동 158-20,2,,,,,,,,
현이네밥집,부산광역시 금정구 구서동 158-20,3,,,,,,,,
현이네밥집,부산광역시 금정구 구서동 158-20,4,,,,,,,,
현이네밥집,부산광역시 금정구 구서동 158-20,5,,,,,,,,
현이네밥집,부산광역시 금정구 구서동 158-20,6,,,,,,,,
삼환맛축산,부산광역시 금정구 구서동 158-31,0,12:00,23:00,,,,,,
삼환맛축산,부산광역시 금정구 구서동 158-31,1,15:00,23:00,,,,,,
삼환맛축산,부산광역시 금정구 구서동 158-31,2,15:00,23:00,,,,,,
삼환맛축산,부산광역시 금정구 구서동 158-31,3,15:00,23:00,,,,,,
삼환맛축산,부산광역시 금정구 구서동 158-31,4,15:00,23:00,,,,,,
삼환맛축산,부산광역시 금정구 구서동 158-31,5,15:00,23:00,,,,,,
삼환맛축산,부산광역시 금정구 구서동 158-31,6,12:00,23:00,,,,,,
7번가피자 구서·남산점,부산광역시 금정구 구서동 158-6,0,11:00,23:00,,,,,,
7번가피자 구서·남산점,부산광역시 금정구 구서동 158-6,1,11:00,23:00,,,,,,
7번가피자 구서·남산점,부산광역시 금정구 구서동 158-6,2,11:00,23:00,,,,,,
7번가피자 구서·남산점,부산광역시 금정구 구서동 158-6,3,11:00,23:00,,,,,,
7번가피자 구서·남산점,부산광역시 금정구 구서동 158-6,4,11:00,23:00,,,,,,
7번가피자 구서·남산점,부산광역시 금정구 구서동 158-6,5,11:00,23:00,,,,,,
7번가피자 구서·남산점,부산광역시 금정구 구서동 158-6,6,11:00,23:00,,,,,,
유정삼계탕,부산광역시 금정구 구서동 159-1,0,10:30,21:00,,,,,,
유정삼계탕,부산광역시 금정구 구서동 159-1,1,10:30,21:00,,,,,,
유정삼계탕,부산광역시 금정구 구서동 159-1,2,10:30,21:00,,,,,"둘째, 넷째 주 화요일은 휴무",
유정삼계탕,부산광역시 금정구 구서동 159-1,3,10:30,21:00,,,,,,
유정삼계탕,부산광역시 금정구 구서동 159-1,4,10:30,21:00,,,,,,
유정삼계탕,부산광역시 금정구 구서동 159-1,5,10:30,21:00,,,,,,
유정삼계탕,부산광역시 금정구 구서동 159-1,6,10:30,21:00,,,,,,
서울깍두기,부산광역시 금정구 구서동 159-29,0,8:00,22:00,,,,,,
서울깍두기,부산광역시 금정구 구서동 159-29,1,8:00,22:00,,,,,,
서울깍두기,부산광역시 금정구 구서동 159-29,2,8:00,22:00,,,,,,
서울깍두기,부산광역시 금정구 구서동 159-29,3,8:00,22:00,,,,,,
서울깍두기,부산광역시 금정구 구서동 159-29,4,8:00,22:00,,,,,,
서울깍두기,부산광역시 금정구 구서동 159-29,5,8:00,22:00,,,,,,
서울깍두기,부산광역시 금정구 구서동 159-29,6,8:00,22:00,,,,,,
금정어가,부산광역시 금정구 구서동 159-45,0,11:00,21:00,15:00,16:30,20:30,,,
금정어가,부산광역시 금정구 구서동 159-45,1,11:00,21:00,15:00,16:30,20:30,,,
금정어가,부산광역시 금정구 구서동 159-45,2,11:00,21:00,15:00,16:30,20:30,,,
금정어가,부산광역시 금정구 구서동 159-45,3,11:00,21:00,15:00,16:30,20:30,,,
금정어가,부산광역시 금정구 구서동 159-45,4,11:00,21:00,15:00,16:30,20:30,,,
금정어가,부산광역시 금정구 구서동 159-45,5,11:00,21:00,15:00,16:30,20:30,,,
금정어가,부산광역시 금정구 구서동 159-45,6,11:00,21:00,15:00,16:30,20:30,,,
치킨신드롬 두실점,부산광역시 금정구 구서동 161-1,0,15:00,1:00,,,,,,
치킨신드롬 두실점,부산광역시 금정구 구서동 161-1,1,15:00,1:00,,,,,,
치킨신드롬 두실점,부산광역시 금정구 구서동 161-1,2,15:00,1:00,,,,,,
치킨신드롬 두실점,부산광역시 금정구 구서동 161-1,3,15:00,1:00,,,,,,
치킨신드롬 두실점,부산광역시 금정구 구서동 161-1,4,15:00,1:00,,,,,,
치킨신드롬 두실점,부산광역시 금정구 구서동 161-1,5,15:00,1:00,,,,,,
치킨신드롬 두실점,부산광역시 금정구 구서동 161-1,6,15:00,1:00,,,,,,
번개반점,부산광역시 금정구 구서동 161-10,0,10:50,19:30,15:00,16:30,,,,
번개반점,부산광역시 금정구 구서동 161-10,1,10:50,19:30,15:00,16:30,,,,
번개반점,부산광역시 금정구 구서동 161-10,2,,,,,,TRUE,,
번개반점,부산광역시 금정구 구서동 161-10,3,10:50,19:30,15:00,16:30,,,,
번개반점,부산광역시 금정구 구서동 161-10,4,10:50,19:30,15:00,16:30,,,,
번개반점,부산광역시 금정구 구서동 161-10,5,10:50,19:30,15:00,16:30,,,,
번개반점,부산광역시 금정구 구서동 161-10,6,10:50,19:30,15:00,16:30,,,,
옹배기해물칼국수,부산광역시 금정구 구서동 161-12,0,11:30,21:30,,,,,,
옹배기해물칼국수,부산광역시 금정구 구서동 161-12,1,,,,,,TRUE,,
옹배기해물칼국수,부산광역시 금정구 구서동 161-12,2,11:30,21:30,,,,,,
옹배기해물칼국수,부산광역시 금정구 구서동 161-12,3,11:30,21:30,,,,,,
옹배기해물칼국수,부산광역시 금정구 구서동 161-12,4,11:30,21:30,,,,,,
옹배기해물칼국수,부산광역시 금정구 구서동 161-12,5,11:30,21:30,,,,,,
옹배기해물칼국수,부산광역시 금정구 구서동 161-12,6,11:30,21:30,,,,,,
통생오리,부산광역시 금정구 구서동 161-20,0,,,,,,,,
통생오리,부산광역시 금정구 구서동 161-20,1,,,,,,,,
통생오리,부산광역시 금정구 구서동 161-20,2,,,,,,,,
통생오리,부산광역시 금정구 구서동 161-20,3,,,,,,,,
통생오리,부산광역시 금정구 구서동 161-20,4,,,,,,,,
통생오리,부산광역시 금정구 구서동 161-20,5,,,,,,,,
통생오리,부산광역시 금정구 구서동 161-20,6,,,,,,,,
칼퇴근김대리 두실점,부산광역시 금정구 구서동 161-26,0,,,,,,,,
칼퇴근김대리 두실점,부산광역시 금정구 구서동 161-26,1,,,,,,,,
칼퇴근김대리 두실점,부산광역시 금정구 구서동 161-26,2,,,,,,,,
칼퇴근김대리 두실점,부산광역시 금정구 구서동 161-26,3,,,,,,,,
칼퇴근김대리 두실점,부산광역시 금정구 구서동 161-26,4,,,,,,,,
칼퇴근김대리 두실점,부산광역시 금정구 구서동 161-26,5,,,,,,,,
칼퇴근김대리 두실점,부산광역시 금정구 구서동 161-26,6,,,,,,,,
신박돼지,부산광역시 금정구 구서동 161-39,0,12:30,23:00,,,,,,
신박돼지,부산광역시 금정구 구서동 161-39,1,12:30,23:00,,,,,,
신박돼지,부산광역시 금정구 구서동 161-39,2,12:30,23:00,,,,,,
신박돼지,부산광역시 금정구 구서동 161-39,3,12:30,23:00,,,,,,
신박돼지,부산광역시 금정구 구서동 161-39,4,12:30,23:00,,,,,,
신박돼지,부산광역시 금정구 구서동 161-39,5,12:30,23:00,,,,,,
신박돼지,부산광역시 금정구 구서동 161-39,6,12:30,23:00,,,,,,
느티나무집,부산광역시 금정구 구서동 161-9,0,,,,,,,,
느티나무집,부산광역시 금정구 구서동 161-9,1,,,,,,,,
느티나무집,부산광역시 금정구 구서동 161-9,2,,,,,,,,
느티나무집,부산광역시 금정구 구서동 161-9,3,,,,,,,,
느티나무집,부산광역시 금정구 구서동 161-9,4,,,,,,,,
느티나무집,부산광역시 금정구 구서동 161-9,5,,,,,,,,
느티나무집,부산광역시 금정구 구서동 161-9,6,,,,,,,,
영동오리숯불구이,부산광역시 금정구 구서동 162-10,0,10:00,22:00,,,,,,
영동오리숯불구이,부산광역시 금정구 구서동 162-10,1,10:00,22:00,,,,,,
영동오리숯불구이,부산광역시 금정구 구서동 162-10,2,10:00,22:00,,,,,,
영동오리숯불구이,부산광역시 금정구 구서동 162-10,3,10:00,22:00,,,,,,
영동오리숯불구이,부산광역시 금정구 구서동 162-10,4,10:00,22:00,,,,,,
영동오리숯불구이,부산광역시 금정구 구서동 162-10,5,10:00,22:00,,,,,,
영동오리숯불구이,부산광역시 금정구 구서동 162-10,6,10:00,22:00,,,,,,
밀양돼지국밥&감자탕,부산광역시 금정구 구서동 162-12,0,8:30,0:00,,,,,,
밀양돼지국밥&감자탕,부산광역시 금정구 구서동 162-12,1,8:30,0:00,,,,,,
밀양돼지국밥&감자탕,부산광역시 금정구 구서동 162-12,2,8:30,0:00,,,,,,
밀양돼지국밥&감자탕,부산광역시 금정구 구서동 162-12,3,8:30,0:00,,,,,,
밀양돼지국밥&감자탕,부산광역시 금정구 구서동 162-12,4,8:30,0:00,,,,,,
밀양돼지국밥&감자탕,부산광역시 금정구 구서동 162-12,5,8:30,0:00,,,,,,
밀양돼지국밥&감자탕,부산광역시 금정구 구서동 162-12,6,8:30,0:00,,,,,,
불막열삼 두실7번역점,부산광역시 금정구 구서동 163-10,0,,,,,,,,
불막열삼 두실7번역점,부산광역시 금정구 구서동 163-10,1,,,,,,,,
불막열삼 두실7번역점,부산광역시 금정구 구서동 163-10,2,,,,,,,,
불막열삼 두실7번역점,부산광역시 금정구 구서동 163-10,3,,,,,,,,
불막열삼 두실7번역점,부산광역시 금정구 구서동 163-10,4,,,,,,,,
불막열삼 두실7번역점,부산광역시 금정구 구서동 163-10,5,,,,,,,,
불막열삼 두실7번역점,부산광역시 금정구 구서동 163-10,6,,,,,,,,
비에이치씨 두실점,부산광역시 금정구 구서동 163-10,0,,,,,,,,
비에이치씨 두실점,부산광역시 금정구 구서동 163-10,1,,,,,,,,
비에이치씨 두실점,부산광역시 금정구 구서동 163-10,2,,,,,,,,
비에이치씨 두실점,부산광역시 금정구 구서동 163-10,3,,,,,,,,
비에이치씨 두실점,부산광역시 금정구 구서동 163-10,4,,,,,,,,
비에이치씨 두실점,부산광역시 금정구 구서동 163-10,5,,,,,,,,
비에이치씨 두실점,부산광역시 금정구 구서동 163-10,6,,,,,,,,
구이일번가,부산광역시 금정구 구서동 163-16,0,,,,,,,,
구이일번가,부산광역시 금정구 구서동 163-16,1,,,,,,,,
구이일번가,부산광역시 금정구 구서동 163-16,2,,,,,,,,
구이일번가,부산광역시 금정구 구서동 163-16,3,,,,,,,,
구이일번가,부산광역시 금정구 구서동 163-16,4,,,,,,,,
구이일번가,부산광역시 금정구 구서동 163-16,5,,,,,,,,
구이일번가,부산광역시 금정구 구서동 163-16,6,,,,,,,,
동키치킨,부산광역시 금정구 구서동 163-18,0,11:30,23:30,,,,,,
동키치킨,부산광역시 금정구 구서동 163-18,1,11:30,23:30,,,,,,
동키치킨,부산광역시 금정구 구서동 163-18,2,11:30,23:30,,,,,,
동키치킨,부산광역시 금정구 구서동 163-18,3,11:30,23:30,,,,,,
동키치킨,부산광역시 금정구 구서동 163-18,4,11:30,23:30,,,,,,
동키치킨,부산광역시 금정구 구서동 163-18,5,11:30,23:30,,,,,,
동키치킨,부산광역시 금정구 구서동 163-18,6,11:30,23:30,,,,,,
두실칼국수,부산광역시 금정구 구서동 163-18,0,,,,,,TRUE,,
두실칼국수,부산광역시 금정구 구서동 163-18,1,11:00,19:00,,,,,,
두실칼국수,부산광역시 금정구 구서동 163-18,2,11:00,19:00,,,,,,
두실칼국수,부산광역시 금정구 구서동 163-18,3,11:00,19:00,,,,,,
두실칼국수,부산광역시 금정구 구서동 163-18,4,11:00,19:00,,,,,,
두실칼국수,부산광역시 금정구 구서동 163-18,5,11:00,19:00,,,,,,
두실칼국수,부산광역시 금정구 구서동 163-18,6,11:00,19:00,,,,,,
본죽앤비빔밥 부산구서점,부산광역시 금정구 구서동 163-20,0,,,,,,,,
본죽앤비빔밥 부산구서점,부산광역시 금정구 구서동 163-20,1,,,,,,,,
본죽앤비빔밥 부산구서점,부산광역시 금정구 구서동 163-20,2,,,,,,,,
본죽앤비빔밥 부산구서점,부산광역시 금정구 구서동 163-20,3,,,,,,,,
본죽앤비빔밥 부산구서점,부산광역시 금정구 구서동 163-20,4,,,,,,,,
본죽앤비빔밥 부산구서점,부산광역시 금정구 구서동 163-20,5,,,,,,,,
본죽앤비빔밥 부산구서점,부산광역시 금정구 구서동 163-20,6,,,,,,,,
올밀푸드,부산광역시 금정구 구서동 163-31,0,,,,,,,,
올밀푸드,부산광역시 금정구 구서동 163-31,1,,,,,,,,
올밀푸드,부산광역시 금정구 구서동 163-31,2,,,,,,,,
올밀푸드,부산광역시 금정구 구서동 163-31,3,,,,,,,,
올밀푸드,부산광역시 금정구 구서동 163-31,4,,,,,,,,
올밀푸드,부산광역시 금정구 구서동 163-31,5,,,,,,,,
올밀푸드,부산광역시 금정구 구서동 163-31,6,,,,,,,,
철마환성암소원,부산광역시 금정구 구서동 163-4,0,,,,,,,,
철마환성암소원,부산광역시 금정구 구서동 163-4,1,,,,,,,,
철마환성암소원,부산광역시 금정구 구서동 163-4,2,,,,,,,,
철마환성암소원,부산광역시 금정구 구서동 163-4,3,,,,,,,,
철마환성암소원,부산광역시 금정구 구서동 163-4,4,,,,,,,,
철마환성암소원,부산광역시 금정구 구서동 163-4,5,,,,,,,,
철마환성암소원,부산광역시 금정구 구서동 163-4,6,,,,,,,,
제일식당,부산광역시 금정구 구서동 163-9,0,,,,,,,,
제일식당,부산광역시 금정구 구서동 163-9,1,,,,,,,,
제일식당,부산광역시 금정구 구서동 163-9,2,,,,,,,,
제일식당,부산광역시 금정구 구서동 163-9,3,,,,,,,,
제일식당,부산광역시 금정구 구서동 163-9,4,,,,,,,,
제일식당,부산광역시 금정구 구서동 163-9,5,,,,,,,,
제일식당,부산광역시 금정구 구서동 163-9,6,,,,,,,,
해물이조아해물촌,부산광역시 금정구 구서동 164-1,0,,,,,,,,
해물이조아해물촌,부산광역시 금정구 구서동 164-1,1,,,,,,,,
해물이조아해물촌,부산광역시 금정구 구서동 164-1,2,,,,,,,,
해물이조아해물촌,부산광역시 금정구 구서동 164-1,3,,,,,,,,
해물이조아해물촌,부산광역시 금정구 구서동 164-1,4,,,,,,,,
해물이조아해물촌,부산광역시 금정구 구서동 164-1,5,,,,,,,,
해물이조아해물촌,부산광역시 금정구 구서동 164-1,6,,,,,,,,
아구듬뿍&알곤마니,부산광역시 금정구 구서동 164-21,0,,,,,,,,
아구듬뿍&알곤마니,부산광역시 금정구 구서동 164-21,1,,,,,,,,
아구듬뿍&알곤마니,부산광역시 금정구 구서동 164-21,2,,,,,,,,
아구듬뿍&알곤마니,부산광역시 금정구 구서동 164-21,3,,,,,,,,
아구듬뿍&알곤마니,부산광역시 금정구 구서동 164-21,4,,,,,,,,
아구듬뿍&알곤마니,부산광역시 금정구 구서동 164-21,5,,,,,,,,
아구듬뿍&알곤마니,부산광역시 금정구 구서동 164-21,6,,,,,,,,
웅이네식당,부산광역시 금정구 구서동 164-22,0,,,,,,,,
웅이네식당,부산광역시 금정구 구서동 164-22,1,,,,,,,,
웅이네식당,부산광역시 금정구 구서동 164-22,2,,,,,,,,
웅이네식당,부산광역시 금정구 구서동 164-22,3,,,,,,,,
웅이네식당,부산광역시 금정구 구서동 164-22,4,,,,,,,,
웅이네식당,부산광역시 금정구 구서동 164-22,5,,,,,,,,
웅이네식당,부산광역시 금정구 구서동 164-22,6,,,,,,,,
금샘횟집,부산광역시 금정구 구서동 164-28,0,12:00,0:00,,,,,,
금샘횟집,부산광역시 금정구 구서동 164-28,1,12:00,0:00,,,,,,
금샘횟집,부산광역시 금정구 구서동 164-28,2,12:00,0:00,,,,,,
금샘횟집,부산광역시 금정구 구서동 164-28,3,12:00,0:00,,,,,,
금샘횟집,부산광역시 금정구 구서동 164-28,4,12:00,0:00,,,,,,
금샘횟집,부산광역시 금정구 구서동 164-28,5,12:00,0:00,,,,,,
금샘횟집,부산광역시 금정구 구서동 164-28,6,12:00,0:00,,,,,,
비긴어게인,부산광역시 금정구 구서동 164-29,0,,,,,,,,
비긴어게인,부산광역시 금정구 구서동 164-29,1,,,,,,,,
비긴어게인,부산광역시 금정구 구서동 164-29,2,,,,,,,,
비긴어게인,부산광역시 금정구 구서동 164-29,3,,,,,,,,
비긴어게인,부산광역시 금정구 구서동 164-29,4,,,,,,,,
비긴어게인,부산광역시 금정구 구서동 164-29,5,,,,,,,,
비긴어게인,부산광역시 금정구 구서동 164-29,6,,,,,,,,
다미중국관,부산광역시 금정구 구서동 166-12,0,10:30,20:30,,,,,,
다미중국관,부산광역시 금정구 구서동 166-12,1,,,,,,TRUE,,
다미중국관,부산광역시 금정구 구서동 166-12,2,10:30,20:30,,,,,,
다미중국관,부산광역시 금정구 구서동 166-12,3,10:30,20:30,,,,,,
다미중국관,부산광역시 금정구 구서동 166-12,4,10:30,20:30,,,,,,
다미중국관,부산광역시 금정구 구서동 166-12,5,10:30,20:30,,,,,,
다미중국관,부산광역시 금정구 구서동 166-12,6,10:30,20:30,,,,,,
후라이드참잘하는집,부산광역시 금정구 구서동 166-17,0,,,,,,,,
후라이드참잘하는집,부산광역시 금정구 구서동 166-17,1,,,,,,,,
후라이드참잘하는집,부산광역시 금정구 구서동 166-17,2,,,,,,,,
후라이드참잘하는집,부산광역시 금정구 구서동 166-17,3,,,,,,,,
후라이드참잘하는집,부산광역시 금정구 구서동 166-17,4,,,,,,,,
후라이드참잘하는집,부산광역시 금정구 구서동 166-17,5,,,,,,,,
후라이드참잘하는집,부산광역시 금정구 구서동 166-17,6,,,,,,,,
가마치 두실점,부산광역시 금정구 구서동 167-33,0,,,,,,,,
가마치 두실점,부산광역시 금정구 구서동 167-33,1,,,,,,,,
가마치 두실점,부산광역시 금정구 구서동 167-33,2,,,,,,,,
가마치 두실점,부산광역시 금정구 구서동 167-33,3,,,,,,,,
가마치 두실점,부산광역시 금정구 구서동 167-33,4,,,,,,,,
가마치 두실점,부산광역시 금정구 구서동 167-33,5,,,,,,,,
가마치 두실점,부산광역시 금정구 구서동 167-33,6,,,,,,,,
수중어초횟집,부산광역시 금정구 구서동 174-2,0,,,,,,TRUE,,
수중어초횟집,부산광역시 금정구 구서동 174-2,1,17:00,21:00,,,,,,
수중어초횟집,부산광역시 금정구 구서동 174-2,2,17:00,21:00,,,,,,
수중어초횟집,부산광역시 금정구 구서동 174-2,3,17:00,21:00,,,,,,
수중어초횟집,부산광역시 금정구 구서동 174-2,4,17:00,21:00,,,,,,
수중어초횟집,부산광역시 금정구 구서동 174-2,5,17:00,21:00,,,,,,
수중어초횟집,부산광역시 금정구 구서동 174-2,6,17:00,21:00,,,,,,
금정수산,부산광역시 금정구 구서동 175-13,0,,,,,,,,
금정수산,부산광역시 금정구 구서동 175-13,1,,,,,,,,
금정수산,부산광역시 금정구 구서동 175-13,2,,,,,,,,
금정수산,부산광역시 금정구 구서동 175-13,3,,,,,,,,
금정수산,부산광역시 금정구 구서동 175-13,4,,,,,,,,
금정수산,부산광역시 금정구 구서동 175-13,5,,,,,,,,
금정수산,부산광역시 금정구 구서동 175-13,6,,,,,,,,
밀양돼지국밥,부산광역시 금정구 구서동 175-13,0,9:30,21:30,,,,,,
밀양돼지국밥,부산광역시 금정구 구서동 175-13,1,9:30,21:30,,,,,,
밀양돼지국밥,부산광역시 금정구 구서동 175-13,2,9:30,21:30,,,,,,
밀양돼지국밥,부산광역시 금정구 구서동 175-13,3,9:30,21:30,,,,,,
밀양돼지국밥,부산광역시 금정구 구서동 175-13,4,9:30,21:30,,,,,,
밀양돼지국밥,부산광역시 금정구 구서동 175-13,5,9:30,21:30,,,,,,
밀양돼지국밥,부산광역시 금정구 구서동 175-13,6,9:30,21:30,,,,,,
통뼈감자탕,부산광역시 금정구 구서동 175-23,0,,,,,,,,
통뼈감자탕,부산광역시 금정구 구서동 175-23,1,,,,,,,,
통뼈감자탕,부산광역시 금정구 구서동 175-23,2,,,,,,,,
통뼈감자탕,부산광역시 금정구 구서동 175-23,3,,,,,,,,
통뼈감자탕,부산광역시 금정구 구서동 175-23,4,,,,,,,,
통뼈감자탕,부산광역시 금정구 구서동 175-23,5,,,,,,,,
통뼈감자탕,부산광역시 금정구 구서동 175-23,6,,,,,,,,
형과아우누룽지삼계탕,부산광역시 금정구 구서동 177-1,0,10:00,22:00,,,,,,
형과아우누룽지삼계탕,부산광역시 금정구 구서동 177-1,1,10:00,22:00,,,,,,
형과아우누룽지삼계탕,부산광역시 금정구 구서동 177-1,2,10:00,22:00,,,,,,
형과아우누룽지삼계탕,부산광역시 금정구 구서동 177-1,3,10:00,22:00,,,,,,
형과아우누룽지삼계탕,부산광역시 금정구 구서동 177-1,4,10:00,22:00,,,,,,
형과아우누룽지삼계탕,부산광역시 금정구 구서동 177-1,5,10:00,22:00,,,,,,
형과아우누룽지삼계탕,부산광역시 금정구 구서동 177-1,6,10:00,22:00,,,,,,
장금이한식뷔페,부산광역시 금정구 구서동 177-25,0,,,,,,,,
장금이한식뷔페,부산광역시 금정구 구서동 177-25,1,,,,,,,,
장금이한식뷔페,부산광역시 금정구 구서동 177-25,2,,,,,,,,
장금이한식뷔페,부산광역시 금정구 구서동 177-25,3,,,,,,,,
장금이한식뷔페,부산광역시 금정구 구서동 177-25,4,,,,,,,,
장금이한식뷔페,부산광역시 금정구 구서동 177-25,5,,,,,,,,
장금이한식뷔페,부산광역시 금정구 구서동 177-25,6,,,,,,,,
제일아구찜,부산광역시 금정구 구서동 177-29,0,,,,,,,,
제일아구찜,부산광역시 금정구 구서동 177-29,1,,,,,,,,
제일아구찜,부산광역시 금정구 구서동 177-29,2,,,,,,,,
제일아구찜,부산광역시 금정구 구서동 177-29,3,,,,,,,,
제일아구찜,부산광역시 금정구 구서동 177-29,4,,,,,,,,
제일아구찜,부산광역시 금정구 구서동 177-29,5,,,,,,,,
제일아구찜,부산광역시 금정구 구서동 177-29,6,,,,,,,,
부산함바식당,부산광역시 금정구 구서동 177-7,0,,,,,,,,
부산함바식당,부산광역시 금정구 구서동 177-7,1,,,,,,,,
부산함바식당,부산광역시 금정구 구서동 177-7,2,,,,,,,,
부산함바식당,부산광역시 금정구 구서동 177-7,3,,,,,,,,
부산함바식당,부산광역시 금정구 구서동 177-7,4,,,,,,,,
부산함바식당,부산광역시 금정구 구서동 177-7,5,,,,,,,,
부산함바식당,부산광역시 금정구 구서동 177-7,6,,,,,,,,
진주추어탕,부산광역시 금정구 구서동 178-22,0,,,,,,TRUE,,
진주추어탕,부산광역시 금정구 구서동 178-22,1,11:00,20:00,,,,,,
진주추어탕,부산광역시 금정구 구서동 178-22,2,11:00,20:00,,,,,,
진주추어탕,부산광역시 금정구 구서동 178-22,3,11:00,20:00,,,,,,
진주추어탕,부산광역시 금정구 구서동 178-22,4,11:00,20:00,,,,,,
진주추어탕,부산광역시 금정구 구서동 178-22,5,11:00,20:00,,,,,,
진주추어탕,부산광역시 금정구 구서동 178-22,6,11:00,20:00,,,,,,
농심가식육식당,부산광역시 금정구 구서동 178-9,0,,,,,,TRUE,,
농심가식육식당,부산광역시 금정구 구서동 178-9,1,12:00,22:30,,,,,,
농심가식육식당,부산광역시 금정구 구서동 178-9,2,12:00,22:30,,,,,,
농심가식육식당,부산광역시 금정구 구서동 178-9,3,12:00,22:30,,,,,,
농심가식육식당,부산광역시 금정구 구서동 178-9,4,12:00,22:30,,,,,,
농심가식육식당,부산광역시 금정구 구서동 178-9,5,12:00,22:30,,,,,,
농심가식육식당,부산광역시 금정구 구서동 178-9,6,12:00,22:30,,,,,,
안채,부산광역시 금정구 구서동 182-29,0,,,,,,,,
안채,부산광역시 금정구 구서동 182-29,1,,,,,,,,
안채,부산광역시 금정구 구서동 182-29,2,,,,,,,,
안채,부산광역시 금정구 구서동 182-29,3,,,,,,,,
안채,부산광역시 금정구 구서동 182-29,4,,,,,,,,
안채,부산광역시 금정구 구서동 182-29,5,,,,,,,,
안채,부산광역시 금정구 구서동 182-29,6,,,,,,,,
고려돼지국밥,부산광역시 금정구 구서동 183-2,0,10:30,20:30,,,,,,
고려돼지국밥,부산광역시 금정구 구서동 183-2,1,10:30,20:30,,,,,,
고려돼지국밥,부산광역시 금정구 구서동 183-2,2,10:30,20:30,,,,,,
고려돼지국밥,부산광역시 금정구 구서동 183-2,3,10:30,20:30,,,,,,
고려돼지국밥,부산광역시 금정구 구서동 183-2,4,10:30,20:30,,,,,,
고려돼지국밥,부산광역시 금정구 구서동 183-2,5,10:30,20:30,,,,,,
고려돼지국밥,부산광역시 금정구 구서동 183-2,6,10:30,20:30,,,,,,
참소국밥비단비,부산광역시 금정구 구서동 184-15,0,,,,,,TRUE,,
참소국밥비단비,부산광역시 금정구 구서동 184-15,1,8:30,20:00,15:00,17:00,,,,
참소국밥비단비,부산광역시 금정구 구서동 184-15,2,8:30,20:00,15:00,17:00,,,,
참소국밥비단비,부산광역시 금정구 구서동 184-15,3,8:30,20:00,15:00,17:00,,,,
참소국밥비단비,부산광역시 금정구 구서동 184-15,4,8:30,20:00,15:00,17:00,,,,
참소국밥비단비,부산광역시 금정구 구서동 184-15,5,8:30,20:00,15:00,17:00,,,,
참소국밥비단비,부산광역시 금정구 구서동 184-15,6,8:30,20:00,15:00,17:00,,,,
굽네치킨구서점,부산광역시 금정구 구서동 184-23,0,,,,,,,,
굽네치킨구서점,부산광역시 금정구 구서동 184-23,1,,,,,,,,
굽네치킨구서점,부산광역시 금정구 구서동 184-23,2,,,,,,,,
굽네치킨구서점,부산광역시 금정구 구서동 184-23,3,,,,,,,,
굽네치킨구서점,부산광역시 금정구 구서동 184-23,4,,,,,,,,
굽네치킨구서점,부산광역시 금정구 구서동 184-23,5,,,,,,,,
굽네치킨구서점,부산광역시 금정구 구서동 184-23,6,,,,,,,,
달리는피자아저씨,부산광역시 금정구 구서동 184-29,0,,,,,,,,
달리는피자아저씨,부산광역시 금정구 구서동 184-29,1,,,,,,,,
달리는피자아저씨,부산광역시 금정구 구서동 184-29,2,,,,,,,,
달리는피자아저씨,부산광역시 금정구 구서동 184-29,3,,,,,,,,
달리는피자아저씨,부산광역시 금정구 구서동 184-29,4,,,,,,,,
달리는피자아저씨,부산광역시 금정구 구서동 184-29,5,,,,,,,,
달리는피자아저씨,부산광역시 금정구 구서동 184-29,6,,,,,,,,
도담,부산광역시 금정구 구서동 185-1,0,,,,,,,,
도담,부산광역시 금정구 구서동 185-1,1,,,,,,,,
도담,부산광역시 금정구 구서동 185-1,2,,,,,,,,
도담,부산광역시 금정구 구서동 185-1,3,,,,,,,,
도담,부산광역시 금정구 구서동 185-1,4,,,,,,,,
도담,부산광역시 금정구 구서동 185-1,5,,,,,,,,
도담,부산광역시 금정구 구서동 185-1,6,,,,,,,,
문스,부산광역시 금정구 구서동 185-1,0,9:50,17:00,,,,,,
문스,부산광역시 금정구 구서동 185-1,1,8:30,20:30,,,,,,
문스,부산광역시 금정구 구서동 185-1,2,8:30,20:30,,,,,,
문스,부산광역시 금정구 구서동 185-1,3,8:30,20:30,,,,,,
문스,부산광역시 금정구 구서동 185-1,4,8:30,20:30,,,,,,
문스,부산광역시 금정구 구서동 185-1,5,8:30,20:30,,,,,,
문스,부산광역시 금정구 구서동 185-1,6,9:50,17:00,,,,,,
맛나감자탕 구서점,부산광역시 금정구 구서동 192-1,0,,,,,,,,
맛나감자탕 구서점,부산광역시 금정구 구서동 192-1,1,,,,,,,,
맛나감자탕 구서점,부산광역시 금정구 구서동 192-1,2,,,,,,,,
맛나감자탕 구서점,부산광역시 금정구 구서동 192-1,3,,,,,,,,
맛나감자탕 구서점,부산광역시 금정구 구서동 192-1,4,,,,,,,,
맛나감자탕 구서점,부산광역시 금정구 구서동 192-1,5,,,,,,,,
맛나감자탕 구서점,부산광역시 금정구 구서동 192-1,6,,,,,,,,
대박삼겹김치찜,부산광역시 금정구 구서동 192-23,0,,,,,,,,
대박삼겹김치찜,부산광역시 금정구 구서동 192-23,1,,,,,,,,
대박삼겹김치찜,부산광역시 금정구 구서동 192-23,2,,,,,,,,
대박삼겹김치찜,부산광역시 금정구 구서동 192-23,3,,,,,,,,
대박삼겹김치찜,부산광역시 금정구 구서동 192-23,4,,,,,,,,
대박삼겹김치찜,부산광역시 금정구 구서동 192-23,5,,,,,,,,
대박삼겹김치찜,부산광역시 금정구 구서동 192-23,6,,,,,,,,
자하키친,부산광역시 금정구 구서동 192-5,0,11:00,22:00,,,,,,
자하키친,부산광역시 금정구 구서동 192-5,1,11:00,22:00,,,,,,
자하키친,부산광역시 금정구 구서동 192-5,2,11:00,22:00,,,,,,
자하키친,부산광역시 금정구 구서동 192-5,3,11:00,22:00,,,,,,
자하키친,부산광역시 금정구 구서동 192-5,4,11:00,22:00,,,,,,
자하키친,부산광역시 금정구 구서동 192-5,5,11:00,22:00,,,,,,
자하키친,부산광역시 금정구 구서동 192-5,6,11:00,22:00,,,,,,
열두달키친,부산광역시 금정구 구서동 192-50,0,,,,,,,,
열두달키친,부산광역시 금정구 구서동 192-50,1,,,,,,,,
열두달키친,부산광역시 금정구 구서동 192-50,2,,,,,,,,
열두달키친,부산광역시 금정구 구서동 192-50,3,,,,,,,,
열두달키친,부산광역시 금정구 구서동 192-50,4,,,,,,,,
열두달키친,부산광역시 금정구 구서동 192-50,5,,,,,,,,
열두달키친,부산광역시 금정구 구서동 192-50,6,,,,,,,,
비비큐치킨 구서점,부산광역시 금정구 구서동 192-59,0,,,,,,,,
비비큐치킨 구서점,부산광역시 금정구 구서동 192-59,1,,,,,,,,
비비큐치킨 구서점,부산광역시 금정구 구서동 192-59,2,,,,,,,,
비비큐치킨 구서점,부산광역시 금정구 구서동 192-59,3,,,,,,,,
비비큐치킨 구서점,부산광역시 금정구 구서동 192-59,4,,,,,,,,
비비큐치킨 구서점,부산광역시 금정구 구서동 192-59,5,,,,,,,,
비비큐치킨 구서점,부산광역시 금정구 구서동 192-59,6,,,,,,,,
국일관,부산광역시 금정구 구서동 192-7,0,11:30,20:30,,,,,,
국일관,부산광역시 금정구 구서동 192-7,1,,,,,,TRUE,,
국일관,부산광역시 금정구 구서동 192-7,2,11:30,20:30,,,,,,
국일관,부산광역시 금정구 구서동 192-7,3,11:30,20:30,,,,,,
국일관,부산광역시 금정구 구서동 192-7,4,11:30,20:30,,,,,,
국일관,부산광역시 금정구 구서동 192-7,5,11:30,20:30,,,,,,
국일관,부산광역시 금정구 구서동 192-7,6,11:30,20:30,,,,,,
시골식당,부산광역시 금정구 구서동 194-3,0,,,,,,,,
시골식당,부산광역시 금정구 구서동 194-3,1,,,,,,,,
시골식당,부산광역시 금정구 구서동 194-3,2,,,,,,,,
시골식당,부산광역시 금정구 구서동 194-3,3,,,,,,,,
시골식당,부산광역시 금정구 구서동 194-3,4,,,,,,,,
시골식당,부산광역시 금정구 구서동 194-3,5,,,,,,,,
시골식당,부산광역시 금정구 구서동 194-3,6,,,,,,,,
온푸드,부산광역시 금정구 구서동 198-14,0,,,,,,,,
온푸드,부산광역시 금정구 구서동 198-14,1,,,,,,,,
온푸드,부산광역시 금정구 구서동 198-14,2,,,,,,,,
온푸드,부산광역시 금정구 구서동 198-14,3,,,,,,,,
온푸드,부산광역시 금정구 구서동 198-14,4,,,,,,,,
온푸드,부산광역시 금정구 구서동 198-14,5,,,,,,,,
온푸드,부산광역시 금정구 구서동 198-14,6,,,,,,,,
자담치킨&호프,부산광역시 금정구 구서동 201-40,0,,,,,,,,
자담치킨&호프,부산광역시 금정구 구서동 201-40,1,,,,,,,,
자담치킨&호프,부산광역시 금정구 구서동 201-40,2,,,,,,,,
자담치킨&호프,부산광역시 금정구 구서동 201-40,3,,,,,,,,
자담치킨&호프,부산광역시 금정구 구서동 201-40,4,,,,,,,,
자담치킨&호프,부산광역시 금정구 구서동 201-40,5,,,,,,,,
자담치킨&호프,부산광역시 금정구 구서동 201-40,6,,,,,,,,
지코바치킨,부산광역시 금정구 구서동 203-2,0,,,,,,,,
지코바치킨,부산광역시 금정구 구서동 203-2,1,,,,,,,,
지코바치킨,부산광역시 금정구 구서동 203-2,2,,,,,,,,
지코바치킨,부산광역시 금정구 구서동 203-2,3,,,,,,,,
지코바치킨,부산광역시 금정구 구서동 203-2,4,,,,,,,,
지코바치킨,부산광역시 금정구 구서동 203-2,5,,,,,,,,
지코바치킨,부산광역시 금정구 구서동 203-2,6,,,,,,,,
성덕수산,부산광역시 금정구 구서동 203-42,0,10:30,20:00,,,,,,
성덕수산,부산광역시 금정구 구서동 203-42,1,10:30,20:00,,,,,,
성덕수산,부산광역시 금정구 구서동 203-42,2,10:30,20:00,,,,,,
성덕수산,부산광역시 금정구 구서동 203-42,3,10:30,20:00,,,,,,
성덕수산,부산광역시 금정구 구서동 203-42,4,10:30,20:00,,,,,,
성덕수산,부산광역시 금정구 구서동 203-42,5,10:30,20:00,,,,,,
성덕수산,부산광역시 금정구 구서동 203-42,6,10:30,20:00,,,,,,
스파빈,부산광역시 금정구 구서동 203-5,0,,,,,,,,
스파빈,부산광역시 금정구 구서동 203-5,1,,,,,,,,
스파빈,부산광역시 금정구 구서동 203-5,2,,,,,,,,
스파빈,부산광역시 금정구 구서동 203-5,3,,,,,,,,
스파빈,부산광역시 금정구 구서동 203-5,4,,,,,,,,
스파빈,부산광역시 금정구 구서동 203-5,5,,,,,,,,
스파빈,부산광역시 금정구 구서동 203-5,6,,,,,,,,
꾸바꾸바 남산점,부산광역시 금정구 구서동 213-1,0,,,,,,,,
꾸바꾸바 남산점,부산광역시 금정구 구서동 213-1,1,,,,,,,,
꾸바꾸바 남산점,부산광역시 금정구 구서동 213-1,2,,,,,,,,
꾸바꾸바 남산점,부산광역시 금정구 구서동 213-1,3,,,,,,,,
꾸바꾸바 남산점,부산광역시 금정구 구서동 213-1,4,,,,,,,,
꾸바꾸바 남산점,부산광역시 금정구 구서동 213-1,5,,,,,,,,
꾸바꾸바 남산점,부산광역시 금정구 구서동 213-1,6,,,,,,,,
최가네충무김밥칼국수,부산광역시 금정구 구서동 231-2,0,,,,,,,,
최가네충무김밥칼국수,부산광역시 금정구 구서동 231-2,1,,,,,,,,
최가네충무김밥칼국수,부산광역시 금정구 구서동 231-2,2,,,,,,,,
최가네충무김밥칼국수,부산광역시 금정구 구서동 231-2,3,,,,,,,,
최가네충무김밥칼국수,부산광역시 금정구 구서동 231-2,4,,,,,,,,
최가네충무김밥칼국수,부산광역시 금정구 구서동 231-2,5,,,,,,,,
최가네충무김밥칼국수,부산광역시 금정구 구서동 231-2,6,,,,,,,,
구세리1990,부산광역시 금정구 구서동 246-17,0,11:00,21:30,15:30,17:00,20:00,,,
구세리1990,부산광역시 금정구 구서동 246-17,1,11:00,21:30,15:30,17:00,20:00,,,
구세리1990,부산광역시 금정구 구서동 246-17,2,11:00,21:30,15:30,17:00,20:00,,,
구세리1990,부산광역시 금정구 구서동 246-17,3,11:00,21:30,15:30,17:00,20:00,,,
구세리1990,부산광역시 금정구 구서동 246-17,4,11:00,21:30,15:30,17:00,20:00,,,
구세리1990,부산광역시 금정구 구서동 246-17,5,11:00,21:30,15:30,17:00,20:00,,,
구세리1990,부산광역시 금정구 구서동 246-17,6,11:00,21:30,15:30,17:00,20:00,,,
월매아구찜,부산광역시 금정구 구서동 246-3,0,9:30,22:55,,,,,,
월매아구찜,부산광역시 금정구 구서동 246-3,1,9:30,22:55,,,,,,
월매아구찜,부산광역시 금정구 구서동 246-3,2,9:30,22:55,,,,,,
월매아구찜,부산광역시 금정구 구서동 246-3,3,9:30,22:55,,,,,,
월매아구찜,부산광역시 금정구 구서동 246-3,4,9:30,22:55,,,,,,
월매아구찜,부산광역시 금정구 구서동 246-3,5,9:30,22:55,,,,,,
월매아구찜,부산광역시 금정구 구서동 246-3,6,9:30,22:55,,,,,,
산들보리밥,부산광역시 금정구 구서동 246-33,0,11:00,16:00,,,,,,
산들보리밥,부산광역시 금정구 구서동 246-33,1,11:00,16:00,,,,,,
산들보리밥,부산광역시 금정구 구서동 246-33,2,11:00,16:00,,,,,,
산들보리밥,부산광역시 금정구 구서동 246-33,3,11:00,16:00,,,,,,
산들보리밥,부산광역시 금정구 구서동 246-33,4,11:00,16:00,,,,,,
산들보리밥,부산광역시 금정구 구서동 246-33,5,11:00,16:00,,,,,,
산들보리밥,부산광역시 금정구 구서동 246-33,6,11:00,16:00,,,,,,
생고기가맛있는그집,부산광역시 금정구 구서동 248-22,0,,,,,,TRUE,,
생고기가맛있는그집,부산광역시 금정구 구서동 248-22,1,16:00,23:00,,,,,,
생고기가맛있는그집,부산광역시 금정구 구서동 248-22,2,16:00,23:00,,,,,,
생고기가맛있는그집,부산광역시 금정구 구서동 248-22,3,16:00,23:00,,,,,,
생고기가맛있는그집,부산광역시 금정구 구서동 248-22,4,16:00,23:00,,,,,,
생고기가맛있는그집,부산광역시 금정구 구서동 248-22,5,16:00,23:00,,,,,,
생고기가맛있는그집,부산광역시 금정구 구서동 248-22,6,16:00,23:00,,,,,,
봉계숯불구이,부산광역시 금정구 구서동 248-3,0,,,,,,,,
봉계숯불구이,부산광역시 금정구 구서동 248-3,1,,,,,,,,
봉계숯불구이,부산광역시 금정구 구서동 248-3,2,,,,,,,,
봉계숯불구이,부산광역시 금정구 구서동 248-3,3,,,,,,,,
봉계숯불구이,부산광역시 금정구 구서동 248-3,4,,,,,,,,
봉계숯불구이,부산광역시 금정구 구서동 248-3,5,,,,,,,,
봉계숯불구이,부산광역시 금정구 구서동 248-3,6,,,,,,,,
에바돈가츠 구서점,부산광역시 금정구 구서동 251-24,0,12:00,20:30,,,,,,
에바돈가츠 구서점,부산광역시 금정구 구서동 251-24,1,12:00,20:30,,,,,,
에바돈가츠 구서점,부산광역시 금정구 구서동 251-24,2,,,,,,TRUE,,
에바돈가츠 구서점,부산광역시 금정구 구서동 251-24,3,12:00,20:30,,,,,,
에바돈가츠 구서점,부산광역시 금정구 구서동 251-24,4,12:00,20:30,,,,,,
에바돈가츠 구서점,부산광역시 금정구 구서동 251-24,5,12:00,20:30,,,,,,
에바돈가츠 구서점,부산광역시 금정구 구서동 251-24,6,12:00,20:30,,,,,,
루이안,부산광역시 금정구 구서동 252-13,0,11:30,22:00,15:00,17:00,20:30,,,
루이안,부산광역시 금정구 구서동 252-13,1,11:30,22:00,15:00,17:00,20:30,,,
루이안,부산광역시 금정구 구서동 252-13,2,11:30,22:00,15:00,17:00,20:30,,,
루이안,부산광역시 금정구 구서동 252-13,3,11:30,22:00,15:00,17:00,20:30,,,
루이안,부산광역시 금정구 구서동 252-13,4,11:30,22:00,15:00,17:00,20:30,,,
루이안,부산광역시 금정구 구서동 252-13,5,11:30,22:00,15:00,17:00,20:30,,,
루이안,부산광역시 금정구 구서동 252-13,6,11:30,22:00,15:00,17:00,20:30,,,
맘스터치 구서역점,부산광역시 금정구 구서동 252-15,0,,,,,,,,
맘스터치 구서역점,부산광역시 금정구 구서동 252-15,1,,,,,,,,
맘스터치 구서역점,부산광역시 금정구 구서동 252-15,2,,,,,,,,
맘스터치 구서역점,부산광역시 금정구 구서동 252-15,3,,,,,,,,
맘스터치 구서역점,부산광역시 금정구 구서동 252-15,4,,,,,,,,
맘스터치 구서역점,부산광역시 금정구 구서동 252-15,5,,,,,,,,
맘스터치 구서역점,부산광역시 금정구 구서동 252-15,6,,,,,,,,
빙동댕 부산구서점,부산광역시 금정구 구서동 252-16,0,,,,,,,,
빙동댕 부산구서점,부산광역시 금정구 구서동 252-16,1,,,,,,,,
빙동댕 부산구서점,부산광역시 금정구 구서동 252-16,2,,,,,,,,
빙동댕 부산구서점,부산광역시 금정구 구서동 252-16,3,,,,,,,,
빙동댕 부산구서점,부산광역시 금정구 구서동 252-16,4,,,,,,,,
빙동댕 부산구서점,부산광역시 금정구 구서동 252-16,5,,,,,,,,
빙동댕 부산구서점,부산광역시 금정구 구서동 252-16,6,,,,,,,,
비비큐구서역점,부산광역시 금정구 구서동 252-17,0,,,,,,,,
비비큐구서역점,부산광역시 금정구 구서동 252-17,1,,,,,,,,
비비큐구서역점,부산광역시 금정구 구서동 252-17,2,,,,,,,,
비비큐구서역점,부산광역시 금정구 구서동 252-17,3,,,,,,,,
비비큐구서역점,부산광역시 금정구 구서동 252-17,4,,,,,,,,
비비큐구서역점,부산광역시 금정구 구서동 252-17,5,,,,,,,,
비비큐구서역점,부산광역시 금정구 구서동 252-17,6,,,,,,,,
황금오리,부산광역시 금정구 구서동 252-18,0,11:00,22:00,,,,,,
황금오리,부산광역시 금정구 구서동 252-18,1,11:00,22:00,,,,,,
황금오리,부산광역시 금정구 구서동 252-18,2,11:00,22:00,,,,,,
황금오리,부산광역시 금정구 구서동 252-18,3,11:00,22:00,,,,,,
황금오리,부산광역시 금정구 구서동 252-18,4,11:00,22:00,,,,,,
황금오리,부산광역시 금정구 구서동 252-18,5,11:00,22:00,,,,,,
황금오리,부산광역시 금정구 구서동 252-18,6,11:00,22:00,,,,,,
도야족발보쌈 구서직영점,부산광역시 금정구 구서동 252-33,0,,,,,,,,
도야족발보쌈 구서직영점,부산광역시 금정구 구서동 252-33,1,,,,,,,,
도야족발보쌈 구서직영점,부산광역시 금정구 구서동 252-33,2,,,,,,,,
도야족발보쌈 구서직영점,부산광역시 금정구 구서동 252-33,3,,,,,,,,
도야족발보쌈 구서직영점,부산광역시 금정구 구서동 252-33,4,,,,,,,,
도야족발보쌈 구서직영점,부산광역시 금정구 구서동 252-33,5,,,,,,,,
도야족발보쌈 구서직영점,부산광역시 금정구 구서동 252-33,6,,,,,,,,
홍콩반점0410 부산구서역점,부산광역시 금정구 구서동 252-8,0,,,,,,,,
홍콩반점0410 부산구서역점,부산광역시 금정구 구서동 252-8,1,,,,,,,,
홍콩반점0410 부산구서역점,부산광역시 금정구 구서동 252-8,2,,,,,,,,
홍콩반점0410 부산구서역점,부산광역시 금정구 구서동 252-8,3,,,,,,,,
홍콩반점0410 부산구서역점,부산광역시 금정구 구서동 252-8,4,,,,,,,,
홍콩반점0410 부산구서역점,부산광역시 금정구 구서동 252-8,5,,,,,,,,
홍콩반점0410 부산구서역점,부산광역시 금정구 구서동 252-8,6,,,,,,,,
김치찌개와돈까스,부산광역시 금정구 구서동 258-12,0,,,,,,,,
김치찌개와돈까스,부산광역시 금정구 구서동 258-12,1,,,,,,,,
김치찌개와돈까스,부산광역시 금정구 구서동 258-12,2,,,,,,,,
김치찌개와돈까스,부산광역시 금정구 구서동 258-12,3,,,,,,,,
김치찌개와돈까스,부산광역시 금정구 구서동 258-12,4,,,,,,,,
김치찌개와돈까스,부산광역시 금정구 구서동 258-12,5,,,,,,,,
김치찌개와돈까스,부산광역시 금정구 구서동 258-12,6,,,,,,,,
통한마리족발,부산광역시 금정구 구서동 258-12,0,,,,,,,,
통한마리족발,부산광역시 금정구 구서동 258-12,1,,,,,,,,
통한마리족발,부산광역시 금정구 구서동 258-12,2,,,,,,,,
통한마리족발,부산광역시 금정구 구서동 258-12,3,,,,,,,,
통한마리족발,부산광역시 금정구 구서동 258-12,4,,,,,,,,
통한마리족발,부산광역시 금정구 구서동 258-12,5,,,,,,,,
통한마리족발,부산광역시 금정구 구서동 258-12,6,,,,,,,,
연심,부산광역시 금정구 구서동 258-15,0,12:00,23:00,,,,,,
연심,부산광역시 금정구 구서동 258-15,1,,,,,,TRUE,,
연심,부산광역시 금정구 구서동 258-15,2,17:00,23:00,,,,,,
연심,부산광역시 금정구 구서동 258-15,3,17:00,23:00,,,,,,
연심,부산광역시 금정구 구서동 258-15,4,17:00,23:00,,,,,,
연심,부산광역시 금정구 구서동 258-15,5,17:00,23:00,,,,,,
연심,부산광역시 금정구 구서동 258-15,6,12:00,23:00,,,,,,
이야기,부산광역시 금정구 구서동 258-20,0,,,,,,,,
이야기,부산광역시 금정구 구서동 258-20,1,,,,,,,,
이야기,부산광역시 금정구 구서동 258-20,2,,,,,,,,
이야기,부산광역시 금정구 구서동 258-20,3,,,,,,,,
이야기,부산광역시 금정구 구서동 258-20,4,,,,,,,,
이야기,부산광역시 금정구 구서동 258-20,5,,,,,,,,
이야기,부산광역시 금정구 구서동 258-20,6,,,,,,,,
청년쉐프들,부산광역시 금정구 구서동 258-21,0,,,,,,,,
청년쉐프들,부산광역시 금정구 구서동 258-21,1,,,,,,,,
청년쉐프들,부산광역시 금정구 구서동 258-21,2,,,,,,,,
청년쉐프들,부산광역시 금정구 구서동 258-21,3,,,,,,,,
청년쉐프들,부산광역시 금정구 구서동 258-21,4,,,,,,,,
청년쉐프들,부산광역시 금정구 구서동 258-21,5,,,,,,,,
청년쉐프들,부산광역시 금정구 구서동 258-21,6,,,,,,,,
열정국밥,부산광역시 금정구 구서동 258-5,0,,,,,,,,
열정국밥,부산광역시 금정구 구서동 258-5,1,,,,,,,,
열정국밥,부산광역시 금정구 구서동 258-5,2,,,,,,,,
열정국밥,부산광역시 금정구 구서동 258-5,3,,,,,,,,
열정국밥,부산광역시 금정구 구서동 258-5,4,,,,,,,,
열정국밥,부산광역시 금정구 구서동 258-5,5,,,,,,,,
열정국밥,부산광역시 금정구 구서동 258-5,6,,,,,,,,
전원숯불구서점,부산광역시 금정구 구서동 260-14,0,11:00,21:30,,,20:30,,,
전원숯불구서점,부산광역시 금정구 구서동 260-14,1,11:00,21:30,,,20:30,,,
전원숯불구서점,부산광역시 금정구 구서동 260-14,2,11:00,21:30,,,20:30,,,
전원숯불구서점,부산광역시 금정구 구서동 260-14,3,11:00,21:30,,,20:30,,,
전원숯불구서점,부산광역시 금정구 구서동 260-14,4,11:00,21:30,,,20:30,,,
전원숯불구서점,부산광역시 금정구 구서동 260-14,5,11:00,21:30,,,20:30,,,
전원숯불구서점,부산광역시 금정구 구서동 260-14,6,11:00,21:30,,,20:30,,,
언양식육식당,부산광역시 금정구 구서동 266-16,0,,,,,,,,
언양식육식당,부산광역시 금정구 구서동 266-16,1,,,,,,,,
언양식육식당,부산광역시 금정구 구서동 266-16,2,,,,,,,,
언양식육식당,부산광역시 금정구 구서동 266-16,3,,,,,,,,
언양식육식당,부산광역시 금정구 구서동 266-16,4,,,,,,,,
언양식육식당,부산광역시 금정구 구서동 266-16,5,,,,,,,,
언양식육식당,부산광역시 금정구 구서동 266-16,6,,,,,,,,
뉴욕버거 부산금정점,부산광역시 금정구 구서동 368,0,,,,,,,,
뉴욕버거 부산금정점,부산광역시 금정구 구서동 368,1,,,,,,,,
뉴욕버거 부산금정점,부산광역시 금정구 구서동 368,2,,,,,,,,
뉴욕버거 부산금정점,부산광역시 금정구 구서동 368,3,,,,,,,,
뉴욕버거 부산금정점,부산광역시 금정구 구서동 368,4,,,,,,,,
뉴욕버거 부산금정점,부산광역시 금정구 구서동 368,5,,,,,,,,
뉴욕버거 부산금정점,부산광역시 금정구 구서동 368,6,,,,,,,,
앤티앤스 금정점,부산광역시 금정구 구서동 368,0,,,,,,,,
앤티앤스 금정점,부산광역시 금정구 구서동 368,1,,,,,,,,
앤티앤스 금정점,부산광역시 금정구 구서동 368,2,,,,,,,,
앤티앤스 금정점,부산광역시 금정구 구서동 368,3,,,,,,,,
앤티앤스 금정점,부산광역시 금정구 구서동 368,4,,,,,,,,
앤티앤스 금정점,부산광역시 금정구 구서동 368,5,,,,,,,,
앤티앤스 금정점,부산광역시 금정구 구서동 368,6,,,,,,,,
풍천황금장어 구서점,부산광역시 금정구 구서동 376-9,0,11:00,21:00,,,20:00,,,
풍천황금장어 구서점,부산광역시 금정구 구서동 376-9,1,,,,,,TRUE,,
풍천황금장어 구서점,부산광역시 금정구 구서동 376-9,2,11:00,21:00,,,20:00,,,
풍천황금장어 구서점,부산광역시 금정구 구서동 376-9,3,11:00,21:00,,,20:00,,,
풍천황금장어 구서점,부산광역시 금정구 구서동 376-9,4,11:00,21:00,,,20:00,,,
풍천황금장어 구서점,부산광역시 금정구 구서동 376-9,5,11:00,21:00,,,20:00,,,
풍천황금장어 구서점,부산광역시 금정구 구서동 376-9,6,11:00,21:00,,,20:00,,,
본죽앤비빔밥 구서쌍용예가점,부산광역시 금정구 구서동 409-26,0,,,,,,,,
본죽앤비빔밥 구서쌍용예가점,부산광역시 금정구 구서동 409-26,1,,,,,,,,
본죽앤비빔밥 구서쌍용예가점,부산광역시 금정구 구서동 409-26,2,,,,,,,,
본죽앤비빔밥 구서쌍용예가점,부산광역시 금정구 구서동 409-26,3,,,,,,,,
본죽앤비빔밥 구서쌍용예가점,부산광역시 금정구 구서동 409-26,4,,,,,,,,
본죽앤비빔밥 구서쌍용예가점,부산광역시 금정구 구서동 409-26,5,,,,,,,,
본죽앤비빔밥 구서쌍용예가점,부산광역시 금정구 구서동 409-26,6,,,,,,,,
국수나무,부산광역시 금정구 구서동 413-1,0,,,,,,TRUE,,
국수나무,부산광역시 금정구 구서동 413-1,1,10:30,20:30,,,,,,
국수나무,부산광역시 금정구 구서동 413-1,2,10:30,20:30,,,,,,
국수나무,부산광역시 금정구 구서동 413-1,3,10:30,20:30,,,,,,
국수나무,부산광역시 금정구 구서동 413-1,4,10:30,20:30,,,,,,
국수나무,부산광역시 금정구 구서동 413-1,5,10:30,20:30,,,,,,
국수나무,부산광역시 금정구 구서동 413-1,6,10:30,20:30,,,,,,
자이언트치킨호프,부산광역시 금정구 구서동 413-10,0,,,,,,TRUE,,
자이언트치킨호프,부산광역시 금정구 구서동 413-10,1,16:00,0:00,,,23:30,,,
자이언트치킨호프,부산광역시 금정구 구서동 413-10,2,16:00,0:00,,,23:30,,,
자이언트치킨호프,부산광역시 금정구 구서동 413-10,3,16:00,0:00,,,23:30,,,
자이언트치킨호프,부산광역시 금정구 구서동 413-10,4,16:00,0:00,,,23:30,,,
자이언트치킨호프,부산광역시 금정구 구서동 413-10,5,16:00,0:00,,,23:30,,,
자이언트치킨호프,부산광역시 금정구 구서동 413-10,6,16:00,0:00,,,23:30,,,
구서옛날삼겹살,부산광역시 금정구 구서동 413-11,0,11:00,1:00,,,,,,
구서옛날삼겹살,부산광역시 금정구 구서동 413-11,1,16:00,1:00,,,,,,
구서옛날삼겹살,부산광역시 금정구 구서동 413-11,2,16:00,1:00,,,,,,
구서옛날삼겹살,부산광역시 금정구 구서동 413-11,3,16:00,1:00,,,,,,
구서옛날삼겹살,부산광역시 금정구 구서동 413-11,4,16:00,1:00,,,,,,
구서옛날삼겹살,부산광역시 금정구 구서동 413-11,5,16:00,1:00,,,,,,
구서옛날삼겹살,부산광역시 금정구 구서동 413-11,6,11:00,1:00,,,,,,
노가,부산광역시 금정구 구서동 413-11,0,17:00,22:00,,,,,,
노가,부산광역시 금정구 구서동 413-11,1,17:00,22:00,,,,,,
노가,부산광역시 금정구 구서동 413-11,2,17:00,22:00,,,,,,
노가,부산광역시 금정구 구서동 413-11,3,17:00,22:00,,,,,,
노가,부산광역시 금정구 구서동 413-11,4,17:00,22:00,,,,,,
노가,부산광역시 금정구 구서동 413-11,5,17:00,22:00,,,,,,
노가,부산광역시 금정구 구서동 413-11,6,17:00,22:00,,,,,,
이웃집칼국수;노랑고래구서점,부산광역시 금정구 구서동 413-11,0,,,,,,TRUE,,
이웃집칼국수;노랑고래구서점,부산광역시 금정구 구서동 413-11,1,10:00,21:00,,,,,,
이웃집칼국수;노랑고래구서점,부산광역시 금정구 구서동 413-11,2,10:00,21:00,,,,,,
이웃집칼국수;노랑고래구서점,부산광역시 금정구 구서동 413-11,3,10:00,21:00,,,,,,
이웃집칼국수;노랑고래구서점,부산광역시 금정구 구서동 413-11,4,10:00,21:00,,,,,,
이웃집칼국수;노랑고래구서점,부산광역시 금정구 구서동 413-11,5,10:00,21:00,,,,,,
이웃집칼국수;노랑고래구서점,부산광역시 금정구 구서동 413-11,6,10:00,21:00,,,,,,
정성숯불두마리치킨 구서점,부산광역시 금정구 구서동 413-11,0,,,,,,,,
정성숯불두마리치킨 구서점,부산광역시 금정구 구서동 413-11,1,,,,,,,,
정성숯불두마리치킨 구서점,부산광역시 금정구 구서동 413-11,2,,,,,,,,
정성숯불두마리치킨 구서점,부산광역시 금정구 구서동 413-11,3,,,,,,,,
정성숯불두마리치킨 구서점,부산광역시 금정구 구서동 413-11,4,,,,,,,,
정성숯불두마리치킨 구서점,부산광역시 금정구 구서동 413-11,5,,,,,,,,
정성숯불두마리치킨 구서점,부산광역시 금정구 구서동 413-11,6,,,,,,,,
토라,부산광역시 금정구 구서동 413-11,0,11:30,15:30,,,,,,
토라,부산광역시 금정구 구서동 413-11,1,,,,,,TRUE,,
토라,부산광역시 금정구 구서동 413-11,2,11:30,21:00,,,,,,
토라,부산광역시 금정구 구서동 413-11,3,11:30,21:00,,,,,,
토라,부산광역시 금정구 구서동 413-11,4,11:30,21:00,,,,,,
토라,부산광역시 금정구 구서동 413-11,5,11:30,21:00,,,,,,
토라,부산광역시 금정구 구서동 413-11,6,11:30,21:00,,,,,,
도미노피자,부산광역시 금정구 구서동 413-19,0,,,,,,,,
도미노피자,부산광역시 금정구 구서동 413-19,1,,,,,,,,
도미노피자,부산광역시 금정구 구서동 413-19,2,,,,,,,,
도미노피자,부산광역시 금정구 구서동 413-19,3,,,,,,,,
도미노피자,부산광역시 금정구 구서동 413-19,4,,,,,,,,
도미노피자,부산광역시 금정구 구서동 413-19,5,,,,,,,,
도미노피자,부산광역시 금정구 구서동 413-19,6,,,,,,,,
정원막창 부산본점,부산광역시 금정구 구서동 413-19,0,16:00,0:00,,,23:00,,,
정원막창 부산본점,부산광역시 금정구 구서동 413-19,1,17:00,0:00,,,23:00,,,
정원막창 부산본점,부산광역시 금정구 구서동 413-19,2,17:00,0:00,,,23:00,,,
정원막창 부산본점,부산광역시 금정구 구서동 413-19,3,17:00,0:00,,,23:00,,,
정원막창 부산본점,부산광역시 금정구 구서동 413-19,4,17:00,0:00,,,23:00,,,
정원막창 부산본점,부산광역시 금정구 구서동 413-19,5,17:00,0:00,,,23:00,,,
정원막창 부산본점,부산광역시 금정구 구서동 413-19,6,16:00,0:00,,,23:00,,,
OK도매횟집,부산광역시 금정구 구서동 413-2,0,14:00,1:00,,,,,,
OK도매횟집,부산광역시 금정구 구서동 413-2,1,14:00,1:00,,,,,,
OK도매횟집,부산광역시 금정구 구서동 413-2,2,14:00,1:00,,,,,,
OK도매횟집,부산광역시 금정구 구서동 413-2,3,14:00,1:00,,,,,,
OK도매횟집,부산광역시 금정구 구서동 413-2,4,14:00,1:00,,,,,,
OK도매횟집,부산광역시 금정구 구서동 413-2,5,14:00,1:00,,,,,,
OK도매횟집,부산광역시 금정구 구서동 413-2,6,14:00,1:00,,,,,,
호맥 구서쌍용예가점,부산광역시 금정구 구서동 413-27,0,18:00,2:00,,,,,,
호맥 구서쌍용예가점,부산광역시 금정구 구서동 413-27,1,18:00,2:00,,,,,,
호맥 구서쌍용예가점,부산광역시 금정구 구서동 413-27,2,18:00,2:00,,,,,,
호맥 구서쌍용예가점,부산광역시 금정구 구서동 413-27,3,18:00,2:00,,,,,,
호맥 구서쌍용예가점,부산광역시 금정구 구서동 413-27,4,18:00,2:00,,,,,,
호맥 구서쌍용예가점,부산광역시 금정구 구서동 413-27,5,18:00,2:00,,,,,,
호맥 구서쌍용예가점,부산광역시 금정구 구서동 413-27,6,18:00,2:00,,,,,,
명수정,부산광역시 금정구 구서동 413-3,0,11:30,21:00,,,,,,
명수정,부산광역시 금정구 구서동 413-3,1,11:30,21:00,,,,,,
명수정,부산광역시 금정구 구서동 413-3,2,11:30,21:00,,,,,,
명수정,부산광역시 금정구 구서동 413-3,3,11:30,21:00,,,,,,
명수정,부산광역시 금정구 구서동 413-3,4,11:30,21:00,,,,,,
명수정,부산광역시 금정구 구서동 413-3,5,11:30,21:00,,,,,,
명수정,부산광역시 금정구 구서동 413-3,6,11:30,21:00,,,,,,
미담,부산광역시 금정구 구서동 413-48,0,16:00,23:00,,,,,,
미담,부산광역시 금정구 구서동 413-48,1,16:00,23:00,,,,,,
미담,부산광역시 금정구 구서동 413-48,2,16:00,23:00,,,,,,
미담,부산광역시 금정구 구서동 413-48,3,16:00,23:00,,,,,,
미담,부산광역시 금정구 구서동 413-48,4,16:00,23:00,,,,,,
미담,부산광역시 금정구 구서동 413-48,5,16:00,23:00,,,,,,
미담,부산광역시 금정구 구서동 413-48,6,16:00,23:00,,,,,,
일다,부산광역시 금정구 구서동 413-51,0,11:00,22:00,,,,,,
일다,부산광역시 금정구 구서동 413-51,1,11:00,22:00,,,,,,
일다,부산광역시 금정구 구서동 413-51,2,11:00,22:00,,,,,,
일다,부산광역시 금정구 구서동 413-51,3,11:00,22:00,,,,,,
일다,부산광역시 금정구 구서동 413-51,4,11:00,22:00,,,,,,
일다,부산광역시 금정구 구서동 413-51,5,11:00,22:00,,,,,,
일다,부산광역시 금정구 구서동 413-51,6,11:00,22:00,,,,,,
목구멍 구서동점,부산광역시 금정구 구서동 413-53,0,15:00,1:00,,,0:30,,,
목구멍 구서동점,부산광역시 금정구 구서동 413-53,1,,,,,,TRUE,,
목구멍 구서동점,부산광역시 금정구 구서동 413-53,2,15:00,1:00,,,0:30,,,
목구멍 구서동점,부산광역시 금정구 구서동 413-53,3,15:00,1:00,,,0:30,,,
목구멍 구서동점,부산광역시 금정구 구서동 413-53,4,15:00,1:00,,,0:30,,,
목구멍 구서동점,부산광역시 금정구 구서동 413-53,5,15:00,1:00,,,0:30,,,
목구멍 구서동점,부산광역시 금정구 구서동 413-53,6,15:00,1:00,,,0:30,,,
왓더버거 구서점,부산광역시 금정구 구서동 414-1,0,10:00,22:00,,,,,,
왓더버거 구서점,부산광역시 금정구 구서동 414-1,1,10:00,22:00,,,,,,
왓더버거 구서점,부산광역시 금정구 구서동 414-1,2,10:00,22:00,,,,,,
왓더버거 구서점,부산광역시 금정구 구서동 414-1,3,10:00,22:00,,,,,,
왓더버거 구서점,부산광역시 금정구 구서동 414-1,4,10:00,22:00,,,,,,
왓더버거 구서점,부산광역시 금정구 구서동 414-1,5,10:00,22:00,,,,,,
왓더버거 구서점,부산광역시 금정구 구서동 414-1,6,10:00,22:00,,,,,,
고려국밥,부산광역시 금정구 구서동 414-16,0,10:30,20:30,,,,,,
고려국밥,부산광역시 금정구 구서동 414-16,1,10:30,20:30,,,,,,
고려국밥,부산광역시 금정구 구서동 414-16,2,10:30,20:30,,,,,,
고려국밥,부산광역시 금정구 구서동 414-16,3,10:30,20:30,,,,,,
고려국밥,부산광역시 금정구 구서동 414-16,4,10:30,20:30,,,,,,
고려국밥,부산광역시 금정구 구서동 414-16,5,10:30,20:30,,,,,,
고려국밥,부산광역시 금정구 구서동 414-16,6,10:30,20:30,,,,,,
가든테이블,부산광역시 금정구 구서동 414-17,0,11:00,23:00,15:30,17:00,,,,
가든테이블,부산광역시 금정구 구서동 414-17,1,11:00,23:00,15:30,17:00,,,,
가든테이블,부산광역시 금정구 구서동 414-17,2,11:00,23:00,15:30,17:00,,,,
가든테이블,부산광역시 금정구 구서동 414-17,3,11:00,23:00,15:30,17:00,,,,
가든테이블,부산광역시 금정구 구서동 414-17,4,11:00,23:00,15:30,17:00,,,,
가든테이블,부산광역시 금정구 구서동 414-17,5,11:00,23:00,15:30,17:00,,,,
가든테이블,부산광역시 금정구 구서동 414-17,6,11:00,23:00,15:30,17:00,,,,
와인가든,부산광역시 금정구 구서동 414-17,0,11:00,22:00,15:30,17:00,,,,
와인가든,부산광역시 금정구 구서동 414-17,1,11:00,22:00,15:30,17:00,,,,
와인가든,부산광역시 금정구 구서동 414-17,2,11:00,23:00,15:30,17:00,,,,
와인가든,부산광역시 금정구 구서동 414-17,3,11:00,23:00,15:30,17:00,,,,
와인가든,부산광역시 금정구 구서동 414-17,4,11:00,23:00,15:30,17:00,,,,
와인가든,부산광역시 금정구 구서동 414-17,5,11:00,23:00,15:30,17:00,,,,
와인가든,부산광역시 금정구 구서동 414-17,6,11:00,23:00,15:30,17:00,,,,
내고향,부산광역시 금정구 구서동 414-20,0,,,,,,,,
내고향,부산광역시 금정구 구서동 414-20,1,,,,,,,,
내고향,부산광역시 금정구 구서동 414-20,2,,,,,,,,
내고향,부산광역시 금정구 구서동 414-20,3,,,,,,,,
내고향,부산광역시 금정구 구서동 414-20,4,,,,,,,,
내고향,부산광역시 금정구 구서동 414-20,5,,,,,,,,
내고향,부산광역시 금정구 구서동 414-20,6,,,,,,,,
해운대31CM해물칼국수 구서점,부산광역시 금정구 구서동 414-37,0,11:00,21:30,,,,,,
해운대31CM해물칼국수 구서점,부산광역시 금정구 구서동 414-37,1,,,,,,TRUE,,
해운대31CM해물칼국수 구서점,부산광역시 금정구 구서동 414-37,2,11:00,21:30,15:30,17:00,,,,
해운대31CM해물칼국수 구서점,부산광역시 금정구 구서동 414-37,3,11:00,21:30,15:30,17:00,,,,
해운대31CM해물칼국수 구서점,부산광역시 금정구 구서동 414-37,4,11:00,21:30,15:30,17:00,,,,
해운대31CM해물칼국수 구서점,부산광역시 금정구 구서동 414-37,5,11:00,21:30,15:30,17:00,,,,
해운대31CM해물칼국수 구서점,부산광역시 금정구 구서동 414-37,6,11:00,21:30,,,,,,
미가곱창,부산광역시 금정구 구서동 414-39,0,15:00,23:00,,,,,,
미가곱창,부산광역시 금정구 구서동 414-39,1,15:00,23:00,,,,,,
미가곱창,부산광역시 금정구 구서동 414-39,2,15:00,23:00,,,,,,
미가곱창,부산광역시 금정구 구서동 414-39,3,15:00,23:00,,,,,,
미가곱창,부산광역시 금정구 구서동 414-39,4,15:00,23:00,,,,,,
미가곱창,부산광역시 금정구 구서동 414-39,5,15:00,23:00,,,,,,
미가곱창,부산광역시 금정구 구서동 414-39,6,15:00,23:00,,,,,,
철마한우로스구이,부산광역시 금정구 구서동 414-39,0,16:00,1:30,,,0:00,,,
철마한우로스구이,부산광역시 금정구 구서동 414-39,1,16:00,1:30,,,0:00,,,
철마한우로스구이,부산광역시 금정구 구서동 414-39,2,16:00,1:30,,,0:00,,,
철마한우로스구이,부산광역시 금정구 구서동 414-39,3,16:00,1:30,,,0:00,,,
철마한우로스구이,부산광역시 금정구 구서동 414-39,4,16:00,1:30,,,0:00,,,
철마한우로스구이,부산광역시 금정구 구서동 414-39,5,16:00,1:30,,,0:00,,,
철마한우로스구이,부산광역시 금정구 구서동 414-39,6,16:00,1:30,,,0:00,,,
돼구빡,부산광역시 금정구 구서동 414-48,0,11:30,0:00,,,23:00,,,
돼구빡,부산광역시 금정구 구서동 414-48,1,11:30,0:00,,,23:00,,,
돼구빡,부산광역시 금정구 구서동 414-48,2,11:30,0:00,,,23:00,,,
돼구빡,부산광역시 금정구 구서동 414-48,3,11:30,0:00,,,23:00,,,
돼구빡,부산광역시 금정구 구서동 414-48,4,11:30,0:00,,,23:00,,,
돼구빡,부산광역시 금정구 구서동 414-48,5,11:30,0:00,,,23:00,,,
돼구빡,부산광역시 금정구 구서동 414-48,6,11:30,0:00,,,23:00,,,
상선회수산,부산광역시 금정구 구서동 414-50,0,,,,,,TRUE,,
상선회수산,부산광역시 금정구 구서동 414-50,1,14:00,0:00,,,,,,
상선회수산,부산광역시 금정구 구서동 414-50,2,14:00,0:00,,,,,,
상선회수산,부산광역시 금정구 구서동 414-50,3,14:00,0:00,,,,,,
상선회수산,부산광역시 금정구 구서동 414-50,4,14:00,0:00,,,,,,
상선회수산,부산광역시 금정구 구서동 414-50,5,14:00,0:00,,,,,,
상선회수산,부산광역시 금정구 구서동 414-50,6,14:00,0:00,,,,,,
동서낙지,부산광역시 금정구 구서동 414-57,0,,,,,,TRUE,,
동서낙지,부산광역시 금정구 구서동 414-57,1,10:00,22:00,,,,,,
동서낙지,부산광역시 금정구 구서동 414-57,2,10:00,22:00,,,,,,
동서낙지,부산광역시 금정구 구서동 414-57,3,10:00,22:00,,,,,,
동서낙지,부산광역시 금정구 구서동 414-57,4,10:00,22:00,,,,,,
동서낙지,부산광역시 금정구 구서동 414-57,5,10:00,22:00,,,,,,
동서낙지,부산광역시 금정구 구서동 414-57,6,10:00,22:00,,,,,,
선참치,부산광역시 금정구 구서동 414-64,0,17:00,1:00,,,,,,
선참치,부산광역시 금정구 구서동 414-64,1,17:00,1:00,,,,,,
선참치,부산광역시 금정구 구서동 414-64,2,17:00,1:00,,,,,,
선참치,부산광역시 금정구 구서동 414-64,3,17:00,1:00,,,,,,
선참치,부산광역시 금정구 구서동 414-64,4,17:00,1:00,,,,,,
선참치,부산광역시 금정구 구서동 414-64,5,17:00,1:00,,,,,,
선참치,부산광역시 금정구 구서동 414-64,6,17:00,1:00,,,,,,
중화포차,부산광역시 금정구 구서동 414-70,0,11:30,2:00,,,,,,
중화포차,부산광역시 금정구 구서동 414-70,1,11:30,2:00,,,,,,
중화포차,부산광역시 금정구 구서동 414-70,2,11:30,2:00,,,,,,
중화포차,부산광역시 금정구 구서동 414-70,3,11:30,2:00,,,,,"첫째, 셋째, 다섯째 주에는 휴무",
중화포차,부산광역시 금정구 구서동 414-70,4,11:30,2:00,,,,,,
중화포차,부산광역시 금정구 구서동 414-70,5,11:30,2:00,,,,,,
중화포차,부산광역시 금정구 구서동 414-70,6,11:30,2:00,,,,,,
센베로구서점,부산광역시 금정구 구서동 414-74,0,18:00,4:00,,,,,,
센베로구서점,부산광역시 금정구 구서동 414-74,1,18:00,4:00,,,,,,
센베로구서점,부산광역시 금정구 구서동 414-74,2,18:00,4:00,,,,,,
센베로구서점,부산광역시 금정구 구서동 414-74,3,18:00,4:00,,,,,,
센베로구서점,부산광역시 금정구 구서동 414-74,4,18:00,4:00,,,,,,
센베로구서점,부산광역시 금정구 구서동 414-74,5,18:00,6:00,,,,,,
센베로구서점,부산광역시 금정구 구서동 414-74,6,18:00,6:00,,,,,,
춘화보쌈,부산광역시 금정구 구서동 414-77,0,11:00,22:00,,,,,,
춘화보쌈,부산광역시 금정구 구서동 414-77,1,11:00,22:00,,,,,,
춘화보쌈,부산광역시 금정구 구서동 414-77,2,11:00,22:00,,,,,,
춘화보쌈,부산광역시 금정구 구서동 414-77,3,11:00,22:00,,,,,,
춘화보쌈,부산광역시 금정구 구서동 414-77,4,11:00,22:00,,,,,,
춘화보쌈,부산광역시 금정구 구서동 414-77,5,11:00,22:00,,,,,,
춘화보쌈,부산광역시 금정구 구서동 414-77,6,11:00,22:00,,,,,,
전남친순대 구서점,부산광역시 금정구 구서동 414-8,0,16:00,20:00,,,,,,
전남친순대 구서점,부산광역시 금정구 구서동 414-8,1,16:00,20:00,,,,,,
전남친순대 구서점,부산광역시 금정구 구서동 414-8,2,16:00,20:00,,,,,,
전남친순대 구서점,부산광역시 금정구 구서동 414-8,3,16:00,20:00,,,,,,
전남친순대 구서점,부산광역시 금정구 구서동 414-8,4,16:00,20:00,,,,,,
전남친순대 구서점,부산광역시 금정구 구서동 414-8,5,16:00,20:00,,,,,,
전남친순대 구서점,부산광역시 금정구 구서동 414-8,6,16:00,20:00,,,,,,
일생상회,부산광역시 금정구 구서동 414-82,0,16:00,3:00,,,1:50,,,
일생상회,부산광역시 금정구 구서동 414-82,1,16:00,3:00,,,1:50,,,
일생상회,부산광역시 금정구 구서동 414-82,2,16:00,3:00,,,1:50,,,
일생상회,부산광역시 금정구 구서동 414-82,3,16:00,3:00,,,1:50,,,
일생상회,부산광역시 금정구 구서동 414-82,4,16:00,3:00,,,1:50,,,
일생상회,부산광역시 금정구 구서동 414-82,5,16:00,3:00,,,1:50,,,
일생상회,부산광역시 금정구 구서동 414-82,6,16:00,3:00,,,1:50,,,
쿠쿠,부산광역시 금정구 구서동 414-89,0,,,,,,,,
쿠쿠,부산광역시 금정구 구서동 414-89,1,,,,,,,,
쿠쿠,부산광역시 금정구 구서동 414-89,2,,,,,,,,
쿠쿠,부산광역시 금정구 구서동 414-89,3,,,,,,,,
쿠쿠,부산광역시 금정구 구서동 414-89,4,,,,,,,,
쿠쿠,부산광역시 금정구 구서동 414-89,5,,,,,,,,
쿠쿠,부산광역시 금정구 구서동 414-89,6,,,,,,,,
평화김해뒷고기 구서점,부산광역시 금정구 구서동 414-89,0,,,,,,,,
평화김해뒷고기 구서점,부산광역시 금정구 구서동 414-89,1,,,,,,,,
평화김해뒷고기 구서점,부산광역시 금정구 구서동 414-89,2,,,,,,,,
평화김해뒷고기 구서점,부산광역시 금정구 구서동 414-89,3,,,,,,,,
평화김해뒷고기 구서점,부산광역시 금정구 구서동 414-89,4,,,,,,,,
평화김해뒷고기 구서점,부산광역시 금정구 구서동 414-89,5,,,,,,,,
평화김해뒷고기 구서점,부산광역시 금정구 구서동 414-89,6,,,,,,,,
장가네장충왕족발,부산광역시 금정구 구서동 415-109,0,17:00,23:30,,,,,,
장가네장충왕족발,부산광역시 금정구 구서동 415-109,1,17:00,23:30,,,,,,
장가네장충왕족발,부산광역시 금정구 구서동 415-109,2,,,,,,TRUE,,
장가네장충왕족발,부산광역시 금정구 구서동 415-109,3,17:00,23:30,,,,,,
장가네장충왕족발,부산광역시 금정구 구서동 415-109,4,17:00,23:30,,,,,,
장가네장충왕족발,부산광역시 금정구 구서동 415-109,5,17:00,23:30,,,,,,
장가네장충왕족발,부산광역시 금정구 구서동 415-109,6,17:00,23:30,,,,,,
마켓990 구서점,부산광역시 금정구 구서동 415-112,0,,,,,,,,
마켓990 구서점,부산광역시 금정구 구서동 415-112,1,,,,,,,,
마켓990 구서점,부산광역시 금정구 구서동 415-112,2,,,,,,,,
마켓990 구서점,부산광역시 금정구 구서동 415-112,3,,,,,,,,
마켓990 구서점,부산광역시 금정구 구서동 415-112,4,,,,,,,,
마켓990 구서점,부산광역시 금정구 구서동 415-112,5,,,,,,,,
마켓990 구서점,부산광역시 금정구 구서동 415-112,6,,,,,,,,
유가네닭갈비 구서역점,부산광역시 금정구 구서동 415-112,0,11:00,22:00,,,,,,
유가네닭갈비 구서역점,부산광역시 금정구 구서동 415-112,1,11:00,22:00,,,,,,
유가네닭갈비 구서역점,부산광역시 금정구 구서동 415-112,2,11:00,22:00,,,,,,
유가네닭갈비 구서역점,부산광역시 금정구 구서동 415-112,3,11:00,22:00,,,,,,
유가네닭갈비 구서역점,부산광역시 금정구 구서동 415-112,4,11:00,22:00,,,,,,
유가네닭갈비 구서역점,부산광역시 금정구 구서동 415-112,5,11:00,22:00,,,,,,
유가네닭갈비 구서역점,부산광역시 금정구 구서동 415-112,6,11:00,22:00,,,,,,
94바,부산광역시 금정구 구서동 415-118,0,,,,,,,,
94바,부산광역시 금정구 구서동 415-118,1,,,,,,,,
94바,부산광역시 금정구 구서동 415-118,2,,,,,,,,
94바,부산광역시 금정구 구서동 415-118,3,,,,,,,,
94바,부산광역시 금정구 구서동 415-118,4,,,,,,,,
94바,부산광역시 금정구 구서동 415-118,5,,,,,,,,
94바,부산광역시 금정구 구서동 415-118,6,,,,,,,,
백년가마솥통닭,부산광역시 금정구 구서동 415-2,0,,,,,,TRUE,,
백년가마솥통닭,부산광역시 금정구 구서동 415-2,1,10:30,23:00,,,,,,
백년가마솥통닭,부산광역시 금정구 구서동 415-2,2,10:30,23:00,,,,,,
백년가마솥통닭,부산광역시 금정구 구서동 415-2,3,10:30,23:00,,,,,,
백년가마솥통닭,부산광역시 금정구 구서동 415-2,4,10:30,23:00,,,,,,
백년가마솥통닭,부산광역시 금정구 구서동 415-2,5,10:30,23:00,,,,,,
백년가마솥통닭,부산광역시 금정구 구서동 415-2,6,10:30,23:00,,,,,,
보배쭈꾸미 구서점,부산광역시 금정구 구서동 415-2,0,11:00,22:00,,,,,,
보배쭈꾸미 구서점,부산광역시 금정구 구서동 415-2,1,11:00,22:00,,,,,,
보배쭈꾸미 구서점,부산광역시 금정구 구서동 415-2,2,11:00,22:00,,,,,,
보배쭈꾸미 구서점,부산광역시 금정구 구서동 415-2,3,11:00,22:00,,,,,,
보배쭈꾸미 구서점,부산광역시 금정구 구서동 415-2,4,11:00,22:00,,,,,,
보배쭈꾸미 구서점,부산광역시 금정구 구서동 415-2,5,11:00,22:00,,,,,,
보배쭈꾸미 구서점,부산광역시 금정구 구서동 415-2,6,11:00,22:00,,,,,,
세자매의식탁,부산광역시 금정구 구서동 415-22,0,,,,,,TRUE,,
세자매의식탁,부산광역시 금정구 구서동 415-22,1,19:00,0:00,,,23:30,,,
세자매의식탁,부산광역시 금정구 구서동 415-22,2,19:00,0:00,,,23:30,,,
세자매의식탁,부산광역시 금정구 구서동 415-22,3,19:00,0:00,,,23:30,,,
세자매의식탁,부산광역시 금정구 구서동 415-22,4,19:00,0:00,,,23:30,,,
세자매의식탁,부산광역시 금정구 구서동 415-22,5,19:00,0:00,,,23:30,,,
세자매의식탁,부산광역시 금정구 구서동 415-22,6,18:00,0:00,,,23:30,,,
호야문현곱창,부산광역시 금정구 구서동 415-22,0,,,,,,,,
호야문현곱창,부산광역시 금정구 구서동 415-22,1,,,,,,,,
호야문현곱창,부산광역시 금정구 구서동 415-22,2,,,,,,,,
호야문현곱창,부산광역시 금정구 구서동 415-22,3,,,,,,,,
호야문현곱창,부산광역시 금정구 구서동 415-22,4,,,,,,,,
호야문현곱창,부산광역시 금정구 구서동 415-22,5,,,,,,,,
호야문현곱창,부산광역시 금정구 구서동 415-22,6,,,,,,,,
진가원,부산광역시 금정구 구서동 415-3,0,,,,,,,,
진가원,부산광역시 금정구 구서동 415-3,1,,,,,,,,
진가원,부산광역시 금정구 구서동 415-3,2,,,,,,,,
진가원,부산광역시 금정구 구서동 415-3,3,,,,,,,,
진가원,부산광역시 금정구 구서동 415-3,4,,,,,,,,
진가원,부산광역시 금정구 구서동 415-3,5,,,,,,,,
진가원,부산광역시 금정구 구서동 415-3,6,,,,,,,,
오소리순대,부산광역시 금정구 구서동 415-32,0,,,,,,,,
오소리순대,부산광역시 금정구 구서동 415-32,1,,,,,,,,
오소리순대,부산광역시 금정구 구서동 415-32,2,,,,,,,,
오소리순대,부산광역시 금정구 구서동 415-32,3,,,,,,,,
오소리순대,부산광역시 금정구 구서동 415-32,4,,,,,,,,
오소리순대,부산광역시 금정구 구서동 415-32,5,,,,,,,,
오소리순대,부산광역시 금정구 구서동 415-32,6,,,,,,,,
디노이레스토랑,부산광역시 금정구 구서동 415-34,0,,,,,,,,
디노이레스토랑,부산광역시 금정구 구서동 415-34,1,,,,,,,,
디노이레스토랑,부산광역시 금정구 구서동 415-34,2,,,,,,,,
디노이레스토랑,부산광역시 금정구 구서동 415-34,3,,,,,,,,
디노이레스토랑,부산광역시 금정구 구서동 415-34,4,,,,,,,,
디노이레스토랑,부산광역시 금정구 구서동 415-34,5,,,,,,,,
디노이레스토랑,부산광역시 금정구 구서동 415-34,6,,,,,,,,
롯데리아구서,부산광역시 금정구 구서동 415-34,0,,,,,,,,
롯데리아구서,부산광역시 금정구 구서동 415-34,1,,,,,,,,
롯데리아구서,부산광역시 금정구 구서동 415-34,2,,,,,,,,
롯데리아구서,부산광역시 금정구 구서동 415-34,3,,,,,,,,
롯데리아구서,부산광역시 금정구 구서동 415-34,4,,,,,,,,
롯데리아구서,부산광역시 금정구 구서동 415-34,5,,,,,,,,
롯데리아구서,부산광역시 금정구 구서동 415-34,6,,,,,,,,
불장화,부산광역시 금정구 구서동 415-42,0,,,,,,,,
불장화,부산광역시 금정구 구서동 415-42,1,,,,,,,,
불장화,부산광역시 금정구 구서동 415-42,2,,,,,,,,
불장화,부산광역시 금정구 구서동 415-42,3,,,,,,,,
불장화,부산광역시 금정구 구서동 415-42,4,,,,,,,,
불장화,부산광역시 금정구 구서동 415-42,5,,,,,,,,
불장화,부산광역시 금정구 구서동 415-42,6,,,,,,,,
두찜부산구서점,부산광역시 금정구 구서동 415-45,0,,,,,,,,
두찜부산구서점,부산광역시 금정구 구서동 415-45,1,,,,,,,,
두찜부산구서점,부산광역시 금정구 구서동 415-45,2,,,,,,,,
두찜부산구서점,부산광역시 금정구 구서동 415-45,3,,,,,,,,
두찜부산구서점,부산광역시 금정구 구서동 415-45,4,,,,,,,,
두찜부산구서점,부산광역시 금정구 구서동 415-45,5,,,,,,,,
두찜부산구서점,부산광역시 금정구 구서동 415-45,6,,,,,,,,
이가네 명인갈비살 구서점,부산광역시 금정구 구서동 415-45,0,,,,,,,,
이가네 명인갈비살 구서점,부산광역시 금정구 구서동 415-45,1,,,,,,,,
이가네 명인갈비살 구서점,부산광역시 금정구 구서동 415-45,2,,,,,,,,
이가네 명인갈비살 구서점,부산광역시 금정구 구서동 415-45,3,,,,,,,,
이가네 명인갈비살 구서점,부산광역시 금정구 구서동 415-45,4,,,,,,,,
이가네 명인갈비살 구서점,부산광역시 금정구 구서동 415-45,5,,,,,,,,
이가네 명인갈비살 구서점,부산광역시 금정구 구서동 415-45,6,,,,,,,,
진리,부산광역시 금정구 구서동 415-5,0,,,,,,,,
진리,부산광역시 금정구 구서동 415-5,1,,,,,,,,
진리,부산광역시 금정구 구서동 415-5,2,,,,,,,,
진리,부산광역시 금정구 구서동 415-5,3,,,,,,,,
진리,부산광역시 금정구 구서동 415-5,4,,,,,,,,
진리,부산광역시 금정구 구서동 415-5,5,,,,,,,,
진리,부산광역시 금정구 구서동 415-5,6,,,,,,,,
행복한오리구서,부산광역시 금정구 구서동 420-20,0,,,,,,,,
행복한오리구서,부산광역시 금정구 구서동 420-20,1,,,,,,,,
행복한오리구서,부산광역시 금정구 구서동 420-20,2,,,,,,,,
행복한오리구서,부산광역시 금정구 구서동 420-20,3,,,,,,,,
행복한오리구서,부산광역시 금정구 구서동 420-20,4,,,,,,,,
행복한오리구서,부산광역시 금정구 구서동 420-20,5,,,,,,,,
행복한오리구서,부산광역시 금정구 구서동 420-20,6,,,,,,,,
애영,부산광역시 금정구 구서동 420-5,0,,,,,,,,
애영,부산광역시 금정구 구서동 420-5,1,,,,,,,,
애영,부산광역시 금정구 구서동 420-5,2,,,,,,,,
애영,부산광역시 금정구 구서동 420-5,3,,,,,,,,
애영,부산광역시 금정구 구서동 420-5,4,,,,,,,,
애영,부산광역시 금정구 구서동 420-5,5,,,,,,,,
애영,부산광역시 금정구 구서동 420-5,6,,,,,,,,
푸주옥설렁탕도가니탕,부산광역시 금정구 구서동 420-56,0,,,,,,,,
푸주옥설렁탕도가니탕,부산광역시 금정구 구서동 420-56,1,,,,,,,,
푸주옥설렁탕도가니탕,부산광역시 금정구 구서동 420-56,2,,,,,,,,
푸주옥설렁탕도가니탕,부산광역시 금정구 구서동 420-56,3,,,,,,,,
푸주옥설렁탕도가니탕,부산광역시 금정구 구서동 420-56,4,,,,,,,,
푸주옥설렁탕도가니탕,부산광역시 금정구 구서동 420-56,5,,,,,,,,
푸주옥설렁탕도가니탕,부산광역시 금정구 구서동 420-56,6,,,,,,,,
불끈낙지 구서점,부산광역시 금정구 구서동 444,0,,,,,,,,
불끈낙지 구서점,부산광역시 금정구 구서동 444,1,,,,,,,,
불끈낙지 구서점,부산광역시 금정구 구서동 444,2,,,,,,,,
불끈낙지 구서점,부산광역시 금정구 구서동 444,3,,,,,,,,
불끈낙지 구서점,부산광역시 금정구 구서동 444,4,,,,,,,,
불끈낙지 구서점,부산광역시 금정구 구서동 444,5,,,,,,,,
불끈낙지 구서점,부산광역시 금정구 구서동 444,6,,,,,,,,
이층포차,부산광역시 금정구 구서동 445-1,0,,,,,,,,
이층포차,부산광역시 금정구 구서동 445-1,1,,,,,,,,
이층포차,부산광역시 금정구 구서동 445-1,2,,,,,,,,
이층포차,부산광역시 금정구 구서동 445-1,3,,,,,,,,
이층포차,부산광역시 금정구 구서동 445-1,4,,,,,,,,
이층포차,부산광역시 금정구 구서동 445-1,5,,,,,,,,
이층포차,부산광역시 금정구 구서동 445-1,6,,,,,,,,
부산식객 구서점,부산광역시 금정구 구서동 445-13,0,,,,,,,,
부산식객 구서점,부산광역시 금정구 구서동 445-13,1,,,,,,,,
부산식객 구서점,부산광역시 금정구 구서동 445-13,2,,,,,,,,
부산식객 구서점,부산광역시 금정구 구서동 445-13,3,,,,,,,,
부산식객 구서점,부산광역시 금정구 구서동 445-13,4,,,,,,,,
부산식객 구서점,부산광역시 금정구 구서동 445-13,5,,,,,,,,
부산식객 구서점,부산광역시 금정구 구서동 445-13,6,,,,,,,,
비에이치씨치킨구서점,부산광역시 금정구 구서동 445-9,0,,,,,,,,
비에이치씨치킨구서점,부산광역시 금정구 구서동 445-9,1,,,,,,,,
비에이치씨치킨구서점,부산광역시 금정구 구서동 445-9,2,,,,,,,,
비에이치씨치킨구서점,부산광역시 금정구 구서동 445-9,3,,,,,,,,
비에이치씨치킨구서점,부산광역시 금정구 구서동 445-9,4,,,,,,,,
비에이치씨치킨구서점,부산광역시 금정구 구서동 445-9,5,,,,,,,,
비에이치씨치킨구서점,부산광역시 금정구 구서동 445-9,6,,,,,,,,
생활생돈,부산광역시 금정구 구서동 446-1,0,,,,,,,,
생활생돈,부산광역시 금정구 구서동 446-1,1,,,,,,,,
생활생돈,부산광역시 금정구 구서동 446-1,2,,,,,,,,
생활생돈,부산광역시 금정구 구서동 446-1,3,,,,,,,,
생활생돈,부산광역시 금정구 구서동 446-1,4,,,,,,,,
생활생돈,부산광역시 금정구 구서동 446-1,5,,,,,,,,
생활생돈,부산광역시 금정구 구서동 446-1,6,,,,,,,,
와글와글,부산광역시 금정구 구서동 446-1,0,,,,,,,,
와글와글,부산광역시 금정구 구서동 446-1,1,,,,,,,,
와글와글,부산광역시 금정구 구서동 446-1,2,,,,,,,,
와글와글,부산광역시 금정구 구서동 446-1,3,,,,,,,,
와글와글,부산광역시 금정구 구서동 446-1,4,,,,,,,,
와글와글,부산광역시 금정구 구서동 446-1,5,,,,,,,,
와글와글,부산광역시 금정구 구서동 446-1,6,,,,,,,,
해리의집,부산광역시 금정구 구서동 446-14,0,,,,,,,,
해리의집,부산광역시 금정구 구서동 446-14,1,,,,,,,,
해리의집,부산광역시 금정구 구서동 446-14,2,,,,,,,,
해리의집,부산광역시 금정구 구서동 446-14,3,,,,,,,,
해리의집,부산광역시 금정구 구서동 446-14,4,,,,,,,,
해리의집,부산광역시 금정구 구서동 446-14,5,,,,,,,,
해리의집,부산광역시 금정구 구서동 446-14,6,,,,,,,,
꼬리에꼬리를무는닭,부산광역시 금정구 구서동 446-16,0,,,,,,,,
꼬리에꼬리를무는닭,부산광역시 금정구 구서동 446-16,1,,,,,,,,
꼬리에꼬리를무는닭,부산광역시 금정구 구서동 446-16,2,,,,,,,,
꼬리에꼬리를무는닭,부산광역시 금정구 구서동 446-16,3,,,,,,,,
꼬리에꼬리를무는닭,부산광역시 금정구 구서동 446-16,4,,,,,,,,
꼬리에꼬리를무는닭,부산광역시 금정구 구서동 446-16,5,,,,,,,,
꼬리에꼬리를무는닭,부산광역시 금정구 구서동 446-16,6,,,,,,,,
도도횟집,부산광역시 금정구 구서동 446-17,0,,,,,,,,
도도횟집,부산광역시 금정구 구서동 446-17,1,,,,,,,,
도도횟집,부산광역시 금정구 구서동 446-17,2,,,,,,,,
도도횟집,부산광역시 금정구 구서동 446-17,3,,,,,,,,
도도횟집,부산광역시 금정구 구서동 446-17,4,,,,,,,,
도도횟집,부산광역시 금정구 구서동 446-17,5,,,,,,,,
도도횟집,부산광역시 금정구 구서동 446-17,6,,,,,,,,
부원냉삼집 구서동점,부산광역시 금정구 구서동 446-18,0,,,,,,,,
부원냉삼집 구서동점,부산광역시 금정구 구서동 446-18,1,,,,,,,,
부원냉삼집 구서동점,부산광역시 금정구 구서동 446-18,2,,,,,,,,
부원냉삼집 구서동점,부산광역시 금정구 구서동 446-18,3,,,,,,,,
부원냉삼집 구서동점,부산광역시 금정구 구서동 446-18,4,,,,,,,,
부원냉삼집 구서동점,부산광역시 금정구 구서동 446-18,5,,,,,,,,
부원냉삼집 구서동점,부산광역시 금정구 구서동 446-18,6,,,,,,,,
해담이선생,부산광역시 금정구 구서동 446-22,0,,,,,,,,
해담이선생,부산광역시 금정구 구서동 446-22,1,,,,,,,,
해담이선생,부산광역시 금정구 구서동 446-22,2,,,,,,,,
해담이선생,부산광역시 금정구 구서동 446-22,3,,,,,,,,
해담이선생,부산광역시 금정구 구서동 446-22,4,,,,,,,,
해담이선생,부산광역시 금정구 구서동 446-22,5,,,,,,,,
해담이선생,부산광역시 금정구 구서동 446-22,6,,,,,,,,
면채움,부산광역시 금정구 구서동 446-3,0,,,,,,,,
면채움,부산광역시 금정구 구서동 446-3,1,,,,,,,,
면채움,부산광역시 금정구 구서동 446-3,2,,,,,,,,
면채움,부산광역시 금정구 구서동 446-3,3,,,,,,,,
면채움,부산광역시 금정구 구서동 446-3,4,,,,,,,,
면채움,부산광역시 금정구 구서동 446-3,5,,,,,,,,
면채움,부산광역시 금정구 구서동 446-3,6,,,,,,,,
와이제이푸드,부산광역시 금정구 구서동 446-5,0,,,,,,,,
와이제이푸드,부산광역시 금정구 구서동 446-5,1,,,,,,,,
와이제이푸드,부산광역시 금정구 구서동 446-5,2,,,,,,,,
와이제이푸드,부산광역시 금정구 구서동 446-5,3,,,,,,,,
와이제이푸드,부산광역시 금정구 구서동 446-5,4,,,,,,,,
와이제이푸드,부산광역시 금정구 구서동 446-5,5,,,,,,,,
와이제이푸드,부산광역시 금정구 구서동 446-5,6,,,,,,,,
해연,부산광역시 금정구 구서동 446-5,0,,,,,,,,
해연,부산광역시 금정구 구서동 446-5,1,,,,,,,,
해연,부산광역시 금정구 구서동 446-5,2,,,,,,,,
해연,부산광역시 금정구 구서동 446-5,3,,,,,,,,
해연,부산광역시 금정구 구서동 446-5,4,,,,,,,,
해연,부산광역시 금정구 구서동 446-5,5,,,,,,,,
해연,부산광역시 금정구 구서동 446-5,6,,,,,,,,
고기굽는남자 구서점,부산광역시 금정구 구서동 446-6,0,,,,,,,,
고기굽는남자 구서점,부산광역시 금정구 구서동 446-6,1,,,,,,,,
고기굽는남자 구서점,부산광역시 금정구 구서동 446-6,2,,,,,,,,
고기굽는남자 구서점,부산광역시 금정구 구서동 446-6,3,,,,,,,,
고기굽는남자 구서점,부산광역시 금정구 구서동 446-6,4,,,,,,,,
고기굽는남자 구서점,부산광역시 금정구 구서동 446-6,5,,,,,,,,
고기굽는남자 구서점,부산광역시 금정구 구서동 446-6,6,,,,,,,,
고래실찌개밥상,부산광역시 금정구 구서동 446-7,0,,,,,,,,
고래실찌개밥상,부산광역시 금정구 구서동 446-7,1,,,,,,,,
고래실찌개밥상,부산광역시 금정구 구서동 446-7,2,,,,,,,,
고래실찌개밥상,부산광역시 금정구 구서동 446-7,3,,,,,,,,
고래실찌개밥상,부산광역시 금정구 구서동 446-7,4,,,,,,,,
고래실찌개밥상,부산광역시 금정구 구서동 446-7,5,,,,,,,,
고래실찌개밥상,부산광역시 금정구 구서동 446-7,6,,,,,,,,
팔각도 부산구서점,부산광역시 금정구 구서동 457-1,0,,,,,,,,
팔각도 부산구서점,부산광역시 금정구 구서동 457-1,1,,,,,,,,
팔각도 부산구서점,부산광역시 금정구 구서동 457-1,2,,,,,,,,
팔각도 부산구서점,부산광역시 금정구 구서동 457-1,3,,,,,,,,
팔각도 부산구서점,부산광역시 금정구 구서동 457-1,4,,,,,,,,
팔각도 부산구서점,부산광역시 금정구 구서동 457-1,5,,,,,,,,
팔각도 부산구서점,부산광역시 금정구 구서동 457-1,6,,,,,,,,
그날;우리,부산광역시 금정구 구서동 457-13,0,,,,,,,,
그날;우리,부산광역시 금정구 구서동 457-13,1,,,,,,,,
그날;우리,부산광역시 금정구 구서동 457-13,2,,,,,,,,
그날;우리,부산광역시 금정구 구서동 457-13,3,,,,,,,,
그날;우리,부산광역시 금정구 구서동 457-13,4,,,,,,,,
그날;우리,부산광역시 금정구 구서동 457-13,5,,,,,,,,
그날;우리,부산광역시 금정구 구서동 457-13,6,,,,,,,,
나한우인데,부산광역시 금정구 구서동 457-14,0,,,,,,,,
나한우인데,부산광역시 금정구 구서동 457-14,1,,,,,,,,
나한우인데,부산광역시 금정구 구서동 457-14,2,,,,,,,,
나한우인데,부산광역시 금정구 구서동 457-14,3,,,,,,,,
나한우인데,부산광역시 금정구 구서동 457-14,4,,,,,,,,
나한우인데,부산광역시 금정구 구서동 457-14,5,,,,,,,,
나한우인데,부산광역시 금정구 구서동 457-14,6,,,,,,,,
낭만연어구서점,부산광역시 금정구 구서동 457-14,0,,,,,,,,
낭만연어구서점,부산광역시 금정구 구서동 457-14,1,,,,,,,,
낭만연어구서점,부산광역시 금정구 구서동 457-14,2,,,,,,,,
낭만연어구서점,부산광역시 금정구 구서동 457-14,3,,,,,,,,
낭만연어구서점,부산광역시 금정구 구서동 457-14,4,,,,,,,,
낭만연어구서점,부산광역시 금정구 구서동 457-14,5,,,,,,,,
낭만연어구서점,부산광역시 금정구 구서동 457-14,6,,,,,,,,
더바른식당,부산광역시 금정구 구서동 457-15,0,,,,,,,,
더바른식당,부산광역시 금정구 구서동 457-15,1,,,,,,,,
더바른식당,부산광역시 금정구 구서동 457-15,2,,,,,,,,
더바른식당,부산광역시 금정구 구서동 457-15,3,,,,,,,,
더바른식당,부산광역시 금정구 구서동 457-15,4,,,,,,,,
더바른식당,부산광역시 금정구 구서동 457-15,5,,,,,,,,
더바른식당,부산광역시 금정구 구서동 457-15,6,,,,,,,,
신신초마,부산광역시 금정구 구서동 457-15,0,,,,,,,,
신신초마,부산광역시 금정구 구서동 457-15,1,,,,,,,,
신신초마,부산광역시 금정구 구서동 457-15,2,,,,,,,,
신신초마,부산광역시 금정구 구서동 457-15,3,,,,,,,,
신신초마,부산광역시 금정구 구서동 457-15,4,,,,,,,,
신신초마,부산광역시 금정구 구서동 457-15,5,,,,,,,,
신신초마,부산광역시 금정구 구서동 457-15,6,,,,,,,,
대성수산해물,부산광역시 금정구 구서동 457-16,0,,,,,,,,
대성수산해물,부산광역시 금정구 구서동 457-16,1,,,,,,,,
대성수산해물,부산광역시 금정구 구서동 457-16,2,,,,,,,,
대성수산해물,부산광역시 금정구 구서동 457-16,3,,,,,,,,
대성수산해물,부산광역시 금정구 구서동 457-16,4,,,,,,,,
대성수산해물,부산광역시 금정구 구서동 457-16,5,,,,,,,,
대성수산해물,부산광역시 금정구 구서동 457-16,6,,,,,,,,
뚱띠오돌뼈,부산광역시 금정구 구서동 457-16,0,,,,,,,,
뚱띠오돌뼈,부산광역시 금정구 구서동 457-16,1,,,,,,,,
뚱띠오돌뼈,부산광역시 금정구 구서동 457-16,2,,,,,,,,
뚱띠오돌뼈,부산광역시 금정구 구서동 457-16,3,,,,,,,,
뚱띠오돌뼈,부산광역시 금정구 구서동 457-16,4,,,,,,,,
뚱띠오돌뼈,부산광역시 금정구 구서동 457-16,5,,,,,,,,
뚱띠오돌뼈,부산광역시 금정구 구서동 457-16,6,,,,,,,,
마파람 부산점,부산광역시 금정구 구서동 457-2,0,,,,,,,,
마파람 부산점,부산광역시 금정구 구서동 457-2,1,,,,,,,,
마파람 부산점,부산광역시 금정구 구서동 457-2,2,,,,,,,,
마파람 부산점,부산광역시 금정구 구서동 457-2,3,,,,,,,,
마파람 부산점,부산광역시 금정구 구서동 457-2,4,,,,,,,,
마파람 부산점,부산광역시 금정구 구서동 457-2,5,,,,,,,,
마파람 부산점,부산광역시 금정구 구서동 457-2,6,,,,,,,,
마파람해물찜해물탕 구서본점,부산광역시 금정구 구서동 457-2,0,,,,,,,,
마파람해물찜해물탕 구서본점,부산광역시 금정구 구서동 457-2,1,,,,,,,,
마파람해물찜해물탕 구서본점,부산광역시 금정구 구서동 457-2,2,,,,,,,,
마파람해물찜해물탕 구서본점,부산광역시 금정구 구서동 457-2,3,,,,,,,,
마파람해물찜해물탕 구서본점,부산광역시 금정구 구서동 457-2,4,,,,,,,,
마파람해물찜해물탕 구서본점,부산광역시 금정구 구서동 457-2,5,,,,,,,,
마파람해물찜해물탕 구서본점,부산광역시 금정구 구서동 457-2,6,,,,,,,,
교촌치킨 구서역점,부산광역시 금정구 구서동 457-23,0,,,,,,,,
교촌치킨 구서역점,부산광역시 금정구 구서동 457-23,1,,,,,,,,
교촌치킨 구서역점,부산광역시 금정구 구서동 457-23,2,,,,,,,,
교촌치킨 구서역점,부산광역시 금정구 구서동 457-23,3,,,,,,,,
교촌치킨 구서역점,부산광역시 금정구 구서동 457-23,4,,,,,,,,
교촌치킨 구서역점,부산광역시 금정구 구서동 457-23,5,,,,,,,,
교촌치킨 구서역점,부산광역시 금정구 구서동 457-23,6,,,,,,,,
구서한상,부산광역시 금정구 구서동 457-23,0,,,,,,,,
구서한상,부산광역시 금정구 구서동 457-23,1,,,,,,,,
구서한상,부산광역시 금정구 구서동 457-23,2,,,,,,,,
구서한상,부산광역시 금정구 구서동 457-23,3,,,,,,,,
구서한상,부산광역시 금정구 구서동 457-23,4,,,,,,,,
구서한상,부산광역시 금정구 구서동 457-23,5,,,,,,,,
구서한상,부산광역시 금정구 구서동 457-23,6,,,,,,,,
담락참치일잔구서점,부산광역시 금정구 구서동 457-23,0,,,,,,,,
담락참치일잔구서점,부산광역시 금정구 구서동 457-23,1,,,,,,,,
담락참치일잔구서점,부산광역시 금정구 구서동 457-23,2,,,,,,,,
담락참치일잔구서점,부산광역시 금정구 구서동 457-23,3,,,,,,,,
담락참치일잔구서점,부산광역시 금정구 구서동 457-23,4,,,,,,,,
담락참치일잔구서점,부산광역시 금정구 구서동 457-23,5,,,,,,,,
담락참치일잔구서점,부산광역시 금정구 구서동 457-23,6,,,,,,,,
징기스 구서점,부산광역시 금정구 구서동 457-27,0,,,,,,,,
징기스 구서점,부산광역시 금정구 구서동 457-27,1,,,,,,,,
징기스 구서점,부산광역시 금정구 구서동 457-27,2,,,,,,,,
징기스 구서점,부산광역시 금정구 구서동 457-27,3,,,,,,,,
징기스 구서점,부산광역시 금정구 구서동 457-27,4,,,,,,,,
징기스 구서점,부산광역시 금정구 구서동 457-27,5,,,,,,,,
징기스 구서점,부산광역시 금정구 구서동 457-27,6,,,,,,,,
반해버린고깃집,부산광역시 금정구 구서동 457-35,0,,,,,,,,
반해버린고깃집,부산광역시 금정구 구서동 457-35,1,,,,,,,,
반해버린고깃집,부산광역시 금정구 구서동 457-35,2,,,,,,,,
반해버린고깃집,부산광역시 금정구 구서동 457-35,3,,,,,,,,
반해버린고깃집,부산광역시 금정구 구서동 457-35,4,,,,,,,,
반해버린고깃집,부산광역시 금정구 구서동 457-35,5,,,,,,,,
반해버린고깃집,부산광역시 금정구 구서동 457-35,6,,,,,,,,
복천안주마을 금정점,부산광역시 금정구 구서동 457-4,0,,,,,,,,
복천안주마을 금정점,부산광역시 금정구 구서동 457-4,1,,,,,,,,
복천안주마을 금정점,부산광역시 금정구 구서동 457-4,2,,,,,,,,
복천안주마을 금정점,부산광역시 금정구 구서동 457-4,3,,,,,,,,
복천안주마을 금정점,부산광역시 금정구 구서동 457-4,4,,,,,,,,
복천안주마을 금정점,부산광역시 금정구 구서동 457-4,5,,,,,,,,
복천안주마을 금정점,부산광역시 금정구 구서동 457-4,6,,,,,,,,
꿀돈,부산광역시 금정구 구서동 457-6,0,,,,,,,,
꿀돈,부산광역시 금정구 구서동 457-6,1,,,,,,,,
꿀돈,부산광역시 금정구 구서동 457-6,2,,,,,,,,
꿀돈,부산광역시 금정구 구서동 457-6,3,,,,,,,,
꿀돈,부산광역시 금정구 구서동 457-6,4,,,,,,,,
꿀돈,부산광역시 금정구 구서동 457-6,5,,,,,,,,
꿀돈,부산광역시 금정구 구서동 457-6,6,,,,,,,,
옥반상,부산광역시 금정구 구서동 458-11,0,,,,,,,,
옥반상,부산광역시 금정구 구서동 458-11,1,,,,,,,,
옥반상,부산광역시 금정구 구서동 458-11,2,,,,,,,,
옥반상,부산광역시 금정구 구서동 458-11,3,,,,,,,,
옥반상,부산광역시 금정구 구서동 458-11,4,,,,,,,,
옥반상,부산광역시 금정구 구서동 458-11,5,,,,,,,,
옥반상,부산광역시 금정구 구서동 458-11,6,,,,,,,,
60계 부산구서점,부산광역시 금정구 구서동 458-5,0,,,,,,,,
60계 부산구서점,부산광역시 금정구 구서동 458-5,1,,,,,,,,
60계 부산구서점,부산광역시 금정구 구서동 458-5,2,,,,,,,,
60계 부산구서점,부산광역시 금정구 구서동 458-5,3,,,,,,,,
60계 부산구서점,부산광역시 금정구 구서동 458-5,4,,,,,,,,
60계 부산구서점,부산광역시 금정구 구서동 458-5,5,,,,,,,,
60계 부산구서점,부산광역시 금정구 구서동 458-5,6,,,,,,,,
가장맛있는족발,부산광역시 금정구 구서동 460-13,0,,,,,,,,
가장맛있는족발,부산광역시 금정구 구서동 460-13,1,,,,,,,,
가장맛있는족발,부산광역시 금정구 구서동 460-13,2,,,,,,,,
가장맛있는족발,부산광역시 금정구 구서동 460-13,3,,,,,,,,
가장맛있는족발,부산광역시 금정구 구서동 460-13,4,,,,,,,,
가장맛있는족발,부산광역시 금정구 구서동 460-13,5,,,,,,,,
가장맛있는족발,부산광역시 금정구 구서동 460-13,6,,,,,,,,
열도,부산광역시 금정구 구서동 461-12,0,,,,,,,,
열도,부산광역시 금정구 구서동 461-12,1,,,,,,,,
열도,부산광역시 금정구 구서동 461-12,2,,,,,,,,
열도,부산광역시 금정구 구서동 461-12,3,,,,,,,,
열도,부산광역시 금정구 구서동 461-12,4,,,,,,,,
열도,부산광역시 금정구 구서동 461-12,5,,,,,,,,
열도,부산광역시 금정구 구서동 461-12,6,,,,,,,,
청담피자 구서점,부산광역시 금정구 구서동 461-12,0,,,,,,,,
청담피자 구서점,부산광역시 금정구 구서동 461-12,1,,,,,,,,
청담피자 구서점,부산광역시 금정구 구서동 461-12,2,,,,,,,,
청담피자 구서점,부산광역시 금정구 구서동 461-12,3,,,,,,,,
청담피자 구서점,부산광역시 금정구 구서동 461-12,4,,,,,,,,
청담피자 구서점,부산광역시 금정구 구서동 461-12,5,,,,,,,,
청담피자 구서점,부산광역시 금정구 구서동 461-12,6,,,,,,,,
불막열삼구서점,부산광역시 금정구 구서동 461-15,0,,,,,,,,
불막열삼구서점,부산광역시 금정구 구서동 461-15,1,,,,,,,,
불막열삼구서점,부산광역시 금정구 구서동 461-15,2,,,,,,,,
불막열삼구서점,부산광역시 금정구 구서동 461-15,3,,,,,,,,
불막열삼구서점,부산광역시 금정구 구서동 461-15,4,,,,,,,,
불막열삼구서점,부산광역시 금정구 구서동 461-15,5,,,,,,,,
불막열삼구서점,부산광역시 금정구 구서동 461-15,6,,,,,,,,
엄니칼국수,부산광역시 금정구 구서동 461-2,0,,,,,,,,
엄니칼국수,부산광역시 금정구 구서동 461-2,1,,,,,,,,
엄니칼국수,부산광역시 금정구 구서동 461-2,2,,,,,,,,
엄니칼국수,부산광역시 금정구 구서동 461-2,3,,,,,,,,
엄니칼국수,부산광역시 금정구 구서동 461-2,4,,,,,,,,
엄니칼국수,부산광역시 금정구 구서동 461-2,5,,,,,,,,
엄니칼국수,부산광역시 금정구 구서동 461-2,6,,,,,,,,
맛나!꼼장어,부산광역시 금정구 구서동 461-20,0,,,,,,,,
맛나!꼼장어,부산광역시 금정구 구서동 461-20,1,,,,,,,,
맛나!꼼장어,부산광역시 금정구 구서동 461-20,2,,,,,,,,
맛나!꼼장어,부산광역시 금정구 구서동 461-20,3,,,,,,,,
맛나!꼼장어,부산광역시 금정구 구서동 461-20,4,,,,,,,,
맛나!꼼장어,부산광역시 금정구 구서동 461-20,5,,,,,,,,
맛나!꼼장어,부산광역시 금정구 구서동 461-20,6,,,,,,,,
하시,부산광역시 금정구 구서동 461-20,0,,,,,,,,
하시,부산광역시 금정구 구서동 461-20,1,,,,,,,,
하시,부산광역시 금정구 구서동 461-20,2,,,,,,,,
하시,부산광역시 금정구 구서동 461-20,3,,,,,,,,
하시,부산광역시 금정구 구서동 461-20,4,,,,,,,,
하시,부산광역시 금정구 구서동 461-20,5,,,,,,,,
하시,부산광역시 금정구 구서동 461-20,6,,,,,,,,
은하수고깃집,부산광역시 금정구 구서동 461-25,0,,,,,,,,
은하수고깃집,부산광역시 금정구 구서동 461-25,1,,,,,,,,
은하수고깃집,부산광역시 금정구 구서동 461-25,2,,,,,,,,
은하수고깃집,부산광역시 금정구 구서동 461-25,3,,,,,,,,
은하수고깃집,부산광역시 금정구 구서동 461-25,4,,,,,,,,
은하수고깃집,부산광역시 금정구 구서동 461-25,5,,,,,,,,
은하수고깃집,부산광역시 금정구 구서동 461-25,6,,,,,,,,
수제비랑김밥,부산광역시 금정구 구서동 462-10,0,,,,,,,,
수제비랑김밥,부산광역시 금정구 구서동 462-10,1,,,,,,,,
수제비랑김밥,부산광역시 금정구 구서동 462-10,2,,,,,,,,
수제비랑김밥,부산광역시 금정구 구서동 462-10,3,,,,,,,,
수제비랑김밥,부산광역시 금정구 구서동 462-10,4,,,,,,,,
수제비랑김밥,부산광역시 금정구 구서동 462-10,5,,,,,,,,
수제비랑김밥,부산광역시 금정구 구서동 462-10,6,,,,,,,,
스시타비,부산광역시 금정구 구서동 462-11,0,,,,,,,,
스시타비,부산광역시 금정구 구서동 462-11,1,,,,,,,,
스시타비,부산광역시 금정구 구서동 462-11,2,,,,,,,,
스시타비,부산광역시 금정구 구서동 462-11,3,,,,,,,,
스시타비,부산광역시 금정구 구서동 462-11,4,,,,,,,,
스시타비,부산광역시 금정구 구서동 462-11,5,,,,,,,,
스시타비,부산광역시 금정구 구서동 462-11,6,,,,,,,,
수백당 구서동점,부산광역시 금정구 구서동 462-2,0,,,,,,,,
수백당 구서동점,부산광역시 금정구 구서동 462-2,1,,,,,,,,
수백당 구서동점,부산광역시 금정구 구서동 462-2,2,,,,,,,,
수백당 구서동점,부산광역시 금정구 구서동 462-2,3,,,,,,,,
수백당 구서동점,부산광역시 금정구 구서동 462-2,4,,,,,,,,
수백당 구서동점,부산광역시 금정구 구서동 462-2,5,,,,,,,,
수백당 구서동점,부산광역시 금정구 구서동 462-2,6,,,,,,,,
이레,부산광역시 금정구 구서동 462-20,0,,,,,,,,
이레,부산광역시 금정구 구서동 462-20,1,,,,,,,,
이레,부산광역시 금정구 구서동 462-20,2,,,,,,,,
이레,부산광역시 금정구 구서동 462-20,3,,,,,,,,
이레,부산광역시 금정구 구서동 462-20,4,,,,,,,,
이레,부산광역시 금정구 구서동 462-20,5,,,,,,,,
이레,부산광역시 금정구 구서동 462-20,6,,,,,,,,
돈오락쪽갈비 구서점,부산광역시 금정구 구서동 462-4,0,,,,,,,,
돈오락쪽갈비 구서점,부산광역시 금정구 구서동 462-4,1,,,,,,,,
돈오락쪽갈비 구서점,부산광역시 금정구 구서동 462-4,2,,,,,,,,
돈오락쪽갈비 구서점,부산광역시 금정구 구서동 462-4,3,,,,,,,,
돈오락쪽갈비 구서점,부산광역시 금정구 구서동 462-4,4,,,,,,,,
돈오락쪽갈비 구서점,부산광역시 금정구 구서동 462-4,5,,,,,,,,
돈오락쪽갈비 구서점,부산광역시 금정구 구서동 462-4,6,,,,,,,,
쭈꾸미가알고싶다,부산광역시 금정구 구서동 462-4,0,,,,,,,,
쭈꾸미가알고싶다,부산광역시 금정구 구서동 462-4,1,,,,,,,,
쭈꾸미가알고싶다,부산광역시 금정구 구서동 462-4,2,,,,,,,,
쭈꾸미가알고싶다,부산광역시 금정구 구서동 462-4,3,,,,,,,,
쭈꾸미가알고싶다,부산광역시 금정구 구서동 462-4,4,,,,,,,,
쭈꾸미가알고싶다,부산광역시 금정구 구서동 462-4,5,,,,,,,,
쭈꾸미가알고싶다,부산광역시 금정구 구서동 462-4,6,,,,,,,,
눈꽃을나누다 구서점,부산광역시 금정구 구서동 463-1,0,,,,,,,,
눈꽃을나누다 구서점,부산광역시 금정구 구서동 463-1,1,,,,,,,,
눈꽃을나누다 구서점,부산광역시 금정구 구서동 463-1,2,,,,,,,,
눈꽃을나누다 구서점,부산광역시 금정구 구서동 463-1,3,,,,,,,,
눈꽃을나누다 구서점,부산광역시 금정구 구서동 463-1,4,,,,,,,,
눈꽃을나누다 구서점,부산광역시 금정구 구서동 463-1,5,,,,,,,,
눈꽃을나누다 구서점,부산광역시 금정구 구서동 463-1,6,,,,,,,,
수림로상회,부산광역시 금정구 구서동 463-17,0,,,,,,,,
수림로상회,부산광역시 금정구 구서동 463-17,1,,,,,,,,
수림로상회,부산광역시 금정구 구서동 463-17,2,,,,,,,,
수림로상회,부산광역시 금정구 구서동 463-17,3,,,,,,,,
수림로상회,부산광역시 금정구 구서동 463-17,4,,,,,,,,
수림로상회,부산광역시 금정구 구서동 463-17,5,,,,,,,,
수림로상회,부산광역시 금정구 구서동 463-17,6,,,,,,,,
금정오리,부산광역시 금정구 구서동 463-24,0,,,,,,,,
금정오리,부산광역시 금정구 구서동 463-24,1,,,,,,,,
금정오리,부산광역시 금정구 구서동 463-24,2,,,,,,,,
금정오리,부산광역시 금정구 구서동 463-24,3,,,,,,,,
금정오리,부산광역시 금정구 구서동 463-24,4,,,,,,,,
금정오리,부산광역시 금정구 구서동 463-24,5,,,,,,,,
금정오리,부산광역시 금정구 구서동 463-24,6,,,,,,,,
대봉회초장,부산광역시 금정구 구서동 463-8,0,,,,,,,,
대봉회초장,부산광역시 금정구 구서동 463-8,1,,,,,,,,
대봉회초장,부산광역시 금정구 구서동 463-8,2,,,,,,,,
대봉회초장,부산광역시 금정구 구서동 463-8,3,,,,,,,,
대봉회초장,부산광역시 금정구 구서동 463-8,4,,,,,,,,
대봉회초장,부산광역시 금정구 구서동 463-8,5,,,,,,,,
대봉회초장,부산광역시 금정구 구서동 463-8,6,,,,,,,,
기찰반점구서 본점,부산광역시 금정구 구서동 464-1,0,,,,,,,,
기찰반점구서 본점,부산광역시 금정구 구서동 464-1,1,,,,,,,,
기찰반점구서 본점,부산광역시 금정구 구서동 464-1,2,,,,,,,,
기찰반점구서 본점,부산광역시 금정구 구서동 464-1,3,,,,,,,,
기찰반점구서 본점,부산광역시 금정구 구서동 464-1,4,,,,,,,,
기찰반점구서 본점,부산광역시 금정구 구서동 464-1,5,,,,,,,,
기찰반점구서 본점,부산광역시 금정구 구서동 464-1,6,,,,,,,,
차박사얼큰이,부산광역시 금정구 구서동 464-5,0,,,,,,,,
차박사얼큰이,부산광역시 금정구 구서동 464-5,1,,,,,,,,
차박사얼큰이,부산광역시 금정구 구서동 464-5,2,,,,,,,,
차박사얼큰이,부산광역시 금정구 구서동 464-5,3,,,,,,,,
차박사얼큰이,부산광역시 금정구 구서동 464-5,4,,,,,,,,
차박사얼큰이,부산광역시 금정구 구서동 464-5,5,,,,,,,,
차박사얼큰이,부산광역시 금정구 구서동 464-5,6,,,,,,,,
구서산곰장어,부산광역시 금정구 구서동 465-8,0,,,,,,,,
구서산곰장어,부산광역시 금정구 구서동 465-8,1,,,,,,,,
구서산곰장어,부산광역시 금정구 구서동 465-8,2,,,,,,,,
구서산곰장어,부산광역시 금정구 구서동 465-8,3,,,,,,,,
구서산곰장어,부산광역시 금정구 구서동 465-8,4,,,,,,,,
구서산곰장어,부산광역시 금정구 구서동 465-8,5,,,,,,,,
구서산곰장어,부산광역시 금정구 구서동 465-8,6,,,,,,,,
이가네밀양돼지국밥,부산광역시 금정구 구서동 466-18,0,,,,,,,,
이가네밀양돼지국밥,부산광역시 금정구 구서동 466-18,1,,,,,,,,
이가네밀양돼지국밥,부산광역시 금정구 구서동 466-18,2,,,,,,,,
이가네밀양돼지국밥,부산광역시 금정구 구서동 466-18,3,,,,,,,,
이가네밀양돼지국밥,부산광역시 금정구 구서동 466-18,4,,,,,,,,
이가네밀양돼지국밥,부산광역시 금정구 구서동 466-18,5,,,,,,,,
이가네밀양돼지국밥,부산광역시 금정구 구서동 466-18,6,,,,,,,,
남해횟집,부산광역시 금정구 구서동 466-19,0,,,,,,,,
남해횟집,부산광역시 금정구 구서동 466-19,1,,,,,,,,
남해횟집,부산광역시 금정구 구서동 466-19,2,,,,,,,,
남해횟집,부산광역시 금정구 구서동 466-19,3,,,,,,,,
남해횟집,부산광역시 금정구 구서동 466-19,4,,,,,,,,
남해횟집,부산광역시 금정구 구서동 466-19,5,,,,,,,,
남해횟집,부산광역시 금정구 구서동 466-19,6,,,,,,,,
어반,부산광역시 금정구 구서동 466-8,0,,,,,,,,
어반,부산광역시 금정구 구서동 466-8,1,,,,,,,,
어반,부산광역시 금정구 구서동 466-8,2,,,,,,,,
어반,부산광역시 금정구 구서동 466-8,3,,,,,,,,
어반,부산광역시 금정구 구서동 466-8,4,,,,,,,,
어반,부산광역시 금정구 구서동 466-8,5,,,,,,,,
어반,부산광역시 금정구 구서동 466-8,6,,,,,,,,
일미리금계찜닭,부산광역시 금정구 구서동 466-8,0,,,,,,,,
일미리금계찜닭,부산광역시 금정구 구서동 466-8,1,,,,,,,,
일미리금계찜닭,부산광역시 금정구 구서동 466-8,2,,,,,,,,
일미리금계찜닭,부산광역시 금정구 구서동 466-8,3,,,,,,,,
일미리금계찜닭,부산광역시 금정구 구서동 466-8,4,,,,,,,,
일미리금계찜닭,부산광역시 금정구 구서동 466-8,5,,,,,,,,
일미리금계찜닭,부산광역시 금정구 구서동 466-8,6,,,,,,,,
중식대사관,부산광역시 금정구 구서동 467-10,0,,,,,,,,
중식대사관,부산광역시 금정구 구서동 467-10,1,,,,,,,,
중식대사관,부산광역시 금정구 구서동 467-10,2,,,,,,,,
중식대사관,부산광역시 금정구 구서동 467-10,3,,,,,,,,
중식대사관,부산광역시 금정구 구서동 467-10,4,,,,,,,,
중식대사관,부산광역시 금정구 구서동 467-10,5,,,,,,,,
중식대사관,부산광역시 금정구 구서동 467-10,6,,,,,,,,
본가벌나무복집,부산광역시 금정구 구서동 467-12,0,,,,,,,,
본가벌나무복집,부산광역시 금정구 구서동 467-12,1,,,,,,,,
본가벌나무복집,부산광역시 금정구 구서동 467-12,2,,,,,,,,
본가벌나무복집,부산광역시 금정구 구서동 467-12,3,,,,,,,,
본가벌나무복집,부산광역시 금정구 구서동 467-12,4,,,,,,,,
본가벌나무복집,부산광역시 금정구 구서동 467-12,5,,,,,,,,
본가벌나무복집,부산광역시 금정구 구서동 467-12,6,,,,,,,,
낭만제주,부산광역시 금정구 구서동 467-5,0,,,,,,,,
낭만제주,부산광역시 금정구 구서동 467-5,1,,,,,,,,
낭만제주,부산광역시 금정구 구서동 467-5,2,,,,,,,,
낭만제주,부산광역시 금정구 구서동 467-5,3,,,,,,,,
낭만제주,부산광역시 금정구 구서동 467-5,4,,,,,,,,
낭만제주,부산광역시 금정구 구서동 467-5,5,,,,,,,,
낭만제주,부산광역시 금정구 구서동 467-5,6,,,,,,,,
로맨틱제주,부산광역시 금정구 구서동 467-5,0,,,,,,,,
로맨틱제주,부산광역시 금정구 구서동 467-5,1,,,,,,,,
로맨틱제주,부산광역시 금정구 구서동 467-5,2,,,,,,,,
로맨틱제주,부산광역시 금정구 구서동 467-5,3,,,,,,,,
로맨틱제주,부산광역시 금정구 구서동 467-5,4,,,,,,,,
로맨틱제주,부산광역시 금정구 구서동 467-5,5,,,,,,,,
로맨틱제주,부산광역시 금정구 구서동 467-5,6,,,,,,,,
부산에뜬고등어,부산광역시 금정구 구서동 467-7,0,,,,,,,,
부산에뜬고등어,부산광역시 금정구 구서동 467-7,1,,,,,,,,
부산에뜬고등어,부산광역시 금정구 구서동 467-7,2,,,,,,,,
부산에뜬고등어,부산광역시 금정구 구서동 467-7,3,,,,,,,,
부산에뜬고등어,부산광역시 금정구 구서동 467-7,4,,,,,,,,
부산에뜬고등어,부산광역시 금정구 구서동 467-7,5,,,,,,,,
부산에뜬고등어,부산광역시 금정구 구서동 467-7,6,,,,,,,,
마포통연탄구이,부산광역시 금정구 구서동 468-20,0,,,,,,,,
마포통연탄구이,부산광역시 금정구 구서동 468-20,1,,,,,,,,
마포통연탄구이,부산광역시 금정구 구서동 468-20,2,,,,,,,,
마포통연탄구이,부산광역시 금정구 구서동 468-20,3,,,,,,,,
마포통연탄구이,부산광역시 금정구 구서동 468-20,4,,,,,,,,
마포통연탄구이,부산광역시 금정구 구서동 468-20,5,,,,,,,,
마포통연탄구이,부산광역시 금정구 구서동 468-20,6,,,,,,,,
옥수관,부산광역시 금정구 구서동 469-1,0,,,,,,,,
옥수관,부산광역시 금정구 구서동 469-1,1,,,,,,,,
옥수관,부산광역시 금정구 구서동 469-1,2,,,,,,,,
옥수관,부산광역시 금정구 구서동 469-1,3,,,,,,,,
옥수관,부산광역시 금정구 구서동 469-1,4,,,,,,,,
옥수관,부산광역시 금정구 구서동 469-1,5,,,,,,,,
옥수관,부산광역시 금정구 구서동 469-1,6,,,,,,,,
대궐,부산광역시 금정구 구서동 469-11,0,,,,,,,,
대궐,부산광역시 금정구 구서동 469-11,1,,,,,,,,
대궐,부산광역시 금정구 구서동 469-11,2,,,,,,,,
대궐,부산광역시 금정구 구서동 469-11,3,,,,,,,,
대궐,부산광역시 금정구 구서동 469-11,4,,,,,,,,
대궐,부산광역시 금정구 구서동 469-11,5,,,,,,,,
대궐,부산광역시 금정구 구서동 469-11,6,,,,,,,,
제육부장관,부산광역시 금정구 구서동 469-21,0,,,,,,,,
제육부장관,부산광역시 금정구 구서동 469-21,1,,,,,,,,
제육부장관,부산광역시 금정구 구서동 469-21,2,,,,,,,,
제육부장관,부산광역시 금정구 구서동 469-21,3,,,,,,,,
제육부장관,부산광역시 금정구 구서동 469-21,4,,,,,,,,
제육부장관,부산광역시 금정구 구서동 469-21,5,,,,,,,,
제육부장관,부산광역시 금정구 구서동 469-21,6,,,,,,,,
가야밀면,부산광역시 금정구 구서동 470-13,0,,,,,,,,
가야밀면,부산광역시 금정구 구서동 470-13,1,,,,,,,,
가야밀면,부산광역시 금정구 구서동 470-13,2,,,,,,,,
가야밀면,부산광역시 금정구 구서동 470-13,3,,,,,,,,
가야밀면,부산광역시 금정구 구서동 470-13,4,,,,,,,,
가야밀면,부산광역시 금정구 구서동 470-13,5,,,,,,,,
가야밀면,부산광역시 금정구 구서동 470-13,6,,,,,,,,
구서칼국수,부산광역시 금정구 구서동 470-14,0,,,,,,,,
구서칼국수,부산광역시 금정구 구서동 470-14,1,,,,,,,,
구서칼국수,부산광역시 금정구 구서동 470-14,2,,,,,,,,
구서칼국수,부산광역시 금정구 구서동 470-14,3,,,,,,,,
구서칼국수,부산광역시 금정구 구서동 470-14,4,,,,,,,,
구서칼국수,부산광역시 금정구 구서동 470-14,5,,,,,,,,
구서칼국수,부산광역시 금정구 구서동 470-14,6,,,,,,,,
해숙이,부산광역시 금정구 구서동 470-14,0,,,,,,,,
해숙이,부산광역시 금정구 구서동 470-14,1,,,,,,,,
해숙이,부산광역시 금정구 구서동 470-14,2,,,,,,,,
해숙이,부산광역시 금정구 구서동 470-14,3,,,,,,,,
해숙이,부산광역시 금정구 구서동 470-14,4,,,,,,,,
해숙이,부산광역시 금정구 구서동 470-14,5,,,,,,,,
해숙이,부산광역시 금정구 구서동 470-14,6,,,,,,,,
육식사관학교 금정점,부산광역시 금정구 구서동 470-15,0,,,,,,,,
육식사관학교 금정점,부산광역시 금정구 구서동 470-15,1,,,,,,,,
육식사관학교 금정점,부산광역시 금정구 구서동 470-15,2,,,,,,,,
육식사관학교 금정점,부산광역시 금정구 구서동 470-15,3,,,,,,,,
육식사관학교 금정점,부산광역시 금정구 구서동 470-15,4,,,,,,,,
육식사관학교 금정점,부산광역시 금정구 구서동 470-15,5,,,,,,,,
육식사관학교 금정점,부산광역시 금정구 구서동 470-15,6,,,,,,,,
소울메이트,부산광역시 금정구 구서동 470-19,0,,,,,,,,
소울메이트,부산광역시 금정구 구서동 470-19,1,,,,,,,,
소울메이트,부산광역시 금정구 구서동 470-19,2,,,,,,,,
소울메이트,부산광역시 금정구 구서동 470-19,3,,,,,,,,
소울메이트,부산광역시 금정구 구서동 470-19,4,,,,,,,,
소울메이트,부산광역시 금정구 구서동 470-19,5,,,,,,,,
소울메이트,부산광역시 금정구 구서동 470-19,6,,,,,,,,
지코바장전점,부산광역시 금정구 구서동 470-24,0,,,,,,,,
지코바장전점,부산광역시 금정구 구서동 470-24,1,,,,,,,,
지코바장전점,부산광역시 금정구 구서동 470-24,2,,,,,,,,
지코바장전점,부산광역시 금정구 구서동 470-24,3,,,,,,,,
지코바장전점,부산광역시 금정구 구서동 470-24,4,,,,,,,,
지코바장전점,부산광역시 금정구 구서동 470-24,5,,,,,,,,
지코바장전점,부산광역시 금정구 구서동 470-24,6,,,,,,,,
산수화,부산광역시 금정구 구서동 470-5,0,,,,,,,,
산수화,부산광역시 금정구 구서동 470-5,1,,,,,,,,
산수화,부산광역시 금정구 구서동 470-5,2,,,,,,,,
산수화,부산광역시 금정구 구서동 470-5,3,,,,,,,,
산수화,부산광역시 금정구 구서동 470-5,4,,,,,,,,
산수화,부산광역시 금정구 구서동 470-5,5,,,,,,,,
산수화,부산광역시 금정구 구서동 470-5,6,,,,,,,,
육칠이 부산대점,부산광역시 금정구 구서동 471-2,0,,,,,,,,
육칠이 부산대점,부산광역시 금정구 구서동 471-2,1,,,,,,,,
육칠이 부산대점,부산광역시 금정구 구서동 471-2,2,,,,,,,,
육칠이 부산대점,부산광역시 금정구 구서동 471-2,3,,,,,,,,
육칠이 부산대점,부산광역시 금정구 구서동 471-2,4,,,,,,,,
육칠이 부산대점,부산광역시 금정구 구서동 471-2,5,,,,,,,,
육칠이 부산대점,부산광역시 금정구 구서동 471-2,6,,,,,,,,
발빠닭,부산광역시 금정구 구서동 471-3,0,,,,,,,,
발빠닭,부산광역시 금정구 구서동 471-3,1,,,,,,,,
발빠닭,부산광역시 금정구 구서동 471-3,2,,,,,,,,
발빠닭,부산광역시 금정구 구서동 471-3,3,,,,,,,,
발빠닭,부산광역시 금정구 구서동 471-3,4,,,,,,,,
발빠닭,부산광역시 금정구 구서동 471-3,5,,,,,,,,
발빠닭,부산광역시 금정구 구서동 471-3,6,,,,,,,,
토핑폭탄 금정점,부산광역시 금정구 구서동 471-6,0,,,,,,,,
토핑폭탄 금정점,부산광역시 금정구 구서동 471-6,1,,,,,,,,
토핑폭탄 금정점,부산광역시 금정구 구서동 471-6,2,,,,,,,,
토핑폭탄 금정점,부산광역시 금정구 구서동 471-6,3,,,,,,,,
토핑폭탄 금정점,부산광역시 금정구 구서동 471-6,4,,,,,,,,
토핑폭탄 금정점,부산광역시 금정구 구서동 471-6,5,,,,,,,,
토핑폭탄 금정점,부산광역시 금정구 구서동 471-6,6,,,,,,,,
원카츠 구서점,부산광역시 금정구 구서동 471-8,0,,,,,,,,
원카츠 구서점,부산광역시 금정구 구서동 471-8,1,,,,,,,,
원카츠 구서점,부산광역시 금정구 구서동 471-8,2,,,,,,,,
원카츠 구서점,부산광역시 금정구 구서동 471-8,3,,,,,,,,
원카츠 구서점,부산광역시 금정구 구서동 471-8,4,,,,,,,,
원카츠 구서점,부산광역시 금정구 구서동 471-8,5,,,,,,,,
원카츠 구서점,부산광역시 금정구 구서동 471-8,6,,,,,,,,
건뚱네김치속돼지 금정점,부산광역시 금정구 구서동 472-2,0,,,,,,,,
건뚱네김치속돼지 금정점,부산광역시 금정구 구서동 472-2,1,,,,,,,,
건뚱네김치속돼지 금정점,부산광역시 금정구 구서동 472-2,2,,,,,,,,
건뚱네김치속돼지 금정점,부산광역시 금정구 구서동 472-2,3,,,,,,,,
건뚱네김치속돼지 금정점,부산광역시 금정구 구서동 472-2,4,,,,,,,,
건뚱네김치속돼지 금정점,부산광역시 금정구 구서동 472-2,5,,,,,,,,
건뚱네김치속돼지 금정점,부산광역시 금정구 구서동 472-2,6,,,,,,,,
투가이즈,부산광역시 금정구 구서동 472-3,0,,,,,,,,
투가이즈,부산광역시 금정구 구서동 472-3,1,,,,,,,,
투가이즈,부산광역시 금정구 구서동 472-3,2,,,,,,,,
투가이즈,부산광역시 금정구 구서동 472-3,3,,,,,,,,
투가이즈,부산광역시 금정구 구서동 472-3,4,,,,,,,,
투가이즈,부산광역시 금정구 구서동 472-3,5,,,,,,,,
투가이즈,부산광역시 금정구 구서동 472-3,6,,,,,,,,
외식27번가,부산광역시 금정구 구서동 637-12,0,,,,,,,,
외식27번가,부산광역시 금정구 구서동 637-12,1,,,,,,,,
외식27번가,부산광역시 금정구 구서동 637-12,2,,,,,,,,
외식27번가,부산광역시 금정구 구서동 637-12,3,,,,,,,,
외식27번가,부산광역시 금정구 구서동 637-12,4,,,,,,,,
외식27번가,부산광역시 금정구 구서동 637-12,5,,,,,,,,
외식27번가,부산광역시 금정구 구서동 637-12,6,,,,,,,,
장보고회수산센타,부산광역시 금정구 구서동 637-12,0,,,,,,,,
장보고회수산센타,부산광역시 금정구 구서동 637-12,1,,,,,,,,
장보고회수산센타,부산광역시 금정구 구서동 637-12,2,,,,,,,,
장보고회수산센타,부산광역시 금정구 구서동 637-12,3,,,,,,,,
장보고회수산센타,부산광역시 금정구 구서동 637-12,4,,,,,,,,
장보고회수산센타,부산광역시 금정구 구서동 637-12,5,,,,,,,,
장보고회수산센타,부산광역시 금정구 구서동 637-12,6,,,,,,,,
바다양푼이동태탕,부산광역시 금정구 구서동 637-14,0,,,,,,,,
바다양푼이동태탕,부산광역시 금정구 구서동 637-14,1,,,,,,,,
바다양푼이동태탕,부산광역시 금정구 구서동 637-14,2,,,,,,,,
바다양푼이동태탕,부산광역시 금정구 구서동 637-14,3,,,,,,,,
바다양푼이동태탕,부산광역시 금정구 구서동 637-14,4,,,,,,,,
바다양푼이동태탕,부산광역시 금정구 구서동 637-14,5,,,,,,,,
바다양푼이동태탕,부산광역시 금정구 구서동 637-14,6,,,,,,,,
돈모리,부산광역시 금정구 구서동 637-2,0,,,,,,,,
돈모리,부산광역시 금정구 구서동 637-2,1,,,,,,,,
돈모리,부산광역시 금정구 구서동 637-2,2,,,,,,,,
돈모리,부산광역시 금정구 구서동 637-2,3,,,,,,,,
돈모리,부산광역시 금정구 구서동 637-2,4,,,,,,,,
돈모리,부산광역시 금정구 구서동 637-2,5,,,,,,,,
돈모리,부산광역시 금정구 구서동 637-2,6,,,,,,,,
삼겹식당,부산광역시 금정구 구서동 637-4,0,,,,,,,,
삼겹식당,부산광역시 금정구 구서동 637-4,1,,,,,,,,
삼겹식당,부산광역시 금정구 구서동 637-4,2,,,,,,,,
삼겹식당,부산광역시 금정구 구서동 637-4,3,,,,,,,,
삼겹식당,부산광역시 금정구 구서동 637-4,4,,,,,,,,
삼겹식당,부산광역시 금정구 구서동 637-4,5,,,,,,,,
삼겹식당,부산광역시 금정구 구서동 637-4,6,,,,,,,,
피자스쿨 부산두실점,부산광역시 금정구 구서동 653-20,0,,,,,,,,
피자스쿨 부산두실점,부산광역시 금정구 구서동 653-20,1,,,,,,,,
피자스쿨 부산두실점,부산광역시 금정구 구서동 653-20,2,,,,,,,,
피자스쿨 부산두실점,부산광역시 금정구 구서동 653-20,3,,,,,,,,
피자스쿨 부산두실점,부산광역시 금정구 구서동 653-20,4,,,,,,,,
피자스쿨 부산두실점,부산광역시 금정구 구서동 653-20,5,,,,,,,,
피자스쿨 부산두실점,부산광역시 금정구 구서동 653-20,6,,,,,,,,
동원장수촌 구서점,부산광역시 금정구 구서동 654-14,0,,,,,,,,
동원장수촌 구서점,부산광역시 금정구 구서동 654-14,1,,,,,,,,
동원장수촌 구서점,부산광역시 금정구 구서동 654-14,2,,,,,,,,
동원장수촌 구서점,부산광역시 금정구 구서동 654-14,3,,,,,,,,
동원장수촌 구서점,부산광역시 금정구 구서동 654-14,4,,,,,,,,
동원장수촌 구서점,부산광역시 금정구 구서동 654-14,5,,,,,,,,
동원장수촌 구서점,부산광역시 금정구 구서동 654-14,6,,,,,,,,
구서회도매센타,부산광역시 금정구 구서동 654-3,0,,,,,,,,
구서회도매센타,부산광역시 금정구 구서동 654-3,1,,,,,,,,
구서회도매센타,부산광역시 금정구 구서동 654-3,2,,,,,,,,
구서회도매센타,부산광역시 금정구 구서동 654-3,3,,,,,,,,
구서회도매센타,부산광역시 금정구 구서동 654-3,4,,,,,,,,
구서회도매센타,부산광역시 금정구 구서동 654-3,5,,,,,,,,
구서회도매센타,부산광역시 금정구 구서동 654-3,6,,,,,,,,
조방낙지,부산광역시 금정구 구서동 654-35,0,,,,,,,,
조방낙지,부산광역시 금정구 구서동 654-35,1,,,,,,,,
조방낙지,부산광역시 금정구 구서동 654-35,2,,,,,,,,
조방낙지,부산광역시 금정구 구서동 654-35,3,,,,,,,,
조방낙지,부산광역시 금정구 구서동 654-35,4,,,,,,,,
조방낙지,부산광역시 금정구 구서동 654-35,5,,,,,,,,
조방낙지,부산광역시 금정구 구서동 654-35,6,,,,,,,,
윤가수산국수,부산광역시 금정구 구서동 654-42,0,,,,,,,,
윤가수산국수,부산광역시 금정구 구서동 654-42,1,,,,,,,,
윤가수산국수,부산광역시 금정구 구서동 654-42,2,,,,,,,,
윤가수산국수,부산광역시 금정구 구서동 654-42,3,,,,,,,,
윤가수산국수,부산광역시 금정구 구서동 654-42,4,,,,,,,,
윤가수산국수,부산광역시 금정구 구서동 654-42,5,,,,,,,,
윤가수산국수,부산광역시 금정구 구서동 654-42,6,,,,,,,,
부경그집쭈꾸미,부산광역시 금정구 구서동 654-5,0,,,,,,,,
부경그집쭈꾸미,부산광역시 금정구 구서동 654-5,1,,,,,,,,
부경그집쭈꾸미,부산광역시 금정구 구서동 654-5,2,,,,,,,,
부경그집쭈꾸미,부산광역시 금정구 구서동 654-5,3,,,,,,,,
부경그집쭈꾸미,부산광역시 금정구 구서동 654-5,4,,,,,,,,
부경그집쭈꾸미,부산광역시 금정구 구서동 654-5,5,,,,,,,,
부경그집쭈꾸미,부산광역시 금정구 구서동 654-5,6,,,,,,,,
사천아구찜,부산광역시 금정구 구서동 655-1,0,,,,,,,,
사천아구찜,부산광역시 금정구 구서동 655-1,1,,,,,,,,
사천아구찜,부산광역시 금정구 구서동 655-1,2,,,,,,,,
사천아구찜,부산광역시 금정구 구서동 655-1,3,,,,,,,,
사천아구찜,부산광역시 금정구 구서동 655-1,4,,,,,,,,
사천아구찜,부산광역시 금정구 구서동 655-1,5,,,,,,,,
사천아구찜,부산광역시 금정구 구서동 655-1,6,,,,,,,,
아리산,부산광역시 금정구 구서동 655-12,0,,,,,,,,
아리산,부산광역시 금정구 구서동 655-12,1,,,,,,,,
아리산,부산광역시 금정구 구서동 655-12,2,,,,,,,,
아리산,부산광역시 금정구 구서동 655-12,3,,,,,,,,
아리산,부산광역시 금정구 구서동 655-12,4,,,,,,,,
아리산,부산광역시 금정구 구서동 655-12,5,,,,,,,,
아리산,부산광역시 금정구 구서동 655-12,6,,,,,,,,
네번째갈비,부산광역시 금정구 구서동 655-17,0,,,,,,,,
네번째갈비,부산광역시 금정구 구서동 655-17,1,,,,,,,,
네번째갈비,부산광역시 금정구 구서동 655-17,2,,,,,,,,
네번째갈비,부산광역시 금정구 구서동 655-17,3,,,,,,,,
네번째갈비,부산광역시 금정구 구서동 655-17,4,,,,,,,,
네번째갈비,부산광역시 금정구 구서동 655-17,5,,,,,,,,
네번째갈비,부산광역시 금정구 구서동 655-17,6,,,,,,,,
토마토도시락구서점,부산광역시 금정구 구서동 655-18,0,,,,,,,,
토마토도시락구서점,부산광역시 금정구 구서동 655-18,1,,,,,,,,
토마토도시락구서점,부산광역시 금정구 구서동 655-18,2,,,,,,,,
토마토도시락구서점,부산광역시 금정구 구서동 655-18,3,,,,,,,,
토마토도시락구서점,부산광역시 금정구 구서동 655-18,4,,,,,,,,
토마토도시락구서점,부산광역시 금정구 구서동 655-18,5,,,,,,,,
토마토도시락구서점,부산광역시 금정구 구서동 655-18,6,,,,,,,,
상상짬뽕,부산광역시 금정구 구서동 655-20,0,,,,,,,,
상상짬뽕,부산광역시 금정구 구서동 655-20,1,,,,,,,,
상상짬뽕,부산광역시 금정구 구서동 655-20,2,,,,,,,,
상상짬뽕,부산광역시 금정구 구서동 655-20,3,,,,,,,,
상상짬뽕,부산광역시 금정구 구서동 655-20,4,,,,,,,,
상상짬뽕,부산광역시 금정구 구서동 655-20,5,,,,,,,,
상상짬뽕,부산광역시 금정구 구서동 655-20,6,,,,,,,,
소림마라 금정점,부산광역시 금정구 구서동 656-4,0,,,,,,,,
소림마라 금정점,부산광역시 금정구 구서동 656-4,1,,,,,,,,
소림마라 금정점,부산광역시 금정구 구서동 656-4,2,,,,,,,,
소림마라 금정점,부산광역시 금정구 구서동 656-4,3,,,,,,,,
소림마라 금정점,부산광역시 금정구 구서동 656-4,4,,,,,,,,
소림마라 금정점,부산광역시 금정구 구서동 656-4,5,,,,,,,,
소림마라 금정점,부산광역시 금정구 구서동 656-4,6,,,,,,,,
애한마음고기집,부산광역시 금정구 구서동 735-25,0,,,,,,,,
애한마음고기집,부산광역시 금정구 구서동 735-25,1,,,,,,,,
애한마음고기집,부산광역시 금정구 구서동 735-25,2,,,,,,,,
애한마음고기집,부산광역시 금정구 구서동 735-25,3,,,,,,,,
애한마음고기집,부산광역시 금정구 구서동 735-25,4,,,,,,,,
애한마음고기집,부산광역시 금정구 구서동 735-25,5,,,,,,,,
애한마음고기집,부산광역시 금정구 구서동 735-25,6,,,,,,,,
호주에서온스시,부산광역시 금정구 구서동 735-30,0,,,,,,,,
호주에서온스시,부산광역시 금정구 구서동 735-30,1,,,,,,,,
호주에서온스시,부산광역시 금정구 구서동 735-30,2,,,,,,,,
호주에서온스시,부산광역시 금정구 구서동 735-30,3,,,,,,,,
호주에서온스시,부산광역시 금정구 구서동 735-30,4,,,,,,,,
호주에서온스시,부산광역시 금정구 구서동 735-30,5,,,,,,,,
호주에서온스시,부산광역시 금정구 구서동 735-30,6,,,,,,,,
승승구서점,부산광역시 금정구 구서동 742-20,0,,,,,,,,
승승구서점,부산광역시 금정구 구서동 742-20,1,,,,,,,,
승승구서점,부산광역시 금정구 구서동 742-20,2,,,,,,,,
승승구서점,부산광역시 금정구 구서동 742-20,3,,,,,,,,
승승구서점,부산광역시 금정구 구서동 742-20,4,,,,,,,,
승승구서점,부산광역시 금정구 구서동 742-20,5,,,,,,,,
승승구서점,부산광역시 금정구 구서동 742-20,6,,,,,,,,
제육의고수,부산광역시 금정구 구서동 742-35,0,,,,,,,,
제육의고수,부산광역시 금정구 구서동 742-35,1,,,,,,,,
제육의고수,부산광역시 금정구 구서동 742-35,2,,,,,,,,
제육의고수,부산광역시 금정구 구서동 742-35,3,,,,,,,,
제육의고수,부산광역시 금정구 구서동 742-35,4,,,,,,,,
제육의고수,부산광역시 금정구 구서동 742-35,5,,,,,,,,
제육의고수,부산광역시 금정구 구서동 742-35,6,,,,,,,,
파스타엣지&샐러드,부산광역시 금정구 구서동 747-23,0,,,,,,,,
파스타엣지&샐러드,부산광역시 금정구 구서동 747-23,1,,,,,,,,
파스타엣지&샐러드,부산광역시 금정구 구서동 747-23,2,,,,,,,,
파스타엣지&샐러드,부산광역시 금정구 구서동 747-23,3,,,,,,,,
파스타엣지&샐러드,부산광역시 금정구 구서동 747-23,4,,,,,,,,
파스타엣지&샐러드,부산광역시 금정구 구서동 747-23,5,,,,,,,,
파스타엣지&샐러드,부산광역시 금정구 구서동 747-23,6,,,,,,,,
중국성,부산광역시 금정구 구서동 75,0,,,,,,,,
중국성,부산광역시 금정구 구서동 75,1,,,,,,,,
중국성,부산광역시 금정구 구서동 75,2,,,,,,,,
중국성,부산광역시 금정구 구서동 75,3,,,,,,,,
중국성,부산광역시 금정구 구서동 75,4,,,,,,,,
중국성,부산광역시 금정구 구서동 75,5,,,,,,,,
중국성,부산광역시 금정구 구서동 75,6,,,,,,,,
찌웅이네숯불두마리치킨,부산광역시 금정구 구서동 775-13,0,,,,,,,,
찌웅이네숯불두마리치킨,부산광역시 금정구 구서동 775-13,1,,,,,,,,
찌웅이네숯불두마리치킨,부산광역시 금정구 구서동 775-13,2,,,,,,,,
찌웅이네숯불두마리치킨,부산광역시 금정구 구서동 775-13,3,,,,,,,,
찌웅이네숯불두마리치킨,부산광역시 금정구 구서동 775-13,4,,,,,,,,
찌웅이네숯불두마리치킨,부산광역시 금정구 구서동 775-13,5,,,,,,,,
찌웅이네숯불두마리치킨,부산광역시 금정구 구서동 775-13,6,,,,,,,,
죽이야기 구서롯데캐슬점,부산광역시 금정구 구서동 775-5,0,,,,,,,,
죽이야기 구서롯데캐슬점,부산광역시 금정구 구서동 775-5,1,,,,,,,,
죽이야기 구서롯데캐슬점,부산광역시 금정구 구서동 775-5,2,,,,,,,,
죽이야기 구서롯데캐슬점,부산광역시 금정구 구서동 775-5,3,,,,,,,,
죽이야기 구서롯데캐슬점,부산광역시 금정구 구서동 775-5,4,,,,,,,,
죽이야기 구서롯데캐슬점,부산광역시 금정구 구서동 775-5,5,,,,,,,,
죽이야기 구서롯데캐슬점,부산광역시 금정구 구서동 775-5,6,,,,,,,,
푸라닭 부산구서점,부산광역시 금정구 구서동 775-8,0,,,,,,,,
푸라닭 부산구서점,부산광역시 금정구 구서동 775-8,1,,,,,,,,
푸라닭 부산구서점,부산광역시 금정구 구서동 775-8,2,,,,,,,,
푸라닭 부산구서점,부산광역시 금정구 구서동 775-8,3,,,,,,,,
푸라닭 부산구서점,부산광역시 금정구 구서동 775-8,4,,,,,,,,
푸라닭 부산구서점,부산광역시 금정구 구서동 775-8,5,,,,,,,,
푸라닭 부산구서점,부산광역시 금정구 구서동 775-8,6,,,,,,,,
해도수산센터,부산광역시 금정구 구서동 809-5,0,,,,,,,,
해도수산센터,부산광역시 금정구 구서동 809-5,1,,,,,,,,
해도수산센터,부산광역시 금정구 구서동 809-5,2,,,,,,,,
해도수산센터,부산광역시 금정구 구서동 809-5,3,,,,,,,,
해도수산센터,부산광역시 금정구 구서동 809-5,4,,,,,,,,
해도수산센터,부산광역시 금정구 구서동 809-5,5,,,,,,,,
해도수산센터,부산광역시 금정구 구서동 809-5,6,,,,,,,,
삼성식당,부산광역시 금정구 구서동 81-11,0,,,,,,,,
삼성식당,부산광역시 금정구 구서동 81-11,1,,,,,,,,
삼성식당,부산광역시 금정구 구서동 81-11,2,,,,,,,,
삼성식당,부산광역시 금정구 구서동 81-11,3,,,,,,,,
삼성식당,부산광역시 금정구 구서동 81-11,4,,,,,,,,
삼성식당,부산광역시 금정구 구서동 81-11,5,,,,,,,,
삼성식당,부산광역시 금정구 구서동 81-11,6,,,,,,,,
동해식당,부산광역시 금정구 구서동 82-4,0,,,,,,,,
동해식당,부산광역시 금정구 구서동 82-4,1,,,,,,,,
동해식당,부산광역시 금정구 구서동 82-4,2,,,,,,,,
동해식당,부산광역시 금정구 구서동 82-4,3,,,,,,,,
동해식당,부산광역시 금정구 구서동 82-4,4,,,,,,,,
동해식당,부산광역시 금정구 구서동 82-4,5,,,,,,,,
동해식당,부산광역시 금정구 구서동 82-4,6,,,,,,,,
KFC부산 구서DT,부산광역시 금정구 구서동 83-1,0,,,,,,,,
KFC부산 구서DT,부산광역시 금정구 구서동 83-1,1,,,,,,,,
KFC부산 구서DT,부산광역시 금정구 구서동 83-1,2,,,,,,,,
KFC부산 구서DT,부산광역시 금정구 구서동 83-1,3,,,,,,,,
KFC부산 구서DT,부산광역시 금정구 구서동 83-1,4,,,,,,,,
KFC부산 구서DT,부산광역시 금정구 구서동 83-1,5,,,,,,,,
KFC부산 구서DT,부산광역시 금정구 구서동 83-1,6,,,,,,,,
금정식당,부산광역시 금정구 구서동 84-1,0,,,,,,,,
금정식당,부산광역시 금정구 구서동 84-1,1,,,,,,,,
금정식당,부산광역시 금정구 구서동 84-1,2,,,,,,,,
금정식당,부산광역시 금정구 구서동 84-1,3,,,,,,,,
금정식당,부산광역시 금정구 구서동 84-1,4,,,,,,,,
금정식당,부산광역시 금정구 구서동 84-1,5,,,,,,,,
금정식당,부산광역시 금정구 구서동 84-1,6,,,,,,,,
배비장보쌈구서,부산광역시 금정구 구서동 84-15,0,,,,,,,,
배비장보쌈구서,부산광역시 금정구 구서동 84-15,1,,,,,,,,
배비장보쌈구서,부산광역시 금정구 구서동 84-15,2,,,,,,,,
배비장보쌈구서,부산광역시 금정구 구서동 84-15,3,,,,,,,,
배비장보쌈구서,부산광역시 금정구 구서동 84-15,4,,,,,,,,
배비장보쌈구서,부산광역시 금정구 구서동 84-15,5,,,,,,,,
배비장보쌈구서,부산광역시 금정구 구서동 84-15,6,,,,,,,,
오복미역,부산광역시 금정구 구서동 84-17,0,,,,,,,,
오복미역,부산광역시 금정구 구서동 84-17,1,,,,,,,,
오복미역,부산광역시 금정구 구서동 84-17,2,,,,,,,,
오복미역,부산광역시 금정구 구서동 84-17,3,,,,,,,,
오복미역,부산광역시 금정구 구서동 84-17,4,,,,,,,,
오복미역,부산광역시 금정구 구서동 84-17,5,,,,,,,,
오복미역,부산광역시 금정구 구서동 84-17,6,,,,,,,,
원참가자미횟집,부산광역시 금정구 구서동 84-2,0,,,,,,,,
원참가자미횟집,부산광역시 금정구 구서동 84-2,1,,,,,,,,
원참가자미횟집,부산광역시 금정구 구서동 84-2,2,,,,,,,,
원참가자미횟집,부산광역시 금정구 구서동 84-2,3,,,,,,,,
원참가자미횟집,부산광역시 금정구 구서동 84-2,4,,,,,,,,
원참가자미횟집,부산광역시 금정구 구서동 84-2,5,,,,,,,,
원참가자미횟집,부산광역시 금정구 구서동 84-2,6,,,,,,,,
짬뽕관부산구서점,부산광역시 금정구 구서동 84-2,0,,,,,,,,
짬뽕관부산구서점,부산광역시 금정구 구서동 84-2,1,,,,,,,,
짬뽕관부산구서점,부산광역시 금정구 구서동 84-2,2,,,,,,,,
짬뽕관부산구서점,부산광역시 금정구 구서동 84-2,3,,,,,,,,
짬뽕관부산구서점,부산광역시 금정구 구서동 84-2,4,,,,,,,,
짬뽕관부산구서점,부산광역시 금정구 구서동 84-2,5,,,,,,,,
짬뽕관부산구서점,부산광역시 금정구 구서동 84-2,6,,,,,,,,
에스프레소,부산광역시 금정구 구서동 843-3,0,,,,,,,,
에스프레소,부산광역시 금정구 구서동 843-3,1,,,,,,,,
에스프레소,부산광역시 금정구 구서동 843-3,2,,,,,,,,
에스프레소,부산광역시 금정구 구서동 843-3,3,,,,,,,,
에스프레소,부산광역시 금정구 구서동 843-3,4,,,,,,,,
에스프레소,부산광역시 금정구 구서동 843-3,5,,,,,,,,
에스프레소,부산광역시 금정구 구서동 843-3,6,,,,,,,,
더도이종가집돼지국밥,부산광역시 금정구 구서동 84-4,0,,,,,,,,
더도이종가집돼지국밥,부산광역시 금정구 구서동 84-4,1,,,,,,,,
더도이종가집돼지국밥,부산광역시 금정구 구서동 84-4,2,,,,,,,,
더도이종가집돼지국밥,부산광역시 금정구 구서동 84-4,3,,,,,,,,
더도이종가집돼지국밥,부산광역시 금정구 구서동 84-4,4,,,,,,,,
더도이종가집돼지국밥,부산광역시 금정구 구서동 84-4,5,,,,,,,,
더도이종가집돼지국밥,부산광역시 금정구 구서동 84-4,6,,,,,,,,
장충동왕족발 구서점,부산광역시 금정구 구서동 844-4,0,,,,,,,,
장충동왕족발 구서점,부산광역시 금정구 구서동 844-4,1,,,,,,,,
장충동왕족발 구서점,부산광역시 금정구 구서동 844-4,2,,,,,,,,
장충동왕족발 구서점,부산광역시 금정구 구서동 844-4,3,,,,,,,,
장충동왕족발 구서점,부산광역시 금정구 구서동 844-4,4,,,,,,,,
장충동왕족발 구서점,부산광역시 금정구 구서동 844-4,5,,,,,,,,
장충동왕족발 구서점,부산광역시 금정구 구서동 844-4,6,,,,,,,,
김인규돈까스 전문점,부산광역시 금정구 구서동 84-6,0,,,,,,,,
김인규돈까스 전문점,부산광역시 금정구 구서동 84-6,1,,,,,,,,
김인규돈까스 전문점,부산광역시 금정구 구서동 84-6,2,,,,,,,,
김인규돈까스 전문점,부산광역시 금정구 구서동 84-6,3,,,,,,,,
김인규돈까스 전문점,부산광역시 금정구 구서동 84-6,4,,,,,,,,
김인규돈까스 전문점,부산광역시 금정구 구서동 84-6,5,,,,,,,,
김인규돈까스 전문점,부산광역시 금정구 구서동 84-6,6,,,,,,,,
장수돼지국밥,부산광역시 금정구 구서동 84-6,0,,,,,,,,
장수돼지국밥,부산광역시 금정구 구서동 84-6,1,,,,,,,,
장수돼지국밥,부산광역시 금정구 구서동 84-6,2,,,,,,,,
장수돼지국밥,부산광역시 금정구 구서동 84-6,3,,,,,,,,
장수돼지국밥,부산광역시 금정구 구서동 84-6,4,,,,,,,,
장수돼지국밥,부산광역시 금정구 구서동 84-6,5,,,,,,,,
장수돼지국밥,부산광역시 금정구 구서동 84-6,6,,,,,,,,
소문난촌국수,부산광역시 금정구 구서동 85-1,0,,,,,,,,
소문난촌국수,부산광역시 금정구 구서동 85-1,1,,,,,,,,
소문난촌국수,부산광역시 금정구 구서동 85-1,2,,,,,,,,
소문난촌국수,부산광역시 금정구 구서동 85-1,3,,,,,,,,
소문난촌국수,부산광역시 금정구 구서동 85-1,4,,,,,,,,
소문난촌국수,부산광역시 금정구 구서동 85-1,5,,,,,,,,
소문난촌국수,부산광역시 금정구 구서동 85-1,6,,,,,,,,
폭풍장어,부산광역시 금정구 구서동 85-30,0,,,,,,,,
폭풍장어,부산광역시 금정구 구서동 85-30,1,,,,,,,,
폭풍장어,부산광역시 금정구 구서동 85-30,2,,,,,,,,
폭풍장어,부산광역시 금정구 구서동 85-30,3,,,,,,,,
폭풍장어,부산광역시 금정구 구서동 85-30,4,,,,,,,,
폭풍장어,부산광역시 금정구 구서동 85-30,5,,,,,,,,
폭풍장어,부산광역시 금정구 구서동 85-30,6,,,,,,,,
청송양곱창,부산광역시 금정구 구서동 85-4,0,,,,,,,,
청송양곱창,부산광역시 금정구 구서동 85-4,1,,,,,,,,
청송양곱창,부산광역시 금정구 구서동 85-4,2,,,,,,,,
청송양곱창,부산광역시 금정구 구서동 85-4,3,,,,,,,,
청송양곱창,부산광역시 금정구 구서동 85-4,4,,,,,,,,
청송양곱창,부산광역시 금정구 구서동 85-4,5,,,,,,,,
청송양곱창,부산광역시 금정구 구서동 85-4,6,,,,,,,,
정직유부구서역점,부산광역시 금정구 구서동 86-10,0,,,,,,,,
정직유부구서역점,부산광역시 금정구 구서동 86-10,1,,,,,,,,
정직유부구서역점,부산광역시 금정구 구서동 86-10,2,,,,,,,,
정직유부구서역점,부산광역시 금정구 구서동 86-10,3,,,,,,,,
정직유부구서역점,부산광역시 금정구 구서동 86-10,4,,,,,,,,
정직유부구서역점,부산광역시 금정구 구서동 86-10,5,,,,,,,,
정직유부구서역점,부산광역시 금정구 구서동 86-10,6,,,,,,,,
그린하노이,부산광역시 금정구 구서동 86-17,0,,,,,,,,
그린하노이,부산광역시 금정구 구서동 86-17,1,,,,,,,,
그린하노이,부산광역시 금정구 구서동 86-17,2,,,,,,,,
그린하노이,부산광역시 금정구 구서동 86-17,3,,,,,,,,
그린하노이,부산광역시 금정구 구서동 86-17,4,,,,,,,,
그린하노이,부산광역시 금정구 구서동 86-17,5,,,,,,,,
그린하노이,부산광역시 금정구 구서동 86-17,6,,,,,,,,
양평해장국,부산광역시 금정구 구서동 86-23,0,,,,,,,,
양평해장국,부산광역시 금정구 구서동 86-23,1,,,,,,,,
양평해장국,부산광역시 금정구 구서동 86-23,2,,,,,,,,
양평해장국,부산광역시 금정구 구서동 86-23,3,,,,,,,,
양평해장국,부산광역시 금정구 구서동 86-23,4,,,,,,,,
양평해장국,부산광역시 금정구 구서동 86-23,5,,,,,,,,
양평해장국,부산광역시 금정구 구서동 86-23,6,,,,,,,,
남도오리,부산광역시 금정구 구서동 86-26,0,,,,,,,,
남도오리,부산광역시 금정구 구서동 86-26,1,,,,,,,,
남도오리,부산광역시 금정구 구서동 86-26,2,,,,,,,,
남도오리,부산광역시 금정구 구서동 86-26,3,,,,,,,,
남도오리,부산광역시 금정구 구서동 86-26,4,,,,,,,,
남도오리,부산광역시 금정구 구서동 86-26,5,,,,,,,,
남도오리,부산광역시 금정구 구서동 86-26,6,,,,,,,,
만만한게국밥,부산광역시 금정구 구서동 86-42,0,,,,,,,,
만만한게국밥,부산광역시 금정구 구서동 86-42,1,,,,,,,,
만만한게국밥,부산광역시 금정구 구서동 86-42,2,,,,,,,,
만만한게국밥,부산광역시 금정구 구서동 86-42,3,,,,,,,,
만만한게국밥,부산광역시 금정구 구서동 86-42,4,,,,,,,,
만만한게국밥,부산광역시 금정구 구서동 86-42,5,,,,,,,,
만만한게국밥,부산광역시 금정구 구서동 86-42,6,,,,,,,,
땅스부대찌개,부산광역시 금정구 구서동 86-48,0,,,,,,,,
땅스부대찌개,부산광역시 금정구 구서동 86-48,1,,,,,,,,
땅스부대찌개,부산광역시 금정구 구서동 86-48,2,,,,,,,,
땅스부대찌개,부산광역시 금정구 구서동 86-48,3,,,,,,,,
땅스부대찌개,부산광역시 금정구 구서동 86-48,4,,,,,,,,
땅스부대찌개,부산광역시 금정구 구서동 86-48,5,,,,,,,,
땅스부대찌개,부산광역시 금정구 구서동 86-48,6,,,,,,,,
샐러디 부산구서역점,부산광역시 금정구 구서동 86-55,0,,,,,,,,
샐러디 부산구서역점,부산광역시 금정구 구서동 86-55,1,,,,,,,,
샐러디 부산구서역점,부산광역시 금정구 구서동 86-55,2,,,,,,,,
샐러디 부산구서역점,부산광역시 금정구 구서동 86-55,3,,,,,,,,
샐러디 부산구서역점,부산광역시 금정구 구서동 86-55,4,,,,,,,,
샐러디 부산구서역점,부산광역시 금정구 구서동 86-55,5,,,,,,,,
샐러디 부산구서역점,부산광역시 금정구 구서동 86-55,6,,,,,,,,
왕대박돼지국밥,부산광역시 금정구 구서동 86-83,0,,,,,,,,
왕대박돼지국밥,부산광역시 금정구 구서동 86-83,1,,,,,,,,
왕대박돼지국밥,부산광역시 금정구 구서동 86-83,2,,,,,,,,
왕대박돼지국밥,부산광역시 금정구 구서동 86-83,3,,,,,,,,
왕대박돼지국밥,부산광역시 금정구 구서동 86-83,4,,,,,,,,
왕대박돼지국밥,부산광역시 금정구 구서동 86-83,5,,,,,,,,
왕대박돼지국밥,부산광역시 금정구 구서동 86-83,6,,,,,,,,
경주추어탕,부산광역시 금정구 구서동 86-85,0,,,,,,,,
경주추어탕,부산광역시 금정구 구서동 86-85,1,,,,,,,,
경주추어탕,부산광역시 금정구 구서동 86-85,2,,,,,,,,
경주추어탕,부산광역시 금정구 구서동 86-85,3,,,,,,,,
경주추어탕,부산광역시 금정구 구서동 86-85,4,,,,,,,,
경주추어탕,부산광역시 금정구 구서동 86-85,5,,,,,,,,
경주추어탕,부산광역시 금정구 구서동 86-85,6,,,,,,,,
골목보리밥,부산광역시 금정구 구서동 86-86,0,,,,,,,,
골목보리밥,부산광역시 금정구 구서동 86-86,1,,,,,,,,
골목보리밥,부산광역시 금정구 구서동 86-86,2,,,,,,,,
골목보리밥,부산광역시 금정구 구서동 86-86,3,,,,,,,,
골목보리밥,부산광역시 금정구 구서동 86-86,4,,,,,,,,
골목보리밥,부산광역시 금정구 구서동 86-86,5,,,,,,,,
골목보리밥,부산광역시 금정구 구서동 86-86,6,,,,,,,,
삼형제쭈꾸미,부산광역시 금정구 구서동 86-86,0,,,,,,,,
삼형제쭈꾸미,부산광역시 금정구 구서동 86-86,1,,,,,,,,
삼형제쭈꾸미,부산광역시 금정구 구서동 86-86,2,,,,,,,,
삼형제쭈꾸미,부산광역시 금정구 구서동 86-86,3,,,,,,,,
삼형제쭈꾸미,부산광역시 금정구 구서동 86-86,4,,,,,,,,
삼형제쭈꾸미,부산광역시 금정구 구서동 86-86,5,,,,,,,,
삼형제쭈꾸미,부산광역시 금정구 구서동 86-86,6,,,,,,,,
가거도회물나라,부산광역시 금정구 구서동 86-87,0,,,,,,,,
가거도회물나라,부산광역시 금정구 구서동 86-87,1,,,,,,,,
가거도회물나라,부산광역시 금정구 구서동 86-87,2,,,,,,,,
가거도회물나라,부산광역시 금정구 구서동 86-87,3,,,,,,,,
가거도회물나라,부산광역시 금정구 구서동 86-87,4,,,,,,,,
가거도회물나라,부산광역시 금정구 구서동 86-87,5,,,,,,,,
가거도회물나라,부산광역시 금정구 구서동 86-87,6,,,,,,,,
피자헛 구서점,부산광역시 금정구 구서동 86-89,0,,,,,,,,
피자헛 구서점,부산광역시 금정구 구서동 86-89,1,,,,,,,,
피자헛 구서점,부산광역시 금정구 구서동 86-89,2,,,,,,,,
피자헛 구서점,부산광역시 금정구 구서동 86-89,3,,,,,,,,
피자헛 구서점,부산광역시 금정구 구서동 86-89,4,,,,,,,,
피자헛 구서점,부산광역시 금정구 구서동 86-89,5,,,,,,,,
피자헛 구서점,부산광역시 금정구 구서동 86-89,6,,,,,,,,
서울마님죽,부산광역시 금정구 구서동 87-1,0,,,,,,,,
서울마님죽,부산광역시 금정구 구서동 87-1,1,,,,,,,,
서울마님죽,부산광역시 금정구 구서동 87-1,2,,,,,,,,
서울마님죽,부산광역시 금정구 구서동 87-1,3,,,,,,,,
서울마님죽,부산광역시 금정구 구서동 87-1,4,,,,,,,,
서울마님죽,부산광역시 금정구 구서동 87-1,5,,,,,,,,
서울마님죽,부산광역시 금정구 구서동 87-1,6,,,,,,,,
비룡각,부산광역시 금정구 구서동 87-12,0,,,,,,,,
비룡각,부산광역시 금정구 구서동 87-12,1,,,,,,,,
비룡각,부산광역시 금정구 구서동 87-12,2,,,,,,,,
비룡각,부산광역시 금정구 구서동 87-12,3,,,,,,,,
비룡각,부산광역시 금정구 구서동 87-12,4,,,,,,,,
비룡각,부산광역시 금정구 구서동 87-12,5,,,,,,,,
비룡각,부산광역시 금정구 구서동 87-12,6,,,,,,,,
제주집,부산광역시 금정구 구서동 87-13,0,,,,,,,,
제주집,부산광역시 금정구 구서동 87-13,1,,,,,,,,
제주집,부산광역시 금정구 구서동 87-13,2,,,,,,,,
제주집,부산광역시 금정구 구서동 87-13,3,,,,,,,,
제주집,부산광역시 금정구 구서동 87-13,4,,,,,,,,
제주집,부산광역시 금정구 구서동 87-13,5,,,,,,,,
제주집,부산광역시 금정구 구서동 87-13,6,,,,,,,,
청춘,부산광역시 금정구 구서동 87-13,0,,,,,,,,
청춘,부산광역시 금정구 구서동 87-13,1,,,,,,,,
청춘,부산광역시 금정구 구서동 87-13,2,,,,,,,,
청춘,부산광역시 금정구 구서동 87-13,3,,,,,,,,
청춘,부산광역시 금정구 구서동 87-13,4,,,,,,,,
청춘,부산광역시 금정구 구서동 87-13,5,,,,,,,,
청춘,부산광역시 금정구 구서동 87-13,6,,,,,,,,
보배반점 구서점,부산광역시 금정구 구서동 87-23,0,,,,,,,,
보배반점 구서점,부산광역시 금정구 구서동 87-23,1,,,,,,,,
보배반점 구서점,부산광역시 금정구 구서동 87-23,2,,,,,,,,
보배반점 구서점,부산광역시 금정구 구서동 87-23,3,,,,,,,,
보배반점 구서점,부산광역시 금정구 구서동 87-23,4,,,,,,,,
보배반점 구서점,부산광역시 금정구 구서동 87-23,5,,,,,,,,
보배반점 구서점,부산광역시 금정구 구서동 87-23,6,,,,,,,,
미미관마라탕,부산광역시 금정구 구서동 87-25,0,,,,,,,,
미미관마라탕,부산광역시 금정구 구서동 87-25,1,,,,,,,,
미미관마라탕,부산광역시 금정구 구서동 87-25,2,,,,,,,,
미미관마라탕,부산광역시 금정구 구서동 87-25,3,,,,,,,,
미미관마라탕,부산광역시 금정구 구서동 87-25,4,,,,,,,,
미미관마라탕,부산광역시 금정구 구서동 87-25,5,,,,,,,,
미미관마라탕,부산광역시 금정구 구서동 87-25,6,,,,,,,,
봄스시,부산광역시 금정구 구서동 87-28,0,,,,,,,,
봄스시,부산광역시 금정구 구서동 87-28,1,,,,,,,,
봄스시,부산광역시 금정구 구서동 87-28,2,,,,,,,,
봄스시,부산광역시 금정구 구서동 87-28,3,,,,,,,,
봄스시,부산광역시 금정구 구서동 87-28,4,,,,,,,,
봄스시,부산광역시 금정구 구서동 87-28,5,,,,,,,,
봄스시,부산광역시 금정구 구서동 87-28,6,,,,,,,,
노랑통닭 구서점,부산광역시 금정구 구서동 87-31,0,,,,,,,,
노랑통닭 구서점,부산광역시 금정구 구서동 87-31,1,,,,,,,,
노랑통닭 구서점,부산광역시 금정구 구서동 87-31,2,,,,,,,,
노랑통닭 구서점,부산광역시 금정구 구서동 87-31,3,,,,,,,,
노랑통닭 구서점,부산광역시 금정구 구서동 87-31,4,,,,,,,,
노랑통닭 구서점,부산광역시 금정구 구서동 87-31,5,,,,,,,,
노랑통닭 구서점,부산광역시 금정구 구서동 87-31,6,,,,,,,,
함가네부잣집칼국수 전문점,부산광역시 금정구 구서동 87-62,0,,,,,,,,
함가네부잣집칼국수 전문점,부산광역시 금정구 구서동 87-62,1,,,,,,,,
함가네부잣집칼국수 전문점,부산광역시 금정구 구서동 87-62,2,,,,,,,,
함가네부잣집칼국수 전문점,부산광역시 금정구 구서동 87-62,3,,,,,,,,
함가네부잣집칼국수 전문점,부산광역시 금정구 구서동 87-62,4,,,,,,,,
함가네부잣집칼국수 전문점,부산광역시 금정구 구서동 87-62,5,,,,,,,,
함가네부잣집칼국수 전문점,부산광역시 금정구 구서동 87-62,6,,,,,,,,
또,부산광역시 금정구 구서동 87-8,0,,,,,,,,
또,부산광역시 금정구 구서동 87-8,1,,,,,,,,
또,부산광역시 금정구 구서동 87-8,2,,,,,,,,
또,부산광역시 금정구 구서동 87-8,3,,,,,,,,
또,부산광역시 금정구 구서동 87-8,4,,,,,,,,
또,부산광역시 금정구 구서동 87-8,5,,,,,,,,
또,부산광역시 금정구 구서동 87-8,6,,,,,,,,
녹산횟집,부산광역시 금정구 구서동 87-9,0,,,,,,,,
녹산횟집,부산광역시 금정구 구서동 87-9,1,,,,,,,,
녹산횟집,부산광역시 금정구 구서동 87-9,2,,,,,,,,
녹산횟집,부산광역시 금정구 구서동 87-9,3,,,,,,,,
녹산횟집,부산광역시 금정구 구서동 87-9,4,,,,,,,,
녹산횟집,부산광역시 금정구 구서동 87-9,5,,,,,,,,
녹산횟집,부산광역시 금정구 구서동 87-9,6,,,,,,,,
뚱이아재,부산광역시 금정구 구서동 87-9,0,,,,,,,,
뚱이아재,부산광역시 금정구 구서동 87-9,1,,,,,,,,
뚱이아재,부산광역시 금정구 구서동 87-9,2,,,,,,,,
뚱이아재,부산광역시 금정구 구서동 87-9,3,,,,,,,,
뚱이아재,부산광역시 금정구 구서동 87-9,4,,,,,,,,
뚱이아재,부산광역시 금정구 구서동 87-9,5,,,,,,,,
뚱이아재,부산광역시 금정구 구서동 87-9,6,,,,,,,,
부산갈매기,부산광역시 금정구 구서동 87-9,0,,,,,,,,
부산갈매기,부산광역시 금정구 구서동 87-9,1,,,,,,,,
부산갈매기,부산광역시 금정구 구서동 87-9,2,,,,,,,,
부산갈매기,부산광역시 금정구 구서동 87-9,3,,,,,,,,
부산갈매기,부산광역시 금정구 구서동 87-9,4,,,,,,,,
부산갈매기,부산광역시 금정구 구서동 87-9,5,,,,,,,,
부산갈매기,부산광역시 금정구 구서동 87-9,6,,,,,,,,
산청식당,부산광역시 금정구 구서동 87-9,0,,,,,,,,
산청식당,부산광역시 금정구 구서동 87-9,1,,,,,,,,
산청식당,부산광역시 금정구 구서동 87-9,2,,,,,,,,
산청식당,부산광역시 금정구 구서동 87-9,3,,,,,,,,
산청식당,부산광역시 금정구 구서동 87-9,4,,,,,,,,
산청식당,부산광역시 금정구 구서동 87-9,5,,,,,,,,
산청식당,부산광역시 금정구 구서동 87-9,6,,,,,,,,
상주식당,부산광역시 금정구 구서동 87-9,0,,,,,,,,
상주식당,부산광역시 금정구 구서동 87-9,1,,,,,,,,
상주식당,부산광역시 금정구 구서동 87-9,2,,,,,,,,
상주식당,부산광역시 금정구 구서동 87-9,3,,,,,,,,
상주식당,부산광역시 금정구 구서동 87-9,4,,,,,,,,
상주식당,부산광역시 금정구 구서동 87-9,5,,,,,,,,
상주식당,부산광역시 금정구 구서동 87-9,6,,,,,,,,
영천식당,부산광역시 금정구 구서동 87-9,0,,,,,,,,
영천식당,부산광역시 금정구 구서동 87-9,1,,,,,,,,
영천식당,부산광역시 금정구 구서동 87-9,2,,,,,,,,
영천식당,부산광역시 금정구 구서동 87-9,3,,,,,,,,
영천식당,부산광역시 금정구 구서동 87-9,4,,,,,,,,
영천식당,부산광역시 금정구 구서동 87-9,5,,,,,,,,
영천식당,부산광역시 금정구 구서동 87-9,6,,,,,,,,
옛날맛집,부산광역시 금정구 구서동 87-9,0,,,,,,,,
옛날맛집,부산광역시 금정구 구서동 87-9,1,,,,,,,,
옛날맛집,부산광역시 금정구 구서동 87-9,2,,,,,,,,
옛날맛집,부산광역시 금정구 구서동 87-9,3,,,,,,,,
옛날맛집,부산광역시 금정구 구서동 87-9,4,,,,,,,,
옛날맛집,부산광역시 금정구 구서동 87-9,5,,,,,,,,
옛날맛집,부산광역시 금정구 구서동 87-9,6,,,,,,,,
재성밀면,부산광역시 금정구 구서동 87-9,0,,,,,,,,
재성밀면,부산광역시 금정구 구서동 87-9,1,,,,,,,,
재성밀면,부산광역시 금정구 구서동 87-9,2,,,,,,,,
재성밀면,부산광역시 금정구 구서동 87-9,3,,,,,,,,
재성밀면,부산광역시 금정구 구서동 87-9,4,,,,,,,,
재성밀면,부산광역시 금정구 구서동 87-9,5,,,,,,,,
재성밀면,부산광역시 금정구 구서동 87-9,6,,,,,,,,
최가네소머리국밥,부산광역시 금정구 구서동 87-9,0,,,,,,,,
최가네소머리국밥,부산광역시 금정구 구서동 87-9,1,,,,,,,,
최가네소머리국밥,부산광역시 금정구 구서동 87-9,2,,,,,,,,
최가네소머리국밥,부산광역시 금정구 구서동 87-9,3,,,,,,,,
최가네소머리국밥,부산광역시 금정구 구서동 87-9,4,,,,,,,,
최가네소머리국밥,부산광역시 금정구 구서동 87-9,5,,,,,,,,
최가네소머리국밥,부산광역시 금정구 구서동 87-9,6,,,,,,,,
해논산업,부산광역시 금정구 구서동 87-9,0,,,,,,,,
해논산업,부산광역시 금정구 구서동 87-9,1,,,,,,,,
해논산업,부산광역시 금정구 구서동 87-9,2,,,,,,,,
해논산업,부산광역시 금정구 구서동 87-9,3,,,,,,,,
해논산업,부산광역시 금정구 구서동 87-9,4,,,,,,,,
해논산업,부산광역시 금정구 구서동 87-9,5,,,,,,,,
해논산업,부산광역시 금정구 구서동 87-9,6,,,,,,,,
섬진강재첩,부산광역시 금정구 부곡동 11-3,0,,,,,,TRUE,,
섬진강재첩,부산광역시 금정구 부곡동 11-3,1,11:00,21:00,15:30,17:00,,,,
섬진강재첩,부산광역시 금정구 부곡동 11-3,2,11:00,21:00,15:30,17:00,,,,
섬진강재첩,부산광역시 금정구 부곡동 11-3,3,11:00,21:00,15:30,17:00,,,,
섬진강재첩,부산광역시 금정구 부곡동 11-3,4,11:00,21:00,15:30,17:00,,,,
섬진강재첩,부산광역시 금정구 부곡동 11-3,5,11:00,21:00,15:30,17:00,,,,
섬진강재첩,부산광역시 금정구 부곡동 11-3,6,11:00,21:00,15:30,17:00,,,,
금정왕밀면,부산광역시 금정구 부곡동 11-6,0,10:30,20:00,,,,,,
금정왕밀면,부산광역시 금정구 부곡동 11-6,1,10:30,20:00,,,,,,
금정왕밀면,부산광역시 금정구 부곡동 11-6,2,10:30,20:00,,,,,,
금정왕밀면,부산광역시 금정구 부곡동 11-6,3,10:30,20:00,,,,,,
금정왕밀면,부산광역시 금정구 부곡동 11-6,4,10:30,20:00,,,,,,
금정왕밀면,부산광역시 금정구 부곡동 11-6,5,10:30,20:00,,,,,,
금정왕밀면,부산광역시 금정구 부곡동 11-6,6,10:30,20:00,,,,,,
하루돈부리,부산광역시 금정구 부곡동 11-7,0,11:00,21:00,,,,,,
하루돈부리,부산광역시 금정구 부곡동 11-7,1,11:00,21:00,,,,,,
하루돈부리,부산광역시 금정구 부곡동 11-7,2,11:00,21:00,,,,,,
하루돈부리,부산광역시 금정구 부곡동 11-7,3,11:00,21:00,,,,,,
하루돈부리,부산광역시 금정구 부곡동 11-7,4,11:00,21:00,,,,,,
하루돈부리,부산광역시 금정구 부곡동 11-7,5,11:00,21:00,,,,,,
하루돈부리,부산광역시 금정구 부곡동 11-7,6,11:00,21:00,,,,,,
하루카츠,부산광역시 금정구 부곡동 11-7,0,11:00,20:00,,,,,,
하루카츠,부산광역시 금정구 부곡동 11-7,1,11:00,20:00,,,,,,
하루카츠,부산광역시 금정구 부곡동 11-7,2,11:00,20:00,,,,,,
하루카츠,부산광역시 금정구 부곡동 11-7,3,11:00,20:00,,,,,,
하루카츠,부산광역시 금정구 부곡동 11-7,4,11:00,20:00,,,,,,
하루카츠,부산광역시 금정구 부곡동 11-7,5,11:00,20:00,,,,,,
하루카츠,부산광역시 금정구 부곡동 11-7,6,,,,,,TRUE,,
동경돈까스,부산광역시 금정구 부곡동 15-1,0,11:00,20:00,,,,,,
동경돈까스,부산광역시 금정구 부곡동 15-1,1,11:00,20:00,,,,,,
동경돈까스,부산광역시 금정구 부곡동 15-1,2,11:00,20:00,,,,,,
동경돈까스,부산광역시 금정구 부곡동 15-1,3,11:00,20:00,,,,,,
동경돈까스,부산광역시 금정구 부곡동 15-1,4,11:00,20:00,,,,,,
동경돈까스,부산광역시 금정구 부곡동 15-1,5,11:00,20:00,,,,,,
동경돈까스,부산광역시 금정구 부곡동 15-1,6,11:00,20:00,,,,,,
김윤정숯불양념통닭,부산광역시 금정구 부곡동 15-12,0,16:30,23:30,,,,,,
김윤정숯불양념통닭,부산광역시 금정구 부곡동 15-12,1,16:30,23:30,,,,,,
김윤정숯불양념통닭,부산광역시 금정구 부곡동 15-12,2,16:30,23:30,,,,,,
김윤정숯불양념통닭,부산광역시 금정구 부곡동 15-12,3,16:30,23:30,,,,,,
김윤정숯불양념통닭,부산광역시 금정구 부곡동 15-12,4,16:30,23:30,,,,,,
김윤정숯불양념통닭,부산광역시 금정구 부곡동 15-12,5,16:30,23:30,,,,,,
김윤정숯불양념통닭,부산광역시 금정구 부곡동 15-12,6,16:30,23:30,,,,,,
육회야,부산광역시 금정구 부곡동 15-2,0,10:00,22:00,,,,,,
육회야,부산광역시 금정구 부곡동 15-2,1,10:00,22:00,,,,,,
육회야,부산광역시 금정구 부곡동 15-2,2,10:00,22:00,,,,,,
육회야,부산광역시 금정구 부곡동 15-2,3,10:00,22:00,,,,,,
육회야,부산광역시 금정구 부곡동 15-2,4,10:00,22:00,,,,,,
육회야,부산광역시 금정구 부곡동 15-2,5,10:00,22:00,,,,,,
육회야,부산광역시 금정구 부곡동 15-2,6,,,,,,TRUE,,
맘스터치 카톨릭대점,부산광역시 금정구 부곡동 17-18,0,,,,,,,,
맘스터치 카톨릭대점,부산광역시 금정구 부곡동 17-18,1,,,,,,,,
맘스터치 카톨릭대점,부산광역시 금정구 부곡동 17-18,2,,,,,,,,
맘스터치 카톨릭대점,부산광역시 금정구 부곡동 17-18,3,,,,,,,,
맘스터치 카톨릭대점,부산광역시 금정구 부곡동 17-18,4,,,,,,,,
맘스터치 카톨릭대점,부산광역시 금정구 부곡동 17-18,5,,,,,,,,
맘스터치 카톨릭대점,부산광역시 금정구 부곡동 17-18,6,,,,,,,,
대일반점,부산광역시 금정구 부곡동 18-12,0,,,,,,TRUE,,
대일반점,부산광역시 금정구 부곡동 18-12,1,9:00,20:30,,,,,,
대일반점,부산광역시 금정구 부곡동 18-12,2,9:00,20:30,,,,,,
대일반점,부산광역시 금정구 부곡동 18-12,3,9:00,20:30,,,,,,
대일반점,부산광역시 금정구 부곡동 18-12,4,9:00,20:30,,,,,,
대일반점,부산광역시 금정구 부곡동 18-12,5,9:00,20:30,,,,,,
대일반점,부산광역시 금정구 부곡동 18-12,6,9:00,20:30,,,,,,
민속손칼국수,부산광역시 금정구 부곡동 19-11,0,,,,,,TRUE,,
민속손칼국수,부산광역시 금정구 부곡동 19-11,1,11:00,20:00,,,,,,
민속손칼국수,부산광역시 금정구 부곡동 19-11,2,11:00,20:00,,,,,,
민속손칼국수,부산광역시 금정구 부곡동 19-11,3,11:00,20:00,,,,,,
민속손칼국수,부산광역시 금정구 부곡동 19-11,4,11:00,20:00,,,,,,
민속손칼국수,부산광역시 금정구 부곡동 19-11,5,11:00,20:00,,,,,,
민속손칼국수,부산광역시 금정구 부곡동 19-11,6,11:00,20:00,,,,,,
진주식당,부산광역시 금정구 부곡동 20-11,0,,,,,,,,
진주식당,부산광역시 금정구 부곡동 20-11,1,,,,,,,,
진주식당,부산광역시 금정구 부곡동 20-11,2,,,,,,,,
진주식당,부산광역시 금정구 부곡동 20-11,3,,,,,,,,
진주식당,부산광역시 금정구 부곡동 20-11,4,,,,,,,,
진주식당,부산광역시 금정구 부곡동 20-11,5,,,,,,,,
진주식당,부산광역시 금정구 부곡동 20-11,6,,,,,,,,
은혜네식당,부산광역시 금정구 부곡동 215-2,0,,,,,,,,
은혜네식당,부산광역시 금정구 부곡동 215-2,1,,,,,,,,
은혜네식당,부산광역시 금정구 부곡동 215-2,2,,,,,,,,
은혜네식당,부산광역시 금정구 부곡동 215-2,3,,,,,,,,
은혜네식당,부산광역시 금정구 부곡동 215-2,4,,,,,,,,
은혜네식당,부산광역시 금정구 부곡동 215-2,5,,,,,,,,
은혜네식당,부산광역시 금정구 부곡동 215-2,6,,,,,,,,
푸라닭 부산부곡점,부산광역시 금정구 부곡동 218-3,0,,,,,,,,
푸라닭 부산부곡점,부산광역시 금정구 부곡동 218-3,1,,,,,,,,
푸라닭 부산부곡점,부산광역시 금정구 부곡동 218-3,2,,,,,,,,
푸라닭 부산부곡점,부산광역시 금정구 부곡동 218-3,3,,,,,,,,
푸라닭 부산부곡점,부산광역시 금정구 부곡동 218-3,4,,,,,,,,
푸라닭 부산부곡점,부산광역시 금정구 부곡동 218-3,5,,,,,,,,
푸라닭 부산부곡점,부산광역시 금정구 부곡동 218-3,6,,,,,,,,
송림장,부산광역시 금정구 부곡동 2-2,0,11:00,21:00,,,,,,
송림장,부산광역시 금정구 부곡동 2-2,1,11:00,21:00,,,,,,
송림장,부산광역시 금정구 부곡동 2-2,2,11:00,21:00,,,,,,
송림장,부산광역시 금정구 부곡동 2-2,3,11:00,21:00,,,,,,
송림장,부산광역시 금정구 부곡동 2-2,4,11:00,21:00,,,,,,
송림장,부산광역시 금정구 부곡동 2-2,5,11:00,21:00,,,,,,
송림장,부산광역시 금정구 부곡동 2-2,6,11:00,21:00,,,,,,
우리농원,부산광역시 금정구 부곡동 22-1,0,8:30,21:30,,,,,,
우리농원,부산광역시 금정구 부곡동 22-1,1,8:30,21:30,,,,,,
우리농원,부산광역시 금정구 부곡동 22-1,2,8:30,21:30,,,,,,
우리농원,부산광역시 금정구 부곡동 22-1,3,8:30,21:30,,,,,,
우리농원,부산광역시 금정구 부곡동 22-1,4,8:30,21:30,,,,,,
우리농원,부산광역시 금정구 부곡동 22-1,5,8:30,21:30,,,,,,
우리농원,부산광역시 금정구 부곡동 22-1,6,8:30,21:30,,,,,,
할매추어탕,부산광역시 금정구 부곡동 22-1,0,,,,,,,,
할매추어탕,부산광역시 금정구 부곡동 22-1,1,,,,,,,,
할매추어탕,부산광역시 금정구 부곡동 22-1,2,,,,,,,,
할매추어탕,부산광역시 금정구 부곡동 22-1,3,,,,,,,,
할매추어탕,부산광역시 금정구 부곡동 22-1,4,,,,,,,,
할매추어탕,부산광역시 금정구 부곡동 22-1,5,,,,,,,,
할매추어탕,부산광역시 금정구 부곡동 22-1,6,,,,,,,,
금정불백,부산광역시 금정구 부곡동 22-11,0,,,,,,TRUE,,
금정불백,부산광역시 금정구 부곡동 22-11,1,10:00,20:00,15:00,17:00,19:40,,,
금정불백,부산광역시 금정구 부곡동 22-11,2,10:00,20:00,15:00,17:00,19:40,,,
금정불백,부산광역시 금정구 부곡동 22-11,3,10:00,20:00,15:00,17:00,19:40,,,
금정불백,부산광역시 금정구 부곡동 22-11,4,10:00,20:00,15:00,17:00,19:40,,,
금정불백,부산광역시 금정구 부곡동 22-11,5,10:00,20:00,15:00,17:00,19:40,,,
금정불백,부산광역시 금정구 부곡동 22-11,6,10:00,14:30,,,14:10,,,
시골추어탕,부산광역시 금정구 부곡동 221-16,0,,,,,,,,
시골추어탕,부산광역시 금정구 부곡동 221-16,1,,,,,,,,
시골추어탕,부산광역시 금정구 부곡동 221-16,2,,,,,,,,
시골추어탕,부산광역시 금정구 부곡동 221-16,3,,,,,,,,
시골추어탕,부산광역시 금정구 부곡동 221-16,4,,,,,,,,
시골추어탕,부산광역시 금정구 부곡동 221-16,5,,,,,,,,
시골추어탕,부산광역시 금정구 부곡동 221-16,6,,,,,,,,
굽네치킨,부산광역시 금정구 부곡동 221-28,0,,,,,,,,
굽네치킨,부산광역시 금정구 부곡동 221-28,1,,,,,,,,
굽네치킨,부산광역시 금정구 부곡동 221-28,2,,,,,,,,
굽네치킨,부산광역시 금정구 부곡동 221-28,3,,,,,,,,
굽네치킨,부산광역시 금정구 부곡동 221-28,4,,,,,,,,
굽네치킨,부산광역시 금정구 부곡동 221-28,5,,,,,,,,
굽네치킨,부산광역시 금정구 부곡동 221-28,6,,,,,,,,
부산식당,부산광역시 금정구 부곡동 221-32,0,,,,,,TRUE,,
부산식당,부산광역시 금정구 부곡동 221-32,1,8:30,20:00,,,,,,
부산식당,부산광역시 금정구 부곡동 221-32,2,8:30,20:00,,,,,,
부산식당,부산광역시 금정구 부곡동 221-32,3,8:30,20:00,,,,,,
부산식당,부산광역시 금정구 부곡동 221-32,4,8:30,20:00,,,,,,
부산식당,부산광역시 금정구 부곡동 221-32,5,8:30,20:00,,,,,,
부산식당,부산광역시 금정구 부곡동 221-32,6,8:30,20:00,,,,,,
엄마손잔치국수,부산광역시 금정구 부곡동 221-6,0,,,,,,,,
엄마손잔치국수,부산광역시 금정구 부곡동 221-6,1,,,,,,,,
엄마손잔치국수,부산광역시 금정구 부곡동 221-6,2,,,,,,,,
엄마손잔치국수,부산광역시 금정구 부곡동 221-6,3,,,,,,,,
엄마손잔치국수,부산광역시 금정구 부곡동 221-6,4,,,,,,,,
엄마손잔치국수,부산광역시 금정구 부곡동 221-6,5,,,,,,,,
엄마손잔치국수,부산광역시 금정구 부곡동 221-6,6,,,,,,,,
거기가면,부산광역시 금정구 부곡동 22-17,0,,,,,,TRUE,,
거기가면,부산광역시 금정구 부곡동 22-17,1,11:00,20:00,15:00,16:30,19:55,,,
거기가면,부산광역시 금정구 부곡동 22-17,2,11:00,20:00,15:00,16:30,19:55,,,
거기가면,부산광역시 금정구 부곡동 22-17,3,11:00,20:00,15:00,16:30,19:55,,,
거기가면,부산광역시 금정구 부곡동 22-17,4,11:00,20:00,15:00,16:30,19:55,,,
거기가면,부산광역시 금정구 부곡동 22-17,5,11:00,20:00,15:00,16:30,19:55,,,
거기가면,부산광역시 금정구 부곡동 22-17,6,11:00,20:00,15:00,16:30,19:55,,,
콩밭골순두부,부산광역시 금정구 부곡동 22-17,0,,,,,,TRUE,,
콩밭골순두부,부산광역시 금정구 부곡동 22-17,1,11:00,21:00,,,,,,
콩밭골순두부,부산광역시 금정구 부곡동 22-17,2,11:00,21:00,,,,,,
콩밭골순두부,부산광역시 금정구 부곡동 22-17,3,11:00,21:00,,,,,,
콩밭골순두부,부산광역시 금정구 부곡동 22-17,4,11:00,21:00,,,,,,
콩밭골순두부,부산광역시 금정구 부곡동 22-17,5,11:00,21:00,,,,,,
콩밭골순두부,부산광역시 금정구 부곡동 22-17,6,11:00,21:00,,,,,,
샤브20 금정점,부산광역시 금정구 부곡동 222-1,0,,,,,,,,
샤브20 금정점,부산광역시 금정구 부곡동 222-1,1,,,,,,,,
샤브20 금정점,부산광역시 금정구 부곡동 222-1,2,,,,,,,,
샤브20 금정점,부산광역시 금정구 부곡동 222-1,3,,,,,,,,
샤브20 금정점,부산광역시 금정구 부곡동 222-1,4,,,,,,,,
샤브20 금정점,부산광역시 금정구 부곡동 222-1,5,,,,,,,,
샤브20 금정점,부산광역시 금정구 부곡동 222-1,6,,,,,,,,
쌈마이닭쌈밥 금정구청점,부산광역시 금정구 부곡동 22-3,0,,,,,,TRUE,,
쌈마이닭쌈밥 금정구청점,부산광역시 금정구 부곡동 22-3,1,10:00,20:00,,,19:50,,,
쌈마이닭쌈밥 금정구청점,부산광역시 금정구 부곡동 22-3,2,10:00,20:00,,,19:50,,,
쌈마이닭쌈밥 금정구청점,부산광역시 금정구 부곡동 22-3,3,10:00,20:00,,,19:50,,,
쌈마이닭쌈밥 금정구청점,부산광역시 금정구 부곡동 22-3,4,10:00,20:00,,,19:50,,,
쌈마이닭쌈밥 금정구청점,부산광역시 금정구 부곡동 22-3,5,10:00,20:00,,,19:50,,,
쌈마이닭쌈밥 금정구청점,부산광역시 금정구 부곡동 22-3,6,10:00,20:00,,,19:50,,,
월전장어구이,부산광역시 금정구 부곡동 223-114,0,11:30,22:00,,,,,,
월전장어구이,부산광역시 금정구 부곡동 223-114,1,11:30,22:00,,,,,,
월전장어구이,부산광역시 금정구 부곡동 223-114,2,11:30,22:00,,,,,,
월전장어구이,부산광역시 금정구 부곡동 223-114,3,11:30,22:00,,,,,,
월전장어구이,부산광역시 금정구 부곡동 223-114,4,11:30,22:00,,,,,,
월전장어구이,부산광역시 금정구 부곡동 223-114,5,11:30,22:00,,,,,,
월전장어구이,부산광역시 금정구 부곡동 223-114,6,11:30,22:00,,,,,,
부산밀면,부산광역시 금정구 부곡동 223-12,0,,,,,,,,
부산밀면,부산광역시 금정구 부곡동 223-12,1,,,,,,,,
부산밀면,부산광역시 금정구 부곡동 223-12,2,,,,,,,,
부산밀면,부산광역시 금정구 부곡동 223-12,3,,,,,,,,
부산밀면,부산광역시 금정구 부곡동 223-12,4,,,,,,,,
부산밀면,부산광역시 금정구 부곡동 223-12,5,,,,,,,,
부산밀면,부산광역시 금정구 부곡동 223-12,6,,,,,,,,
화로돼지국밥,부산광역시 금정구 부곡동 223-12,0,,,,,,,,
화로돼지국밥,부산광역시 금정구 부곡동 223-12,1,,,,,,,,
화로돼지국밥,부산광역시 금정구 부곡동 223-12,2,,,,,,,,
화로돼지국밥,부산광역시 금정구 부곡동 223-12,3,,,,,,,,
화로돼지국밥,부산광역시 금정구 부곡동 223-12,4,,,,,,,,
화로돼지국밥,부산광역시 금정구 부곡동 223-12,5,,,,,,,,
화로돼지국밥,부산광역시 금정구 부곡동 223-12,6,,,,,,,,
응응스크르 부산장전점,부산광역시 금정구 부곡동 223-56,0,0:00,24:00,,,,,,
응응스크르 부산장전점,부산광역시 금정구 부곡동 223-56,1,0:00,24:00,,,,,,
응응스크르 부산장전점,부산광역시 금정구 부곡동 223-56,2,0:00,24:00,,,,,,
응응스크르 부산장전점,부산광역시 금정구 부곡동 223-56,3,0:00,24:00,,,,,,
응응스크르 부산장전점,부산광역시 금정구 부곡동 223-56,4,0:00,24:00,,,,,,
응응스크르 부산장전점,부산광역시 금정구 부곡동 223-56,5,0:00,24:00,,,,,,
응응스크르 부산장전점,부산광역시 금정구 부곡동 223-56,6,0:00,24:00,,,,,,
요거트퍼플 동래점,부산광역시 동래구 명륜동 604,0,,,,,,,,
요거트퍼플 동래점,부산광역시 동래구 명륜동 604,1,,,,,,,,
요거트퍼플 동래점,부산광역시 동래구 명륜동 604,2,,,,,,,,
요거트퍼플 동래점,부산광역시 동래구 명륜동 604,3,,,,,,,,
요거트퍼플 동래점,부산광역시 동래구 명륜동 604,4,,,,,,,,
요거트퍼플 동래점,부산광역시 동래구 명륜동 604,5,,,,,,,,
요거트퍼플 동래점,부산광역시 동래구 명륜동 604,6,,,,,,,,
