이름,지번주소,요일,여는시간,닫는시간,브레이크 시작,브레이크 끝,라스트오더,휴무여부,비고
20데이,부산광역시 금정구 장전동 312-35,0,,,,,,,
20데이,부산광역시 금정구 장전동 312-35,1,,,,,,,
20데이,부산광역시 금정구 장전동 312-35,2,,,,,,,
20데이,부산광역시 금정구 장전동 312-35,3,,,,,,,
20데이,부산광역시 금정구 장전동 312-35,4,,,,,,,
20데이,부산광역시 금정구 장전동 312-35,5,,,,,,,
20데이,부산광역시 금정구 장전동 312-35,6,,,,,,,
4F갤러리,부산광역시 금정구 부곡동 897-5,0,11:00,21:00,,,,,
4F갤러리,부산광역시 금정구 부곡동 897-5,1,11:00,21:00,,,,,
4F갤러리,부산광역시 금정구 부곡동 897-5,2,11:00,21:00,,,,,
4F갤러리,부산광역시 금정구 부곡동 897-5,3,11:00,21:00,,,,,
4F갤러리,부산광역시 금정구 부곡동 897-5,4,11:00,21:00,,,,,
4F갤러리,부산광역시 금정구 부곡동 897-5,5,11:00,21:00,,,,,
4F갤러리,부산광역시 금정구 부곡동 897-5,6,11:00,21:00,,,,,
A＆KKorea,부산광역시 금정구 부곡동 65-15,0,,,,,,,
A＆KKorea,부산광역시 금정구 부곡동 65-15,1,,,,,,,
A＆KKorea,부산광역시 금정구 부곡동 65-15,2,,,,,,,
A＆KKorea,부산광역시 금정구 부곡동 65-15,3,,,,,,,
A＆KKorea,부산광역시 금정구 부곡동 65-15,4,,,,,,,
A＆KKorea,부산광역시 금정구 부곡동 65-15,5,,,,,,,
A＆KKorea,부산광역시 금정구 부곡동 65-15,6,,,,,,,
BYC 온천점,부산광역시 금정구 장전동 654-18,0,,,,,,,
BYC 온천점,부산광역시 금정구 장전동 654-18,1,,,,,,,
BYC 온천점,부산광역시 금정구 장전동 654-18,2,,,,,,,
BYC 온천점,부산광역시 금정구 장전동 654-18,3,,,,,,,
BYC 온천점,부산광역시 금정구 장전동 654-18,4,,,,,,,
BYC 온천점,부산광역시 금정구 장전동 654-18,5,,,,,,,
BYC 온천점,부산광역시 금정구 장전동 654-18,6,,,,,,,
Classy,부산광역시 금정구 장전동 415-17,0,,,,,,,
Classy,부산광역시 금정구 장전동 415-17,1,,,,,,,
Classy,부산광역시 금정구 장전동 415-17,2,,,,,,,
Classy,부산광역시 금정구 장전동 415-17,3,,,,,,,
Classy,부산광역시 금정구 장전동 415-17,4,,,,,,,
Classy,부산광역시 금정구 장전동 415-17,5,,,,,,,
Classy,부산광역시 금정구 장전동 415-17,6,,,,,,,
feel&me,부산광역시 금정구 장전동 302-22,0,,,,,,,
feel&me,부산광역시 금정구 장전동 302-22,1,,,,,,,
feel&me,부산광역시 금정구 장전동 302-22,2,,,,,,,
feel&me,부산광역시 금정구 장전동 302-22,3,,,,,,,
feel&me,부산광역시 금정구 장전동 302-22,4,,,,,,,
feel&me,부산광역시 금정구 장전동 302-22,5,,,,,,,
feel&me,부산광역시 금정구 장전동 302-22,6,,,,,,,
ITC,부산광역시 금정구 부곡동 299-4,0,,,,,,,
ITC,부산광역시 금정구 부곡동 299-4,1,,,,,,,
ITC,부산광역시 금정구 부곡동 299-4,2,,,,,,,
ITC,부산광역시 금정구 부곡동 299-4,3,,,,,,,
ITC,부산광역시 금정구 부곡동 299-4,4,,,,,,,
ITC,부산광역시 금정구 부곡동 299-4,5,,,,,,,
ITC,부산광역시 금정구 부곡동 299-4,6,,,,,,,
J.C아로마건강요법,부산광역시 금정구 부곡동 394-15,0,,,,,,,
J.C아로마건강요법,부산광역시 금정구 부곡동 394-15,1,,,,,,,
J.C아로마건강요법,부산광역시 금정구 부곡동 394-15,2,,,,,,,
J.C아로마건강요법,부산광역시 금정구 부곡동 394-15,3,,,,,,,
J.C아로마건강요법,부산광역시 금정구 부곡동 394-15,4,,,,,,,
J.C아로마건강요법,부산광역시 금정구 부곡동 394-15,5,,,,,,,
J.C아로마건강요법,부산광역시 금정구 부곡동 394-15,6,,,,,,,
J.J어패럴,부산광역시 동래구 온천동 502-3,0,,,,,,,
J.J어패럴,부산광역시 동래구 온천동 502-3,1,,,,,,,
J.J어패럴,부산광역시 동래구 온천동 502-3,2,,,,,,,
J.J어패럴,부산광역시 동래구 온천동 502-3,3,,,,,,,
J.J어패럴,부산광역시 동래구 온천동 502-3,4,,,,,,,
J.J어패럴,부산광역시 동래구 온천동 502-3,5,,,,,,,
J.J어패럴,부산광역시 동래구 온천동 502-3,6,,,,,,,
JH스포츠,부산광역시 금정구 장전동 415-9,0,,,,,,,
JH스포츠,부산광역시 금정구 장전동 415-9,1,,,,,,,
JH스포츠,부산광역시 금정구 장전동 415-9,2,,,,,,,
JH스포츠,부산광역시 금정구 장전동 415-9,3,,,,,,,
JH스포츠,부산광역시 금정구 장전동 415-9,4,,,,,,,
JH스포츠,부산광역시 금정구 장전동 415-9,5,,,,,,,
JH스포츠,부산광역시 금정구 장전동 415-9,6,,,,,,,
Lapomme,부산광역시 금정구 장전동 293-106,0,,,,,,,
Lapomme,부산광역시 금정구 장전동 293-106,1,,,,,,,
Lapomme,부산광역시 금정구 장전동 293-106,2,,,,,,,
Lapomme,부산광역시 금정구 장전동 293-106,3,,,,,,,
Lapomme,부산광역시 금정구 장전동 293-106,4,,,,,,,
Lapomme,부산광역시 금정구 장전동 293-106,5,,,,,,,
Lapomme,부산광역시 금정구 장전동 293-106,6,,,,,,,
MLB,부산광역시 동래구 온천동 502-3,0,,,,,,,
MLB,부산광역시 동래구 온천동 502-3,1,,,,,,,
MLB,부산광역시 동래구 온천동 502-3,2,,,,,,,
MLB,부산광역시 동래구 온천동 502-3,3,,,,,,,
MLB,부산광역시 동래구 온천동 502-3,4,,,,,,,
MLB,부산광역시 동래구 온천동 502-3,5,,,,,,,
MLB,부산광역시 동래구 온천동 502-3,6,,,,,,,
n#,부산광역시 금정구 장전동 309-3,0,,,,,,,
n#,부산광역시 금정구 장전동 309-3,1,,,,,,,
n#,부산광역시 금정구 장전동 309-3,2,,,,,,,
n#,부산광역시 금정구 장전동 309-3,3,,,,,,,
n#,부산광역시 금정구 장전동 309-3,4,,,,,,,
n#,부산광역시 금정구 장전동 309-3,5,,,,,,,
n#,부산광역시 금정구 장전동 309-3,6,,,,,,,
NC 부산대점,부산광역시 금정구 장전동 40,0,,,,,,,
NC 부산대점,부산광역시 금정구 장전동 40,1,,,,,,,
NC 부산대점,부산광역시 금정구 장전동 40,2,,,,,,,
NC 부산대점,부산광역시 금정구 장전동 40,3,,,,,,,
NC 부산대점,부산광역시 금정구 장전동 40,4,,,,,,,
NC 부산대점,부산광역시 금정구 장전동 40,5,,,,,,,
NC 부산대점,부산광역시 금정구 장전동 40,6,,,,,,,
OURR 아우어,부산광역시 동래구 명륜동 433-5,0,10:00,23:00,,,,,
OURR 아우어,부산광역시 동래구 명륜동 433-5,1,10:00,23:00,,,,,
OURR 아우어,부산광역시 동래구 명륜동 433-5,2,10:00,23:00,,,,,
OURR 아우어,부산광역시 동래구 명륜동 433-5,3,10:00,23:00,,,,,
OURR 아우어,부산광역시 동래구 명륜동 433-5,4,10:00,23:00,,,,,
OURR 아우어,부산광역시 동래구 명륜동 433-5,5,10:00,23:00,,,,,
OURR 아우어,부산광역시 동래구 명륜동 433-5,6,10:00,23:00,,,,,
PAT 부산두실,부산광역시 금정구 구서동 177-13,0,,,,,,,
PAT 부산두실,부산광역시 금정구 구서동 177-13,1,,,,,,,
PAT 부산두실,부산광역시 금정구 구서동 177-13,2,,,,,,,
PAT 부산두실,부산광역시 금정구 구서동 177-13,3,,,,,,,
PAT 부산두실,부산광역시 금정구 구서동 177-13,4,,,,,,,
PAT 부산두실,부산광역시 금정구 구서동 177-13,5,,,,,,,
PAT 부산두실,부산광역시 금정구 구서동 177-13,6,,,,,,,
S갤러리,부산광역시 동래구 온천동 780-13,0,,,,,,,
S갤러리,부산광역시 동래구 온천동 780-13,1,,,,,,,
S갤러리,부산광역시 동래구 온천동 780-13,2,,,,,,,
S갤러리,부산광역시 동래구 온천동 780-13,3,,,,,,,
S갤러리,부산광역시 동래구 온천동 780-13,4,,,,,,,
S갤러리,부산광역시 동래구 온천동 780-13,5,,,,,,,
S갤러리,부산광역시 동래구 온천동 780-13,6,,,,,,,
가죽언니작업실,부산광역시 금정구 부곡동 296-62,0,,,,,,,
가죽언니작업실,부산광역시 금정구 부곡동 296-62,1,,,,,,,
가죽언니작업실,부산광역시 금정구 부곡동 296-62,2,,,,,,,
가죽언니작업실,부산광역시 금정구 부곡동 296-62,3,,,,,,,
가죽언니작업실,부산광역시 금정구 부곡동 296-62,4,,,,,,,
가죽언니작업실,부산광역시 금정구 부곡동 296-62,5,,,,,,,
가죽언니작업실,부산광역시 금정구 부곡동 296-62,6,,,,,,,
감성아웃도어에이,부산광역시 동래구 온천동 502-3,0,,,,,,,
감성아웃도어에이,부산광역시 동래구 온천동 502-3,1,,,,,,,
감성아웃도어에이,부산광역시 동래구 온천동 502-3,2,,,,,,,
감성아웃도어에이,부산광역시 동래구 온천동 502-3,3,,,,,,,
감성아웃도어에이,부산광역시 동래구 온천동 502-3,4,,,,,,,
감성아웃도어에이,부산광역시 동래구 온천동 502-3,5,,,,,,,
감성아웃도어에이,부산광역시 동래구 온천동 502-3,6,,,,,,,
갓러브스어글리,부산광역시 동래구 온천동 419-12,0,,,,,,,
갓러브스어글리,부산광역시 동래구 온천동 419-12,1,,,,,,,
갓러브스어글리,부산광역시 동래구 온천동 419-12,2,,,,,,,
갓러브스어글리,부산광역시 동래구 온천동 419-12,3,,,,,,,
갓러브스어글리,부산광역시 동래구 온천동 419-12,4,,,,,,,
갓러브스어글리,부산광역시 동래구 온천동 419-12,5,,,,,,,
갓러브스어글리,부산광역시 동래구 온천동 419-12,6,,,,,,,
개구리문구,부산광역시 동래구 온천동 1461-30,0,,,,,,,
개구리문구,부산광역시 동래구 온천동 1461-30,1,,,,,,,
개구리문구,부산광역시 동래구 온천동 1461-30,2,,,,,,,
개구리문구,부산광역시 동래구 온천동 1461-30,3,,,,,,,
개구리문구,부산광역시 동래구 온천동 1461-30,4,,,,,,,
개구리문구,부산광역시 동래구 온천동 1461-30,5,,,,,,,
개구리문구,부산광역시 동래구 온천동 1461-30,6,,,,,,,
갤러리mikki,부산광역시 동래구 명륜동 564-12,0,,,,,,,
갤러리mikki,부산광역시 동래구 명륜동 564-12,1,,,,,,,
갤러리mikki,부산광역시 동래구 명륜동 564-12,2,,,,,,,
갤러리mikki,부산광역시 동래구 명륜동 564-12,3,,,,,,,
갤러리mikki,부산광역시 동래구 명륜동 564-12,4,,,,,,,
갤러리mikki,부산광역시 동래구 명륜동 564-12,5,,,,,,,
갤러리mikki,부산광역시 동래구 명륜동 564-12,6,,,,,,,
갤러리문,부산광역시 금정구 장전동 152-2,0,,,,,,,
갤러리문,부산광역시 금정구 장전동 152-2,1,,,,,,,
갤러리문,부산광역시 금정구 장전동 152-2,2,,,,,,,
갤러리문,부산광역시 금정구 장전동 152-2,3,,,,,,,
갤러리문,부산광역시 금정구 장전동 152-2,4,,,,,,,
갤러리문,부산광역시 금정구 장전동 152-2,5,,,,,,,
갤러리문,부산광역시 금정구 장전동 152-2,6,,,,,,,
갤러리비야비야,부산광역시 금정구 장전동 344-9,0,11:00,19:00,,,,,
갤러리비야비야,부산광역시 금정구 장전동 344-9,1,11:00,19:00,,,,,
갤러리비야비야,부산광역시 금정구 장전동 344-9,2,11:00,19:00,,,,,
갤러리비야비야,부산광역시 금정구 장전동 344-9,3,11:00,19:00,,,,,
갤러리비야비야,부산광역시 금정구 장전동 344-9,4,11:00,19:00,,,,,
갤러리비야비야,부산광역시 금정구 장전동 344-9,5,11:00,19:00,,,,,
갤러리비야비야,부산광역시 금정구 장전동 344-9,6,11:00,19:00,,,,,
갤러리솔,부산광역시 동래구 명륜동 329-1,0,,,,,,,
갤러리솔,부산광역시 동래구 명륜동 329-1,1,,,,,,,
갤러리솔,부산광역시 동래구 명륜동 329-1,2,,,,,,,
갤러리솔,부산광역시 동래구 명륜동 329-1,3,,,,,,,
갤러리솔,부산광역시 동래구 명륜동 329-1,4,,,,,,,
갤러리솔,부산광역시 동래구 명륜동 329-1,5,,,,,,,
갤러리솔,부산광역시 동래구 명륜동 329-1,6,,,,,,,
갤러리쥴스,부산광역시 금정구 장전동 421-6,0,,,,,,,
갤러리쥴스,부산광역시 금정구 장전동 421-6,1,,,,,,,
갤러리쥴스,부산광역시 금정구 장전동 421-6,2,,,,,,,
갤러리쥴스,부산광역시 금정구 장전동 421-6,3,,,,,,,
갤러리쥴스,부산광역시 금정구 장전동 421-6,4,,,,,,,
갤러리쥴스,부산광역시 금정구 장전동 421-6,5,,,,,,,
갤러리쥴스,부산광역시 금정구 장전동 421-6,6,,,,,,,
갤럭시캐쥬얼,부산광역시 동래구 온천동 502-3,0,,,,,,,
갤럭시캐쥬얼,부산광역시 동래구 온천동 502-3,1,,,,,,,
갤럭시캐쥬얼,부산광역시 동래구 온천동 502-3,2,,,,,,,
갤럭시캐쥬얼,부산광역시 동래구 온천동 502-3,3,,,,,,,
갤럭시캐쥬얼,부산광역시 동래구 온천동 502-3,4,,,,,,,
갤럭시캐쥬얼,부산광역시 동래구 온천동 502-3,5,,,,,,,
갤럭시캐쥬얼,부산광역시 동래구 온천동 502-3,6,,,,,,,
고센스터디,부산광역시 금정구 장전동 413-25,0,,,,,,,
고센스터디,부산광역시 금정구 장전동 413-25,1,,,,,,,
고센스터디,부산광역시 금정구 장전동 413-25,2,,,,,,,
고센스터디,부산광역시 금정구 장전동 413-25,3,,,,,,,
고센스터디,부산광역시 금정구 장전동 413-25,4,,,,,,,
고센스터디,부산광역시 금정구 장전동 413-25,5,,,,,,,
고센스터디,부산광역시 금정구 장전동 413-25,6,,,,,,,
골마켓,부산광역시 금정구 부곡동 243-4,0,,,,,,,
골마켓,부산광역시 금정구 부곡동 243-4,1,,,,,,,
골마켓,부산광역시 금정구 부곡동 243-4,2,,,,,,,
골마켓,부산광역시 금정구 부곡동 243-4,3,,,,,,,
골마켓,부산광역시 금정구 부곡동 243-4,4,,,,,,,
골마켓,부산광역시 금정구 부곡동 243-4,5,,,,,,,
골마켓,부산광역시 금정구 부곡동 243-4,6,,,,,,,
곰도링,부산광역시 금정구 장전동 304-1,0,14:00,19:30,,,,,
곰도링,부산광역시 금정구 장전동 304-1,1,,,,,,TRUE,
곰도링,부산광역시 금정구 장전동 304-1,2,14:00,19:30,,,,,
곰도링,부산광역시 금정구 장전동 304-1,3,14:00,19:30,,,,,
곰도링,부산광역시 금정구 장전동 304-1,4,14:00,19:30,,,,,
곰도링,부산광역시 금정구 장전동 304-1,5,14:00,19:30,,,,,
곰도링,부산광역시 금정구 장전동 304-1,6,14:00,19:30,,,,,
구두라인,부산광역시 금정구 장전동 312-39,0,,,,,,,
구두라인,부산광역시 금정구 장전동 312-39,1,,,,,,,
구두라인,부산광역시 금정구 장전동 312-39,2,,,,,,,
구두라인,부산광역시 금정구 장전동 312-39,3,,,,,,,
구두라인,부산광역시 금정구 장전동 312-39,4,,,,,,,
구두라인,부산광역시 금정구 장전동 312-39,5,,,,,,,
구두라인,부산광역시 금정구 장전동 312-39,6,,,,,,,
구디너프,부산광역시 동래구 온천동 707,0,,,,,,,
구디너프,부산광역시 동래구 온천동 707,1,,,,,,,
구디너프,부산광역시 동래구 온천동 707,2,,,,,,,
구디너프,부산광역시 동래구 온천동 707,3,,,,,,,
구디너프,부산광역시 동래구 온천동 707,4,,,,,,,
구디너프,부산광역시 동래구 온천동 707,5,,,,,,,
구디너프,부산광역시 동래구 온천동 707,6,,,,,,,
구호동래 롯데점,부산광역시 동래구 온천동 502-3,0,,,,,,,
구호동래 롯데점,부산광역시 동래구 온천동 502-3,1,,,,,,,
구호동래 롯데점,부산광역시 동래구 온천동 502-3,2,,,,,,,
구호동래 롯데점,부산광역시 동래구 온천동 502-3,3,,,,,,,
구호동래 롯데점,부산광역시 동래구 온천동 502-3,4,,,,,,,
구호동래 롯데점,부산광역시 동래구 온천동 502-3,5,,,,,,,
구호동래 롯데점,부산광역시 동래구 온천동 502-3,6,,,,,,,
굿드림,부산광역시 금정구 구서동 215-4,0,,,,,,,
굿드림,부산광역시 금정구 구서동 215-4,1,,,,,,,
굿드림,부산광역시 금정구 구서동 215-4,2,,,,,,,
굿드림,부산광역시 금정구 구서동 215-4,3,,,,,,,
굿드림,부산광역시 금정구 구서동 215-4,4,,,,,,,
굿드림,부산광역시 금정구 구서동 215-4,5,,,,,,,
굿드림,부산광역시 금정구 구서동 215-4,6,,,,,,,
궁,부산광역시 금정구 부곡동 394-21,0,0:00,24:00,,,,,
궁,부산광역시 금정구 부곡동 394-21,1,0:00,24:00,,,,,
궁,부산광역시 금정구 부곡동 394-21,2,0:00,24:00,,,,,
궁,부산광역시 금정구 부곡동 394-21,3,0:00,24:00,,,,,
궁,부산광역시 금정구 부곡동 394-21,4,0:00,24:00,,,,,
궁,부산광역시 금정구 부곡동 394-21,5,0:00,24:00,,,,,
궁,부산광역시 금정구 부곡동 394-21,6,0:00,24:00,,,,,
그라나다,부산광역시 동래구 온천동 751-10,0,,,,,,,
그라나다,부산광역시 동래구 온천동 751-10,1,,,,,,,
그라나다,부산광역시 동래구 온천동 751-10,2,,,,,,,
그라나다,부산광역시 동래구 온천동 751-10,3,,,,,,,
그라나다,부산광역시 동래구 온천동 751-10,4,,,,,,,
그라나다,부산광역시 동래구 온천동 751-10,5,,,,,,,
그라나다,부산광역시 동래구 온천동 751-10,6,,,,,,,
그린조이온천장점,부산광역시 동래구 온천동 180-15,0,,,,,,,
그린조이온천장점,부산광역시 동래구 온천동 180-15,1,,,,,,,
그린조이온천장점,부산광역시 동래구 온천동 180-15,2,,,,,,,
그린조이온천장점,부산광역시 동래구 온천동 180-15,3,,,,,,,
그린조이온천장점,부산광역시 동래구 온천동 180-15,4,,,,,,,
그린조이온천장점,부산광역시 동래구 온천동 180-15,5,,,,,,,
그린조이온천장점,부산광역시 동래구 온천동 180-15,6,,,,,,,
근화당,부산광역시 동래구 명륜동 533-193,0,11:00,22:00,,,,,
근화당,부산광역시 동래구 명륜동 533-193,1,11:00,22:00,,,,,
근화당,부산광역시 동래구 명륜동 533-193,2,11:00,22:00,,,,,
근화당,부산광역시 동래구 명륜동 533-193,3,11:00,22:00,,,,,
근화당,부산광역시 동래구 명륜동 533-193,4,11:00,22:00,,,,,
근화당,부산광역시 동래구 명륜동 533-193,5,11:00,22:00,,,,,
근화당,부산광역시 동래구 명륜동 533-193,6,11:00,22:00,,,,,
금강롯데동래지점,부산광역시 동래구 온천동 502-3,0,,,,,,,
금강롯데동래지점,부산광역시 동래구 온천동 502-3,1,,,,,,,
금강롯데동래지점,부산광역시 동래구 온천동 502-3,2,,,,,,,
금강롯데동래지점,부산광역시 동래구 온천동 502-3,3,,,,,,,
금강롯데동래지점,부산광역시 동래구 온천동 502-3,4,,,,,,,
금강롯데동래지점,부산광역시 동래구 온천동 502-3,5,,,,,,,
금강롯데동래지점,부산광역시 동래구 온천동 502-3,6,,,,,,,
금강팬시,부산광역시 동래구 온천동 1266-36,0,,,,,,,
금강팬시,부산광역시 동래구 온천동 1266-36,1,,,,,,,
금강팬시,부산광역시 동래구 온천동 1266-36,2,,,,,,,
금강팬시,부산광역시 동래구 온천동 1266-36,3,,,,,,,
금강팬시,부산광역시 동래구 온천동 1266-36,4,,,,,,,
금강팬시,부산광역시 동래구 온천동 1266-36,5,,,,,,,
금강팬시,부산광역시 동래구 온천동 1266-36,6,,,,,,,
금빛상점,부산광역시 금정구 장전동 106-29,0,,,,,,,
금빛상점,부산광역시 금정구 장전동 106-29,1,,,,,,,
금빛상점,부산광역시 금정구 장전동 106-29,2,,,,,,,
금빛상점,부산광역시 금정구 장전동 106-29,3,,,,,,,
금빛상점,부산광역시 금정구 장전동 106-29,4,,,,,,,
금빛상점,부산광역시 금정구 장전동 106-29,5,,,,,,,
금빛상점,부산광역시 금정구 장전동 106-29,6,,,,,,,
금정악세사리,부산광역시 동래구 온천동 1459-15,0,,,,,,,
금정악세사리,부산광역시 동래구 온천동 1459-15,1,,,,,,,
금정악세사리,부산광역시 동래구 온천동 1459-15,2,,,,,,,
금정악세사리,부산광역시 동래구 온천동 1459-15,3,,,,,,,
금정악세사리,부산광역시 동래구 온천동 1459-15,4,,,,,,,
금정악세사리,부산광역시 동래구 온천동 1459-15,5,,,,,,,
금정악세사리,부산광역시 동래구 온천동 1459-15,6,,,,,,,
기비롯데동래점 백화점,부산광역시 동래구 온천동 502-3,0,,,,,,,
기비롯데동래점 백화점,부산광역시 동래구 온천동 502-3,1,,,,,,,
기비롯데동래점 백화점,부산광역시 동래구 온천동 502-3,2,,,,,,,
기비롯데동래점 백화점,부산광역시 동래구 온천동 502-3,3,,,,,,,
기비롯데동래점 백화점,부산광역시 동래구 온천동 502-3,4,,,,,,,
기비롯데동래점 백화점,부산광역시 동래구 온천동 502-3,5,,,,,,,
기비롯데동래점 백화점,부산광역시 동래구 온천동 502-3,6,,,,,,,
까르뜨블랑슈,부산광역시 동래구 온천동 502-3,0,,,,,,,
까르뜨블랑슈,부산광역시 동래구 온천동 502-3,1,,,,,,,
까르뜨블랑슈,부산광역시 동래구 온천동 502-3,2,,,,,,,
까르뜨블랑슈,부산광역시 동래구 온천동 502-3,3,,,,,,,
까르뜨블랑슈,부산광역시 동래구 온천동 502-3,4,,,,,,,
까르뜨블랑슈,부산광역시 동래구 온천동 502-3,5,,,,,,,
까르뜨블랑슈,부산광역시 동래구 온천동 502-3,6,,,,,,,
까멜리아,부산광역시 금정구 장전동 312-39,0,,,,,,,
까멜리아,부산광역시 금정구 장전동 312-39,1,,,,,,,
까멜리아,부산광역시 금정구 장전동 312-39,2,,,,,,,
까멜리아,부산광역시 금정구 장전동 312-39,3,,,,,,,
까멜리아,부산광역시 금정구 장전동 312-39,4,,,,,,,
까멜리아,부산광역시 금정구 장전동 312-39,5,,,,,,,
까멜리아,부산광역시 금정구 장전동 312-39,6,,,,,,,
까미유,부산광역시 금정구 구서동 167-61,0,,,,,,,
까미유,부산광역시 금정구 구서동 167-61,1,,,,,,,
까미유,부산광역시 금정구 구서동 167-61,2,,,,,,,
까미유,부산광역시 금정구 구서동 167-61,3,,,,,,,
까미유,부산광역시 금정구 구서동 167-61,4,,,,,,,
까미유,부산광역시 금정구 구서동 167-61,5,,,,,,,
까미유,부산광역시 금정구 구서동 167-61,6,,,,,,,
까미유,부산광역시 동래구 온천동 1428-13,0,,,,,,,
까미유,부산광역시 동래구 온천동 1428-13,1,,,,,,,
까미유,부산광역시 동래구 온천동 1428-13,2,,,,,,,
까미유,부산광역시 동래구 온천동 1428-13,3,,,,,,,
까미유,부산광역시 동래구 온천동 1428-13,4,,,,,,,
까미유,부산광역시 동래구 온천동 1428-13,5,,,,,,,
까미유,부산광역시 동래구 온천동 1428-13,6,,,,,,,
깨순이뷰티,부산광역시 금정구 장전동 599-25,0,,,,,,,
깨순이뷰티,부산광역시 금정구 장전동 599-25,1,,,,,,,
깨순이뷰티,부산광역시 금정구 장전동 599-25,2,,,,,,,
깨순이뷰티,부산광역시 금정구 장전동 599-25,3,,,,,,,
깨순이뷰티,부산광역시 금정구 장전동 599-25,4,,,,,,,
깨순이뷰티,부산광역시 금정구 장전동 599-25,5,,,,,,,
깨순이뷰티,부산광역시 금정구 장전동 599-25,6,,,,,,,
꽃도좋고너도좋고,부산광역시 금정구 장전동 419-27,0,0:00,,,,,,
꽃도좋고너도좋고,부산광역시 금정구 장전동 419-27,1,0:00,,,,,,
꽃도좋고너도좋고,부산광역시 금정구 장전동 419-27,2,0:00,,,,,,
꽃도좋고너도좋고,부산광역시 금정구 장전동 419-27,3,0:00,,,,,,
꽃도좋고너도좋고,부산광역시 금정구 장전동 419-27,4,0:00,,,,,,
꽃도좋고너도좋고,부산광역시 금정구 장전동 419-27,5,0:00,,,,,,
꽃도좋고너도좋고,부산광역시 금정구 장전동 419-27,6,0:00,,,,,,
꽃도좋고너도좋고2,부산광역시 금정구 장전동 145-24,0,0:00,,,,,,
꽃도좋고너도좋고2,부산광역시 금정구 장전동 145-24,1,0:00,,,,,,
꽃도좋고너도좋고2,부산광역시 금정구 장전동 145-24,2,0:00,,,,,,
꽃도좋고너도좋고2,부산광역시 금정구 장전동 145-24,3,0:00,,,,,,
꽃도좋고너도좋고2,부산광역시 금정구 장전동 145-24,4,0:00,,,,,,
꽃도좋고너도좋고2,부산광역시 금정구 장전동 145-24,5,0:00,,,,,,
꽃도좋고너도좋고2,부산광역시 금정구 장전동 145-24,6,0:00,,,,,,
꽃딱지,부산광역시 금정구 장전동 389-40,0,12:00,18:00,,,,,
꽃딱지,부산광역시 금정구 장전동 389-40,1,,,,,,TRUE,
꽃딱지,부산광역시 금정구 장전동 389-40,2,10:00,21:00,,,,,
꽃딱지,부산광역시 금정구 장전동 389-40,3,10:00,21:00,,,,,
꽃딱지,부산광역시 금정구 장전동 389-40,4,10:00,21:00,,,,,
꽃딱지,부산광역시 금정구 장전동 389-40,5,10:00,21:00,,,,,
꽃딱지,부산광역시 금정구 장전동 389-40,6,10:00,20:00,,,,,
꽃사슴,부산광역시 동래구 온천동 150-13,0,,,,,,,
꽃사슴,부산광역시 동래구 온천동 150-13,1,,,,,,,
꽃사슴,부산광역시 동래구 온천동 150-13,2,,,,,,,
꽃사슴,부산광역시 동래구 온천동 150-13,3,,,,,,,
꽃사슴,부산광역시 동래구 온천동 150-13,4,,,,,,,
꽃사슴,부산광역시 동래구 온천동 150-13,5,,,,,,,
꽃사슴,부산광역시 동래구 온천동 150-13,6,,,,,,,
꽃지음,부산광역시 금정구 장전동 418-12,0,0:00,,,,,,
꽃지음,부산광역시 금정구 장전동 418-12,1,0:00,,,,,,
꽃지음,부산광역시 금정구 장전동 418-12,2,0:00,,,,,,
꽃지음,부산광역시 금정구 장전동 418-12,3,0:00,,,,,,
꽃지음,부산광역시 금정구 장전동 418-12,4,0:00,,,,,,
꽃지음,부산광역시 금정구 장전동 418-12,5,0:00,,,,,,
꽃지음,부산광역시 금정구 장전동 418-12,6,0:00,,,,,,
꽃피는나무,부산광역시 금정구 장전동 382-26,0,10:30,17:00,,,,,
꽃피는나무,부산광역시 금정구 장전동 382-26,1,11:00,18:00,,,,,
꽃피는나무,부산광역시 금정구 장전동 382-26,2,,,,,,TRUE,
꽃피는나무,부산광역시 금정구 장전동 382-26,3,11:00,12:00,,,,,
꽃피는나무,부산광역시 금정구 장전동 382-26,4,11:00,12:00,,,,,
꽃피는나무,부산광역시 금정구 장전동 382-26,5,11:00,12:00,,,,,
꽃피는나무,부산광역시 금정구 장전동 382-26,6,11:00,12:00,,,,,
끌랑,부산광역시 금정구 장전동 312-38,0,,,,,,,
끌랑,부산광역시 금정구 장전동 312-38,1,,,,,,,
끌랑,부산광역시 금정구 장전동 312-38,2,,,,,,,
끌랑,부산광역시 금정구 장전동 312-38,3,,,,,,,
끌랑,부산광역시 금정구 장전동 312-38,4,,,,,,,
끌랑,부산광역시 금정구 장전동 312-38,5,,,,,,,
끌랑,부산광역시 금정구 장전동 312-38,6,,,,,,,
끌레르,부산광역시 동래구 온천동 153-8,0,,,,,,,
끌레르,부산광역시 동래구 온천동 153-8,1,,,,,,,
끌레르,부산광역시 동래구 온천동 153-8,2,,,,,,,
끌레르,부산광역시 동래구 온천동 153-8,3,,,,,,,
끌레르,부산광역시 동래구 온천동 153-8,4,,,,,,,
끌레르,부산광역시 동래구 온천동 153-8,5,,,,,,,
끌레르,부산광역시 동래구 온천동 153-8,6,,,,,,,
끌레르스튜디오,부산광역시 금정구 장전동 421-12,0,12:00,21:00,,,,,
끌레르스튜디오,부산광역시 금정구 장전동 421-12,1,12:00,21:00,,,,,
끌레르스튜디오,부산광역시 금정구 장전동 421-12,2,12:00,21:00,,,,,
끌레르스튜디오,부산광역시 금정구 장전동 421-12,3,12:00,21:00,,,,,
끌레르스튜디오,부산광역시 금정구 장전동 421-12,4,12:00,21:00,,,,,
끌레르스튜디오,부산광역시 금정구 장전동 421-12,5,12:00,21:00,,,,,
끌레르스튜디오,부산광역시 금정구 장전동 421-12,6,12:00,21:00,,,,,
나는네가예쁘다,부산광역시 동래구 명륜동 553-5,0,10:30,20:30,,,,,
나는네가예쁘다,부산광역시 동래구 명륜동 553-5,1,10:30,20:30,,,,,
나는네가예쁘다,부산광역시 동래구 명륜동 553-5,2,10:30,20:30,,,,,
나는네가예쁘다,부산광역시 동래구 명륜동 553-5,3,10:30,20:30,,,,,
나는네가예쁘다,부산광역시 동래구 명륜동 553-5,4,10:30,20:30,,,,,
나는네가예쁘다,부산광역시 동래구 명륜동 553-5,5,10:30,20:30,,,,,
나는네가예쁘다,부산광역시 동래구 명륜동 553-5,6,10:30,20:30,,,,,
나라정원,부산광역시 금정구 구서동 164-11,0,,,,,,,
나라정원,부산광역시 금정구 구서동 164-11,1,,,,,,,
나라정원,부산광역시 금정구 구서동 164-11,2,,,,,,,
나라정원,부산광역시 금정구 구서동 164-11,3,,,,,,,
나라정원,부산광역시 금정구 구서동 164-11,4,,,,,,,
나라정원,부산광역시 금정구 구서동 164-11,5,,,,,,,
나라정원,부산광역시 금정구 구서동 164-11,6,,,,,,,
나라주택,부산광역시 동래구 온천동 159-5,0,,,,,,,
나라주택,부산광역시 동래구 온천동 159-5,1,,,,,,,
나라주택,부산광역시 동래구 온천동 159-5,2,,,,,,,
나라주택,부산광역시 동래구 온천동 159-5,3,,,,,,,
나라주택,부산광역시 동래구 온천동 159-5,4,,,,,,,
나라주택,부산광역시 동래구 온천동 159-5,5,,,,,,,
나라주택,부산광역시 동래구 온천동 159-5,6,,,,,,,
나르지오워킹화 동래점,부산광역시 동래구 온천동 1436-3,0,,,,,,,
나르지오워킹화 동래점,부산광역시 동래구 온천동 1436-3,1,,,,,,,
나르지오워킹화 동래점,부산광역시 동래구 온천동 1436-3,2,,,,,,,
나르지오워킹화 동래점,부산광역시 동래구 온천동 1436-3,3,,,,,,,
나르지오워킹화 동래점,부산광역시 동래구 온천동 1436-3,4,,,,,,,
나르지오워킹화 동래점,부산광역시 동래구 온천동 1436-3,5,,,,,,,
나르지오워킹화 동래점,부산광역시 동래구 온천동 1436-3,6,,,,,,,
나인,부산광역시 금정구 부곡동 329-19,0,,,,,,,
나인,부산광역시 금정구 부곡동 329-19,1,,,,,,,
나인,부산광역시 금정구 부곡동 329-19,2,,,,,,,
나인,부산광역시 금정구 부곡동 329-19,3,,,,,,,
나인,부산광역시 금정구 부곡동 329-19,4,,,,,,,
나인,부산광역시 금정구 부곡동 329-19,5,,,,,,,
나인,부산광역시 금정구 부곡동 329-19,6,,,,,,,
나인온스 두실점,부산광역시 금정구 구서동 163-25,0,11:00,19:00,,,,,
나인온스 두실점,부산광역시 금정구 구서동 163-25,1,11:00,19:00,,,,,
나인온스 두실점,부산광역시 금정구 구서동 163-25,2,11:00,19:00,,,,,
나인온스 두실점,부산광역시 금정구 구서동 163-25,3,11:00,19:00,,,,,
나인온스 두실점,부산광역시 금정구 구서동 163-25,4,11:00,19:00,,,,,
나인온스 두실점,부산광역시 금정구 구서동 163-25,5,11:00,19:00,,,,,
나인온스 두실점,부산광역시 금정구 구서동 163-25,6,11:00,19:00,,,,,
나인플로어,부산광역시 금정구 장전동 413-36,0,,,,,,,
나인플로어,부산광역시 금정구 장전동 413-36,1,,,,,,,
나인플로어,부산광역시 금정구 장전동 413-36,2,,,,,,,
나인플로어,부산광역시 금정구 장전동 413-36,3,,,,,,,
나인플로어,부산광역시 금정구 장전동 413-36,4,,,,,,,
나인플로어,부산광역시 금정구 장전동 413-36,5,,,,,,,
나인플로어,부산광역시 금정구 장전동 413-36,6,,,,,,,
내몸에건강이야기,부산광역시 금정구 부곡동 225-6,0,,,,,,,
내몸에건강이야기,부산광역시 금정구 부곡동 225-6,1,,,,,,,
내몸에건강이야기,부산광역시 금정구 부곡동 225-6,2,,,,,,,
내몸에건강이야기,부산광역시 금정구 부곡동 225-6,3,,,,,,,
내몸에건강이야기,부산광역시 금정구 부곡동 225-6,4,,,,,,,
내몸에건강이야기,부산광역시 금정구 부곡동 225-6,5,,,,,,,
내몸에건강이야기,부산광역시 금정구 부곡동 225-6,6,,,,,,,
내셔널지오그래픽,부산광역시 동래구 온천동 502-3,0,,,,,,,
내셔널지오그래픽,부산광역시 동래구 온천동 502-3,1,,,,,,,
내셔널지오그래픽,부산광역시 동래구 온천동 502-3,2,,,,,,,
내셔널지오그래픽,부산광역시 동래구 온천동 502-3,3,,,,,,,
내셔널지오그래픽,부산광역시 동래구 온천동 502-3,4,,,,,,,
내셔널지오그래픽,부산광역시 동래구 온천동 502-3,5,,,,,,,
내셔널지오그래픽,부산광역시 동래구 온천동 502-3,6,,,,,,,
내셔널지오그래픽키즈,부산광역시 동래구 온천동 502-3,0,,,,,,,
내셔널지오그래픽키즈,부산광역시 동래구 온천동 502-3,1,,,,,,,
내셔널지오그래픽키즈,부산광역시 동래구 온천동 502-3,2,,,,,,,
내셔널지오그래픽키즈,부산광역시 동래구 온천동 502-3,3,,,,,,,
내셔널지오그래픽키즈,부산광역시 동래구 온천동 502-3,4,,,,,,,
내셔널지오그래픽키즈,부산광역시 동래구 온천동 502-3,5,,,,,,,
내셔널지오그래픽키즈,부산광역시 동래구 온천동 502-3,6,,,,,,,
네이처리퍼블릭,부산광역시 금정구 장전동 242,0,,,,,,,
네이처리퍼블릭,부산광역시 금정구 장전동 242,1,,,,,,,
네이처리퍼블릭,부산광역시 금정구 장전동 242,2,,,,,,,
네이처리퍼블릭,부산광역시 금정구 장전동 242,3,,,,,,,
네이처리퍼블릭,부산광역시 금정구 장전동 242,4,,,,,,,
네이처리퍼블릭,부산광역시 금정구 장전동 242,5,,,,,,,
네이처리퍼블릭,부산광역시 금정구 장전동 242,6,,,,,,,
네이처리퍼블릭,부산광역시 동래구 온천동 502-3,0,,,,,,,
네이처리퍼블릭,부산광역시 동래구 온천동 502-3,1,,,,,,,
네이처리퍼블릭,부산광역시 동래구 온천동 502-3,2,,,,,,,
네이처리퍼블릭,부산광역시 동래구 온천동 502-3,3,,,,,,,
네이처리퍼블릭,부산광역시 동래구 온천동 502-3,4,,,,,,,
네이처리퍼블릭,부산광역시 동래구 온천동 502-3,5,,,,,,,
네이처리퍼블릭,부산광역시 동래구 온천동 502-3,6,,,,,,,
네이처리퍼블릭명륜역점,부산광역시 동래구 온천동 489-4,0,,,,,,,
네이처리퍼블릭명륜역점,부산광역시 동래구 온천동 489-4,1,,,,,,,
네이처리퍼블릭명륜역점,부산광역시 동래구 온천동 489-4,2,,,,,,,
네이처리퍼블릭명륜역점,부산광역시 동래구 온천동 489-4,3,,,,,,,
네이처리퍼블릭명륜역점,부산광역시 동래구 온천동 489-4,4,,,,,,,
네이처리퍼블릭명륜역점,부산광역시 동래구 온천동 489-4,5,,,,,,,
네이처리퍼블릭명륜역점,부산광역시 동래구 온천동 489-4,6,,,,,,,
네이처리퍼블릭명륜역점,부산광역시 동래구 온천동 489-4,0,,,,,,,
네이처리퍼블릭명륜역점,부산광역시 동래구 온천동 489-4,1,,,,,,,
네이처리퍼블릭명륜역점,부산광역시 동래구 온천동 489-4,2,,,,,,,
네이처리퍼블릭명륜역점,부산광역시 동래구 온천동 489-4,3,,,,,,,
네이처리퍼블릭명륜역점,부산광역시 동래구 온천동 489-4,4,,,,,,,
네이처리퍼블릭명륜역점,부산광역시 동래구 온천동 489-4,5,,,,,,,
네이처리퍼블릭명륜역점,부산광역시 동래구 온천동 489-4,6,,,,,,,
네이처리퍼블릭온천장역,부산광역시 동래구 온천동 1750-1,0,,,,,,,
네이처리퍼블릭온천장역,부산광역시 동래구 온천동 1750-1,1,,,,,,,
네이처리퍼블릭온천장역,부산광역시 동래구 온천동 1750-1,2,,,,,,,
네이처리퍼블릭온천장역,부산광역시 동래구 온천동 1750-1,3,,,,,,,
네이처리퍼블릭온천장역,부산광역시 동래구 온천동 1750-1,4,,,,,,,
네이처리퍼블릭온천장역,부산광역시 동래구 온천동 1750-1,5,,,,,,,
네이처리퍼블릭온천장역,부산광역시 동래구 온천동 1750-1,6,,,,,,,
네이처컬렉션 장전역점,부산광역시 금정구 장전동 211-16,0,,,,,,,
네이처컬렉션 장전역점,부산광역시 금정구 장전동 211-16,1,,,,,,,
네이처컬렉션 장전역점,부산광역시 금정구 장전동 211-16,2,,,,,,,
네이처컬렉션 장전역점,부산광역시 금정구 장전동 211-16,3,,,,,,,
네이처컬렉션 장전역점,부산광역시 금정구 장전동 211-16,4,,,,,,,
네이처컬렉션 장전역점,부산광역시 금정구 장전동 211-16,5,,,,,,,
네이처컬렉션 장전역점,부산광역시 금정구 장전동 211-16,6,,,,,,,
네파부산동래 2호점,부산광역시 동래구 명륜동 506-3,0,,,,,,,
네파부산동래 2호점,부산광역시 동래구 명륜동 506-3,1,,,,,,,
네파부산동래 2호점,부산광역시 동래구 명륜동 506-3,2,,,,,,,
네파부산동래 2호점,부산광역시 동래구 명륜동 506-3,3,,,,,,,
네파부산동래 2호점,부산광역시 동래구 명륜동 506-3,4,,,,,,,
네파부산동래 2호점,부산광역시 동래구 명륜동 506-3,5,,,,,,,
네파부산동래 2호점,부산광역시 동래구 명륜동 506-3,6,,,,,,,
네파키즈,부산광역시 동래구 온천동 502-3,0,,,,,,,
네파키즈,부산광역시 동래구 온천동 502-3,1,,,,,,,
네파키즈,부산광역시 동래구 온천동 502-3,2,,,,,,,
네파키즈,부산광역시 동래구 온천동 502-3,3,,,,,,,
네파키즈,부산광역시 동래구 온천동 502-3,4,,,,,,,
네파키즈,부산광역시 동래구 온천동 502-3,5,,,,,,,
네파키즈,부산광역시 동래구 온천동 502-3,6,,,,,,,
노랑의류,부산광역시 금정구 장전동 194-1,0,,,,,,,
노랑의류,부산광역시 금정구 장전동 194-1,1,,,,,,,
노랑의류,부산광역시 금정구 장전동 194-1,2,,,,,,,
노랑의류,부산광역시 금정구 장전동 194-1,3,,,,,,,
노랑의류,부산광역시 금정구 장전동 194-1,4,,,,,,,
노랑의류,부산광역시 금정구 장전동 194-1,5,,,,,,,
노랑의류,부산광역시 금정구 장전동 194-1,6,,,,,,,
노마진,부산광역시 금정구 장전동 293-97,0,,,,,,,
노마진,부산광역시 금정구 장전동 293-97,1,,,,,,,
노마진,부산광역시 금정구 장전동 293-97,2,,,,,,,
노마진,부산광역시 금정구 장전동 293-97,3,,,,,,,
노마진,부산광역시 금정구 장전동 293-97,4,,,,,,,
노마진,부산광역시 금정구 장전동 293-97,5,,,,,,,
노마진,부산광역시 금정구 장전동 293-97,6,,,,,,,
놀러와문방구,부산광역시 금정구 장전동 118-2,0,,,,,,,
놀러와문방구,부산광역시 금정구 장전동 118-2,1,,,,,,,
놀러와문방구,부산광역시 금정구 장전동 118-2,2,,,,,,,
놀러와문방구,부산광역시 금정구 장전동 118-2,3,,,,,,,
놀러와문방구,부산광역시 금정구 장전동 118-2,4,,,,,,,
놀러와문방구,부산광역시 금정구 장전동 118-2,5,,,,,,,
놀러와문방구,부산광역시 금정구 장전동 118-2,6,,,,,,,
놀이터,부산광역시 금정구 장전동 305-2,0,,,,,,,
놀이터,부산광역시 금정구 장전동 305-2,1,,,,,,,
놀이터,부산광역시 금정구 장전동 305-2,2,,,,,,,
놀이터,부산광역시 금정구 장전동 305-2,3,,,,,,,
놀이터,부산광역시 금정구 장전동 305-2,4,,,,,,,
놀이터,부산광역시 금정구 장전동 305-2,5,,,,,,,
놀이터,부산광역시 금정구 장전동 305-2,6,,,,,,,
누메로우노주,부산광역시 금정구 장전동 423-34,0,,,,,,,
누메로우노주,부산광역시 금정구 장전동 423-34,1,,,,,,,
누메로우노주,부산광역시 금정구 장전동 423-34,2,,,,,,,
누메로우노주,부산광역시 금정구 장전동 423-34,3,,,,,,,
누메로우노주,부산광역시 금정구 장전동 423-34,4,,,,,,,
누메로우노주,부산광역시 금정구 장전동 423-34,5,,,,,,,
누메로우노주,부산광역시 금정구 장전동 423-34,6,,,,,,,
누볼라리,부산광역시 동래구 온천동 1465-28,0,,,,,,,
누볼라리,부산광역시 동래구 온천동 1465-28,1,,,,,,,
누볼라리,부산광역시 동래구 온천동 1465-28,2,,,,,,,
누볼라리,부산광역시 동래구 온천동 1465-28,3,,,,,,,
누볼라리,부산광역시 동래구 온천동 1465-28,4,,,,,,,
누볼라리,부산광역시 동래구 온천동 1465-28,5,,,,,,,
누볼라리,부산광역시 동래구 온천동 1465-28,6,,,,,,,
뉴발란스,부산광역시 동래구 온천동 502-3,0,,,,,,,
뉴발란스,부산광역시 동래구 온천동 502-3,1,,,,,,,
뉴발란스,부산광역시 동래구 온천동 502-3,2,,,,,,,
뉴발란스,부산광역시 동래구 온천동 502-3,3,,,,,,,
뉴발란스,부산광역시 동래구 온천동 502-3,4,,,,,,,
뉴발란스,부산광역시 동래구 온천동 502-3,5,,,,,,,
뉴발란스,부산광역시 동래구 온천동 502-3,6,,,,,,,
니트지엔느,부산광역시 금정구 구서동 822-2,0,,,,,,,
니트지엔느,부산광역시 금정구 구서동 822-2,1,,,,,,,
니트지엔느,부산광역시 금정구 구서동 822-2,2,,,,,,,
니트지엔느,부산광역시 금정구 구서동 822-2,3,,,,,,,
니트지엔느,부산광역시 금정구 구서동 822-2,4,,,,,,,
니트지엔느,부산광역시 금정구 구서동 822-2,5,,,,,,,
니트지엔느,부산광역시 금정구 구서동 822-2,6,,,,,,,
닉스,부산광역시 금정구 구서동 368,0,,,,,,,
닉스,부산광역시 금정구 구서동 368,1,,,,,,,
닉스,부산광역시 금정구 구서동 368,2,,,,,,,
닉스,부산광역시 금정구 구서동 368,3,,,,,,,
닉스,부산광역시 금정구 구서동 368,4,,,,,,,
닉스,부산광역시 금정구 구서동 368,5,,,,,,,
닉스,부산광역시 금정구 구서동 368,6,,,,,,,
닉스토어,부산광역시 금정구 장전동 312-22,0,,,,,,,
닉스토어,부산광역시 금정구 장전동 312-22,1,,,,,,,
닉스토어,부산광역시 금정구 장전동 312-22,2,,,,,,,
닉스토어,부산광역시 금정구 장전동 312-22,3,,,,,,,
닉스토어,부산광역시 금정구 장전동 312-22,4,,,,,,,
닉스토어,부산광역시 금정구 장전동 312-22,5,,,,,,,
닉스토어,부산광역시 금정구 장전동 312-22,6,,,,,,,
다감문구,부산광역시 금정구 구서동 409-26,0,,,,,,,
다감문구,부산광역시 금정구 구서동 409-26,1,,,,,,,
다감문구,부산광역시 금정구 구서동 409-26,2,,,,,,,
다감문구,부산광역시 금정구 구서동 409-26,3,,,,,,,
다감문구,부산광역시 금정구 구서동 409-26,4,,,,,,,
다감문구,부산광역시 금정구 구서동 409-26,5,,,,,,,
다감문구,부산광역시 금정구 구서동 409-26,6,,,,,,,
다모아문구,부산광역시 동래구 온천동 1433-17,0,,,,,,,
다모아문구,부산광역시 동래구 온천동 1433-17,1,,,,,,,
다모아문구,부산광역시 동래구 온천동 1433-17,2,,,,,,,
다모아문구,부산광역시 동래구 온천동 1433-17,3,,,,,,,
다모아문구,부산광역시 동래구 온천동 1433-17,4,,,,,,,
다모아문구,부산광역시 동래구 온천동 1433-17,5,,,,,,,
다모아문구,부산광역시 동래구 온천동 1433-17,6,,,,,,,
다사랑문고,부산광역시 금정구 장전동 420-1,0,9:30,22:00,,,,,
다사랑문고,부산광역시 금정구 장전동 420-1,1,9:30,22:00,,,,,
다사랑문고,부산광역시 금정구 장전동 420-1,2,9:30,22:00,,,,,
다사랑문고,부산광역시 금정구 장전동 420-1,3,9:30,22:00,,,,,
다사랑문고,부산광역시 금정구 장전동 420-1,4,9:30,22:00,,,,,
다사랑문고,부산광역시 금정구 장전동 420-1,5,9:30,22:00,,,,,
다사랑문고,부산광역시 금정구 장전동 420-1,6,9:30,22:00,,,,,
다사랑문고,부산광역시 금정구 장전동 422-7,0,,,,,,,
다사랑문고,부산광역시 금정구 장전동 422-7,1,,,,,,,
다사랑문고,부산광역시 금정구 장전동 422-7,2,,,,,,,
다사랑문고,부산광역시 금정구 장전동 422-7,3,,,,,,,
다사랑문고,부산광역시 금정구 장전동 422-7,4,,,,,,,
다사랑문고,부산광역시 금정구 장전동 422-7,5,,,,,,,
다사랑문고,부산광역시 금정구 장전동 422-7,6,,,,,,,
다연DAYEON,부산광역시 동래구 온천동 164-62,0,,,,,,,
다연DAYEON,부산광역시 동래구 온천동 164-62,1,,,,,,,
다연DAYEON,부산광역시 동래구 온천동 164-62,2,,,,,,,
다연DAYEON,부산광역시 동래구 온천동 164-62,3,,,,,,,
다연DAYEON,부산광역시 동래구 온천동 164-62,4,,,,,,,
다연DAYEON,부산광역시 동래구 온천동 164-62,5,,,,,,,
다연DAYEON,부산광역시 동래구 온천동 164-62,6,,,,,,,
다온,부산광역시 동래구 온천동 1234-3,0,,,,,,,
다온,부산광역시 동래구 온천동 1234-3,1,,,,,,,
다온,부산광역시 동래구 온천동 1234-3,2,,,,,,,
다온,부산광역시 동래구 온천동 1234-3,3,,,,,,,
다온,부산광역시 동래구 온천동 1234-3,4,,,,,,,
다온,부산광역시 동래구 온천동 1234-3,5,,,,,,,
다온,부산광역시 동래구 온천동 1234-3,6,,,,,,,
다올중고명품 부산대점,부산광역시 금정구 장전동 423-25,0,10:00,20:00,,,,,
다올중고명품 부산대점,부산광역시 금정구 장전동 423-25,1,10:00,20:00,,,,,
다올중고명품 부산대점,부산광역시 금정구 장전동 423-25,2,10:00,20:00,,,,,
다올중고명품 부산대점,부산광역시 금정구 장전동 423-25,3,10:00,20:00,,,,,
다올중고명품 부산대점,부산광역시 금정구 장전동 423-25,4,10:00,20:00,,,,,
다올중고명품 부산대점,부산광역시 금정구 장전동 423-25,5,10:00,20:00,,,,,
다올중고명품 부산대점,부산광역시 금정구 장전동 423-25,6,10:00,20:00,,,,,
다이나핏,부산광역시 동래구 온천동 502-3,0,,,,,,,
다이나핏,부산광역시 동래구 온천동 502-3,1,,,,,,,
다이나핏,부산광역시 동래구 온천동 502-3,2,,,,,,,
다이나핏,부산광역시 동래구 온천동 502-3,3,,,,,,,
다이나핏,부산광역시 동래구 온천동 502-3,4,,,,,,,
다이나핏,부산광역시 동래구 온천동 502-3,5,,,,,,,
다이나핏,부산광역시 동래구 온천동 502-3,6,,,,,,,
다종헌,부산광역시 금정구 구서동 468-36,0,,,,,,,
다종헌,부산광역시 금정구 구서동 468-36,1,,,,,,,
다종헌,부산광역시 금정구 구서동 468-36,2,,,,,,,
다종헌,부산광역시 금정구 구서동 468-36,3,,,,,,,
다종헌,부산광역시 금정구 구서동 468-36,4,,,,,,,
다종헌,부산광역시 금정구 구서동 468-36,5,,,,,,,
다종헌,부산광역시 금정구 구서동 468-36,6,,,,,,,
닥스구두,부산광역시 동래구 온천동 502-3,0,,,,,,,
닥스구두,부산광역시 동래구 온천동 502-3,1,,,,,,,
닥스구두,부산광역시 동래구 온천동 502-3,2,,,,,,,
닥스구두,부산광역시 동래구 온천동 502-3,3,,,,,,,
닥스구두,부산광역시 동래구 온천동 502-3,4,,,,,,,
닥스구두,부산광역시 동래구 온천동 502-3,5,,,,,,,
닥스구두,부산광역시 동래구 온천동 502-3,6,,,,,,,
닥터파우제,부산광역시 동래구 명륜동 533-125,0,,,,,,TRUE,
닥터파우제,부산광역시 동래구 명륜동 533-125,1,10:00,20:00,,,,,
닥터파우제,부산광역시 동래구 명륜동 533-125,2,10:00,20:00,,,,,
닥터파우제,부산광역시 동래구 명륜동 533-125,3,10:00,20:00,,,,,
닥터파우제,부산광역시 동래구 명륜동 533-125,4,10:00,20:00,,,,,
닥터파우제,부산광역시 동래구 명륜동 533-125,5,10:00,20:00,,,,,
닥터파우제,부산광역시 동래구 명륜동 533-125,6,10:00,20:00,,,,,
대광당,부산광역시 동래구 온천동 1412-1,0,,,,,,,
대광당,부산광역시 동래구 온천동 1412-1,1,,,,,,,
대광당,부산광역시 동래구 온천동 1412-1,2,,,,,,,
대광당,부산광역시 동래구 온천동 1412-1,3,,,,,,,
대광당,부산광역시 동래구 온천동 1412-1,4,,,,,,,
대광당,부산광역시 동래구 온천동 1412-1,5,,,,,,,
대광당,부산광역시 동래구 온천동 1412-1,6,,,,,,,
대림스포츠나이키,부산광역시 동래구 명륜동 506-3,0,,,,,,,
대림스포츠나이키,부산광역시 동래구 명륜동 506-3,1,,,,,,,
대림스포츠나이키,부산광역시 동래구 명륜동 506-3,2,,,,,,,
대림스포츠나이키,부산광역시 동래구 명륜동 506-3,3,,,,,,,
대림스포츠나이키,부산광역시 동래구 명륜동 506-3,4,,,,,,,
대림스포츠나이키,부산광역시 동래구 명륜동 506-3,5,,,,,,,
대림스포츠나이키,부산광역시 동래구 명륜동 506-3,6,,,,,,,
대림컨츄리,부산광역시 금정구 구서동 87-1,0,,,,,,,
대림컨츄리,부산광역시 금정구 구서동 87-1,1,,,,,,,
대림컨츄리,부산광역시 금정구 구서동 87-1,2,,,,,,,
대림컨츄리,부산광역시 금정구 구서동 87-1,3,,,,,,,
대림컨츄리,부산광역시 금정구 구서동 87-1,4,,,,,,,
대림컨츄리,부산광역시 금정구 구서동 87-1,5,,,,,,,
대림컨츄리,부산광역시 금정구 구서동 87-1,6,,,,,,,
대성상회,부산광역시 동래구 온천동 143-7,0,,,,,,,
대성상회,부산광역시 동래구 온천동 143-7,1,,,,,,,
대성상회,부산광역시 동래구 온천동 143-7,2,,,,,,,
대성상회,부산광역시 동래구 온천동 143-7,3,,,,,,,
대성상회,부산광역시 동래구 온천동 143-7,4,,,,,,,
대성상회,부산광역시 동래구 온천동 143-7,5,,,,,,,
대성상회,부산광역시 동래구 온천동 143-7,6,,,,,,,
대송문화재단,부산광역시 동래구 온천동 1163,0,,,,,,,
대송문화재단,부산광역시 동래구 온천동 1163,1,,,,,,,
대송문화재단,부산광역시 동래구 온천동 1163,2,,,,,,,
대송문화재단,부산광역시 동래구 온천동 1163,3,,,,,,,
대송문화재단,부산광역시 동래구 온천동 1163,4,,,,,,,
대송문화재단,부산광역시 동래구 온천동 1163,5,,,,,,,
대송문화재단,부산광역시 동래구 온천동 1163,6,,,,,,,
대영상사,부산광역시 동래구 온천동 429-7,0,,,,,,,
대영상사,부산광역시 동래구 온천동 429-7,1,,,,,,,
대영상사,부산광역시 동래구 온천동 429-7,2,,,,,,,
대영상사,부산광역시 동래구 온천동 429-7,3,,,,,,,
대영상사,부산광역시 동래구 온천동 429-7,4,,,,,,,
대영상사,부산광역시 동래구 온천동 429-7,5,,,,,,,
대영상사,부산광역시 동래구 온천동 429-7,6,,,,,,,
대한유통,부산광역시 동래구 온천동 502-3,0,,,,,,,
대한유통,부산광역시 동래구 온천동 502-3,1,,,,,,,
대한유통,부산광역시 동래구 온천동 502-3,2,,,,,,,
대한유통,부산광역시 동래구 온천동 502-3,3,,,,,,,
대한유통,부산광역시 동래구 온천동 502-3,4,,,,,,,
대한유통,부산광역시 동래구 온천동 502-3,5,,,,,,,
대한유통,부산광역시 동래구 온천동 502-3,6,,,,,,,
더고은피부,부산광역시 동래구 온천동 474-19,0,,,,,,,
더고은피부,부산광역시 동래구 온천동 474-19,1,,,,,,,
더고은피부,부산광역시 동래구 온천동 474-19,2,,,,,,,
더고은피부,부산광역시 동래구 온천동 474-19,3,,,,,,,
더고은피부,부산광역시 동래구 온천동 474-19,4,,,,,,,
더고은피부,부산광역시 동래구 온천동 474-19,5,,,,,,,
더고은피부,부산광역시 동래구 온천동 474-19,6,,,,,,,
더기네스,부산광역시 금정구 장전동 316-10,0,11:00,22:00,,,,,
더기네스,부산광역시 금정구 장전동 316-10,1,11:00,22:00,,,,,
더기네스,부산광역시 금정구 장전동 316-10,2,11:00,22:00,,,,,
더기네스,부산광역시 금정구 장전동 316-10,3,11:00,22:00,,,,,
더기네스,부산광역시 금정구 장전동 316-10,4,11:00,22:00,,,,,
더기네스,부산광역시 금정구 장전동 316-10,5,11:00,22:00,,,,,
더기네스,부산광역시 금정구 장전동 316-10,6,11:00,22:00,,,,,
더데이걸 NC부산대점,부산광역시 금정구 장전동 40,0,,,,,,,
더데이걸 NC부산대점,부산광역시 금정구 장전동 40,1,,,,,,,
더데이걸 NC부산대점,부산광역시 금정구 장전동 40,2,,,,,,,
더데이걸 NC부산대점,부산광역시 금정구 장전동 40,3,,,,,,,
더데이걸 NC부산대점,부산광역시 금정구 장전동 40,4,,,,,,,
더데이걸 NC부산대점,부산광역시 금정구 장전동 40,5,,,,,,,
더데이걸 NC부산대점,부산광역시 금정구 장전동 40,6,,,,,,,
더마코퍼레이션,부산광역시 금정구 구서동 159-2,0,,,,,,,
더마코퍼레이션,부산광역시 금정구 구서동 159-2,1,,,,,,,
더마코퍼레이션,부산광역시 금정구 구서동 159-2,2,,,,,,,
더마코퍼레이션,부산광역시 금정구 구서동 159-2,3,,,,,,,
더마코퍼레이션,부산광역시 금정구 구서동 159-2,4,,,,,,,
더마코퍼레이션,부산광역시 금정구 구서동 159-2,5,,,,,,,
더마코퍼레이션,부산광역시 금정구 구서동 159-2,6,,,,,,,
더맑음,부산광역시 동래구 온천동 457-12,0,,,,,,,
더맑음,부산광역시 동래구 온천동 457-12,1,,,,,,,
더맑음,부산광역시 동래구 온천동 457-12,2,,,,,,,
더맑음,부산광역시 동래구 온천동 457-12,3,,,,,,,
더맑음,부산광역시 동래구 온천동 457-12,4,,,,,,,
더맑음,부산광역시 동래구 온천동 457-12,5,,,,,,,
더맑음,부산광역시 동래구 온천동 457-12,6,,,,,,,
더미니니,부산광역시 금정구 장전동 293-174,0,,,,,,,
더미니니,부산광역시 금정구 장전동 293-174,1,,,,,,,
더미니니,부산광역시 금정구 장전동 293-174,2,,,,,,,
더미니니,부산광역시 금정구 장전동 293-174,3,,,,,,,
더미니니,부산광역시 금정구 장전동 293-174,4,,,,,,,
더미니니,부산광역시 금정구 장전동 293-174,5,,,,,,,
더미니니,부산광역시 금정구 장전동 293-174,6,,,,,,,
더바디샵,부산광역시 동래구 온천동 502-3,0,,,,,,,
더바디샵,부산광역시 동래구 온천동 502-3,1,,,,,,,
더바디샵,부산광역시 동래구 온천동 502-3,2,,,,,,,
더바디샵,부산광역시 동래구 온천동 502-3,3,,,,,,,
더바디샵,부산광역시 동래구 온천동 502-3,4,,,,,,,
더바디샵,부산광역시 동래구 온천동 502-3,5,,,,,,,
더바디샵,부산광역시 동래구 온천동 502-3,6,,,,,,,
더벧엘,부산광역시 동래구 온천동 221-13,0,,,,,,,
더벧엘,부산광역시 동래구 온천동 221-13,1,,,,,,,
더벧엘,부산광역시 동래구 온천동 221-13,2,,,,,,,
더벧엘,부산광역시 동래구 온천동 221-13,3,,,,,,,
더벧엘,부산광역시 동래구 온천동 221-13,4,,,,,,,
더벧엘,부산광역시 동래구 온천동 221-13,5,,,,,,,
더벧엘,부산광역시 동래구 온천동 221-13,6,,,,,,,
더블린,부산광역시 금정구 장전동 400-29,0,,,,,,,
더블린,부산광역시 금정구 장전동 400-29,1,,,,,,,
더블린,부산광역시 금정구 장전동 400-29,2,,,,,,,
더블린,부산광역시 금정구 장전동 400-29,3,,,,,,,
더블린,부산광역시 금정구 장전동 400-29,4,,,,,,,
더블린,부산광역시 금정구 장전동 400-29,5,,,,,,,
더블린,부산광역시 금정구 장전동 400-29,6,,,,,,,
더블유샵,부산광역시 금정구 장전동 293-167,0,,,,,,,
더블유샵,부산광역시 금정구 장전동 293-167,1,,,,,,,
더블유샵,부산광역시 금정구 장전동 293-167,2,,,,,,,
더블유샵,부산광역시 금정구 장전동 293-167,3,,,,,,,
더블유샵,부산광역시 금정구 장전동 293-167,4,,,,,,,
더블유샵,부산광역시 금정구 장전동 293-167,5,,,,,,,
더블유샵,부산광역시 금정구 장전동 293-167,6,,,,,,,
더블유앤슈,부산광역시 금정구 장전동 423-36,0,,,,,,,
더블유앤슈,부산광역시 금정구 장전동 423-36,1,,,,,,,
더블유앤슈,부산광역시 금정구 장전동 423-36,2,,,,,,,
더블유앤슈,부산광역시 금정구 장전동 423-36,3,,,,,,,
더블유앤슈,부산광역시 금정구 장전동 423-36,4,,,,,,,
더블유앤슈,부산광역시 금정구 장전동 423-36,5,,,,,,,
더블유앤슈,부산광역시 금정구 장전동 423-36,6,,,,,,,
더샵,부산광역시 금정구 부곡동 215-2,0,,,,,,,
더샵,부산광역시 금정구 부곡동 215-2,1,,,,,,,
더샵,부산광역시 금정구 부곡동 215-2,2,,,,,,,
더샵,부산광역시 금정구 부곡동 215-2,3,,,,,,,
더샵,부산광역시 금정구 부곡동 215-2,4,,,,,,,
더샵,부산광역시 금정구 부곡동 215-2,5,,,,,,,
더샵,부산광역시 금정구 부곡동 215-2,6,,,,,,,
더에띠임,부산광역시 동래구 온천동 1441-12,0,,,,,,,
더에띠임,부산광역시 동래구 온천동 1441-12,1,,,,,,,
더에띠임,부산광역시 동래구 온천동 1441-12,2,,,,,,,
더에띠임,부산광역시 동래구 온천동 1441-12,3,,,,,,,
더에띠임,부산광역시 동래구 온천동 1441-12,4,,,,,,,
더에띠임,부산광역시 동래구 온천동 1441-12,5,,,,,,,
더에띠임,부산광역시 동래구 온천동 1441-12,6,,,,,,,
더워킹컴퍼니동래롯데,부산광역시 동래구 온천동 502-3,0,,,,,,,
더워킹컴퍼니동래롯데,부산광역시 동래구 온천동 502-3,1,,,,,,,
더워킹컴퍼니동래롯데,부산광역시 동래구 온천동 502-3,2,,,,,,,
더워킹컴퍼니동래롯데,부산광역시 동래구 온천동 502-3,3,,,,,,,
더워킹컴퍼니동래롯데,부산광역시 동래구 온천동 502-3,4,,,,,,,
더워킹컴퍼니동래롯데,부산광역시 동래구 온천동 502-3,5,,,,,,,
더워킹컴퍼니동래롯데,부산광역시 동래구 온천동 502-3,6,,,,,,,
더태닝,부산광역시 동래구 명륜동 553-5,0,11:00,23:00,,,,,
더태닝,부산광역시 동래구 명륜동 553-5,1,11:00,23:00,,,,,
더태닝,부산광역시 동래구 명륜동 553-5,2,11:00,23:00,,,,,
더태닝,부산광역시 동래구 명륜동 553-5,3,11:00,23:00,,,,,
더태닝,부산광역시 동래구 명륜동 553-5,4,11:00,23:00,,,,,
더태닝,부산광역시 동래구 명륜동 553-5,5,11:00,23:00,,,,,
더태닝,부산광역시 동래구 명륜동 553-5,6,11:00,23:00,,,,,
더페이스샵 이마트금정점,부산광역시 금정구 구서동 368,0,,,,,,,
더페이스샵 이마트금정점,부산광역시 금정구 구서동 368,1,,,,,,,
더페이스샵 이마트금정점,부산광역시 금정구 구서동 368,2,,,,,,,
더페이스샵 이마트금정점,부산광역시 금정구 구서동 368,3,,,,,,,
더페이스샵 이마트금정점,부산광역시 금정구 구서동 368,4,,,,,,,
더페이스샵 이마트금정점,부산광역시 금정구 구서동 368,5,,,,,,,
더페이스샵 이마트금정점,부산광역시 금정구 구서동 368,6,,,,,,,
데무,부산광역시 동래구 온천동 502-3,0,,,,,,,
데무,부산광역시 동래구 온천동 502-3,1,,,,,,,
데무,부산광역시 동래구 온천동 502-3,2,,,,,,,
데무,부산광역시 동래구 온천동 502-3,3,,,,,,,
데무,부산광역시 동래구 온천동 502-3,4,,,,,,,
데무,부산광역시 동래구 온천동 502-3,5,,,,,,,
데무,부산광역시 동래구 온천동 502-3,6,,,,,,,
데이지,부산광역시 금정구 장전동 293-167,0,,,,,,,
데이지,부산광역시 금정구 장전동 293-167,1,,,,,,,
데이지,부산광역시 금정구 장전동 293-167,2,,,,,,,
데이지,부산광역시 금정구 장전동 293-167,3,,,,,,,
데이지,부산광역시 금정구 장전동 293-167,4,,,,,,,
데이지,부산광역시 금정구 장전동 293-167,5,,,,,,,
데이지,부산광역시 금정구 장전동 293-167,6,,,,,,,
데이텀,부산광역시 금정구 장전동 40,0,,,,,,,
데이텀,부산광역시 금정구 장전동 40,1,,,,,,,
데이텀,부산광역시 금정구 장전동 40,2,,,,,,,
데이텀,부산광역시 금정구 장전동 40,3,,,,,,,
데이텀,부산광역시 금정구 장전동 40,4,,,,,,,
데이텀,부산광역시 금정구 장전동 40,5,,,,,,,
데이텀,부산광역시 금정구 장전동 40,6,,,,,,,
데일리,부산광역시 금정구 구서동 1059,0,,,,,,,
데일리,부산광역시 금정구 구서동 1059,1,,,,,,,
데일리,부산광역시 금정구 구서동 1059,2,,,,,,,
데일리,부산광역시 금정구 구서동 1059,3,,,,,,,
데일리,부산광역시 금정구 구서동 1059,4,,,,,,,
데일리,부산광역시 금정구 구서동 1059,5,,,,,,,
데일리,부산광역시 금정구 구서동 1059,6,,,,,,,
도깨비문구,부산광역시 금정구 부곡동 322-18,0,,,,,,,
도깨비문구,부산광역시 금정구 부곡동 322-18,1,,,,,,,
도깨비문구,부산광역시 금정구 부곡동 322-18,2,,,,,,,
도깨비문구,부산광역시 금정구 부곡동 322-18,3,,,,,,,
도깨비문구,부산광역시 금정구 부곡동 322-18,4,,,,,,,
도깨비문구,부산광역시 금정구 부곡동 322-18,5,,,,,,,
도깨비문구,부산광역시 금정구 부곡동 322-18,6,,,,,,,
도모,부산광역시 금정구 장전동 390-18,0,,,,,,,
도모,부산광역시 금정구 장전동 390-18,1,,,,,,,
도모,부산광역시 금정구 장전동 390-18,2,,,,,,,
도모,부산광역시 금정구 장전동 390-18,3,14:00,20:00,,,,,인스타/네이버로 방문 전 예약 필요
도모,부산광역시 금정구 장전동 390-18,4,14:00,20:00,,,,,
도모,부산광역시 금정구 장전동 390-18,5,14:00,20:00,,,,,
도모,부산광역시 금정구 장전동 390-18,6,14:00,20:00,,,,,
도토리책방,부산광역시 동래구 온천동 771-21,0,,,,,,,
도토리책방,부산광역시 동래구 온천동 771-21,1,,,,,,,
도토리책방,부산광역시 동래구 온천동 771-21,2,,,,,,,
도토리책방,부산광역시 동래구 온천동 771-21,3,,,,,,,
도토리책방,부산광역시 동래구 온천동 771-21,4,,,,,,,
도토리책방,부산광역시 동래구 온천동 771-21,5,,,,,,,
도토리책방,부산광역시 동래구 온천동 771-21,6,,,,,,,
동래JH 롯데마트,부산광역시 동래구 온천동 502-3,0,,,,,,,
동래JH 롯데마트,부산광역시 동래구 온천동 502-3,1,,,,,,,
동래JH 롯데마트,부산광역시 동래구 온천동 502-3,2,,,,,,,
동래JH 롯데마트,부산광역시 동래구 온천동 502-3,3,,,,,,,
동래JH 롯데마트,부산광역시 동래구 온천동 502-3,4,,,,,,,
동래JH 롯데마트,부산광역시 동래구 온천동 502-3,5,,,,,,,
동래JH 롯데마트,부산광역시 동래구 온천동 502-3,6,,,,,,,
동래롯데정호진매장 백화점,부산광역시 동래구 온천동 502-3,0,,,,,,,
동래롯데정호진매장 백화점,부산광역시 동래구 온천동 502-3,1,,,,,,,
동래롯데정호진매장 백화점,부산광역시 동래구 온천동 502-3,2,,,,,,,
동래롯데정호진매장 백화점,부산광역시 동래구 온천동 502-3,3,,,,,,,
동래롯데정호진매장 백화점,부산광역시 동래구 온천동 502-3,4,,,,,,,
동래롯데정호진매장 백화점,부산광역시 동래구 온천동 502-3,5,,,,,,,
동래롯데정호진매장 백화점,부산광역시 동래구 온천동 502-3,6,,,,,,,
동래예작셔츠,부산광역시 동래구 온천동 502-3,0,,,,,,,
동래예작셔츠,부산광역시 동래구 온천동 502-3,1,,,,,,,
동래예작셔츠,부산광역시 동래구 온천동 502-3,2,,,,,,,
동래예작셔츠,부산광역시 동래구 온천동 502-3,3,,,,,,,
동래예작셔츠,부산광역시 동래구 온천동 502-3,4,,,,,,,
동래예작셔츠,부산광역시 동래구 온천동 502-3,5,,,,,,,
동래예작셔츠,부산광역시 동래구 온천동 502-3,6,,,,,,,
동사서독,부산광역시 금정구 장전동 417-5,0,12:00,18:00,,,,,
동사서독,부산광역시 금정구 장전동 417-5,1,,,,,,TRUE,
동사서독,부산광역시 금정구 장전동 417-5,2,,,,,,TRUE,
동사서독,부산광역시 금정구 장전동 417-5,3,12:00,18:00,,,,,
동사서독,부산광역시 금정구 장전동 417-5,4,12:00,18:00,,,,,
동사서독,부산광역시 금정구 장전동 417-5,5,12:00,18:00,,,,,
동사서독,부산광역시 금정구 장전동 417-5,6,12:00,18:00,,,,,
동산,부산광역시 동래구 온천동 1460-10,0,,,,,,,
동산,부산광역시 동래구 온천동 1460-10,1,,,,,,,
동산,부산광역시 동래구 온천동 1460-10,2,,,,,,,
동산,부산광역시 동래구 온천동 1460-10,3,,,,,,,
동산,부산광역시 동래구 온천동 1460-10,4,,,,,,,
동산,부산광역시 동래구 온천동 1460-10,5,,,,,,,
동산,부산광역시 동래구 온천동 1460-10,6,,,,,,,
동서화방,부산광역시 동래구 명륜동 612-1,0,10:30,19:00,,,,,
동서화방,부산광역시 동래구 명륜동 612-1,1,9:30,21:00,,,,,
동서화방,부산광역시 동래구 명륜동 612-1,2,9:30,21:00,,,,,
동서화방,부산광역시 동래구 명륜동 612-1,3,9:30,21:00,,,,,
동서화방,부산광역시 동래구 명륜동 612-1,4,9:30,21:00,,,,,
동서화방,부산광역시 동래구 명륜동 612-1,5,9:30,21:00,,,,,
동서화방,부산광역시 동래구 명륜동 612-1,6,9:30,21:00,,,,,
두실옷집,부산광역시 금정구 구서동 166-23,0,,,,,,,
두실옷집,부산광역시 금정구 구서동 166-23,1,,,,,,,
두실옷집,부산광역시 금정구 구서동 166-23,2,,,,,,,
두실옷집,부산광역시 금정구 구서동 166-23,3,,,,,,,
두실옷집,부산광역시 금정구 구서동 166-23,4,,,,,,,
두실옷집,부산광역시 금정구 구서동 166-23,5,,,,,,,
두실옷집,부산광역시 금정구 구서동 166-23,6,,,,,,,
드라마,부산광역시 동래구 온천동 1266-21,0,,,,,,,
드라마,부산광역시 동래구 온천동 1266-21,1,,,,,,,
드라마,부산광역시 동래구 온천동 1266-21,2,,,,,,,
드라마,부산광역시 동래구 온천동 1266-21,3,,,,,,,
드라마,부산광역시 동래구 온천동 1266-21,4,,,,,,,
드라마,부산광역시 동래구 온천동 1266-21,5,,,,,,,
드라마,부산광역시 동래구 온천동 1266-21,6,,,,,,,
드레스까페,부산광역시 금정구 장전동 293-114,0,,,,,,,
드레스까페,부산광역시 금정구 장전동 293-114,1,,,,,,,
드레스까페,부산광역시 금정구 장전동 293-114,2,,,,,,,
드레스까페,부산광역시 금정구 장전동 293-114,3,,,,,,,
드레스까페,부산광역시 금정구 장전동 293-114,4,,,,,,,
드레스까페,부산광역시 금정구 장전동 293-114,5,,,,,,,
드레스까페,부산광역시 금정구 장전동 293-114,6,,,,,,,
드림이,부산광역시 금정구 부곡동 284-25,0,,,,,,,
드림이,부산광역시 금정구 부곡동 284-25,1,,,,,,,
드림이,부산광역시 금정구 부곡동 284-25,2,,,,,,,
드림이,부산광역시 금정구 부곡동 284-25,3,,,,,,,
드림이,부산광역시 금정구 부곡동 284-25,4,,,,,,,
드림이,부산광역시 금정구 부곡동 284-25,5,,,,,,,
드림이,부산광역시 금정구 부곡동 284-25,6,,,,,,,
디데이,부산광역시 금정구 장전동 308-2,0,,,,,,,
디데이,부산광역시 금정구 장전동 308-2,1,,,,,,,
디데이,부산광역시 금정구 장전동 308-2,2,,,,,,,
디데이,부산광역시 금정구 장전동 308-2,3,,,,,,,
디데이,부산광역시 금정구 장전동 308-2,4,,,,,,,
디데이,부산광역시 금정구 장전동 308-2,5,,,,,,,
디데이,부산광역시 금정구 장전동 308-2,6,,,,,,,
디루치아노,부산광역시 동래구 온천동 502-3,0,,,,,,,
디루치아노,부산광역시 동래구 온천동 502-3,1,,,,,,,
디루치아노,부산광역시 동래구 온천동 502-3,2,,,,,,,
디루치아노,부산광역시 동래구 온천동 502-3,3,,,,,,,
디루치아노,부산광역시 동래구 온천동 502-3,4,,,,,,,
디루치아노,부산광역시 동래구 온천동 502-3,5,,,,,,,
디루치아노,부산광역시 동래구 온천동 502-3,6,,,,,,,
디스커버리익스페디션,부산광역시 동래구 온천동 502-3,0,,,,,,,
디스커버리익스페디션,부산광역시 동래구 온천동 502-3,1,,,,,,,
디스커버리익스페디션,부산광역시 동래구 온천동 502-3,2,,,,,,,
디스커버리익스페디션,부산광역시 동래구 온천동 502-3,3,,,,,,,
디스커버리익스페디션,부산광역시 동래구 온천동 502-3,4,,,,,,,
디스커버리익스페디션,부산광역시 동래구 온천동 502-3,5,,,,,,,
디스커버리익스페디션,부산광역시 동래구 온천동 502-3,6,,,,,,,
디오,부산광역시 동래구 온천동 707,0,,,,,,,
디오,부산광역시 동래구 온천동 707,1,,,,,,,
디오,부산광역시 동래구 온천동 707,2,,,,,,,
디오,부산광역시 동래구 온천동 707,3,,,,,,,
디오,부산광역시 동래구 온천동 707,4,,,,,,,
디오,부산광역시 동래구 온천동 707,5,,,,,,,
디오,부산광역시 동래구 온천동 707,6,,,,,,,
디올,부산광역시 금정구 장전동 643-83,0,,,,,,,
디올,부산광역시 금정구 장전동 643-83,1,,,,,,,
디올,부산광역시 금정구 장전동 643-83,2,,,,,,,
디올,부산광역시 금정구 장전동 643-83,3,,,,,,,
디올,부산광역시 금정구 장전동 643-83,4,,,,,,,
디올,부산광역시 금정구 장전동 643-83,5,,,,,,,
디올,부산광역시 금정구 장전동 643-83,6,,,,,,,
디올,부산광역시 동래구 온천동 153-8,0,,,,,,,
디올,부산광역시 동래구 온천동 153-8,1,,,,,,,
디올,부산광역시 동래구 온천동 153-8,2,,,,,,,
디올,부산광역시 동래구 온천동 153-8,3,,,,,,,
디올,부산광역시 동래구 온천동 153-8,4,,,,,,,
디올,부산광역시 동래구 온천동 153-8,5,,,,,,,
디올,부산광역시 동래구 온천동 153-8,6,,,,,,,
디팍스,부산광역시 금정구 장전동 308-4,0,,,,,,,
디팍스,부산광역시 금정구 장전동 308-4,1,,,,,,,
디팍스,부산광역시 금정구 장전동 308-4,2,,,,,,,
디팍스,부산광역시 금정구 장전동 308-4,3,,,,,,,
디팍스,부산광역시 금정구 장전동 308-4,4,,,,,,,
디팍스,부산광역시 금정구 장전동 308-4,5,,,,,,,
디팍스,부산광역시 금정구 장전동 308-4,6,,,,,,,
라라,부산광역시 금정구 구서동 178-1,0,,,,,,,
라라,부산광역시 금정구 구서동 178-1,1,,,,,,,
라라,부산광역시 금정구 구서동 178-1,2,,,,,,,
라라,부산광역시 금정구 구서동 178-1,3,,,,,,,
라라,부산광역시 금정구 구서동 178-1,4,,,,,,,
라라,부산광역시 금정구 구서동 178-1,5,,,,,,,
라라,부산광역시 금정구 구서동 178-1,6,,,,,,,
라벨라,부산광역시 금정구 장전동 312-24,0,,,,,,,
라벨라,부산광역시 금정구 장전동 312-24,1,,,,,,,
라벨라,부산광역시 금정구 장전동 312-24,2,,,,,,,
라벨라,부산광역시 금정구 장전동 312-24,3,,,,,,,
라벨라,부산광역시 금정구 장전동 312-24,4,,,,,,,
라벨라,부산광역시 금정구 장전동 312-24,5,,,,,,,
라벨라,부산광역시 금정구 장전동 312-24,6,,,,,,,
라비아또 부산점,부산광역시 동래구 온천동 1411-6,0,,,,,,,
라비아또 부산점,부산광역시 동래구 온천동 1411-6,1,,,,,,,
라비아또 부산점,부산광역시 동래구 온천동 1411-6,2,,,,,,,
라비아또 부산점,부산광역시 동래구 온천동 1411-6,3,,,,,,,
라비아또 부산점,부산광역시 동래구 온천동 1411-6,4,,,,,,,
라비아또 부산점,부산광역시 동래구 온천동 1411-6,5,,,,,,,
라비아또 부산점,부산광역시 동래구 온천동 1411-6,6,,,,,,,
라온공방,부산광역시 금정구 구서동 1009-1,0,,,,,,,
라온공방,부산광역시 금정구 구서동 1009-1,1,,,,,,,
라온공방,부산광역시 금정구 구서동 1009-1,2,,,,,,,
라온공방,부산광역시 금정구 구서동 1009-1,3,,,,,,,
라온공방,부산광역시 금정구 구서동 1009-1,4,,,,,,,
라온공방,부산광역시 금정구 구서동 1009-1,5,,,,,,,
라온공방,부산광역시 금정구 구서동 1009-1,6,,,,,,,
라인롯데동래점 백화점,부산광역시 동래구 온천동 502-3,0,,,,,,,
라인롯데동래점 백화점,부산광역시 동래구 온천동 502-3,1,,,,,,,
라인롯데동래점 백화점,부산광역시 동래구 온천동 502-3,2,,,,,,,
라인롯데동래점 백화점,부산광역시 동래구 온천동 502-3,3,,,,,,,
라인롯데동래점 백화점,부산광역시 동래구 온천동 502-3,4,,,,,,,
라인롯데동래점 백화점,부산광역시 동래구 온천동 502-3,5,,,,,,,
라인롯데동래점 백화점,부산광역시 동래구 온천동 502-3,6,,,,,,,
라인샵,부산광역시 금정구 부곡동 308-2,0,,,,,,,
라인샵,부산광역시 금정구 부곡동 308-2,1,,,,,,,
라인샵,부산광역시 금정구 부곡동 308-2,2,,,,,,,
라인샵,부산광역시 금정구 부곡동 308-2,3,,,,,,,
라인샵,부산광역시 금정구 부곡동 308-2,4,,,,,,,
라인샵,부산광역시 금정구 부곡동 308-2,5,,,,,,,
라인샵,부산광역시 금정구 부곡동 308-2,6,,,,,,,
라코스테,부산광역시 동래구 온천동 502-3,0,,,,,,,
라코스테,부산광역시 동래구 온천동 502-3,1,,,,,,,
라코스테,부산광역시 동래구 온천동 502-3,2,,,,,,,
라코스테,부산광역시 동래구 온천동 502-3,3,,,,,,,
라코스테,부산광역시 동래구 온천동 502-3,4,,,,,,,
라코스테,부산광역시 동래구 온천동 502-3,5,,,,,,,
라코스테,부산광역시 동래구 온천동 502-3,6,,,,,,,
란찌,부산광역시 금정구 장전동 40,0,,,,,,,
란찌,부산광역시 금정구 장전동 40,1,,,,,,,
란찌,부산광역시 금정구 장전동 40,2,,,,,,,
란찌,부산광역시 금정구 장전동 40,3,,,,,,,
란찌,부산광역시 금정구 장전동 40,4,,,,,,,
란찌,부산광역시 금정구 장전동 40,5,,,,,,,
란찌,부산광역시 금정구 장전동 40,6,,,,,,,
란찌엔시 부산대점,부산광역시 금정구 장전동 40,0,,,,,,,
란찌엔시 부산대점,부산광역시 금정구 장전동 40,1,,,,,,,
란찌엔시 부산대점,부산광역시 금정구 장전동 40,2,,,,,,,
란찌엔시 부산대점,부산광역시 금정구 장전동 40,3,,,,,,,
란찌엔시 부산대점,부산광역시 금정구 장전동 40,4,,,,,,,
란찌엔시 부산대점,부산광역시 금정구 장전동 40,5,,,,,,,
란찌엔시 부산대점,부산광역시 금정구 장전동 40,6,,,,,,,
러브앤쇼,부산광역시 동래구 온천동 502-3,0,,,,,,,
러브앤쇼,부산광역시 동래구 온천동 502-3,1,,,,,,,
러브앤쇼,부산광역시 동래구 온천동 502-3,2,,,,,,,
러브앤쇼,부산광역시 동래구 온천동 502-3,3,,,,,,,
러브앤쇼,부산광역시 동래구 온천동 502-3,4,,,,,,,
러브앤쇼,부산광역시 동래구 온천동 502-3,5,,,,,,,
러브앤쇼,부산광역시 동래구 온천동 502-3,6,,,,,,,
러빙플레르,부산광역시 동래구 명륜동 533-153,0,0:00,,,,,,
러빙플레르,부산광역시 동래구 명륜동 533-153,1,0:00,,,,,,
러빙플레르,부산광역시 동래구 명륜동 533-153,2,0:00,,,,,,
러빙플레르,부산광역시 동래구 명륜동 533-153,3,0:00,,,,,,
러빙플레르,부산광역시 동래구 명륜동 533-153,4,0:00,,,,,,
러빙플레르,부산광역시 동래구 명륜동 533-153,5,0:00,,,,,,
러빙플레르,부산광역시 동래구 명륜동 533-153,6,0:00,,,,,,
럭셔리,부산광역시 금정구 장전동 303-4,0,,,,,,,
럭셔리,부산광역시 금정구 장전동 303-4,1,,,,,,,
럭셔리,부산광역시 금정구 장전동 303-4,2,,,,,,,
럭셔리,부산광역시 금정구 장전동 303-4,3,,,,,,,
럭셔리,부산광역시 금정구 장전동 303-4,4,,,,,,,
럭셔리,부산광역시 금정구 장전동 303-4,5,,,,,,,
럭셔리,부산광역시 금정구 장전동 303-4,6,,,,,,,
럭셔리뷰티미남점,부산광역시 동래구 온천동 1422-18,0,,,,,,,
럭셔리뷰티미남점,부산광역시 동래구 온천동 1422-18,1,,,,,,,
럭셔리뷰티미남점,부산광역시 동래구 온천동 1422-18,2,,,,,,,
럭셔리뷰티미남점,부산광역시 동래구 온천동 1422-18,3,,,,,,,
럭셔리뷰티미남점,부산광역시 동래구 온천동 1422-18,4,,,,,,,
럭셔리뷰티미남점,부산광역시 동래구 온천동 1422-18,5,,,,,,,
럭셔리뷰티미남점,부산광역시 동래구 온천동 1422-18,6,,,,,,,
럭키567,부산광역시 금정구 구서동 756-21,0,,,,,,,
럭키567,부산광역시 금정구 구서동 756-21,1,,,,,,,
럭키567,부산광역시 금정구 구서동 756-21,2,,,,,,,
럭키567,부산광역시 금정구 구서동 756-21,3,,,,,,,
럭키567,부산광역시 금정구 구서동 756-21,4,,,,,,,
럭키567,부산광역시 금정구 구서동 756-21,5,,,,,,,
럭키567,부산광역시 금정구 구서동 756-21,6,,,,,,,
럭키바지양품,부산광역시 동래구 온천동 707,0,,,,,,,
럭키바지양품,부산광역시 동래구 온천동 707,1,,,,,,,
럭키바지양품,부산광역시 동래구 온천동 707,2,,,,,,,
럭키바지양품,부산광역시 동래구 온천동 707,3,,,,,,,
럭키바지양품,부산광역시 동래구 온천동 707,4,,,,,,,
럭키바지양품,부산광역시 동래구 온천동 707,5,,,,,,,
럭키바지양품,부산광역시 동래구 온천동 707,6,,,,,,,
럭키쌍방울,부산광역시 동래구 온천동 707,0,,,,,,,
럭키쌍방울,부산광역시 동래구 온천동 707,1,,,,,,,
럭키쌍방울,부산광역시 동래구 온천동 707,2,,,,,,,
럭키쌍방울,부산광역시 동래구 온천동 707,3,,,,,,,
럭키쌍방울,부산광역시 동래구 온천동 707,4,,,,,,,
럭키쌍방울,부산광역시 동래구 온천동 707,5,,,,,,,
럭키쌍방울,부산광역시 동래구 온천동 707,6,,,,,,,
레드존,부산광역시 금정구 장전동 414-31,0,11:00,23:00,,,,,
레드존,부산광역시 금정구 장전동 414-31,1,11:00,23:00,,,,,
레드존,부산광역시 금정구 장전동 414-31,2,11:00,23:00,,,,,
레드존,부산광역시 금정구 장전동 414-31,3,11:00,23:00,,,,,
레드존,부산광역시 금정구 장전동 414-31,4,11:00,23:00,,,,,
레드존,부산광역시 금정구 장전동 414-31,5,11:00,23:00,,,,,
레드존,부산광역시 금정구 장전동 414-31,6,11:00,23:00,,,,,
레몬트리,부산광역시 동래구 온천동 782-9,0,,,,,,,
레몬트리,부산광역시 동래구 온천동 782-9,1,,,,,,,
레몬트리,부산광역시 동래구 온천동 782-9,2,,,,,,,
레몬트리,부산광역시 동래구 온천동 782-9,3,,,,,,,
레몬트리,부산광역시 동래구 온천동 782-9,4,,,,,,,
레몬트리,부산광역시 동래구 온천동 782-9,5,,,,,,,
레몬트리,부산광역시 동래구 온천동 782-9,6,,,,,,,
레브제인,부산광역시 금정구 장전동 293-167,0,,,,,,,
레브제인,부산광역시 금정구 장전동 293-167,1,,,,,,,
레브제인,부산광역시 금정구 장전동 293-167,2,,,,,,,
레브제인,부산광역시 금정구 장전동 293-167,3,,,,,,,
레브제인,부산광역시 금정구 장전동 293-167,4,,,,,,,
레브제인,부산광역시 금정구 장전동 293-167,5,,,,,,,
레브제인,부산광역시 금정구 장전동 293-167,6,,,,,,,
레인보우,부산광역시 동래구 온천동 193-3,0,,,,,,,
레인보우,부산광역시 동래구 온천동 193-3,1,,,,,,,
레인보우,부산광역시 동래구 온천동 193-3,2,,,,,,,
레인보우,부산광역시 동래구 온천동 193-3,3,,,,,,,
레인보우,부산광역시 동래구 온천동 193-3,4,,,,,,,
레인보우,부산광역시 동래구 온천동 193-3,5,,,,,,,
레인보우,부산광역시 동래구 온천동 193-3,6,,,,,,,
로얄가든,부산광역시 금정구 장전동 478-19,0,,,,,,,
로얄가든,부산광역시 금정구 장전동 478-19,1,,,,,,,
로얄가든,부산광역시 금정구 장전동 478-19,2,,,,,,,
로얄가든,부산광역시 금정구 장전동 478-19,3,,,,,,,
로얄가든,부산광역시 금정구 장전동 478-19,4,,,,,,,
로얄가든,부산광역시 금정구 장전동 478-19,5,,,,,,,
로얄가든,부산광역시 금정구 장전동 478-19,6,,,,,,,
로엠,부산광역시 금정구 장전동 40,0,,,,,,,
로엠,부산광역시 금정구 장전동 40,1,,,,,,,
로엠,부산광역시 금정구 장전동 40,2,,,,,,,
로엠,부산광역시 금정구 장전동 40,3,,,,,,,
로엠,부산광역시 금정구 장전동 40,4,,,,,,,
로엠,부산광역시 금정구 장전동 40,5,,,,,,,
로엠,부산광역시 금정구 장전동 40,6,,,,,,,
로엠걸즈,부산광역시 금정구 장전동 40,0,,,,,,,
로엠걸즈,부산광역시 금정구 장전동 40,1,,,,,,,
로엠걸즈,부산광역시 금정구 장전동 40,2,,,,,,,
로엠걸즈,부산광역시 금정구 장전동 40,3,,,,,,,
로엠걸즈,부산광역시 금정구 장전동 40,4,,,,,,,
로엠걸즈,부산광역시 금정구 장전동 40,5,,,,,,,
로엠걸즈,부산광역시 금정구 장전동 40,6,,,,,,,
로이(roe),부산광역시 금정구 장전동 293-14,0,,,,,,,
로이(roe),부산광역시 금정구 장전동 293-14,1,,,,,,,
로이(roe),부산광역시 금정구 장전동 293-14,2,,,,,,,
로이(roe),부산광역시 금정구 장전동 293-14,3,,,,,,,
로이(roe),부산광역시 금정구 장전동 293-14,4,,,,,,,
로이(roe),부산광역시 금정구 장전동 293-14,5,,,,,,,
로이(roe),부산광역시 금정구 장전동 293-14,6,,,,,,,
로이젠 부산점,부산광역시 동래구 온천동 1411-6,0,,,,,,,
로이젠 부산점,부산광역시 동래구 온천동 1411-6,1,,,,,,,
로이젠 부산점,부산광역시 동래구 온천동 1411-6,2,,,,,,,
로이젠 부산점,부산광역시 동래구 온천동 1411-6,3,,,,,,,
로이젠 부산점,부산광역시 동래구 온천동 1411-6,4,,,,,,,
로이젠 부산점,부산광역시 동래구 온천동 1411-6,5,,,,,,,
로이젠 부산점,부산광역시 동래구 온천동 1411-6,6,,,,,,,
로잔,부산광역시 동래구 온천동 502-3,0,,,,,,,
로잔,부산광역시 동래구 온천동 502-3,1,,,,,,,
로잔,부산광역시 동래구 온천동 502-3,2,,,,,,,
로잔,부산광역시 동래구 온천동 502-3,3,,,,,,,
로잔,부산광역시 동래구 온천동 502-3,4,,,,,,,
로잔,부산광역시 동래구 온천동 502-3,5,,,,,,,
로잔,부산광역시 동래구 온천동 502-3,6,,,,,,,
로카버,부산광역시 금정구 구서동 1018-18,0,,,,,,,
로카버,부산광역시 금정구 구서동 1018-18,1,,,,,,,
로카버,부산광역시 금정구 구서동 1018-18,2,,,,,,,
로카버,부산광역시 금정구 구서동 1018-18,3,,,,,,,
로카버,부산광역시 금정구 구서동 1018-18,4,,,,,,,
로카버,부산광역시 금정구 구서동 1018-18,5,,,,,,,
로카버,부산광역시 금정구 구서동 1018-18,6,,,,,,,
롯데닥스셔츠 동래점,부산광역시 동래구 온천동 502-3,0,,,,,,,
롯데닥스셔츠 동래점,부산광역시 동래구 온천동 502-3,1,,,,,,,
롯데닥스셔츠 동래점,부산광역시 동래구 온천동 502-3,2,,,,,,,
롯데닥스셔츠 동래점,부산광역시 동래구 온천동 502-3,3,,,,,,,
롯데닥스셔츠 동래점,부산광역시 동래구 온천동 502-3,4,,,,,,,
롯데닥스셔츠 동래점,부산광역시 동래구 온천동 502-3,5,,,,,,,
롯데닥스셔츠 동래점,부산광역시 동래구 온천동 502-3,6,,,,,,,
롯데동래WAAC골프,부산광역시 동래구 온천동 502-3,0,,,,,,,
롯데동래WAAC골프,부산광역시 동래구 온천동 502-3,1,,,,,,,
롯데동래WAAC골프,부산광역시 동래구 온천동 502-3,2,,,,,,,
롯데동래WAAC골프,부산광역시 동래구 온천동 502-3,3,,,,,,,
롯데동래WAAC골프,부산광역시 동래구 온천동 502-3,4,,,,,,,
롯데동래WAAC골프,부산광역시 동래구 온천동 502-3,5,,,,,,,
롯데동래WAAC골프,부산광역시 동래구 온천동 502-3,6,,,,,,,
롯데동래네파,부산광역시 동래구 온천동 502-3,0,,,,,,,
롯데동래네파,부산광역시 동래구 온천동 502-3,1,,,,,,,
롯데동래네파,부산광역시 동래구 온천동 502-3,2,,,,,,,
롯데동래네파,부산광역시 동래구 온천동 502-3,3,,,,,,,
롯데동래네파,부산광역시 동래구 온천동 502-3,4,,,,,,,
롯데동래네파,부산광역시 동래구 온천동 502-3,5,,,,,,,
롯데동래네파,부산광역시 동래구 온천동 502-3,6,,,,,,,
롯데동래네파 백화점,부산광역시 동래구 온천동 502-3,0,,,,,,,
롯데동래네파 백화점,부산광역시 동래구 온천동 502-3,1,,,,,,,
롯데동래네파 백화점,부산광역시 동래구 온천동 502-3,2,,,,,,,
롯데동래네파 백화점,부산광역시 동래구 온천동 502-3,3,,,,,,,
롯데동래네파 백화점,부산광역시 동래구 온천동 502-3,4,,,,,,,
롯데동래네파 백화점,부산광역시 동래구 온천동 502-3,5,,,,,,,
롯데동래네파 백화점,부산광역시 동래구 온천동 502-3,6,,,,,,,
롯데동래닥스ACC,부산광역시 동래구 온천동 502-3,0,,,,,,,
롯데동래닥스ACC,부산광역시 동래구 온천동 502-3,1,,,,,,,
롯데동래닥스ACC,부산광역시 동래구 온천동 502-3,2,,,,,,,
롯데동래닥스ACC,부산광역시 동래구 온천동 502-3,3,,,,,,,
롯데동래닥스ACC,부산광역시 동래구 온천동 502-3,4,,,,,,,
롯데동래닥스ACC,부산광역시 동래구 온천동 502-3,5,,,,,,,
롯데동래닥스ACC,부산광역시 동래구 온천동 502-3,6,,,,,,,
롯데동래데상트,부산광역시 동래구 온천동 502-3,0,,,,,,,
롯데동래데상트,부산광역시 동래구 온천동 502-3,1,,,,,,,
롯데동래데상트,부산광역시 동래구 온천동 502-3,2,,,,,,,
롯데동래데상트,부산광역시 동래구 온천동 502-3,3,,,,,,,
롯데동래데상트,부산광역시 동래구 온천동 502-3,4,,,,,,,
롯데동래데상트,부산광역시 동래구 온천동 502-3,5,,,,,,,
롯데동래데상트,부산광역시 동래구 온천동 502-3,6,,,,,,,
롯데동래래트바이티,부산광역시 동래구 온천동 502-3,0,,,,,,,
롯데동래래트바이티,부산광역시 동래구 온천동 502-3,1,,,,,,,
롯데동래래트바이티,부산광역시 동래구 온천동 502-3,2,,,,,,,
롯데동래래트바이티,부산광역시 동래구 온천동 502-3,3,,,,,,,
롯데동래래트바이티,부산광역시 동래구 온천동 502-3,4,,,,,,,
롯데동래래트바이티,부산광역시 동래구 온천동 502-3,5,,,,,,,
롯데동래래트바이티,부산광역시 동래구 온천동 502-3,6,,,,,,,
롯데동래레노마,부산광역시 동래구 온천동 502-3,0,,,,,,,
롯데동래레노마,부산광역시 동래구 온천동 502-3,1,,,,,,,
롯데동래레노마,부산광역시 동래구 온천동 502-3,2,,,,,,,
롯데동래레노마,부산광역시 동래구 온천동 502-3,3,,,,,,,
롯데동래레노마,부산광역시 동래구 온천동 502-3,4,,,,,,,
롯데동래레노마,부산광역시 동래구 온천동 502-3,5,,,,,,,
롯데동래레노마,부산광역시 동래구 온천동 502-3,6,,,,,,,
롯데동래로가디스,부산광역시 동래구 온천동 502-3,0,,,,,,,
롯데동래로가디스,부산광역시 동래구 온천동 502-3,1,,,,,,,
롯데동래로가디스,부산광역시 동래구 온천동 502-3,2,,,,,,,
롯데동래로가디스,부산광역시 동래구 온천동 502-3,3,,,,,,,
롯데동래로가디스,부산광역시 동래구 온천동 502-3,4,,,,,,,
롯데동래로가디스,부산광역시 동래구 온천동 502-3,5,,,,,,,
롯데동래로가디스,부산광역시 동래구 온천동 502-3,6,,,,,,,
롯데동래미소페,부산광역시 동래구 온천동 502-3,0,,,,,,,
롯데동래미소페,부산광역시 동래구 온천동 502-3,1,,,,,,,
롯데동래미소페,부산광역시 동래구 온천동 502-3,2,,,,,,,
롯데동래미소페,부산광역시 동래구 온천동 502-3,3,,,,,,,
롯데동래미소페,부산광역시 동래구 온천동 502-3,4,,,,,,,
롯데동래미소페,부산광역시 동래구 온천동 502-3,5,,,,,,,
롯데동래미소페,부산광역시 동래구 온천동 502-3,6,,,,,,,
롯데동래비비안 백화점,부산광역시 동래구 온천동 502-3,0,,,,,,,
롯데동래비비안 백화점,부산광역시 동래구 온천동 502-3,1,,,,,,,
롯데동래비비안 백화점,부산광역시 동래구 온천동 502-3,2,,,,,,,
롯데동래비비안 백화점,부산광역시 동래구 온천동 502-3,3,,,,,,,
롯데동래비비안 백화점,부산광역시 동래구 온천동 502-3,4,,,,,,,
롯데동래비비안 백화점,부산광역시 동래구 온천동 502-3,5,,,,,,,
롯데동래비비안 백화점,부산광역시 동래구 온천동 502-3,6,,,,,,,
롯데동래빈폴골프,부산광역시 동래구 온천동 502-3,0,,,,,,,
롯데동래빈폴골프,부산광역시 동래구 온천동 502-3,1,,,,,,,
롯데동래빈폴골프,부산광역시 동래구 온천동 502-3,2,,,,,,,
롯데동래빈폴골프,부산광역시 동래구 온천동 502-3,3,,,,,,,
롯데동래빈폴골프,부산광역시 동래구 온천동 502-3,4,,,,,,,
롯데동래빈폴골프,부산광역시 동래구 온천동 502-3,5,,,,,,,
롯데동래빈폴골프,부산광역시 동래구 온천동 502-3,6,,,,,,,
롯데동래오즈세컨,부산광역시 동래구 온천동 502-3,0,,,,,,,
롯데동래오즈세컨,부산광역시 동래구 온천동 502-3,1,,,,,,,
롯데동래오즈세컨,부산광역시 동래구 온천동 502-3,2,,,,,,,
롯데동래오즈세컨,부산광역시 동래구 온천동 502-3,3,,,,,,,
롯데동래오즈세컨,부산광역시 동래구 온천동 502-3,4,,,,,,,
롯데동래오즈세컨,부산광역시 동래구 온천동 502-3,5,,,,,,,
롯데동래오즈세컨,부산광역시 동래구 온천동 502-3,6,,,,,,,
롯데동래점헨리코튼남성 백화점,부산광역시 동래구 온천동 502-3,0,,,,,,,
롯데동래점헨리코튼남성 백화점,부산광역시 동래구 온천동 502-3,1,,,,,,,
롯데동래점헨리코튼남성 백화점,부산광역시 동래구 온천동 502-3,2,,,,,,,
롯데동래점헨리코튼남성 백화점,부산광역시 동래구 온천동 502-3,3,,,,,,,
롯데동래점헨리코튼남성 백화점,부산광역시 동래구 온천동 502-3,4,,,,,,,
롯데동래점헨리코튼남성 백화점,부산광역시 동래구 온천동 502-3,5,,,,,,,
롯데동래점헨리코튼남성 백화점,부산광역시 동래구 온천동 502-3,6,,,,,,,
롯데동래지오지아,부산광역시 동래구 온천동 502-3,0,,,,,,,
롯데동래지오지아,부산광역시 동래구 온천동 502-3,1,,,,,,,
롯데동래지오지아,부산광역시 동래구 온천동 502-3,2,,,,,,,
롯데동래지오지아,부산광역시 동래구 온천동 502-3,3,,,,,,,
롯데동래지오지아,부산광역시 동래구 온천동 502-3,4,,,,,,,
롯데동래지오지아,부산광역시 동래구 온천동 502-3,5,,,,,,,
롯데동래지오지아,부산광역시 동래구 온천동 502-3,6,,,,,,,
롯데동래타임,부산광역시 동래구 온천동 502-3,0,,,,,,,
롯데동래타임,부산광역시 동래구 온천동 502-3,1,,,,,,,
롯데동래타임,부산광역시 동래구 온천동 502-3,2,,,,,,,
롯데동래타임,부산광역시 동래구 온천동 502-3,3,,,,,,,
롯데동래타임,부산광역시 동래구 온천동 502-3,4,,,,,,,
롯데동래타임,부산광역시 동래구 온천동 502-3,5,,,,,,,
롯데동래타임,부산광역시 동래구 온천동 502-3,6,,,,,,,
롯데동래핏플랍,부산광역시 동래구 온천동 502-3,0,,,,,,,
롯데동래핏플랍,부산광역시 동래구 온천동 502-3,1,,,,,,,
롯데동래핏플랍,부산광역시 동래구 온천동 502-3,2,,,,,,,
롯데동래핏플랍,부산광역시 동래구 온천동 502-3,3,,,,,,,
롯데동래핏플랍,부산광역시 동래구 온천동 502-3,4,,,,,,,
롯데동래핏플랍,부산광역시 동래구 온천동 502-3,5,,,,,,,
롯데동래핏플랍,부산광역시 동래구 온천동 502-3,6,,,,,,,
롯데동래헤지스ACC,부산광역시 동래구 온천동 502-3,0,,,,,,,
롯데동래헤지스ACC,부산광역시 동래구 온천동 502-3,1,,,,,,,
롯데동래헤지스ACC,부산광역시 동래구 온천동 502-3,2,,,,,,,
롯데동래헤지스ACC,부산광역시 동래구 온천동 502-3,3,,,,,,,
롯데동래헤지스ACC,부산광역시 동래구 온천동 502-3,4,,,,,,,
롯데동래헤지스ACC,부산광역시 동래구 온천동 502-3,5,,,,,,,
롯데동래헤지스ACC,부산광역시 동래구 온천동 502-3,6,,,,,,,
롯데동래헤지스여성,부산광역시 동래구 온천동 502-3,0,,,,,,,
롯데동래헤지스여성,부산광역시 동래구 온천동 502-3,1,,,,,,,
롯데동래헤지스여성,부산광역시 동래구 온천동 502-3,2,,,,,,,
롯데동래헤지스여성,부산광역시 동래구 온천동 502-3,3,,,,,,,
롯데동래헤지스여성,부산광역시 동래구 온천동 502-3,4,,,,,,,
롯데동래헤지스여성,부산광역시 동래구 온천동 502-3,5,,,,,,,
롯데동래헤지스여성,부산광역시 동래구 온천동 502-3,6,,,,,,,
롯데맨잇슈트 동래점,부산광역시 동래구 온천동 502-3,0,,,,,,,
롯데맨잇슈트 동래점,부산광역시 동래구 온천동 502-3,1,,,,,,,
롯데맨잇슈트 동래점,부산광역시 동래구 온천동 502-3,2,,,,,,,
롯데맨잇슈트 동래점,부산광역시 동래구 온천동 502-3,3,,,,,,,
롯데맨잇슈트 동래점,부산광역시 동래구 온천동 502-3,4,,,,,,,
롯데맨잇슈트 동래점,부산광역시 동래구 온천동 502-3,5,,,,,,,
롯데맨잇슈트 동래점,부산광역시 동래구 온천동 502-3,6,,,,,,,
롯데먼싱웨어 동래점,부산광역시 동래구 온천동 502-3,0,,,,,,,
롯데먼싱웨어 동래점,부산광역시 동래구 온천동 502-3,1,,,,,,,
롯데먼싱웨어 동래점,부산광역시 동래구 온천동 502-3,2,,,,,,,
롯데먼싱웨어 동래점,부산광역시 동래구 온천동 502-3,3,,,,,,,
롯데먼싱웨어 동래점,부산광역시 동래구 온천동 502-3,4,,,,,,,
롯데먼싱웨어 동래점,부산광역시 동래구 온천동 502-3,5,,,,,,,
롯데먼싱웨어 동래점,부산광역시 동래구 온천동 502-3,6,,,,,,,
롯데문구마트,부산광역시 금정구 구서동 203-19,0,,,,,,,
롯데문구마트,부산광역시 금정구 구서동 203-19,1,,,,,,,
롯데문구마트,부산광역시 금정구 구서동 203-19,2,,,,,,,
롯데문구마트,부산광역시 금정구 구서동 203-19,3,,,,,,,
롯데문구마트,부산광역시 금정구 구서동 203-19,4,,,,,,,
롯데문구마트,부산광역시 금정구 구서동 203-19,5,,,,,,,
롯데문구마트,부산광역시 금정구 구서동 203-19,6,,,,,,,
롯데시스템 동래점,부산광역시 동래구 온천동 502-3,0,,,,,,,
롯데시스템 동래점,부산광역시 동래구 온천동 502-3,1,,,,,,,
롯데시스템 동래점,부산광역시 동래구 온천동 502-3,2,,,,,,,
롯데시스템 동래점,부산광역시 동래구 온천동 502-3,3,,,,,,,
롯데시스템 동래점,부산광역시 동래구 온천동 502-3,4,,,,,,,
롯데시스템 동래점,부산광역시 동래구 온천동 502-3,5,,,,,,,
롯데시스템 동래점,부산광역시 동래구 온천동 502-3,6,,,,,,,
롯데의류,부산광역시 동래구 온천동 616-6,0,,,,,,,
롯데의류,부산광역시 동래구 온천동 616-6,1,,,,,,,
롯데의류,부산광역시 동래구 온천동 616-6,2,,,,,,,
롯데의류,부산광역시 동래구 온천동 616-6,3,,,,,,,
롯데의류,부산광역시 동래구 온천동 616-6,4,,,,,,,
롯데의류,부산광역시 동래구 온천동 616-6,5,,,,,,,
롯데의류,부산광역시 동래구 온천동 616-6,6,,,,,,,
루나,부산광역시 금정구 구서동 1049,0,,,,,,TRUE,
루나,부산광역시 금정구 구서동 1049,1,14:00,17:30,,,,,
루나,부산광역시 금정구 구서동 1049,2,14:00,17:30,,,,,
루나,부산광역시 금정구 구서동 1049,3,14:00,17:30,,,,,
루나,부산광역시 금정구 구서동 1049,4,14:00,17:30,,,,,
루나,부산광역시 금정구 구서동 1049,5,14:00,17:30,,,,,
루나,부산광역시 금정구 구서동 1049,6,,,,,,TRUE,
루밍,부산광역시 금정구 구서동 87-9,0,,,,,,,
루밍,부산광역시 금정구 구서동 87-9,1,,,,,,,
루밍,부산광역시 금정구 구서동 87-9,2,,,,,,,
루밍,부산광역시 금정구 구서동 87-9,3,,,,,,,
루밍,부산광역시 금정구 구서동 87-9,4,,,,,,,
루밍,부산광역시 금정구 구서동 87-9,5,,,,,,,
루밍,부산광역시 금정구 구서동 87-9,6,,,,,,,
루이,부산광역시 금정구 장전동 293-130,0,,,,,,,
루이,부산광역시 금정구 장전동 293-130,1,,,,,,,
루이,부산광역시 금정구 장전동 293-130,2,,,,,,,
루이,부산광역시 금정구 장전동 293-130,3,,,,,,,
루이,부산광역시 금정구 장전동 293-130,4,,,,,,,
루이,부산광역시 금정구 장전동 293-130,5,,,,,,,
루이,부산광역시 금정구 장전동 293-130,6,,,,,,,
룬갤러리,부산광역시 금정구 장전동 651-66,0,,,,,,,
룬갤러리,부산광역시 금정구 장전동 651-66,1,,,,,,,
룬갤러리,부산광역시 금정구 장전동 651-66,2,,,,,,,
룬갤러리,부산광역시 금정구 장전동 651-66,3,,,,,,,
룬갤러리,부산광역시 금정구 장전동 651-66,4,,,,,,,
룬갤러리,부산광역시 금정구 장전동 651-66,5,,,,,,,
룬갤러리,부산광역시 금정구 장전동 651-66,6,,,,,,,
룰루랄라,부산광역시 금정구 장전동 308-4,0,,,,,,,
룰루랄라,부산광역시 금정구 장전동 308-4,1,,,,,,,
룰루랄라,부산광역시 금정구 장전동 308-4,2,,,,,,,
룰루랄라,부산광역시 금정구 장전동 308-4,3,,,,,,,
룰루랄라,부산광역시 금정구 장전동 308-4,4,,,,,,,
룰루랄라,부산광역시 금정구 장전동 308-4,5,,,,,,,
룰루랄라,부산광역시 금정구 장전동 308-4,6,,,,,,,
르까프 이마트금정,부산광역시 금정구 구서동 368,0,,,,,,,
르까프 이마트금정,부산광역시 금정구 구서동 368,1,,,,,,,
르까프 이마트금정,부산광역시 금정구 구서동 368,2,,,,,,,
르까프 이마트금정,부산광역시 금정구 구서동 368,3,,,,,,,
르까프 이마트금정,부산광역시 금정구 구서동 368,4,,,,,,,
르까프 이마트금정,부산광역시 금정구 구서동 368,5,,,,,,,
르까프 이마트금정,부산광역시 금정구 구서동 368,6,,,,,,,
르몽드뷰티,부산광역시 동래구 명륜동 795,0,10:00,22:00,,,,,
르몽드뷰티,부산광역시 동래구 명륜동 795,1,10:00,22:00,,,,,
르몽드뷰티,부산광역시 동래구 명륜동 795,2,10:00,22:00,,,,,
르몽드뷰티,부산광역시 동래구 명륜동 795,3,10:00,22:00,,,,,
르몽드뷰티,부산광역시 동래구 명륜동 795,4,10:00,22:00,,,,,
르몽드뷰티,부산광역시 동래구 명륜동 795,5,10:00,22:00,,,,,
르몽드뷰티,부산광역시 동래구 명륜동 795,6,10:00,22:00,,,,,
리담,부산광역시 동래구 온천동 193-6,0,,,,,,,
리담,부산광역시 동래구 온천동 193-6,1,,,,,,,
리담,부산광역시 동래구 온천동 193-6,2,,,,,,,
리담,부산광역시 동래구 온천동 193-6,3,,,,,,,
리담,부산광역시 동래구 온천동 193-6,4,,,,,,,
리담,부산광역시 동래구 온천동 193-6,5,,,,,,,
리담,부산광역시 동래구 온천동 193-6,6,,,,,,,
리모사구서점,부산광역시 금정구 구서동 413-6,0,,,,,,,
리모사구서점,부산광역시 금정구 구서동 413-6,1,,,,,,,
리모사구서점,부산광역시 금정구 구서동 413-6,2,,,,,,,
리모사구서점,부산광역시 금정구 구서동 413-6,3,,,,,,,
리모사구서점,부산광역시 금정구 구서동 413-6,4,,,,,,,
리모사구서점,부산광역시 금정구 구서동 413-6,5,,,,,,,
리모사구서점,부산광역시 금정구 구서동 413-6,6,,,,,,,
리버클래시 부산대점,부산광역시 금정구 장전동 423-34,0,,,,,,,
리버클래시 부산대점,부산광역시 금정구 장전동 423-34,1,,,,,,,
리버클래시 부산대점,부산광역시 금정구 장전동 423-34,2,,,,,,,
리버클래시 부산대점,부산광역시 금정구 장전동 423-34,3,,,,,,,
리버클래시 부산대점,부산광역시 금정구 장전동 423-34,4,,,,,,,
리버클래시 부산대점,부산광역시 금정구 장전동 423-34,5,,,,,,,
리버클래시 부산대점,부산광역시 금정구 장전동 423-34,6,,,,,,,
리본,부산광역시 동래구 온천동 502-3,0,,,,,,,
리본,부산광역시 동래구 온천동 502-3,1,,,,,,,
리본,부산광역시 동래구 온천동 502-3,2,,,,,,,
리본,부산광역시 동래구 온천동 502-3,3,,,,,,,
리본,부산광역시 동래구 온천동 502-3,4,,,,,,,
리본,부산광역시 동래구 온천동 502-3,5,,,,,,,
리본,부산광역시 동래구 온천동 502-3,6,,,,,,,
리사,부산광역시 금정구 부곡동 65-15,0,,,,,,,
리사,부산광역시 금정구 부곡동 65-15,1,,,,,,,
리사,부산광역시 금정구 부곡동 65-15,2,,,,,,,
리사,부산광역시 금정구 부곡동 65-15,3,,,,,,,
리사,부산광역시 금정구 부곡동 65-15,4,,,,,,,
리사,부산광역시 금정구 부곡동 65-15,5,,,,,,,
리사,부산광역시 금정구 부곡동 65-15,6,,,,,,,
리스트,부산광역시 동래구 온천동 502-3,0,,,,,,,
리스트,부산광역시 동래구 온천동 502-3,1,,,,,,,
리스트,부산광역시 동래구 온천동 502-3,2,,,,,,,
리스트,부산광역시 동래구 온천동 502-3,3,,,,,,,
리스트,부산광역시 동래구 온천동 502-3,4,,,,,,,
리스트,부산광역시 동래구 온천동 502-3,5,,,,,,,
리스트,부산광역시 동래구 온천동 502-3,6,,,,,,,
리썸뮤즈,부산광역시 동래구 명륜동 644-10,0,,,,,,TRUE,
리썸뮤즈,부산광역시 동래구 명륜동 644-10,1,11:00,18:00,,,,TRUE,
리썸뮤즈,부산광역시 동래구 명륜동 644-10,2,11:00,18:00,,,,,
리썸뮤즈,부산광역시 동래구 명륜동 644-10,3,11:00,18:00,,,,,
리썸뮤즈,부산광역시 동래구 명륜동 644-10,4,11:00,18:00,,,,,
리썸뮤즈,부산광역시 동래구 명륜동 644-10,5,11:00,18:00,,,,,
리썸뮤즈,부산광역시 동래구 명륜동 644-10,6,,,,,,TRUE,
리즐,부산광역시 금정구 부곡동 326-3,0,,,,,,,
리즐,부산광역시 금정구 부곡동 326-3,1,,,,,,,
리즐,부산광역시 금정구 부곡동 326-3,2,,,,,,,
리즐,부산광역시 금정구 부곡동 326-3,3,,,,,,,
리즐,부산광역시 금정구 부곡동 326-3,4,,,,,,,
리즐,부산광역시 금정구 부곡동 326-3,5,,,,,,,
리즐,부산광역시 금정구 부곡동 326-3,6,,,,,,,
리트머스 NC부산대점,부산광역시 금정구 장전동 40,0,,,,,,,
리트머스 NC부산대점,부산광역시 금정구 장전동 40,1,,,,,,,
리트머스 NC부산대점,부산광역시 금정구 장전동 40,2,,,,,,,
리트머스 NC부산대점,부산광역시 금정구 장전동 40,3,,,,,,,
리트머스 NC부산대점,부산광역시 금정구 장전동 40,4,,,,,,,
리트머스 NC부산대점,부산광역시 금정구 장전동 40,5,,,,,,,
리트머스 NC부산대점,부산광역시 금정구 장전동 40,6,,,,,,,
리틀그라운드롯데 동래점,부산광역시 동래구 온천동 502-3,0,,,,,,,
리틀그라운드롯데 동래점,부산광역시 동래구 온천동 502-3,1,,,,,,,
리틀그라운드롯데 동래점,부산광역시 동래구 온천동 502-3,2,,,,,,,
리틀그라운드롯데 동래점,부산광역시 동래구 온천동 502-3,3,,,,,,,
리틀그라운드롯데 동래점,부산광역시 동래구 온천동 502-3,4,,,,,,,
리틀그라운드롯데 동래점,부산광역시 동래구 온천동 502-3,5,,,,,,,
리틀그라운드롯데 동래점,부산광역시 동래구 온천동 502-3,6,,,,,,,
리틀브렌 부산대NC점,부산광역시 금정구 장전동 40,0,,,,,,,
리틀브렌 부산대NC점,부산광역시 금정구 장전동 40,1,,,,,,,
리틀브렌 부산대NC점,부산광역시 금정구 장전동 40,2,,,,,,,
리틀브렌 부산대NC점,부산광역시 금정구 장전동 40,3,,,,,,,
리틀브렌 부산대NC점,부산광역시 금정구 장전동 40,4,,,,,,,
리틀브렌 부산대NC점,부산광역시 금정구 장전동 40,5,,,,,,,
리틀브렌 부산대NC점,부산광역시 금정구 장전동 40,6,,,,,,,
릿,부산광역시 금정구 장전동 303-1,0,,,,,,,
릿,부산광역시 금정구 장전동 303-1,1,,,,,,,
릿,부산광역시 금정구 장전동 303-1,2,,,,,,,
릿,부산광역시 금정구 장전동 303-1,3,,,,,,,
릿,부산광역시 금정구 장전동 303-1,4,,,,,,,
릿,부산광역시 금정구 장전동 303-1,5,,,,,,,
릿,부산광역시 금정구 장전동 303-1,6,,,,,,,
마드모아젤부산동래지점,부산광역시 동래구 명륜동 414-2,0,,,,,,,
마드모아젤부산동래지점,부산광역시 동래구 명륜동 414-2,1,,,,,,,
마드모아젤부산동래지점,부산광역시 동래구 명륜동 414-2,2,,,,,,,
마드모아젤부산동래지점,부산광역시 동래구 명륜동 414-2,3,,,,,,,
마드모아젤부산동래지점,부산광역시 동래구 명륜동 414-2,4,,,,,,,
마드모아젤부산동래지점,부산광역시 동래구 명륜동 414-2,5,,,,,,,
마드모아젤부산동래지점,부산광역시 동래구 명륜동 414-2,6,,,,,,,
마랑,부산광역시 금정구 부곡동 224-1,0,,,,,,,
마랑,부산광역시 금정구 부곡동 224-1,1,,,,,,,
마랑,부산광역시 금정구 부곡동 224-1,2,,,,,,,
마랑,부산광역시 금정구 부곡동 224-1,3,,,,,,,
마랑,부산광역시 금정구 부곡동 224-1,4,,,,,,,
마랑,부산광역시 금정구 부곡동 224-1,5,,,,,,,
마랑,부산광역시 금정구 부곡동 224-1,6,,,,,,,
마리,부산광역시 동래구 온천동 1436-3,0,,,,,,,
마리,부산광역시 동래구 온천동 1436-3,1,,,,,,,
마리,부산광역시 동래구 온천동 1436-3,2,,,,,,,
마리,부산광역시 동래구 온천동 1436-3,3,,,,,,,
마리,부산광역시 동래구 온천동 1436-3,4,,,,,,,
마리,부산광역시 동래구 온천동 1436-3,5,,,,,,,
마리,부산광역시 동래구 온천동 1436-3,6,,,,,,,
마스터바니크리스메프엔씨,부산광역시 동래구 온천동 502-3,0,,,,,,,
마스터바니크리스메프엔씨,부산광역시 동래구 온천동 502-3,1,,,,,,,
마스터바니크리스메프엔씨,부산광역시 동래구 온천동 502-3,2,,,,,,,
마스터바니크리스메프엔씨,부산광역시 동래구 온천동 502-3,3,,,,,,,
마스터바니크리스메프엔씨,부산광역시 동래구 온천동 502-3,4,,,,,,,
마스터바니크리스메프엔씨,부산광역시 동래구 온천동 502-3,5,,,,,,,
마스터바니크리스메프엔씨,부산광역시 동래구 온천동 502-3,6,,,,,,,
마야,부산광역시 금정구 장전동 415-19,0,,,,,,,
마야,부산광역시 금정구 장전동 415-19,1,,,,,,,
마야,부산광역시 금정구 장전동 415-19,2,,,,,,,
마야,부산광역시 금정구 장전동 415-19,3,,,,,,,
마야,부산광역시 금정구 장전동 415-19,4,,,,,,,
마야,부산광역시 금정구 장전동 415-19,5,,,,,,,
마야,부산광역시 금정구 장전동 415-19,6,,,,,,,
마이쓰 코리아,부산광역시 동래구 명륜동 533-115,0,,,,,,,
마이쓰 코리아,부산광역시 동래구 명륜동 533-115,1,,,,,,,
마이쓰 코리아,부산광역시 동래구 명륜동 533-115,2,,,,,,,
마이쓰 코리아,부산광역시 동래구 명륜동 533-115,3,,,,,,,
마이쓰 코리아,부산광역시 동래구 명륜동 533-115,4,,,,,,,
마이쓰 코리아,부산광역시 동래구 명륜동 533-115,5,,,,,,,
마이쓰 코리아,부산광역시 동래구 명륜동 533-115,6,,,,,,,
마인드브릿지 부산대점,부산광역시 금정구 장전동 293-4,0,,,,,,,
마인드브릿지 부산대점,부산광역시 금정구 장전동 293-4,1,,,,,,,
마인드브릿지 부산대점,부산광역시 금정구 장전동 293-4,2,,,,,,,
마인드브릿지 부산대점,부산광역시 금정구 장전동 293-4,3,,,,,,,
마인드브릿지 부산대점,부산광역시 금정구 장전동 293-4,4,,,,,,,
마인드브릿지 부산대점,부산광역시 금정구 장전동 293-4,5,,,,,,,
마인드브릿지 부산대점,부산광역시 금정구 장전동 293-4,6,,,,,,,
마인드오프,부산광역시 금정구 부곡동 338-18,0,11:00,17:00,,,,,
마인드오프,부산광역시 금정구 부곡동 338-18,1,,,,,,TRUE,
마인드오프,부산광역시 금정구 부곡동 338-18,2,,,,,,TRUE,
마인드오프,부산광역시 금정구 부곡동 338-18,3,,,,,,TRUE,
마인드오프,부산광역시 금정구 부곡동 338-18,4,11:00,18:00,,,,,
마인드오프,부산광역시 금정구 부곡동 338-18,5,11:00,18:00,,,,,
마인드오프,부산광역시 금정구 부곡동 338-18,6,11:00,17:00,,,,,
마카롱,부산광역시 금정구 장전동 293-46,0,,,,,,,
마카롱,부산광역시 금정구 장전동 293-46,1,,,,,,,
마카롱,부산광역시 금정구 장전동 293-46,2,,,,,,,
마카롱,부산광역시 금정구 장전동 293-46,3,,,,,,,
마카롱,부산광역시 금정구 장전동 293-46,4,,,,,,,
마카롱,부산광역시 금정구 장전동 293-46,5,,,,,,,
마카롱,부산광역시 금정구 장전동 293-46,6,,,,,,,
만어,부산광역시 동래구 온천동 1430-10,0,,,,,,,
만어,부산광역시 동래구 온천동 1430-10,1,,,,,,,
만어,부산광역시 동래구 온천동 1430-10,2,,,,,,,
만어,부산광역시 동래구 온천동 1430-10,3,,,,,,,
만어,부산광역시 동래구 온천동 1430-10,4,,,,,,,
만어,부산광역시 동래구 온천동 1430-10,5,,,,,,,
만어,부산광역시 동래구 온천동 1430-10,6,,,,,,,
말랑문구,부산광역시 동래구 온천동 1617-26,0,,,,,,,
말랑문구,부산광역시 동래구 온천동 1617-26,1,,,,,,,
말랑문구,부산광역시 동래구 온천동 1617-26,2,,,,,,,
말랑문구,부산광역시 동래구 온천동 1617-26,3,,,,,,,
말랑문구,부산광역시 동래구 온천동 1617-26,4,,,,,,,
말랑문구,부산광역시 동래구 온천동 1617-26,5,,,,,,,
말랑문구,부산광역시 동래구 온천동 1617-26,6,,,,,,,
말랑컴퍼니,부산광역시 금정구 장전동 40,0,,,,,,,
말랑컴퍼니,부산광역시 금정구 장전동 40,1,,,,,,,
말랑컴퍼니,부산광역시 금정구 장전동 40,2,,,,,,,
말랑컴퍼니,부산광역시 금정구 장전동 40,3,,,,,,,
말랑컴퍼니,부산광역시 금정구 장전동 40,4,,,,,,,
말랑컴퍼니,부산광역시 금정구 장전동 40,5,,,,,,,
말랑컴퍼니,부산광역시 금정구 장전동 40,6,,,,,,,
매로빈,부산광역시 금정구 장전동 293-167,0,,,,,,,
매로빈,부산광역시 금정구 장전동 293-167,1,,,,,,,
매로빈,부산광역시 금정구 장전동 293-167,2,,,,,,,
매로빈,부산광역시 금정구 장전동 293-167,3,,,,,,,
매로빈,부산광역시 금정구 장전동 293-167,4,,,,,,,
매로빈,부산광역시 금정구 장전동 293-167,5,,,,,,,
매로빈,부산광역시 금정구 장전동 293-167,6,,,,,,,
매점,부산광역시 동래구 온천동 1234-1,0,,,,,,,
매점,부산광역시 동래구 온천동 1234-1,1,,,,,,,
매점,부산광역시 동래구 온천동 1234-1,2,,,,,,,
매점,부산광역시 동래구 온천동 1234-1,3,,,,,,,
매점,부산광역시 동래구 온천동 1234-1,4,,,,,,,
매점,부산광역시 동래구 온천동 1234-1,5,,,,,,,
매점,부산광역시 동래구 온천동 1234-1,6,,,,,,,
멋쟁이구제,부산광역시 금정구 부곡동 388-26,0,,,,,,,
멋쟁이구제,부산광역시 금정구 부곡동 388-26,1,,,,,,,
멋쟁이구제,부산광역시 금정구 부곡동 388-26,2,,,,,,,
멋쟁이구제,부산광역시 금정구 부곡동 388-26,3,,,,,,,
멋쟁이구제,부산광역시 금정구 부곡동 388-26,4,,,,,,,
멋쟁이구제,부산광역시 금정구 부곡동 388-26,5,,,,,,,
멋쟁이구제,부산광역시 금정구 부곡동 388-26,6,,,,,,,
메가마트 동래점,부산광역시 동래구 명륜동 506-3,0,,,,,,,
메가마트 동래점,부산광역시 동래구 명륜동 506-3,1,,,,,,,
메가마트 동래점,부산광역시 동래구 명륜동 506-3,2,,,,,,,
메가마트 동래점,부산광역시 동래구 명륜동 506-3,3,,,,,,,
메가마트 동래점,부산광역시 동래구 명륜동 506-3,4,,,,,,,
메가마트 동래점,부산광역시 동래구 명륜동 506-3,5,,,,,,,
메가마트 동래점,부산광역시 동래구 명륜동 506-3,6,,,,,,,
메가마트동래프로스펙스,부산광역시 동래구 명륜동 506-3,0,,,,,,,
메가마트동래프로스펙스,부산광역시 동래구 명륜동 506-3,1,,,,,,,
메가마트동래프로스펙스,부산광역시 동래구 명륜동 506-3,2,,,,,,,
메가마트동래프로스펙스,부산광역시 동래구 명륜동 506-3,3,,,,,,,
메가마트동래프로스펙스,부산광역시 동래구 명륜동 506-3,4,,,,,,,
메가마트동래프로스펙스,부산광역시 동래구 명륜동 506-3,5,,,,,,,
메가마트동래프로스펙스,부산광역시 동래구 명륜동 506-3,6,,,,,,,
메가마트제인스딘 동래점,부산광역시 동래구 명륜동 506-3,0,,,,,,,
메가마트제인스딘 동래점,부산광역시 동래구 명륜동 506-3,1,,,,,,,
메가마트제인스딘 동래점,부산광역시 동래구 명륜동 506-3,2,,,,,,,
메가마트제인스딘 동래점,부산광역시 동래구 명륜동 506-3,3,,,,,,,
메가마트제인스딘 동래점,부산광역시 동래구 명륜동 506-3,4,,,,,,,
메가마트제인스딘 동래점,부산광역시 동래구 명륜동 506-3,5,,,,,,,
메가마트제인스딘 동래점,부산광역시 동래구 명륜동 506-3,6,,,,,,,
메리쉬엔,부산광역시 동래구 온천동 1750-33,0,,,,,,,
메리쉬엔,부산광역시 동래구 온천동 1750-33,1,,,,,,,
메리쉬엔,부산광역시 동래구 온천동 1750-33,2,,,,,,,
메리쉬엔,부산광역시 동래구 온천동 1750-33,3,,,,,,,
메리쉬엔,부산광역시 동래구 온천동 1750-33,4,,,,,,,
메리쉬엔,부산광역시 동래구 온천동 1750-33,5,,,,,,,
메리쉬엔,부산광역시 동래구 온천동 1750-33,6,,,,,,,
메이크업박스,부산광역시 금정구 장전동 335-14,0,,,,,,TRUE,
메이크업박스,부산광역시 금정구 장전동 335-14,1,11:00,19:00,,,,,
메이크업박스,부산광역시 금정구 장전동 335-14,2,11:00,19:00,,,,,
메이크업박스,부산광역시 금정구 장전동 335-14,3,11:00,19:00,,,,,
메이크업박스,부산광역시 금정구 장전동 335-14,4,11:00,19:00,,,,,
메이크업박스,부산광역시 금정구 장전동 335-14,5,11:00,19:00,,,,,
메이크업박스,부산광역시 금정구 장전동 335-14,6,,,,,,TRUE,
멜본,부산광역시 금정구 장전동 40,0,,,,,,,
멜본,부산광역시 금정구 장전동 40,1,,,,,,,
멜본,부산광역시 금정구 장전동 40,2,,,,,,,
멜본,부산광역시 금정구 장전동 40,3,,,,,,,
멜본,부산광역시 금정구 장전동 40,4,,,,,,,
멜본,부산광역시 금정구 장전동 40,5,,,,,,,
멜본,부산광역시 금정구 장전동 40,6,,,,,,,
멜팅멜로우,부산광역시 금정구 장전동 304-1,0,,,,,,,
멜팅멜로우,부산광역시 금정구 장전동 304-1,1,,,,,,,
멜팅멜로우,부산광역시 금정구 장전동 304-1,2,,,,,,,
멜팅멜로우,부산광역시 금정구 장전동 304-1,3,,,,,,,
멜팅멜로우,부산광역시 금정구 장전동 304-1,4,,,,,,,
멜팅멜로우,부산광역시 금정구 장전동 304-1,5,,,,,,,
멜팅멜로우,부산광역시 금정구 장전동 304-1,6,,,,,,,
명성골프,부산광역시 동래구 온천동 1462-35,0,,,,,,,
명성골프,부산광역시 동래구 온천동 1462-35,1,,,,,,,
명성골프,부산광역시 동래구 온천동 1462-35,2,,,,,,,
명성골프,부산광역시 동래구 온천동 1462-35,3,,,,,,,
명성골프,부산광역시 동래구 온천동 1462-35,4,,,,,,,
명성골프,부산광역시 동래구 온천동 1462-35,5,,,,,,,
명성골프,부산광역시 동래구 온천동 1462-35,6,,,,,,,
명인,부산광역시 금정구 구서동 195-15,0,,,,,,,
명인,부산광역시 금정구 구서동 195-15,1,,,,,,,
명인,부산광역시 금정구 구서동 195-15,2,,,,,,,
명인,부산광역시 금정구 구서동 195-15,3,,,,,,,
명인,부산광역시 금정구 구서동 195-15,4,,,,,,,
명인,부산광역시 금정구 구서동 195-15,5,,,,,,,
명인,부산광역시 금정구 구서동 195-15,6,,,,,,,
모노크래프트,부산광역시 금정구 장전동 384-16,0,,,,,,,
모노크래프트,부산광역시 금정구 장전동 384-16,1,,,,,,,
모노크래프트,부산광역시 금정구 장전동 384-16,2,,,,,,,
모노크래프트,부산광역시 금정구 장전동 384-16,3,,,,,,,
모노크래프트,부산광역시 금정구 장전동 384-16,4,,,,,,,
모노크래프트,부산광역시 금정구 장전동 384-16,5,,,,,,,
모노크래프트,부산광역시 금정구 장전동 384-16,6,,,,,,,
모니카,부산광역시 금정구 구서동 409-17,0,,,,,,,
모니카,부산광역시 금정구 구서동 409-17,1,,,,,,,
모니카,부산광역시 금정구 구서동 409-17,2,,,,,,,
모니카,부산광역시 금정구 구서동 409-17,3,,,,,,,
모니카,부산광역시 금정구 구서동 409-17,4,,,,,,,
모니카,부산광역시 금정구 구서동 409-17,5,,,,,,,
모니카,부산광역시 금정구 구서동 409-17,6,,,,,,,
모닝글로리,부산광역시 금정구 장전동 400-39,0,,,,,,,
모닝글로리,부산광역시 금정구 장전동 400-39,1,,,,,,,
모닝글로리,부산광역시 금정구 장전동 400-39,2,,,,,,,
모닝글로리,부산광역시 금정구 장전동 400-39,3,,,,,,,
모닝글로리,부산광역시 금정구 장전동 400-39,4,,,,,,,
모닝글로리,부산광역시 금정구 장전동 400-39,5,,,,,,,
모닝글로리,부산광역시 금정구 장전동 400-39,6,,,,,,,
모닝글로리 구서점,부산광역시 금정구 구서동 415-101,0,,,,,,,
모닝글로리 구서점,부산광역시 금정구 구서동 415-101,1,,,,,,,
모닝글로리 구서점,부산광역시 금정구 구서동 415-101,2,,,,,,,
모닝글로리 구서점,부산광역시 금정구 구서동 415-101,3,,,,,,,
모닝글로리 구서점,부산광역시 금정구 구서동 415-101,4,,,,,,,
모닝글로리 구서점,부산광역시 금정구 구서동 415-101,5,,,,,,,
모닝글로리 구서점,부산광역시 금정구 구서동 415-101,6,,,,,,,
모닝글로리 부산대2호점,부산광역시 금정구 장전동 415-5,0,,,,,,,
모닝글로리 부산대2호점,부산광역시 금정구 장전동 415-5,1,,,,,,,
모닝글로리 부산대2호점,부산광역시 금정구 장전동 415-5,2,,,,,,,
모닝글로리 부산대2호점,부산광역시 금정구 장전동 415-5,3,,,,,,,
모닝글로리 부산대2호점,부산광역시 금정구 장전동 415-5,4,,,,,,,
모닝글로리 부산대2호점,부산광역시 금정구 장전동 415-5,5,,,,,,,
모닝글로리 부산대2호점,부산광역시 금정구 장전동 415-5,6,,,,,,,
모라도,부산광역시 동래구 온천동 502-3,0,,,,,,,
모라도,부산광역시 동래구 온천동 502-3,1,,,,,,,
모라도,부산광역시 동래구 온천동 502-3,2,,,,,,,
모라도,부산광역시 동래구 온천동 502-3,3,,,,,,,
모라도,부산광역시 동래구 온천동 502-3,4,,,,,,,
모라도,부산광역시 동래구 온천동 502-3,5,,,,,,,
모라도,부산광역시 동래구 온천동 502-3,6,,,,,,,
모마네일,부산광역시 금정구 장전동 309-3,0,,,,,,TRUE,
모마네일,부산광역시 금정구 장전동 309-3,1,11:00,20:00,,,,,
모마네일,부산광역시 금정구 장전동 309-3,2,11:00,20:00,,,,,
모마네일,부산광역시 금정구 장전동 309-3,3,11:00,20:00,,,,,
모마네일,부산광역시 금정구 장전동 309-3,4,11:00,20:00,,,,,
모마네일,부산광역시 금정구 장전동 309-3,5,11:00,20:00,,,,,
모마네일,부산광역시 금정구 장전동 309-3,6,11:00,20:00,,,,,
모모앤키키 아뜰공간,부산광역시 금정구 장전동 417-33,0,0:00,,,,,,
모모앤키키 아뜰공간,부산광역시 금정구 장전동 417-33,1,0:00,,,,,,
모모앤키키 아뜰공간,부산광역시 금정구 장전동 417-33,2,0:00,,,,,,
모모앤키키 아뜰공간,부산광역시 금정구 장전동 417-33,3,0:00,,,,,,
모모앤키키 아뜰공간,부산광역시 금정구 장전동 417-33,4,0:00,,,,,,
모모앤키키 아뜰공간,부산광역시 금정구 장전동 417-33,5,0:00,,,,,,
모모앤키키 아뜰공간,부산광역시 금정구 장전동 417-33,6,0:00,,,,,,
모아,부산광역시 금정구 장전동 302-3,0,,,,,,,
모아,부산광역시 금정구 장전동 302-3,1,,,,,,,
모아,부산광역시 금정구 장전동 302-3,2,,,,,,,
모아,부산광역시 금정구 장전동 302-3,3,,,,,,,
모아,부산광역시 금정구 장전동 302-3,4,,,,,,,
모아,부산광역시 금정구 장전동 302-3,5,,,,,,,
모아,부산광역시 금정구 장전동 302-3,6,,,,,,,
모에롯데 동래점,부산광역시 동래구 온천동 502-3,0,,,,,,,
모에롯데 동래점,부산광역시 동래구 온천동 502-3,1,,,,,,,
모에롯데 동래점,부산광역시 동래구 온천동 502-3,2,,,,,,,
모에롯데 동래점,부산광역시 동래구 온천동 502-3,3,,,,,,,
모에롯데 동래점,부산광역시 동래구 온천동 502-3,4,,,,,,,
모에롯데 동래점,부산광역시 동래구 온천동 502-3,5,,,,,,,
모에롯데 동래점,부산광역시 동래구 온천동 502-3,6,,,,,,,
모이몰른 NC부산대점,부산광역시 금정구 장전동 40,0,,,,,,,
모이몰른 NC부산대점,부산광역시 금정구 장전동 40,1,,,,,,,
모이몰른 NC부산대점,부산광역시 금정구 장전동 40,2,,,,,,,
모이몰른 NC부산대점,부산광역시 금정구 장전동 40,3,,,,,,,
모이몰른 NC부산대점,부산광역시 금정구 장전동 40,4,,,,,,,
모이몰른 NC부산대점,부산광역시 금정구 장전동 40,5,,,,,,,
모이몰른 NC부산대점,부산광역시 금정구 장전동 40,6,,,,,,,
모자티헤어증모,부산광역시 동래구 온천동 1439-7,0,,,,,,,
모자티헤어증모,부산광역시 동래구 온천동 1439-7,1,,,,,,,
모자티헤어증모,부산광역시 동래구 온천동 1439-7,2,,,,,,,
모자티헤어증모,부산광역시 동래구 온천동 1439-7,3,,,,,,,
모자티헤어증모,부산광역시 동래구 온천동 1439-7,4,,,,,,,
모자티헤어증모,부산광역시 동래구 온천동 1439-7,5,,,,,,,
모자티헤어증모,부산광역시 동래구 온천동 1439-7,6,,,,,,,
모조에스핀,부산광역시 동래구 온천동 502-3,0,,,,,,,
모조에스핀,부산광역시 동래구 온천동 502-3,1,,,,,,,
모조에스핀,부산광역시 동래구 온천동 502-3,2,,,,,,,
모조에스핀,부산광역시 동래구 온천동 502-3,3,,,,,,,
모조에스핀,부산광역시 동래구 온천동 502-3,4,,,,,,,
모조에스핀,부산광역시 동래구 온천동 502-3,5,,,,,,,
모조에스핀,부산광역시 동래구 온천동 502-3,6,,,,,,,
몽벨,부산광역시 동래구 온천동 189-19,0,,,,,,,
몽벨,부산광역시 동래구 온천동 189-19,1,,,,,,,
몽벨,부산광역시 동래구 온천동 189-19,2,,,,,,,
몽벨,부산광역시 동래구 온천동 189-19,3,,,,,,,
몽벨,부산광역시 동래구 온천동 189-19,4,,,,,,,
몽벨,부산광역시 동래구 온천동 189-19,5,,,,,,,
몽벨,부산광역시 동래구 온천동 189-19,6,,,,,,,
몽벨 부산점,부산광역시 동래구 온천동 189-19,0,,,,,,,
몽벨 부산점,부산광역시 동래구 온천동 189-19,1,,,,,,,
몽벨 부산점,부산광역시 동래구 온천동 189-19,2,,,,,,,
몽벨 부산점,부산광역시 동래구 온천동 189-19,3,,,,,,,
몽벨 부산점,부산광역시 동래구 온천동 189-19,4,,,,,,,
몽벨 부산점,부산광역시 동래구 온천동 189-19,5,,,,,,,
몽벨 부산점,부산광역시 동래구 온천동 189-19,6,,,,,,,
몽벨롯데 동래점,부산광역시 동래구 온천동 502-3,0,,,,,,,
몽벨롯데 동래점,부산광역시 동래구 온천동 502-3,1,,,,,,,
몽벨롯데 동래점,부산광역시 동래구 온천동 502-3,2,,,,,,,
몽벨롯데 동래점,부산광역시 동래구 온천동 502-3,3,,,,,,,
몽벨롯데 동래점,부산광역시 동래구 온천동 502-3,4,,,,,,,
몽벨롯데 동래점,부산광역시 동래구 온천동 502-3,5,,,,,,,
몽벨롯데 동래점,부산광역시 동래구 온천동 502-3,6,,,,,,,
몽키,부산광역시 금정구 장전동 304-4,0,,,,,,,
몽키,부산광역시 금정구 장전동 304-4,1,,,,,,,
몽키,부산광역시 금정구 장전동 304-4,2,,,,,,,
몽키,부산광역시 금정구 장전동 304-4,3,,,,,,,
몽키,부산광역시 금정구 장전동 304-4,4,,,,,,,
몽키,부산광역시 금정구 장전동 304-4,5,,,,,,,
몽키,부산광역시 금정구 장전동 304-4,6,,,,,,,
무노,부산광역시 금정구 장전동 293-91,0,,,,,,,
무노,부산광역시 금정구 장전동 293-91,1,,,,,,,
무노,부산광역시 금정구 장전동 293-91,2,,,,,,,
무노,부산광역시 금정구 장전동 293-91,3,,,,,,,
무노,부산광역시 금정구 장전동 293-91,4,,,,,,,
무노,부산광역시 금정구 장전동 293-91,5,,,,,,,
무노,부산광역시 금정구 장전동 293-91,6,,,,,,,
무크 NC부산대,부산광역시 금정구 장전동 40,0,,,,,,,
무크 NC부산대,부산광역시 금정구 장전동 40,1,,,,,,,
무크 NC부산대,부산광역시 금정구 장전동 40,2,,,,,,,
무크 NC부산대,부산광역시 금정구 장전동 40,3,,,,,,,
무크 NC부산대,부산광역시 금정구 장전동 40,4,,,,,,,
무크 NC부산대,부산광역시 금정구 장전동 40,5,,,,,,,
무크 NC부산대,부산광역시 금정구 장전동 40,6,,,,,,,
문구뱅크,부산광역시 금정구 부곡동 64-33,0,,,,,,TRUE,
문구뱅크,부산광역시 금정구 부곡동 64-33,1,8:30,19:00,,,,,
문구뱅크,부산광역시 금정구 부곡동 64-33,2,8:30,19:00,,,,,
문구뱅크,부산광역시 금정구 부곡동 64-33,3,8:30,19:00,,,,,
문구뱅크,부산광역시 금정구 부곡동 64-33,4,8:30,19:00,,,,,
문구뱅크,부산광역시 금정구 부곡동 64-33,5,8:30,19:00,,,,,
문구뱅크,부산광역시 금정구 부곡동 64-33,6,,,,,,TRUE,
문현잡화,부산광역시 금정구 부곡동 59-12,0,,,,,,,
문현잡화,부산광역시 금정구 부곡동 59-12,1,,,,,,,
문현잡화,부산광역시 금정구 부곡동 59-12,2,,,,,,,
문현잡화,부산광역시 금정구 부곡동 59-12,3,,,,,,,
문현잡화,부산광역시 금정구 부곡동 59-12,4,,,,,,,
문현잡화,부산광역시 금정구 부곡동 59-12,5,,,,,,,
문현잡화,부산광역시 금정구 부곡동 59-12,6,,,,,,,
문화갤러리,부산광역시 동래구 온천동 1458-8,0,,,,,,,
문화갤러리,부산광역시 동래구 온천동 1458-8,1,,,,,,,
문화갤러리,부산광역시 동래구 온천동 1458-8,2,,,,,,,
문화갤러리,부산광역시 동래구 온천동 1458-8,3,,,,,,,
문화갤러리,부산광역시 동래구 온천동 1458-8,4,,,,,,,
문화갤러리,부산광역시 동래구 온천동 1458-8,5,,,,,,,
문화갤러리,부산광역시 동래구 온천동 1458-8,6,,,,,,,
물음표,부산광역시 금정구 구서동 164-29,0,,,,,,,
물음표,부산광역시 금정구 구서동 164-29,1,,,,,,,
물음표,부산광역시 금정구 구서동 164-29,2,,,,,,,
물음표,부산광역시 금정구 구서동 164-29,3,,,,,,,
물음표,부산광역시 금정구 구서동 164-29,4,,,,,,,
물음표,부산광역시 금정구 구서동 164-29,5,,,,,,,
물음표,부산광역시 금정구 구서동 164-29,6,,,,,,,
뭉치,부산광역시 금정구 구서동 166-12,0,,,,,,,
뭉치,부산광역시 금정구 구서동 166-12,1,,,,,,,
뭉치,부산광역시 금정구 구서동 166-12,2,,,,,,,
뭉치,부산광역시 금정구 구서동 166-12,3,,,,,,,
뭉치,부산광역시 금정구 구서동 166-12,4,,,,,,,
뭉치,부산광역시 금정구 구서동 166-12,5,,,,,,,
뭉치,부산광역시 금정구 구서동 166-12,6,,,,,,,
미니박스,부산광역시 금정구 장전동 293-175,0,,,,,,,
미니박스,부산광역시 금정구 장전동 293-175,1,,,,,,,
미니박스,부산광역시 금정구 장전동 293-175,2,,,,,,,
미니박스,부산광역시 금정구 장전동 293-175,3,,,,,,,
미니박스,부산광역시 금정구 장전동 293-175,4,,,,,,,
미니박스,부산광역시 금정구 장전동 293-175,5,,,,,,,
미니박스,부산광역시 금정구 장전동 293-175,6,,,,,,,
미당,부산광역시 동래구 온천동 1244-3,0,,,,,,,
미당,부산광역시 동래구 온천동 1244-3,1,,,,,,,
미당,부산광역시 동래구 온천동 1244-3,2,,,,,,,
미당,부산광역시 동래구 온천동 1244-3,3,,,,,,,
미당,부산광역시 동래구 온천동 1244-3,4,,,,,,,
미당,부산광역시 동래구 온천동 1244-3,5,,,,,,,
미당,부산광역시 동래구 온천동 1244-3,6,,,,,,,
미샤,부산광역시 동래구 온천동 153-8,0,,,,,,,
미샤,부산광역시 동래구 온천동 153-8,1,,,,,,,
미샤,부산광역시 동래구 온천동 153-8,2,,,,,,,
미샤,부산광역시 동래구 온천동 153-8,3,,,,,,,
미샤,부산광역시 동래구 온천동 153-8,4,,,,,,,
미샤,부산광역시 동래구 온천동 153-8,5,,,,,,,
미샤,부산광역시 동래구 온천동 153-8,6,,,,,,,
미샤 이마트부산금정점,부산광역시 금정구 구서동 368,0,10:00,22:00,,,,,
미샤 이마트부산금정점,부산광역시 금정구 구서동 368,1,10:00,22:00,,,,,
미샤 이마트부산금정점,부산광역시 금정구 구서동 368,2,10:00,22:00,,,,,
미샤 이마트부산금정점,부산광역시 금정구 구서동 368,3,10:00,22:00,,,,,
미샤 이마트부산금정점,부산광역시 금정구 구서동 368,4,10:00,22:00,,,,,
미샤 이마트부산금정점,부산광역시 금정구 구서동 368,5,10:00,22:00,,,,,
미샤 이마트부산금정점,부산광역시 금정구 구서동 368,6,10:00,22:00,,,,,
미셸 NC부산대,부산광역시 금정구 장전동 40,0,,,,,,,
미셸 NC부산대,부산광역시 금정구 장전동 40,1,,,,,,,
미셸 NC부산대,부산광역시 금정구 장전동 40,2,,,,,,,
미셸 NC부산대,부산광역시 금정구 장전동 40,3,,,,,,,
미셸 NC부산대,부산광역시 금정구 장전동 40,4,,,,,,,
미셸 NC부산대,부산광역시 금정구 장전동 40,5,,,,,,,
미셸 NC부산대,부산광역시 금정구 장전동 40,6,,,,,,,
미소,부산광역시 동래구 온천동 1466-36,0,,,,,,,
미소,부산광역시 동래구 온천동 1466-36,1,,,,,,,
미소,부산광역시 동래구 온천동 1466-36,2,,,,,,,
미소,부산광역시 동래구 온천동 1466-36,3,,,,,,,
미소,부산광역시 동래구 온천동 1466-36,4,,,,,,,
미소,부산광역시 동래구 온천동 1466-36,5,,,,,,,
미소,부산광역시 동래구 온천동 1466-36,6,,,,,,,
미아미아,부산광역시 금정구 장전동 414-13,0,,,,,,,
미아미아,부산광역시 금정구 장전동 414-13,1,,,,,,,
미아미아,부산광역시 금정구 장전동 414-13,2,,,,,,,
미아미아,부산광역시 금정구 장전동 414-13,3,,,,,,,
미아미아,부산광역시 금정구 장전동 414-13,4,,,,,,,
미아미아,부산광역시 금정구 장전동 414-13,5,,,,,,,
미아미아,부산광역시 금정구 장전동 414-13,6,,,,,,,
미애부금정 시장점,부산광역시 동래구 온천동 1460-20,0,,,,,,,
미애부금정 시장점,부산광역시 동래구 온천동 1460-20,1,,,,,,,
미애부금정 시장점,부산광역시 동래구 온천동 1460-20,2,,,,,,,
미애부금정 시장점,부산광역시 동래구 온천동 1460-20,3,,,,,,,
미애부금정 시장점,부산광역시 동래구 온천동 1460-20,4,,,,,,,
미애부금정 시장점,부산광역시 동래구 온천동 1460-20,5,,,,,,,
미애부금정 시장점,부산광역시 동래구 온천동 1460-20,6,,,,,,,
미화당씨엔에스,부산광역시 동래구 온천동 1437-29,0,,,,,,,
미화당씨엔에스,부산광역시 동래구 온천동 1437-29,1,,,,,,,
미화당씨엔에스,부산광역시 동래구 온천동 1437-29,2,,,,,,,
미화당씨엔에스,부산광역시 동래구 온천동 1437-29,3,,,,,,,
미화당씨엔에스,부산광역시 동래구 온천동 1437-29,4,,,,,,,
미화당씨엔에스,부산광역시 동래구 온천동 1437-29,5,,,,,,,
미화당씨엔에스,부산광역시 동래구 온천동 1437-29,6,,,,,,,
민수헤어가발,부산광역시 동래구 온천동 779-5,0,,,,,,,
민수헤어가발,부산광역시 동래구 온천동 779-5,1,,,,,,,
민수헤어가발,부산광역시 동래구 온천동 779-5,2,,,,,,,
민수헤어가발,부산광역시 동래구 온천동 779-5,3,,,,,,,
민수헤어가발,부산광역시 동래구 온천동 779-5,4,,,,,,,
민수헤어가발,부산광역시 동래구 온천동 779-5,5,,,,,,,
민수헤어가발,부산광역시 동래구 온천동 779-5,6,,,,,,,
민타이테라피,부산광역시 금정구 구서동 86-55,0,0:00,,,,,,
민타이테라피,부산광역시 금정구 구서동 86-55,1,0:00,,,,,,
민타이테라피,부산광역시 금정구 구서동 86-55,2,0:00,,,,,,
민타이테라피,부산광역시 금정구 구서동 86-55,3,0:00,,,,,,
민타이테라피,부산광역시 금정구 구서동 86-55,4,0:00,,,,,,
민타이테라피,부산광역시 금정구 구서동 86-55,5,0:00,,,,,,
민타이테라피,부산광역시 금정구 구서동 86-55,6,0:00,,,,,,
민트,부산광역시 금정구 장전동 293-117,0,,,,,,,
민트,부산광역시 금정구 장전동 293-117,1,,,,,,,
민트,부산광역시 금정구 장전동 293-117,2,,,,,,,
민트,부산광역시 금정구 장전동 293-117,3,,,,,,,
민트,부산광역시 금정구 장전동 293-117,4,,,,,,,
민트,부산광역시 금정구 장전동 293-117,5,,,,,,,
민트,부산광역시 금정구 장전동 293-117,6,,,,,,,
밀레,부산광역시 동래구 온천동 502-3,0,,,,,,,
밀레,부산광역시 동래구 온천동 502-3,1,,,,,,,
밀레,부산광역시 동래구 온천동 502-3,2,,,,,,,
밀레,부산광역시 동래구 온천동 502-3,3,,,,,,,
밀레,부산광역시 동래구 온천동 502-3,4,,,,,,,
밀레,부산광역시 동래구 온천동 502-3,5,,,,,,,
밀레,부산광역시 동래구 온천동 502-3,6,,,,,,,
밀림플랜트,부산광역시 금정구 장전동 400-29,0,11:00,21:00,,,,,
밀림플랜트,부산광역시 금정구 장전동 400-29,1,,,,,,TRUE,
밀림플랜트,부산광역시 금정구 장전동 400-29,2,11:00,21:00,,,,,
밀림플랜트,부산광역시 금정구 장전동 400-29,3,11:00,21:00,,,,,
밀림플랜트,부산광역시 금정구 장전동 400-29,4,11:00,21:00,,,,,
밀림플랜트,부산광역시 금정구 장전동 400-29,5,11:00,21:00,,,,,
밀림플랜트,부산광역시 금정구 장전동 400-29,6,11:00,21:00,,,,,
바바아트문구센터,부산광역시 동래구 명륜동 696-69,0,,,,,,TRUE,
바바아트문구센터,부산광역시 동래구 명륜동 696-69,1,9:30,20:00,,,,,
바바아트문구센터,부산광역시 동래구 명륜동 696-69,2,9:30,20:00,,,,,
바바아트문구센터,부산광역시 동래구 명륜동 696-69,3,9:30,20:00,,,,,
바바아트문구센터,부산광역시 동래구 명륜동 696-69,4,9:30,20:00,,,,,
바바아트문구센터,부산광역시 동래구 명륜동 696-69,5,9:30,20:00,,,,,
바바아트문구센터,부산광역시 동래구 명륜동 696-69,6,9:30,20:00,,,,,
바비수,부산광역시 금정구 장전동 316-1,0,,,,,,,
바비수,부산광역시 금정구 장전동 316-1,1,,,,,,,
바비수,부산광역시 금정구 장전동 316-1,2,,,,,,,
바비수,부산광역시 금정구 장전동 316-1,3,,,,,,,
바비수,부산광역시 금정구 장전동 316-1,4,,,,,,,
바비수,부산광역시 금정구 장전동 316-1,5,,,,,,,
바비수,부산광역시 금정구 장전동 316-1,6,,,,,,,
바소,부산광역시 금정구 장전동 303-5,0,,,,,,,
바소,부산광역시 금정구 장전동 303-5,1,,,,,,,
바소,부산광역시 금정구 장전동 303-5,2,,,,,,,
바소,부산광역시 금정구 장전동 303-5,3,,,,,,,
바소,부산광역시 금정구 장전동 303-5,4,,,,,,,
바소,부산광역시 금정구 장전동 303-5,5,,,,,,,
바소,부산광역시 금정구 장전동 303-5,6,,,,,,,
바쏘옴므,부산광역시 금정구 장전동 422-23,0,,,,,,,
바쏘옴므,부산광역시 금정구 장전동 422-23,1,,,,,,,
바쏘옴므,부산광역시 금정구 장전동 422-23,2,,,,,,,
바쏘옴므,부산광역시 금정구 장전동 422-23,3,,,,,,,
바쏘옴므,부산광역시 금정구 장전동 422-23,4,,,,,,,
바쏘옴므,부산광역시 금정구 장전동 422-23,5,,,,,,,
바쏘옴므,부산광역시 금정구 장전동 422-23,6,,,,,,,
바이다겸,부산광역시 금정구 구서동 258-15,0,,,,,,,
바이다겸,부산광역시 금정구 구서동 258-15,1,,,,,,,
바이다겸,부산광역시 금정구 구서동 258-15,2,,,,,,,
바이다겸,부산광역시 금정구 구서동 258-15,3,,,,,,,
바이다겸,부산광역시 금정구 구서동 258-15,4,,,,,,,
바이다겸,부산광역시 금정구 구서동 258-15,5,,,,,,,
바이다겸,부산광역시 금정구 구서동 258-15,6,,,,,,,
바이코모BYCOMO,부산광역시 금정구 장전동 304-5,0,9:00,23:00,,,,,
바이코모BYCOMO,부산광역시 금정구 장전동 304-5,1,9:00,23:00,,,,,
바이코모BYCOMO,부산광역시 금정구 장전동 304-5,2,9:00,23:00,,,,,
바이코모BYCOMO,부산광역시 금정구 장전동 304-5,3,9:00,23:00,,,,,
바이코모BYCOMO,부산광역시 금정구 장전동 304-5,4,9:00,23:00,,,,,
바이코모BYCOMO,부산광역시 금정구 장전동 304-5,5,9:00,23:00,,,,,
바이코모BYCOMO,부산광역시 금정구 장전동 304-5,6,9:00,23:00,,,,,
바탕미인화장품 보떼,부산광역시 금정구 구서동 413-54,0,,,,,,,
바탕미인화장품 보떼,부산광역시 금정구 구서동 413-54,1,,,,,,,
바탕미인화장품 보떼,부산광역시 금정구 구서동 413-54,2,,,,,,,
바탕미인화장품 보떼,부산광역시 금정구 구서동 413-54,3,,,,,,,
바탕미인화장품 보떼,부산광역시 금정구 구서동 413-54,4,,,,,,,
바탕미인화장품 보떼,부산광역시 금정구 구서동 413-54,5,,,,,,,
바탕미인화장품 보떼,부산광역시 금정구 구서동 413-54,6,,,,,,,
반타,부산광역시 금정구 장전동 312-17,0,,,,,,,
반타,부산광역시 금정구 장전동 312-17,1,,,,,,,
반타,부산광역시 금정구 장전동 312-17,2,,,,,,,
반타,부산광역시 금정구 장전동 312-17,3,,,,,,,
반타,부산광역시 금정구 장전동 312-17,4,,,,,,,
반타,부산광역시 금정구 장전동 312-17,5,,,,,,,
반타,부산광역시 금정구 장전동 312-17,6,,,,,,,
백,부산광역시 동래구 온천동 707,0,,,,,,,
백,부산광역시 동래구 온천동 707,1,,,,,,,
백,부산광역시 동래구 온천동 707,2,,,,,,,
백,부산광역시 동래구 온천동 707,3,,,,,,,
백,부산광역시 동래구 온천동 707,4,,,,,,,
백,부산광역시 동래구 온천동 707,5,,,,,,,
백,부산광역시 동래구 온천동 707,6,,,,,,,
뱅뱅 부산대엔씨,부산광역시 금정구 장전동 40,0,,,,,,,
뱅뱅 부산대엔씨,부산광역시 금정구 장전동 40,1,,,,,,,
뱅뱅 부산대엔씨,부산광역시 금정구 장전동 40,2,,,,,,,
뱅뱅 부산대엔씨,부산광역시 금정구 장전동 40,3,,,,,,,
뱅뱅 부산대엔씨,부산광역시 금정구 장전동 40,4,,,,,,,
뱅뱅 부산대엔씨,부산광역시 금정구 장전동 40,5,,,,,,,
뱅뱅 부산대엔씨,부산광역시 금정구 장전동 40,6,,,,,,,
뱅뱅 부산두실점,부산광역시 금정구 구서동 175-18,0,,,,,,,
뱅뱅 부산두실점,부산광역시 금정구 구서동 175-18,1,,,,,,,
뱅뱅 부산두실점,부산광역시 금정구 구서동 175-18,2,,,,,,,
뱅뱅 부산두실점,부산광역시 금정구 구서동 175-18,3,,,,,,,
뱅뱅 부산두실점,부산광역시 금정구 구서동 175-18,4,,,,,,,
뱅뱅 부산두실점,부산광역시 금정구 구서동 175-18,5,,,,,,,
뱅뱅 부산두실점,부산광역시 금정구 구서동 175-18,6,,,,,,,
버닝스타,부산광역시 금정구 장전동 643-83,0,,,,,,,
버닝스타,부산광역시 금정구 장전동 643-83,1,,,,,,,
버닝스타,부산광역시 금정구 장전동 643-83,2,,,,,,,
버닝스타,부산광역시 금정구 장전동 643-83,3,,,,,,,
버닝스타,부산광역시 금정구 장전동 643-83,4,,,,,,,
버닝스타,부산광역시 금정구 장전동 643-83,5,,,,,,,
버닝스타,부산광역시 금정구 장전동 643-83,6,,,,,,,
범화당,부산광역시 동래구 온천동 707,0,,,,,,,
범화당,부산광역시 동래구 온천동 707,1,,,,,,,
범화당,부산광역시 동래구 온천동 707,2,,,,,,,
범화당,부산광역시 동래구 온천동 707,3,,,,,,,
범화당,부산광역시 동래구 온천동 707,4,,,,,,,
범화당,부산광역시 동래구 온천동 707,5,,,,,,,
범화당,부산광역시 동래구 온천동 707,6,,,,,,,
법계도원,부산광역시 금정구 구서동 1016-1,0,,,,,,,
법계도원,부산광역시 금정구 구서동 1016-1,1,,,,,,,
법계도원,부산광역시 금정구 구서동 1016-1,2,,,,,,,
법계도원,부산광역시 금정구 구서동 1016-1,3,,,,,,,
법계도원,부산광역시 금정구 구서동 1016-1,4,,,,,,,
법계도원,부산광역시 금정구 구서동 1016-1,5,,,,,,,
법계도원,부산광역시 금정구 구서동 1016-1,6,,,,,,,
베네통 코리아,부산광역시 동래구 온천동 502-3,0,,,,,,,
베네통 코리아,부산광역시 동래구 온천동 502-3,1,,,,,,,
베네통 코리아,부산광역시 동래구 온천동 502-3,2,,,,,,,
베네통 코리아,부산광역시 동래구 온천동 502-3,3,,,,,,,
베네통 코리아,부산광역시 동래구 온천동 502-3,4,,,,,,,
베네통 코리아,부산광역시 동래구 온천동 502-3,5,,,,,,,
베네통 코리아,부산광역시 동래구 온천동 502-3,6,,,,,,,
베네통롯데 동래점,부산광역시 동래구 온천동 502-3,0,,,,,,,
베네통롯데 동래점,부산광역시 동래구 온천동 502-3,1,,,,,,,
베네통롯데 동래점,부산광역시 동래구 온천동 502-3,2,,,,,,,
베네통롯데 동래점,부산광역시 동래구 온천동 502-3,3,,,,,,,
베네통롯데 동래점,부산광역시 동래구 온천동 502-3,4,,,,,,,
베네통롯데 동래점,부산광역시 동래구 온천동 502-3,5,,,,,,,
베네통롯데 동래점,부산광역시 동래구 온천동 502-3,6,,,,,,,
베르사체,부산광역시 금정구 장전동 415-17,0,,,,,,,
베르사체,부산광역시 금정구 장전동 415-17,1,,,,,,,
베르사체,부산광역시 금정구 장전동 415-17,2,,,,,,,
베르사체,부산광역시 금정구 장전동 415-17,3,,,,,,,
베르사체,부산광역시 금정구 장전동 415-17,4,,,,,,,
베르사체,부산광역시 금정구 장전동 415-17,5,,,,,,,
베르사체,부산광역시 금정구 장전동 415-17,6,,,,,,,
베베드피노 금정점,부산광역시 금정구 장전동 629-8,0,,,,,,,
베베드피노 금정점,부산광역시 금정구 장전동 629-8,1,,,,,,,
베베드피노 금정점,부산광역시 금정구 장전동 629-8,2,,,,,,,
베베드피노 금정점,부산광역시 금정구 장전동 629-8,3,,,,,,,
베베드피노 금정점,부산광역시 금정구 장전동 629-8,4,,,,,,,
베베드피노 금정점,부산광역시 금정구 장전동 629-8,5,,,,,,,
베베드피노 금정점,부산광역시 금정구 장전동 629-8,6,,,,,,,
베스트마켓,부산광역시 금정구 장전동 417-2,0,,,,,,,
베스트마켓,부산광역시 금정구 장전동 417-2,1,,,,,,,
베스트마켓,부산광역시 금정구 장전동 417-2,2,,,,,,,
베스트마켓,부산광역시 금정구 장전동 417-2,3,,,,,,,
베스트마켓,부산광역시 금정구 장전동 417-2,4,,,,,,,
베스트마켓,부산광역시 금정구 장전동 417-2,5,,,,,,,
베스트마켓,부산광역시 금정구 장전동 417-2,6,,,,,,,
벨라,부산광역시 금정구 구서동 413-6,0,,,,,,,
벨라,부산광역시 금정구 구서동 413-6,1,,,,,,,
벨라,부산광역시 금정구 구서동 413-6,2,,,,,,,
벨라,부산광역시 금정구 구서동 413-6,3,,,,,,,
벨라,부산광역시 금정구 구서동 413-6,4,,,,,,,
벨라,부산광역시 금정구 구서동 413-6,5,,,,,,,
벨라,부산광역시 금정구 구서동 413-6,6,,,,,,,
별테라피,부산광역시 동래구 온천동 750-60,0,,,,,,,
별테라피,부산광역시 동래구 온천동 750-60,1,,,,,,,
별테라피,부산광역시 동래구 온천동 750-60,2,,,,,,,
별테라피,부산광역시 동래구 온천동 750-60,3,,,,,,,
별테라피,부산광역시 동래구 온천동 750-60,4,,,,,,,
별테라피,부산광역시 동래구 온천동 750-60,5,,,,,,,
별테라피,부산광역시 동래구 온천동 750-60,6,,,,,,,
보그인터내셔날,부산광역시 동래구 온천동 502-3,0,,,,,,,
보그인터내셔날,부산광역시 동래구 온천동 502-3,1,,,,,,,
보그인터내셔날,부산광역시 동래구 온천동 502-3,2,,,,,,,
보그인터내셔날,부산광역시 동래구 온천동 502-3,3,,,,,,,
보그인터내셔날,부산광역시 동래구 온천동 502-3,4,,,,,,,
보그인터내셔날,부산광역시 동래구 온천동 502-3,5,,,,,,,
보그인터내셔날,부산광역시 동래구 온천동 502-3,6,,,,,,,
보떼,부산광역시 동래구 온천동 40-14,0,,,,,,,
보떼,부산광역시 동래구 온천동 40-14,1,,,,,,,
보떼,부산광역시 동래구 온천동 40-14,2,,,,,,,
보떼,부산광역시 동래구 온천동 40-14,3,,,,,,,
보떼,부산광역시 동래구 온천동 40-14,4,,,,,,,
보떼,부산광역시 동래구 온천동 40-14,5,,,,,,,
보떼,부산광역시 동래구 온천동 40-14,6,,,,,,,
보떼미화장품 온천역점,부산광역시 금정구 부곡동 391-14,0,,,,,,,
보떼미화장품 온천역점,부산광역시 금정구 부곡동 391-14,1,,,,,,,
보떼미화장품 온천역점,부산광역시 금정구 부곡동 391-14,2,,,,,,,
보떼미화장품 온천역점,부산광역시 금정구 부곡동 391-14,3,,,,,,,
보떼미화장품 온천역점,부산광역시 금정구 부곡동 391-14,4,,,,,,,
보떼미화장품 온천역점,부산광역시 금정구 부곡동 391-14,5,,,,,,,
보떼미화장품 온천역점,부산광역시 금정구 부곡동 391-14,6,,,,,,,
보라패션,부산광역시 금정구 구서동 194-6,0,,,,,,,
보라패션,부산광역시 금정구 구서동 194-6,1,,,,,,,
보라패션,부산광역시 금정구 구서동 194-6,2,,,,,,,
보라패션,부산광역시 금정구 구서동 194-6,3,,,,,,,
보라패션,부산광역시 금정구 구서동 194-6,4,,,,,,,
보라패션,부산광역시 금정구 구서동 194-6,5,,,,,,,
보라패션,부산광역시 금정구 구서동 194-6,6,,,,,,,
보리,부산광역시 금정구 구서동 409-31,0,,,,,,,
보리,부산광역시 금정구 구서동 409-31,1,,,,,,,
보리,부산광역시 금정구 구서동 409-31,2,,,,,,,
보리,부산광역시 금정구 구서동 409-31,3,,,,,,,
보리,부산광역시 금정구 구서동 409-31,4,,,,,,,
보리,부산광역시 금정구 구서동 409-31,5,,,,,,,
보리,부산광역시 금정구 구서동 409-31,6,,,,,,,
보문당필방,부산광역시 금정구 구서동 468-28,0,,,,,,,
보문당필방,부산광역시 금정구 구서동 468-28,1,,,,,,,
보문당필방,부산광역시 금정구 구서동 468-28,2,,,,,,,
보문당필방,부산광역시 금정구 구서동 468-28,3,,,,,,,
보문당필방,부산광역시 금정구 구서동 468-28,4,,,,,,,
보문당필방,부산광역시 금정구 구서동 468-28,5,,,,,,,
보문당필방,부산광역시 금정구 구서동 468-28,6,,,,,,,
보물창고,부산광역시 동래구 명륜동 533-81,0,,,,,,,
보물창고,부산광역시 동래구 명륜동 533-81,1,,,,,,,
보물창고,부산광역시 동래구 명륜동 533-81,2,,,,,,,
보물창고,부산광역시 동래구 명륜동 533-81,3,,,,,,,
보물창고,부산광역시 동래구 명륜동 533-81,4,,,,,,,
보물창고,부산광역시 동래구 명륜동 533-81,5,,,,,,,
보물창고,부산광역시 동래구 명륜동 533-81,6,,,,,,,
보보스,부산광역시 금정구 장전동 334-48,0,,,,,,,
보보스,부산광역시 금정구 장전동 334-48,1,,,,,,,
보보스,부산광역시 금정구 장전동 334-48,2,,,,,,,
보보스,부산광역시 금정구 장전동 334-48,3,,,,,,,
보보스,부산광역시 금정구 장전동 334-48,4,,,,,,,
보보스,부산광역시 금정구 장전동 334-48,5,,,,,,,
보보스,부산광역시 금정구 장전동 334-48,6,,,,,,,
보우,부산광역시 금정구 장전동 293-12,0,12:00,22:00,,,,,지하의 경우 21:00 close
보우,부산광역시 금정구 장전동 293-12,1,12:00,22:00,,,,,지하의 경우 21:00 close
보우,부산광역시 금정구 장전동 293-12,2,12:00,22:00,,,,,지하의 경우 21:00 close
보우,부산광역시 금정구 장전동 293-12,3,12:00,22:00,,,,,지하의 경우 21:00 close
보우,부산광역시 금정구 장전동 293-12,4,12:00,22:00,,,,,지하의 경우 21:00 close
보우,부산광역시 금정구 장전동 293-12,5,12:00,22:00,,,,,지하의 경우 21:00 close
보우,부산광역시 금정구 장전동 293-12,6,12:00,22:00,,,,,지하의 경우 21:00 close
복화장품,부산광역시 금정구 부곡동 15-11,0,,,,,,,
복화장품,부산광역시 금정구 부곡동 15-11,1,,,,,,,
복화장품,부산광역시 금정구 부곡동 15-11,2,,,,,,,
복화장품,부산광역시 금정구 부곡동 15-11,3,,,,,,,
복화장품,부산광역시 금정구 부곡동 15-11,4,,,,,,,
복화장품,부산광역시 금정구 부곡동 15-11,5,,,,,,,
복화장품,부산광역시 금정구 부곡동 15-11,6,,,,,,,
봉봉스테이션 동래점,부산광역시 동래구 명륜동 502-8,0,0:00,,,,,,
봉봉스테이션 동래점,부산광역시 동래구 명륜동 502-8,1,0:00,,,,,,
봉봉스테이션 동래점,부산광역시 동래구 명륜동 502-8,2,0:00,,,,,,
봉봉스테이션 동래점,부산광역시 동래구 명륜동 502-8,3,0:00,,,,,,
봉봉스테이션 동래점,부산광역시 동래구 명륜동 502-8,4,0:00,,,,,,
봉봉스테이션 동래점,부산광역시 동래구 명륜동 502-8,5,0:00,,,,,,
봉봉스테이션 동래점,부산광역시 동래구 명륜동 502-8,6,0:00,,,,,,
부곡문구,부산광역시 금정구 부곡동 257-6,0,,,,,,,
부곡문구,부산광역시 금정구 부곡동 257-6,1,,,,,,,
부곡문구,부산광역시 금정구 부곡동 257-6,2,,,,,,,
부곡문구,부산광역시 금정구 부곡동 257-6,3,,,,,,,
부곡문구,부산광역시 금정구 부곡동 257-6,4,,,,,,,
부곡문구,부산광역시 금정구 부곡동 257-6,5,,,,,,,
부곡문구,부산광역시 금정구 부곡동 257-6,6,,,,,,,
부루앤쥬디,부산광역시 금정구 장전동 40,0,,,,,,,
부루앤쥬디,부산광역시 금정구 장전동 40,1,,,,,,,
부루앤쥬디,부산광역시 금정구 장전동 40,2,,,,,,,
부루앤쥬디,부산광역시 금정구 장전동 40,3,,,,,,,
부루앤쥬디,부산광역시 금정구 장전동 40,4,,,,,,,
부루앤쥬디,부산광역시 금정구 장전동 40,5,,,,,,,
부루앤쥬디,부산광역시 금정구 장전동 40,6,,,,,,,
부르다문,부산광역시 동래구 온천동 502-3,0,,,,,,,
부르다문,부산광역시 동래구 온천동 502-3,1,,,,,,,
부르다문,부산광역시 동래구 온천동 502-3,2,,,,,,,
부르다문,부산광역시 동래구 온천동 502-3,3,,,,,,,
부르다문,부산광역시 동래구 온천동 502-3,4,,,,,,,
부르다문,부산광역시 동래구 온천동 502-3,5,,,,,,,
부르다문,부산광역시 동래구 온천동 502-3,6,,,,,,,
부산금정이마트 CT,부산광역시 금정구 구서동 368,0,,,,,,,
부산금정이마트 CT,부산광역시 금정구 구서동 368,1,,,,,,,
부산금정이마트 CT,부산광역시 금정구 구서동 368,2,,,,,,,
부산금정이마트 CT,부산광역시 금정구 구서동 368,3,,,,,,,
부산금정이마트 CT,부산광역시 금정구 구서동 368,4,,,,,,,
부산금정이마트 CT,부산광역시 금정구 구서동 368,5,,,,,,,
부산금정이마트 CT,부산광역시 금정구 구서동 368,6,,,,,,,
부산대 트루바두르,부산광역시 금정구 장전동 414-23,0,,,,,,,
부산대 트루바두르,부산광역시 금정구 장전동 414-23,1,,,,,,,
부산대 트루바두르,부산광역시 금정구 장전동 414-23,2,,,,,,,
부산대 트루바두르,부산광역시 금정구 장전동 414-23,3,,,,,,,
부산대 트루바두르,부산광역시 금정구 장전동 414-23,4,,,,,,,
부산대 트루바두르,부산광역시 금정구 장전동 414-23,5,,,,,,,
부산대 트루바두르,부산광역시 금정구 장전동 414-23,6,,,,,,,
부산대FX타임.타임옴므양문정,부산광역시 금정구 장전동 423-5,0,10:20,20:20,,,,,
부산대FX타임.타임옴므양문정,부산광역시 금정구 장전동 423-5,1,10:20,20:20,,,,,
부산대FX타임.타임옴므양문정,부산광역시 금정구 장전동 423-5,2,10:20,20:20,,,,,
부산대FX타임.타임옴므양문정,부산광역시 금정구 장전동 423-5,3,10:20,20:20,,,,,
부산대FX타임.타임옴므양문정,부산광역시 금정구 장전동 423-5,4,10:20,20:20,,,,,
부산대FX타임.타임옴므양문정,부산광역시 금정구 장전동 423-5,5,10:20,20:20,,,,,
부산대FX타임.타임옴므양문정,부산광역시 금정구 장전동 423-5,6,10:20,20:20,,,,,
부산대NC 엘레강스,부산광역시 금정구 장전동 40,0,,,,,,,
부산대NC 엘레강스,부산광역시 금정구 장전동 40,1,,,,,,,
부산대NC 엘레강스,부산광역시 금정구 장전동 40,2,,,,,,,
부산대NC 엘레강스,부산광역시 금정구 장전동 40,3,,,,,,,
부산대NC 엘레강스,부산광역시 금정구 장전동 40,4,,,,,,,
부산대NC 엘레강스,부산광역시 금정구 장전동 40,5,,,,,,,
부산대NC 엘레강스,부산광역시 금정구 장전동 40,6,,,,,,,
부산대NC 후아유,부산광역시 금정구 장전동 40,0,,,,,,,
부산대NC 후아유,부산광역시 금정구 장전동 40,1,,,,,,,
부산대NC 후아유,부산광역시 금정구 장전동 40,2,,,,,,,
부산대NC 후아유,부산광역시 금정구 장전동 40,3,,,,,,,
부산대NC 후아유,부산광역시 금정구 장전동 40,4,,,,,,,
부산대NC 후아유,부산광역시 금정구 장전동 40,5,,,,,,,
부산대NC 후아유,부산광역시 금정구 장전동 40,6,,,,,,,
북촌헌책방,부산광역시 금정구 장전동 146-5,0,,,,,,,
북촌헌책방,부산광역시 금정구 장전동 146-5,1,,,,,,,
북촌헌책방,부산광역시 금정구 장전동 146-5,2,,,,,,,
북촌헌책방,부산광역시 금정구 장전동 146-5,3,,,,,,,
북촌헌책방,부산광역시 금정구 장전동 146-5,4,,,,,,,
북촌헌책방,부산광역시 금정구 장전동 146-5,5,,,,,,,
북촌헌책방,부산광역시 금정구 장전동 146-5,6,,,,,,,
뷰티뷰,부산광역시 금정구 부곡동 225-6,0,,,,,,,
뷰티뷰,부산광역시 금정구 부곡동 225-6,1,,,,,,,
뷰티뷰,부산광역시 금정구 부곡동 225-6,2,,,,,,,
뷰티뷰,부산광역시 금정구 부곡동 225-6,3,,,,,,,
뷰티뷰,부산광역시 금정구 부곡동 225-6,4,,,,,,,
뷰티뷰,부산광역시 금정구 부곡동 225-6,5,,,,,,,
뷰티뷰,부산광역시 금정구 부곡동 225-6,6,,,,,,,
뷰티플렉스 부곡점,부산광역시 금정구 부곡동 295-31,0,,,,,,,
뷰티플렉스 부곡점,부산광역시 금정구 부곡동 295-31,1,,,,,,,
뷰티플렉스 부곡점,부산광역시 금정구 부곡동 295-31,2,,,,,,,
뷰티플렉스 부곡점,부산광역시 금정구 부곡동 295-31,3,,,,,,,
뷰티플렉스 부곡점,부산광역시 금정구 부곡동 295-31,4,,,,,,,
뷰티플렉스 부곡점,부산광역시 금정구 부곡동 295-31,5,,,,,,,
뷰티플렉스 부곡점,부산광역시 금정구 부곡동 295-31,6,,,,,,,
브루스마켓,부산광역시 동래구 온천동 1266-5,0,,,,,,,
브루스마켓,부산광역시 동래구 온천동 1266-5,1,,,,,,,
브루스마켓,부산광역시 동래구 온천동 1266-5,2,,,,,,,
브루스마켓,부산광역시 동래구 온천동 1266-5,3,,,,,,,
브루스마켓,부산광역시 동래구 온천동 1266-5,4,,,,,,,
브루스마켓,부산광역시 동래구 온천동 1266-5,5,,,,,,,
브루스마켓,부산광역시 동래구 온천동 1266-5,6,,,,,,,
브이,부산광역시 금정구 장전동 309-16,0,,,,,,,
브이,부산광역시 금정구 장전동 309-16,1,,,,,,,
브이,부산광역시 금정구 장전동 309-16,2,,,,,,,
브이,부산광역시 금정구 장전동 309-16,3,,,,,,,
브이,부산광역시 금정구 장전동 309-16,4,,,,,,,
브이,부산광역시 금정구 장전동 309-16,5,,,,,,,
브이,부산광역시 금정구 장전동 309-16,6,,,,,,,
블랙야크키즈,부산광역시 동래구 온천동 502-3,0,,,,,,,
블랙야크키즈,부산광역시 동래구 온천동 502-3,1,,,,,,,
블랙야크키즈,부산광역시 동래구 온천동 502-3,2,,,,,,,
블랙야크키즈,부산광역시 동래구 온천동 502-3,3,,,,,,,
블랙야크키즈,부산광역시 동래구 온천동 502-3,4,,,,,,,
블랙야크키즈,부산광역시 동래구 온천동 502-3,5,,,,,,,
블랙야크키즈,부산광역시 동래구 온천동 502-3,6,,,,,,,
블러썸,부산광역시 금정구 장전동 309-16,0,,,,,,,
블러썸,부산광역시 금정구 장전동 309-16,1,,,,,,,
블러썸,부산광역시 금정구 장전동 309-16,2,,,,,,,
블러썸,부산광역시 금정구 장전동 309-16,3,,,,,,,
블러썸,부산광역시 금정구 장전동 309-16,4,,,,,,,
블러썸,부산광역시 금정구 장전동 309-16,5,,,,,,,
블러썸,부산광역시 금정구 장전동 309-16,6,,,,,,,
블레싱룸,부산광역시 금정구 장전동 62-5,0,,,,,,TRUE,
블레싱룸,부산광역시 금정구 장전동 62-5,1,,,,,,TRUE,
블레싱룸,부산광역시 금정구 장전동 62-5,2,10:00,17:00,,,,,
블레싱룸,부산광역시 금정구 장전동 62-5,3,10:00,17:00,,,,,
블레싱룸,부산광역시 금정구 장전동 62-5,4,10:00,17:00,,,,,
블레싱룸,부산광역시 금정구 장전동 62-5,5,10:00,17:00,,,,,
블레싱룸,부산광역시 금정구 장전동 62-5,6,12:00,17:00,,,,,
블루샵,부산광역시 금정구 장전동 293-166,0,,,,,,,
블루샵,부산광역시 금정구 장전동 293-166,1,,,,,,,
블루샵,부산광역시 금정구 장전동 293-166,2,,,,,,,
블루샵,부산광역시 금정구 장전동 293-166,3,,,,,,,
블루샵,부산광역시 금정구 장전동 293-166,4,,,,,,,
블루샵,부산광역시 금정구 장전동 293-166,5,,,,,,,
블루샵,부산광역시 금정구 장전동 293-166,6,,,,,,,
블리스,부산광역시 금정구 구서동 164-29,0,,,,,,TRUE,
블리스,부산광역시 금정구 구서동 164-29,1,11:00,19:00,,,,,
블리스,부산광역시 금정구 구서동 164-29,2,11:00,19:00,,,,,
블리스,부산광역시 금정구 구서동 164-29,3,11:00,19:00,,,,,
블리스,부산광역시 금정구 구서동 164-29,4,11:00,19:00,,,,,
블리스,부산광역시 금정구 구서동 164-29,5,11:00,19:00,,,,,
블리스,부산광역시 금정구 구서동 164-29,6,11:00,19:00,,,,,
블링크,부산광역시 금정구 장전동 293-166,0,,,,,,,
블링크,부산광역시 금정구 장전동 293-166,1,,,,,,,
블링크,부산광역시 금정구 장전동 293-166,2,,,,,,,
블링크,부산광역시 금정구 장전동 293-166,3,,,,,,,
블링크,부산광역시 금정구 장전동 293-166,4,,,,,,,
블링크,부산광역시 금정구 장전동 293-166,5,,,,,,,
블링크,부산광역시 금정구 장전동 293-166,6,,,,,,,
블링크J,부산광역시 금정구 장전동 314-1,0,,,,,,,
블링크J,부산광역시 금정구 장전동 314-1,1,,,,,,,
블링크J,부산광역시 금정구 장전동 314-1,2,,,,,,,
블링크J,부산광역시 금정구 장전동 314-1,3,,,,,,,
블링크J,부산광역시 금정구 장전동 314-1,4,,,,,,,
블링크J,부산광역시 금정구 장전동 314-1,5,,,,,,,
블링크J,부산광역시 금정구 장전동 314-1,6,,,,,,,
비나허VinaHer,부산광역시 금정구 장전동 158-27,0,,,,,,,
비나허VinaHer,부산광역시 금정구 장전동 158-27,1,,,,,,,
비나허VinaHer,부산광역시 금정구 장전동 158-27,2,,,,,,,
비나허VinaHer,부산광역시 금정구 장전동 158-27,3,,,,,,,
비나허VinaHer,부산광역시 금정구 장전동 158-27,4,,,,,,,
비나허VinaHer,부산광역시 금정구 장전동 158-27,5,,,,,,,
비나허VinaHer,부산광역시 금정구 장전동 158-27,6,,,,,,,
비단,부산광역시 금정구 구서동 205-3,0,,,,,,,
비단,부산광역시 금정구 구서동 205-3,1,,,,,,,
비단,부산광역시 금정구 구서동 205-3,2,,,,,,,
비단,부산광역시 금정구 구서동 205-3,3,,,,,,,
비단,부산광역시 금정구 구서동 205-3,4,,,,,,,
비단,부산광역시 금정구 구서동 205-3,5,,,,,,,
비단,부산광역시 금정구 구서동 205-3,6,,,,,,,
비밀정원 부산대점,부산광역시 금정구 장전동 293-6,0,10:00,22:00,,,,,
비밀정원 부산대점,부산광역시 금정구 장전동 293-6,1,10:00,22:00,,,,,
비밀정원 부산대점,부산광역시 금정구 장전동 293-6,2,10:00,22:00,,,,,
비밀정원 부산대점,부산광역시 금정구 장전동 293-6,3,10:00,22:00,,,,,
비밀정원 부산대점,부산광역시 금정구 장전동 293-6,4,10:00,22:00,,,,,
비밀정원 부산대점,부산광역시 금정구 장전동 293-6,5,10:00,22:00,,,,,
비밀정원 부산대점,부산광역시 금정구 장전동 293-6,6,10:00,22:00,,,,,
비비안,부산광역시 금정구 장전동 40,0,,,,,,,
비비안,부산광역시 금정구 장전동 40,1,,,,,,,
비비안,부산광역시 금정구 장전동 40,2,,,,,,,
비비안,부산광역시 금정구 장전동 40,3,,,,,,,
비비안,부산광역시 금정구 장전동 40,4,,,,,,,
비비안,부산광역시 금정구 장전동 40,5,,,,,,,
비비안,부산광역시 금정구 장전동 40,6,,,,,,,
비비익스트림,부산광역시 동래구 온천동 1432-6,0,,,,,,,
비비익스트림,부산광역시 동래구 온천동 1432-6,1,,,,,,,
비비익스트림,부산광역시 동래구 온천동 1432-6,2,,,,,,,
비비익스트림,부산광역시 동래구 온천동 1432-6,3,,,,,,,
비비익스트림,부산광역시 동래구 온천동 1432-6,4,,,,,,,
비비익스트림,부산광역시 동래구 온천동 1432-6,5,,,,,,,
비비익스트림,부산광역시 동래구 온천동 1432-6,6,,,,,,,
비비토,부산광역시 동래구 온천동 1266-19,0,,,,,,,
비비토,부산광역시 동래구 온천동 1266-19,1,,,,,,,
비비토,부산광역시 동래구 온천동 1266-19,2,,,,,,,
비비토,부산광역시 동래구 온천동 1266-19,3,,,,,,,
비비토,부산광역시 동래구 온천동 1266-19,4,,,,,,,
비비토,부산광역시 동래구 온천동 1266-19,5,,,,,,,
비비토,부산광역시 동래구 온천동 1266-19,6,,,,,,,
비씨비지,부산광역시 동래구 온천동 502-3,0,,,,,,,
비씨비지,부산광역시 동래구 온천동 502-3,1,,,,,,,
비씨비지,부산광역시 동래구 온천동 502-3,2,,,,,,,
비씨비지,부산광역시 동래구 온천동 502-3,3,,,,,,,
비씨비지,부산광역시 동래구 온천동 502-3,4,,,,,,,
비씨비지,부산광역시 동래구 온천동 502-3,5,,,,,,,
비씨비지,부산광역시 동래구 온천동 502-3,6,,,,,,,
비엘,부산광역시 금정구 장전동 293-106,0,,,,,,,
비엘,부산광역시 금정구 장전동 293-106,1,,,,,,,
비엘,부산광역시 금정구 장전동 293-106,2,,,,,,,
비엘,부산광역시 금정구 장전동 293-106,3,,,,,,,
비엘,부산광역시 금정구 장전동 293-106,4,,,,,,,
비엘,부산광역시 금정구 장전동 293-106,5,,,,,,,
비엘,부산광역시 금정구 장전동 293-106,6,,,,,,,
비엘라,부산광역시 금정구 장전동 106-29,0,,,,,,,
비엘라,부산광역시 금정구 장전동 106-29,1,,,,,,,
비엘라,부산광역시 금정구 장전동 106-29,2,,,,,,,
비엘라,부산광역시 금정구 장전동 106-29,3,,,,,,,
비엘라,부산광역시 금정구 장전동 106-29,4,,,,,,,
비엘라,부산광역시 금정구 장전동 106-29,5,,,,,,,
비엘라,부산광역시 금정구 장전동 106-29,6,,,,,,,
비오비,부산광역시 동래구 온천동 502-3,0,,,,,,,
비오비,부산광역시 동래구 온천동 502-3,1,,,,,,,
비오비,부산광역시 동래구 온천동 502-3,2,,,,,,,
비오비,부산광역시 동래구 온천동 502-3,3,,,,,,,
비오비,부산광역시 동래구 온천동 502-3,4,,,,,,,
비오비,부산광역시 동래구 온천동 502-3,5,,,,,,,
비오비,부산광역시 동래구 온천동 502-3,6,,,,,,,
비와이씨 온천점,부산광역시 금정구 장전동 654-18,0,,,,,,,
비와이씨 온천점,부산광역시 금정구 장전동 654-18,1,,,,,,,
비와이씨 온천점,부산광역시 금정구 장전동 654-18,2,,,,,,,
비와이씨 온천점,부산광역시 금정구 장전동 654-18,3,,,,,,,
비와이씨 온천점,부산광역시 금정구 장전동 654-18,4,,,,,,,
비와이씨 온천점,부산광역시 금정구 장전동 654-18,5,,,,,,,
비와이씨 온천점,부산광역시 금정구 장전동 654-18,6,,,,,,,
비와이씨장전속옷,부산광역시 금정구 장전동 211-5,0,,,,,,,
비와이씨장전속옷,부산광역시 금정구 장전동 211-5,1,,,,,,,
비와이씨장전속옷,부산광역시 금정구 장전동 211-5,2,,,,,,,
비와이씨장전속옷,부산광역시 금정구 장전동 211-5,3,,,,,,,
비와이씨장전속옷,부산광역시 금정구 장전동 211-5,4,,,,,,,
비와이씨장전속옷,부산광역시 금정구 장전동 211-5,5,,,,,,,
비와이씨장전속옷,부산광역시 금정구 장전동 211-5,6,,,,,,,
비욘드,부산광역시 금정구 장전동 40,0,,,,,,,
비욘드,부산광역시 금정구 장전동 40,1,,,,,,,
비욘드,부산광역시 금정구 장전동 40,2,,,,,,,
비욘드,부산광역시 금정구 장전동 40,3,,,,,,,
비욘드,부산광역시 금정구 장전동 40,4,,,,,,,
비욘드,부산광역시 금정구 장전동 40,5,,,,,,,
비욘드,부산광역시 금정구 장전동 40,6,,,,,,,
비주에스테틱,부산광역시 동래구 온천동 149-11,0,,,,,,,
비주에스테틱,부산광역시 동래구 온천동 149-11,1,,,,,,,
비주에스테틱,부산광역시 동래구 온천동 149-11,2,,,,,,,
비주에스테틱,부산광역시 동래구 온천동 149-11,3,,,,,,,
비주에스테틱,부산광역시 동래구 온천동 149-11,4,,,,,,,
비주에스테틱,부산광역시 동래구 온천동 149-11,5,,,,,,,
비주에스테틱,부산광역시 동래구 온천동 149-11,6,,,,,,,
빅사이즈 점이네언니,부산광역시 금정구 장전동 308-4,0,,,,,,,
빅사이즈 점이네언니,부산광역시 금정구 장전동 308-4,1,,,,,,,
빅사이즈 점이네언니,부산광역시 금정구 장전동 308-4,2,,,,,,,
빅사이즈 점이네언니,부산광역시 금정구 장전동 308-4,3,,,,,,,
빅사이즈 점이네언니,부산광역시 금정구 장전동 308-4,4,,,,,,,
빅사이즈 점이네언니,부산광역시 금정구 장전동 308-4,5,,,,,,,
빅사이즈 점이네언니,부산광역시 금정구 장전동 308-4,6,,,,,,,
빈챈스,부산광역시 금정구 구서동 1009-29,0,,,,,,,
빈챈스,부산광역시 금정구 구서동 1009-29,1,,,,,,,
빈챈스,부산광역시 금정구 구서동 1009-29,2,,,,,,,
빈챈스,부산광역시 금정구 구서동 1009-29,3,,,,,,,
빈챈스,부산광역시 금정구 구서동 1009-29,4,,,,,,,
빈챈스,부산광역시 금정구 구서동 1009-29,5,,,,,,,
빈챈스,부산광역시 금정구 구서동 1009-29,6,,,,,,,
빈트,부산광역시 금정구 장전동 521-254,0,,,,,,,
빈트,부산광역시 금정구 장전동 521-254,1,,,,,,,
빈트,부산광역시 금정구 장전동 521-254,2,,,,,,,
빈트,부산광역시 금정구 장전동 521-254,3,,,,,,,
빈트,부산광역시 금정구 장전동 521-254,4,,,,,,,
빈트,부산광역시 금정구 장전동 521-254,5,,,,,,,
빈트,부산광역시 금정구 장전동 521-254,6,,,,,,,
빈티지베이커리,부산광역시 금정구 장전동 414-7,0,,,,,,,
빈티지베이커리,부산광역시 금정구 장전동 414-7,1,,,,,,,
빈티지베이커리,부산광역시 금정구 장전동 414-7,2,,,,,,,
빈티지베이커리,부산광역시 금정구 장전동 414-7,3,,,,,,,
빈티지베이커리,부산광역시 금정구 장전동 414-7,4,,,,,,,
빈티지베이커리,부산광역시 금정구 장전동 414-7,5,,,,,,,
빈티지베이커리,부산광역시 금정구 장전동 414-7,6,,,,,,,
빈티지정류장,부산광역시 금정구 부곡동 773-7,0,14:00,20:00,,,,,
빈티지정류장,부산광역시 금정구 부곡동 773-7,1,14:00,20:00,,,,,
빈티지정류장,부산광역시 금정구 부곡동 773-7,2,14:00,20:00,,,,,
빈티지정류장,부산광역시 금정구 부곡동 773-7,3,14:00,20:00,,,,,
빈티지정류장,부산광역시 금정구 부곡동 773-7,4,14:00,20:00,,,,,
빈티지정류장,부산광역시 금정구 부곡동 773-7,5,14:00,20:00,,,,,
빈티지정류장,부산광역시 금정구 부곡동 773-7,6,14:00,20:00,,,,,
빈폴남성,부산광역시 동래구 온천동 502-3,0,,,,,,,
빈폴남성,부산광역시 동래구 온천동 502-3,1,,,,,,,
빈폴남성,부산광역시 동래구 온천동 502-3,2,,,,,,,
빈폴남성,부산광역시 동래구 온천동 502-3,3,,,,,,,
빈폴남성,부산광역시 동래구 온천동 502-3,4,,,,,,,
빈폴남성,부산광역시 동래구 온천동 502-3,5,,,,,,,
빈폴남성,부산광역시 동래구 온천동 502-3,6,,,,,,,
빠레,부산광역시 동래구 온천동 189-17,0,,,,,,,
빠레,부산광역시 동래구 온천동 189-17,1,,,,,,,
빠레,부산광역시 동래구 온천동 189-17,2,,,,,,,
빠레,부산광역시 동래구 온천동 189-17,3,,,,,,,
빠레,부산광역시 동래구 온천동 189-17,4,,,,,,,
빠레,부산광역시 동래구 온천동 189-17,5,,,,,,,
빠레,부산광역시 동래구 온천동 189-17,6,,,,,,,
뽐에스테틱,부산광역시 동래구 명륜동 533-51,0,10:00,21:00,,,,,
뽐에스테틱,부산광역시 동래구 명륜동 533-51,1,10:00,21:00,,,,,
뽐에스테틱,부산광역시 동래구 명륜동 533-51,2,10:00,21:00,,,,,
뽐에스테틱,부산광역시 동래구 명륜동 533-51,3,10:00,21:00,,,,,
뽐에스테틱,부산광역시 동래구 명륜동 533-51,4,10:00,21:00,,,,,
뽐에스테틱,부산광역시 동래구 명륜동 533-51,5,10:00,21:00,,,,,
뽐에스테틱,부산광역시 동래구 명륜동 533-51,6,10:00,21:00,,,,,
쁘띠룩스,부산광역시 금정구 장전동 421-14,0,,,,,,,
쁘띠룩스,부산광역시 금정구 장전동 421-14,1,,,,,,,
쁘띠룩스,부산광역시 금정구 장전동 421-14,2,,,,,,,
쁘띠룩스,부산광역시 금정구 장전동 421-14,3,,,,,,,
쁘띠룩스,부산광역시 금정구 장전동 421-14,4,,,,,,,
쁘띠룩스,부산광역시 금정구 장전동 421-14,5,,,,,,,
쁘띠룩스,부산광역시 금정구 장전동 421-14,6,,,,,,,
쁘렝땅,부산광역시 금정구 장전동 422-12,0,,,,,,,
쁘렝땅,부산광역시 금정구 장전동 422-12,1,,,,,,,
쁘렝땅,부산광역시 금정구 장전동 422-12,2,,,,,,,
쁘렝땅,부산광역시 금정구 장전동 422-12,3,,,,,,,
쁘렝땅,부산광역시 금정구 장전동 422-12,4,,,,,,,
쁘렝땅,부산광역시 금정구 장전동 422-12,5,,,,,,,
쁘렝땅,부산광역시 금정구 장전동 422-12,6,,,,,,,
삐삐문방구,부산광역시 금정구 장전동 636-64,0,,,,,,,
삐삐문방구,부산광역시 금정구 장전동 636-64,1,,,,,,,
삐삐문방구,부산광역시 금정구 장전동 636-64,2,,,,,,,
삐삐문방구,부산광역시 금정구 장전동 636-64,3,,,,,,,
삐삐문방구,부산광역시 금정구 장전동 636-64,4,,,,,,,
삐삐문방구,부산광역시 금정구 장전동 636-64,5,,,,,,,
삐삐문방구,부산광역시 금정구 장전동 636-64,6,,,,,,,
사계절숙녀복,부산광역시 금정구 구서동 87-9,0,,,,,,,
사계절숙녀복,부산광역시 금정구 구서동 87-9,1,,,,,,,
사계절숙녀복,부산광역시 금정구 구서동 87-9,2,,,,,,,
사계절숙녀복,부산광역시 금정구 구서동 87-9,3,,,,,,,
사계절숙녀복,부산광역시 금정구 구서동 87-9,4,,,,,,,
사계절숙녀복,부산광역시 금정구 구서동 87-9,5,,,,,,,
사계절숙녀복,부산광역시 금정구 구서동 87-9,6,,,,,,,
사나레,부산광역시 금정구 구서동 769-16,0,10:00,22:00,,,,,
사나레,부산광역시 금정구 구서동 769-16,1,,,,,,TRUE,
사나레,부산광역시 금정구 구서동 769-16,2,10:00,22:00,,,,,
사나레,부산광역시 금정구 구서동 769-16,3,10:00,22:00,,,,,
사나레,부산광역시 금정구 구서동 769-16,4,10:00,22:00,,,,,
사나레,부산광역시 금정구 구서동 769-16,5,10:00,22:00,,,,,
사나레,부산광역시 금정구 구서동 769-16,6,10:00,22:00,,,,,
사라,부산광역시 금정구 장전동 312-23,0,,,,,,,
사라,부산광역시 금정구 장전동 312-23,1,,,,,,,
사라,부산광역시 금정구 장전동 312-23,2,,,,,,,
사라,부산광역시 금정구 장전동 312-23,3,,,,,,,
사라,부산광역시 금정구 장전동 312-23,4,,,,,,,
사라,부산광역시 금정구 장전동 312-23,5,,,,,,,
사라,부산광역시 금정구 장전동 312-23,6,,,,,,,
사랑패션,부산광역시 동래구 온천동 1468-2,0,,,,,,,
사랑패션,부산광역시 동래구 온천동 1468-2,1,,,,,,,
사랑패션,부산광역시 동래구 온천동 1468-2,2,,,,,,,
사랑패션,부산광역시 동래구 온천동 1468-2,3,,,,,,,
사랑패션,부산광역시 동래구 온천동 1468-2,4,,,,,,,
사랑패션,부산광역시 동래구 온천동 1468-2,5,,,,,,,
사랑패션,부산광역시 동래구 온천동 1468-2,6,,,,,,,
사이먼스포츠드림랜드,부산광역시 금정구 구서동 655-22,0,,,,,,,
사이먼스포츠드림랜드,부산광역시 금정구 구서동 655-22,1,,,,,,,
사이먼스포츠드림랜드,부산광역시 금정구 구서동 655-22,2,,,,,,,
사이먼스포츠드림랜드,부산광역시 금정구 구서동 655-22,3,,,,,,,
사이먼스포츠드림랜드,부산광역시 금정구 구서동 655-22,4,,,,,,,
사이먼스포츠드림랜드,부산광역시 금정구 구서동 655-22,5,,,,,,,
사이먼스포츠드림랜드,부산광역시 금정구 구서동 655-22,6,,,,,,,
사중금갤러리,부산광역시 동래구 온천동 1441-17,0,,,,,,,
사중금갤러리,부산광역시 동래구 온천동 1441-17,1,,,,,,,
사중금갤러리,부산광역시 동래구 온천동 1441-17,2,,,,,,,
사중금갤러리,부산광역시 동래구 온천동 1441-17,3,,,,,,,
사중금갤러리,부산광역시 동래구 온천동 1441-17,4,,,,,,,
사중금갤러리,부산광역시 동래구 온천동 1441-17,5,,,,,,,
사중금갤러리,부산광역시 동래구 온천동 1441-17,6,,,,,,,
산책,부산광역시 금정구 장전동 40,0,,,,,,,
산책,부산광역시 금정구 장전동 40,1,,,,,,,
산책,부산광역시 금정구 장전동 40,2,,,,,,,
산책,부산광역시 금정구 장전동 40,3,,,,,,,
산책,부산광역시 금정구 장전동 40,4,,,,,,,
산책,부산광역시 금정구 장전동 40,5,,,,,,,
산책,부산광역시 금정구 장전동 40,6,,,,,,,
살롱드온실,부산광역시 금정구 장전동 425-13,0,,,,,,TRUE,
살롱드온실,부산광역시 금정구 장전동 425-13,1,11:00,19:00,,,,,
살롱드온실,부산광역시 금정구 장전동 425-13,2,11:00,19:00,,,,,
살롱드온실,부산광역시 금정구 장전동 425-13,3,11:00,19:00,,,,,
살롱드온실,부산광역시 금정구 장전동 425-13,4,11:00,19:00,,,,,
살롱드온실,부산광역시 금정구 장전동 425-13,5,11:00,19:00,,,,,
살롱드온실,부산광역시 금정구 장전동 425-13,6,11:00,19:00,,,,,
삼성물산롯데주 동래점,부산광역시 동래구 온천동 502-3,0,,,,,,,
삼성물산롯데주 동래점,부산광역시 동래구 온천동 502-3,1,,,,,,,
삼성물산롯데주 동래점,부산광역시 동래구 온천동 502-3,2,,,,,,,
삼성물산롯데주 동래점,부산광역시 동래구 온천동 502-3,3,,,,,,,
삼성물산롯데주 동래점,부산광역시 동래구 온천동 502-3,4,,,,,,,
삼성물산롯데주 동래점,부산광역시 동래구 온천동 502-3,5,,,,,,,
삼성물산롯데주 동래점,부산광역시 동래구 온천동 502-3,6,,,,,,,
삼성출판사롯데 동래점,부산광역시 동래구 온천동 502-3,0,,,,,,,
삼성출판사롯데 동래점,부산광역시 동래구 온천동 502-3,1,,,,,,,
삼성출판사롯데 동래점,부산광역시 동래구 온천동 502-3,2,,,,,,,
삼성출판사롯데 동래점,부산광역시 동래구 온천동 502-3,3,,,,,,,
삼성출판사롯데 동래점,부산광역시 동래구 온천동 502-3,4,,,,,,,
삼성출판사롯데 동래점,부산광역시 동래구 온천동 502-3,5,,,,,,,
삼성출판사롯데 동래점,부산광역시 동래구 온천동 502-3,6,,,,,,,
삼우,부산광역시 금정구 부곡동 303-1,0,,,,,,,
삼우,부산광역시 금정구 부곡동 303-1,1,,,,,,,
삼우,부산광역시 금정구 부곡동 303-1,2,,,,,,,
삼우,부산광역시 금정구 부곡동 303-1,3,,,,,,,
삼우,부산광역시 금정구 부곡동 303-1,4,,,,,,,
삼우,부산광역시 금정구 부곡동 303-1,5,,,,,,,
삼우,부산광역시 금정구 부곡동 303-1,6,,,,,,,
새기다주얼리,부산광역시 금정구 장전동 293-173,0,12:00,21:00,,,,,
새기다주얼리,부산광역시 금정구 장전동 293-173,1,12:00,21:00,,,,,
새기다주얼리,부산광역시 금정구 장전동 293-173,2,12:00,21:00,,,,,
새기다주얼리,부산광역시 금정구 장전동 293-173,3,,,,,,TRUE,
새기다주얼리,부산광역시 금정구 장전동 293-173,4,12:00,21:00,,,,,
새기다주얼리,부산광역시 금정구 장전동 293-173,5,12:00,21:00,,,,,
새기다주얼리,부산광역시 금정구 장전동 293-173,6,12:00,21:00,,,,,
새멋,부산광역시 동래구 온천동 143-6,0,,,,,,,
새멋,부산광역시 동래구 온천동 143-6,1,,,,,,,
새멋,부산광역시 동래구 온천동 143-6,2,,,,,,,
새멋,부산광역시 동래구 온천동 143-6,3,,,,,,,
새멋,부산광역시 동래구 온천동 143-6,4,,,,,,,
새멋,부산광역시 동래구 온천동 143-6,5,,,,,,,
새멋,부산광역시 동래구 온천동 143-6,6,,,,,,,
새학서적,부산광역시 금정구 부곡동 767-86,0,,,,,,,
새학서적,부산광역시 금정구 부곡동 767-86,1,,,,,,,
새학서적,부산광역시 금정구 부곡동 767-86,2,,,,,,,
새학서적,부산광역시 금정구 부곡동 767-86,3,,,,,,,
새학서적,부산광역시 금정구 부곡동 767-86,4,,,,,,,
새학서적,부산광역시 금정구 부곡동 767-86,5,,,,,,,
새학서적,부산광역시 금정구 부곡동 767-86,6,,,,,,,
샙,부산광역시 금정구 장전동 40,0,,,,,,,
샙,부산광역시 금정구 장전동 40,1,,,,,,,
샙,부산광역시 금정구 장전동 40,2,,,,,,,
샙,부산광역시 금정구 장전동 40,3,,,,,,,
샙,부산광역시 금정구 장전동 40,4,,,,,,,
샙,부산광역시 금정구 장전동 40,5,,,,,,,
샙,부산광역시 금정구 장전동 40,6,,,,,,,
샬롬,부산광역시 금정구 구서동 86-7,0,,,,,,,
샬롬,부산광역시 금정구 구서동 86-7,1,,,,,,,
샬롬,부산광역시 금정구 구서동 86-7,2,,,,,,,
샬롬,부산광역시 금정구 구서동 86-7,3,,,,,,,
샬롬,부산광역시 금정구 구서동 86-7,4,,,,,,,
샬롬,부산광역시 금정구 구서동 86-7,5,,,,,,,
샬롬,부산광역시 금정구 구서동 86-7,6,,,,,,,
샬롬,부산광역시 금정구 부곡동 308-20,0,,,,,,,
샬롬,부산광역시 금정구 부곡동 308-20,1,,,,,,,
샬롬,부산광역시 금정구 부곡동 308-20,2,,,,,,,
샬롬,부산광역시 금정구 부곡동 308-20,3,,,,,,,
샬롬,부산광역시 금정구 부곡동 308-20,4,,,,,,,
샬롬,부산광역시 금정구 부곡동 308-20,5,,,,,,,
샬롬,부산광역시 금정구 부곡동 308-20,6,,,,,,,
샵타이 부산대점,부산광역시 금정구 장전동 417-39,0,11:00,6:00,,,,,
샵타이 부산대점,부산광역시 금정구 장전동 417-39,1,11:00,6:00,,,,,
샵타이 부산대점,부산광역시 금정구 장전동 417-39,2,11:00,6:00,,,,,
샵타이 부산대점,부산광역시 금정구 장전동 417-39,3,11:00,6:00,,,,,
샵타이 부산대점,부산광역시 금정구 장전동 417-39,4,11:00,6:00,,,,,
샵타이 부산대점,부산광역시 금정구 장전동 417-39,5,11:00,6:00,,,,,
샵타이 부산대점,부산광역시 금정구 장전동 417-39,6,11:00,6:00,,,,,
서라벌,부산광역시 동래구 온천동 141-5,0,,,,,,,
서라벌,부산광역시 동래구 온천동 141-5,1,,,,,,,
서라벌,부산광역시 동래구 온천동 141-5,2,,,,,,,
서라벌,부산광역시 동래구 온천동 141-5,3,,,,,,,
서라벌,부산광역시 동래구 온천동 141-5,4,,,,,,,
서라벌,부산광역시 동래구 온천동 141-5,5,,,,,,,
서라벌,부산광역시 동래구 온천동 141-5,6,,,,,,,
서윤이네,부산광역시 금정구 장전동 415-11,0,,,,,,,
서윤이네,부산광역시 금정구 장전동 415-11,1,,,,,,,
서윤이네,부산광역시 금정구 장전동 415-11,2,,,,,,,
서윤이네,부산광역시 금정구 장전동 415-11,3,,,,,,,
서윤이네,부산광역시 금정구 장전동 415-11,4,,,,,,,
서윤이네,부산광역시 금정구 장전동 415-11,5,,,,,,,
서윤이네,부산광역시 금정구 장전동 415-11,6,,,,,,,
성길,부산광역시 동래구 온천동 502-3,0,,,,,,,
성길,부산광역시 동래구 온천동 502-3,1,,,,,,,
성길,부산광역시 동래구 온천동 502-3,2,,,,,,,
성길,부산광역시 동래구 온천동 502-3,3,,,,,,,
성길,부산광역시 동래구 온천동 502-3,4,,,,,,,
성길,부산광역시 동래구 온천동 502-3,5,,,,,,,
성길,부산광역시 동래구 온천동 502-3,6,,,,,,,
세겐,부산광역시 동래구 명륜동 673-12,0,,,,,,,
세겐,부산광역시 동래구 명륜동 673-12,1,,,,,,,
세겐,부산광역시 동래구 명륜동 673-12,2,,,,,,,
세겐,부산광역시 동래구 명륜동 673-12,3,,,,,,,
세겐,부산광역시 동래구 명륜동 673-12,4,,,,,,,
세겐,부산광역시 동래구 명륜동 673-12,5,,,,,,,
세겐,부산광역시 동래구 명륜동 673-12,6,,,,,,,
세연여우별악세사리,부산광역시 금정구 장전동 643-83,0,,,,,,,
세연여우별악세사리,부산광역시 금정구 장전동 643-83,1,,,,,,,
세연여우별악세사리,부산광역시 금정구 장전동 643-83,2,,,,,,,
세연여우별악세사리,부산광역시 금정구 장전동 643-83,3,,,,,,,
세연여우별악세사리,부산광역시 금정구 장전동 643-83,4,,,,,,,
세연여우별악세사리,부산광역시 금정구 장전동 643-83,5,,,,,,,
세연여우별악세사리,부산광역시 금정구 장전동 643-83,6,,,,,,,
세정 금정지점,부산광역시 금정구 부곡동 266-15,0,,,,,,,
세정 금정지점,부산광역시 금정구 부곡동 266-15,1,,,,,,,
세정 금정지점,부산광역시 금정구 부곡동 266-15,2,,,,,,,
세정 금정지점,부산광역시 금정구 부곡동 266-15,3,,,,,,,
세정 금정지점,부산광역시 금정구 부곡동 266-15,4,,,,,,,
세정 금정지점,부산광역시 금정구 부곡동 266-15,5,,,,,,,
세정 금정지점,부산광역시 금정구 부곡동 266-15,6,,,,,,,
세하뷰티,부산광역시 동래구 온천동 159-26,0,,,,,,,
세하뷰티,부산광역시 동래구 온천동 159-26,1,,,,,,,
세하뷰티,부산광역시 동래구 온천동 159-26,2,,,,,,,
세하뷰티,부산광역시 동래구 온천동 159-26,3,,,,,,,
세하뷰티,부산광역시 동래구 온천동 159-26,4,,,,,,,
세하뷰티,부산광역시 동래구 온천동 159-26,5,,,,,,,
세하뷰티,부산광역시 동래구 온천동 159-26,6,,,,,,,
섹시쿠키 부산대점,부산광역시 금정구 장전동 414-13,0,,,,,,,
섹시쿠키 부산대점,부산광역시 금정구 장전동 414-13,1,,,,,,,
섹시쿠키 부산대점,부산광역시 금정구 장전동 414-13,2,,,,,,,
섹시쿠키 부산대점,부산광역시 금정구 장전동 414-13,3,,,,,,,
섹시쿠키 부산대점,부산광역시 금정구 장전동 414-13,4,,,,,,,
섹시쿠키 부산대점,부산광역시 금정구 장전동 414-13,5,,,,,,,
섹시쿠키 부산대점,부산광역시 금정구 장전동 414-13,6,,,,,,,
센스,부산광역시 금정구 부곡동 505-11,0,,,,,,,
센스,부산광역시 금정구 부곡동 505-11,1,,,,,,,
센스,부산광역시 금정구 부곡동 505-11,2,,,,,,,
센스,부산광역시 금정구 부곡동 505-11,3,,,,,,,
센스,부산광역시 금정구 부곡동 505-11,4,,,,,,,
센스,부산광역시 금정구 부곡동 505-11,5,,,,,,,
센스,부산광역시 금정구 부곡동 505-11,6,,,,,,,
센터폴,부산광역시 금정구 부곡동 13,0,,,,,,,
센터폴,부산광역시 금정구 부곡동 13,1,,,,,,,
센터폴,부산광역시 금정구 부곡동 13,2,,,,,,,
센터폴,부산광역시 금정구 부곡동 13,3,,,,,,,
센터폴,부산광역시 금정구 부곡동 13,4,,,,,,,
센터폴,부산광역시 금정구 부곡동 13,5,,,,,,,
센터폴,부산광역시 금정구 부곡동 13,6,,,,,,,
셀덴 NC부산대점,부산광역시 금정구 장전동 40,0,,,,,,,
셀덴 NC부산대점,부산광역시 금정구 장전동 40,1,,,,,,,
셀덴 NC부산대점,부산광역시 금정구 장전동 40,2,,,,,,,
셀덴 NC부산대점,부산광역시 금정구 장전동 40,3,,,,,,,
셀덴 NC부산대점,부산광역시 금정구 장전동 40,4,,,,,,,
셀덴 NC부산대점,부산광역시 금정구 장전동 40,5,,,,,,,
셀덴 NC부산대점,부산광역시 금정구 장전동 40,6,,,,,,,
셀포랩자스민아로마,부산광역시 금정구 구서동 260-12,0,,,,,,,
셀포랩자스민아로마,부산광역시 금정구 구서동 260-12,1,,,,,,,
셀포랩자스민아로마,부산광역시 금정구 구서동 260-12,2,,,,,,,
셀포랩자스민아로마,부산광역시 금정구 구서동 260-12,3,,,,,,,
셀포랩자스민아로마,부산광역시 금정구 구서동 260-12,4,,,,,,,
셀포랩자스민아로마,부산광역시 금정구 구서동 260-12,5,,,,,,,
셀포랩자스민아로마,부산광역시 금정구 구서동 260-12,6,,,,,,,
셔플,부산광역시 동래구 온천동 1442-8,0,,,,,,,
셔플,부산광역시 동래구 온천동 1442-8,1,,,,,,,
셔플,부산광역시 동래구 온천동 1442-8,2,,,,,,,
셔플,부산광역시 동래구 온천동 1442-8,3,,,,,,,
셔플,부산광역시 동래구 온천동 1442-8,4,,,,,,,
셔플,부산광역시 동래구 온천동 1442-8,5,,,,,,,
셔플,부산광역시 동래구 온천동 1442-8,6,,,,,,,
소담스킨케어,부산광역시 금정구 구서동 184-38,0,,,,,,,
소담스킨케어,부산광역시 금정구 구서동 184-38,1,,,,,,,
소담스킨케어,부산광역시 금정구 구서동 184-38,2,,,,,,,
소담스킨케어,부산광역시 금정구 구서동 184-38,3,,,,,,,
소담스킨케어,부산광역시 금정구 구서동 184-38,4,,,,,,,
소담스킨케어,부산광역시 금정구 구서동 184-38,5,,,,,,,
소담스킨케어,부산광역시 금정구 구서동 184-38,6,,,,,,,
소이 부산대점,부산광역시 금정구 장전동 40,0,,,,,,,
소이 부산대점,부산광역시 금정구 장전동 40,1,,,,,,,
소이 부산대점,부산광역시 금정구 장전동 40,2,,,,,,,
소이 부산대점,부산광역시 금정구 장전동 40,3,,,,,,,
소이 부산대점,부산광역시 금정구 장전동 40,4,,,,,,,
소이 부산대점,부산광역시 금정구 장전동 40,5,,,,,,,
소이 부산대점,부산광역시 금정구 장전동 40,6,,,,,,,
소재원,부산광역시 금정구 장전동 221-9,0,,,,,,,
소재원,부산광역시 금정구 장전동 221-9,1,,,,,,,
소재원,부산광역시 금정구 장전동 221-9,2,,,,,,,
소재원,부산광역시 금정구 장전동 221-9,3,,,,,,,
소재원,부산광역시 금정구 장전동 221-9,4,,,,,,,
소재원,부산광역시 금정구 장전동 221-9,5,,,,,,,
소재원,부산광역시 금정구 장전동 221-9,6,,,,,,,
소피레,부산광역시 동래구 온천동 1421-10,0,,,,,,,
소피레,부산광역시 동래구 온천동 1421-10,1,,,,,,,
소피레,부산광역시 동래구 온천동 1421-10,2,,,,,,,
소피레,부산광역시 동래구 온천동 1421-10,3,,,,,,,
소피레,부산광역시 동래구 온천동 1421-10,4,,,,,,,
소피레,부산광역시 동래구 온천동 1421-10,5,,,,,,,
소피레,부산광역시 동래구 온천동 1421-10,6,,,,,,,
손희뷰티,부산광역시 동래구 온천동 782-21,0,,,,,,,
손희뷰티,부산광역시 동래구 온천동 782-21,1,,,,,,,
손희뷰티,부산광역시 동래구 온천동 782-21,2,,,,,,,
손희뷰티,부산광역시 동래구 온천동 782-21,3,,,,,,,
손희뷰티,부산광역시 동래구 온천동 782-21,4,,,,,,,
손희뷰티,부산광역시 동래구 온천동 782-21,5,,,,,,,
손희뷰티,부산광역시 동래구 온천동 782-21,6,,,,,,,
솔트,부산광역시 금정구 장전동 312-22,0,,,,,,,
솔트,부산광역시 금정구 장전동 312-22,1,,,,,,,
솔트,부산광역시 금정구 장전동 312-22,2,,,,,,,
솔트,부산광역시 금정구 장전동 312-22,3,,,,,,,
솔트,부산광역시 금정구 장전동 312-22,4,,,,,,,
솔트,부산광역시 금정구 장전동 312-22,5,,,,,,,
솔트,부산광역시 금정구 장전동 312-22,6,,,,,,,
쇼퍼홀릭,부산광역시 금정구 장전동 304-5,0,,,,,,,
쇼퍼홀릭,부산광역시 금정구 장전동 304-5,1,,,,,,,
쇼퍼홀릭,부산광역시 금정구 장전동 304-5,2,,,,,,,
쇼퍼홀릭,부산광역시 금정구 장전동 304-5,3,,,,,,,
쇼퍼홀릭,부산광역시 금정구 장전동 304-5,4,,,,,,,
쇼퍼홀릭,부산광역시 금정구 장전동 304-5,5,,,,,,,
쇼퍼홀릭,부산광역시 금정구 장전동 304-5,6,,,,,,,
수성,부산광역시 금정구 구서동 655-22,0,,,,,,,
수성,부산광역시 금정구 구서동 655-22,1,,,,,,,
수성,부산광역시 금정구 구서동 655-22,2,,,,,,,
수성,부산광역시 금정구 구서동 655-22,3,,,,,,,
수성,부산광역시 금정구 구서동 655-22,4,,,,,,,
수성,부산광역시 금정구 구서동 655-22,5,,,,,,,
수성,부산광역시 금정구 구서동 655-22,6,,,,,,,
수아팜,부산광역시 금정구 장전동 40,0,,,,,,,
수아팜,부산광역시 금정구 장전동 40,1,,,,,,,
수아팜,부산광역시 금정구 장전동 40,2,,,,,,,
수아팜,부산광역시 금정구 장전동 40,3,,,,,,,
수아팜,부산광역시 금정구 장전동 40,4,,,,,,,
수아팜,부산광역시 금정구 장전동 40,5,,,,,,,
수아팜,부산광역시 금정구 장전동 40,6,,,,,,,
수야난원&카페,부산광역시 동래구 명륜동 529-5,0,10:00,18:00,,,,,"둘째 주, 넷째 주 일요일은 휴무"
수야난원&카페,부산광역시 동래구 명륜동 529-5,1,9:30,19:30,,,,,
수야난원&카페,부산광역시 동래구 명륜동 529-5,2,9:30,19:30,,,,,
수야난원&카페,부산광역시 동래구 명륜동 529-5,3,9:30,19:30,,,,,
수야난원&카페,부산광역시 동래구 명륜동 529-5,4,9:30,19:30,,,,,
수야난원&카페,부산광역시 동래구 명륜동 529-5,5,9:30,19:30,,,,,
수야난원&카페,부산광역시 동래구 명륜동 529-5,6,10:00,18:00,,,,,
수야화랑,부산광역시 금정구 부곡동 57-1,0,,,,,,,
수야화랑,부산광역시 금정구 부곡동 57-1,1,,,,,,,
수야화랑,부산광역시 금정구 부곡동 57-1,2,,,,,,,
수야화랑,부산광역시 금정구 부곡동 57-1,3,,,,,,,
수야화랑,부산광역시 금정구 부곡동 57-1,4,,,,,,,
수야화랑,부산광역시 금정구 부곡동 57-1,5,,,,,,,
수야화랑,부산광역시 금정구 부곡동 57-1,6,,,,,,,
수하뷰티,부산광역시 금정구 부곡동 292-23,0,,,,,,,
수하뷰티,부산광역시 금정구 부곡동 292-23,1,,,,,,,
수하뷰티,부산광역시 금정구 부곡동 292-23,2,,,,,,,
수하뷰티,부산광역시 금정구 부곡동 292-23,3,,,,,,,
수하뷰티,부산광역시 금정구 부곡동 292-23,4,,,,,,,
수하뷰티,부산광역시 금정구 부곡동 292-23,5,,,,,,,
수하뷰티,부산광역시 금정구 부곡동 292-23,6,,,,,,,
순수,부산광역시 금정구 부곡동 338-5,0,,,,,,,
순수,부산광역시 금정구 부곡동 338-5,1,,,,,,,
순수,부산광역시 금정구 부곡동 338-5,2,,,,,,,
순수,부산광역시 금정구 부곡동 338-5,3,,,,,,,
순수,부산광역시 금정구 부곡동 338-5,4,,,,,,,
순수,부산광역시 금정구 부곡동 338-5,5,,,,,,,
순수,부산광역시 금정구 부곡동 338-5,6,,,,,,,
쉬즈미스,부산광역시 동래구 온천동 502-3,0,,,,,,,
쉬즈미스,부산광역시 동래구 온천동 502-3,1,,,,,,,
쉬즈미스,부산광역시 동래구 온천동 502-3,2,,,,,,,
쉬즈미스,부산광역시 동래구 온천동 502-3,3,,,,,,,
쉬즈미스,부산광역시 동래구 온천동 502-3,4,,,,,,,
쉬즈미스,부산광역시 동래구 온천동 502-3,5,,,,,,,
쉬즈미스,부산광역시 동래구 온천동 502-3,6,,,,,,,
슈마커,부산광역시 금정구 장전동 414-23,0,,,,,,,
슈마커,부산광역시 금정구 장전동 414-23,1,,,,,,,
슈마커,부산광역시 금정구 장전동 414-23,2,,,,,,,
슈마커,부산광역시 금정구 장전동 414-23,3,,,,,,,
슈마커,부산광역시 금정구 장전동 414-23,4,,,,,,,
슈마커,부산광역시 금정구 장전동 414-23,5,,,,,,,
슈마커,부산광역시 금정구 장전동 414-23,6,,,,,,,
슈비너스 금정점,부산광역시 금정구 구서동 368,0,,,,,,,
슈비너스 금정점,부산광역시 금정구 구서동 368,1,,,,,,,
슈비너스 금정점,부산광역시 금정구 구서동 368,2,,,,,,,
슈비너스 금정점,부산광역시 금정구 구서동 368,3,,,,,,,
슈비너스 금정점,부산광역시 금정구 구서동 368,4,,,,,,,
슈비너스 금정점,부산광역시 금정구 구서동 368,5,,,,,,,
슈비너스 금정점,부산광역시 금정구 구서동 368,6,,,,,,,
슈에뜨,부산광역시 금정구 장전동 303-4,0,,,,,,,
슈에뜨,부산광역시 금정구 장전동 303-4,1,,,,,,,
슈에뜨,부산광역시 금정구 장전동 303-4,2,,,,,,,
슈에뜨,부산광역시 금정구 장전동 303-4,3,,,,,,,
슈에뜨,부산광역시 금정구 장전동 303-4,4,,,,,,,
슈에뜨,부산광역시 금정구 장전동 303-4,5,,,,,,,
슈에뜨,부산광역시 금정구 장전동 303-4,6,,,,,,,
슈올즈 동래점,부산광역시 동래구 온천동 1468-27,0,,,,,,,
슈올즈 동래점,부산광역시 동래구 온천동 1468-27,1,,,,,,,
슈올즈 동래점,부산광역시 동래구 온천동 1468-27,2,,,,,,,
슈올즈 동래점,부산광역시 동래구 온천동 1468-27,3,,,,,,,
슈올즈 동래점,부산광역시 동래구 온천동 1468-27,4,,,,,,,
슈올즈 동래점,부산광역시 동래구 온천동 1468-27,5,,,,,,,
슈올즈 동래점,부산광역시 동래구 온천동 1468-27,6,,,,,,,
슈페리어,부산광역시 동래구 온천동 502-3,0,,,,,,,
슈페리어,부산광역시 동래구 온천동 502-3,1,,,,,,,
슈페리어,부산광역시 동래구 온천동 502-3,2,,,,,,,
슈페리어,부산광역시 동래구 온천동 502-3,3,,,,,,,
슈페리어,부산광역시 동래구 온천동 502-3,4,,,,,,,
슈페리어,부산광역시 동래구 온천동 502-3,5,,,,,,,
슈페리어,부산광역시 동래구 온천동 502-3,6,,,,,,,
슈펜 부산대점,부산광역시 금정구 장전동 40,0,,,,,,,
슈펜 부산대점,부산광역시 금정구 장전동 40,1,,,,,,,
슈펜 부산대점,부산광역시 금정구 장전동 40,2,,,,,,,
슈펜 부산대점,부산광역시 금정구 장전동 40,3,,,,,,,
슈펜 부산대점,부산광역시 금정구 장전동 40,4,,,,,,,
슈펜 부산대점,부산광역시 금정구 장전동 40,5,,,,,,,
슈펜 부산대점,부산광역시 금정구 장전동 40,6,,,,,,,
스마트 금정점,부산광역시 금정구 구서동 490-16,0,,,,,,,
스마트 금정점,부산광역시 금정구 구서동 490-16,1,,,,,,,
스마트 금정점,부산광역시 금정구 구서동 490-16,2,,,,,,,
스마트 금정점,부산광역시 금정구 구서동 490-16,3,,,,,,,
스마트 금정점,부산광역시 금정구 구서동 490-16,4,,,,,,,
스마트 금정점,부산광역시 금정구 구서동 490-16,5,,,,,,,
스마트 금정점,부산광역시 금정구 구서동 490-16,6,,,,,,,
스마트껍데기,부산광역시 금정구 장전동 643-8,0,,,,,,,
스마트껍데기,부산광역시 금정구 장전동 643-8,1,,,,,,,
스마트껍데기,부산광역시 금정구 장전동 643-8,2,,,,,,,
스마트껍데기,부산광역시 금정구 장전동 643-8,3,,,,,,,
스마트껍데기,부산광역시 금정구 장전동 643-8,4,,,,,,,
스마트껍데기,부산광역시 금정구 장전동 643-8,5,,,,,,,
스마트껍데기,부산광역시 금정구 장전동 643-8,6,,,,,,,
스칼렛,부산광역시 금정구 부곡동 324-19,0,,,,,,,
스칼렛,부산광역시 금정구 부곡동 324-19,1,,,,,,,
스칼렛,부산광역시 금정구 부곡동 324-19,2,,,,,,,
스칼렛,부산광역시 금정구 부곡동 324-19,3,,,,,,,
스칼렛,부산광역시 금정구 부곡동 324-19,4,,,,,,,
스칼렛,부산광역시 금정구 부곡동 324-19,5,,,,,,,
스칼렛,부산광역시 금정구 부곡동 324-19,6,,,,,,,
스쿨룩스 금정점,부산광역시 금정구 부곡동 266-1,0,,,,,,,
스쿨룩스 금정점,부산광역시 금정구 부곡동 266-1,1,,,,,,,
스쿨룩스 금정점,부산광역시 금정구 부곡동 266-1,2,,,,,,,
스쿨룩스 금정점,부산광역시 금정구 부곡동 266-1,3,,,,,,,
스쿨룩스 금정점,부산광역시 금정구 부곡동 266-1,4,,,,,,,
스쿨룩스 금정점,부산광역시 금정구 부곡동 266-1,5,,,,,,,
스쿨룩스 금정점,부산광역시 금정구 부곡동 266-1,6,,,,,,,
스타일,부산광역시 금정구 장전동 423-30,0,,,,,,,
스타일,부산광역시 금정구 장전동 423-30,1,,,,,,,
스타일,부산광역시 금정구 장전동 423-30,2,,,,,,,
스타일,부산광역시 금정구 장전동 423-30,3,,,,,,,
스타일,부산광역시 금정구 장전동 423-30,4,,,,,,,
스타일,부산광역시 금정구 장전동 423-30,5,,,,,,,
스타일,부산광역시 금정구 장전동 423-30,6,,,,,,,
스타일온뉴욕,부산광역시 동래구 명륜동 506-3,0,,,,,,,
스타일온뉴욕,부산광역시 동래구 명륜동 506-3,1,,,,,,,
스타일온뉴욕,부산광역시 동래구 명륜동 506-3,2,,,,,,,
스타일온뉴욕,부산광역시 동래구 명륜동 506-3,3,,,,,,,
스타일온뉴욕,부산광역시 동래구 명륜동 506-3,4,,,,,,,
스타일온뉴욕,부산광역시 동래구 명륜동 506-3,5,,,,,,,
스타일온뉴욕,부산광역시 동래구 명륜동 506-3,6,,,,,,,
스타일잇찌,부산광역시 금정구 장전동 419-11,0,,,,,,,
스타일잇찌,부산광역시 금정구 장전동 419-11,1,,,,,,,
스타일잇찌,부산광역시 금정구 장전동 419-11,2,,,,,,,
스타일잇찌,부산광역시 금정구 장전동 419-11,3,,,,,,,
스타일잇찌,부산광역시 금정구 장전동 419-11,4,,,,,,,
스타일잇찌,부산광역시 금정구 장전동 419-11,5,,,,,,,
스타일잇찌,부산광역시 금정구 장전동 419-11,6,,,,,,,
스테이프리,부산광역시 금정구 장전동 293-163,0,12:00,21:00,,,,,
스테이프리,부산광역시 금정구 장전동 293-163,1,12:00,21:00,,,,,
스테이프리,부산광역시 금정구 장전동 293-163,2,12:00,21:00,,,,,
스테이프리,부산광역시 금정구 장전동 293-163,3,12:00,21:00,,,,,
스테이프리,부산광역시 금정구 장전동 293-163,4,12:00,21:00,,,,,
스테이프리,부산광역시 금정구 장전동 293-163,5,12:00,21:00,,,,,
스테이프리,부산광역시 금정구 장전동 293-163,6,12:00,21:00,,,,,
스토리,부산광역시 금정구 장전동 643-20,0,,,,,,,
스토리,부산광역시 금정구 장전동 643-20,1,,,,,,,
스토리,부산광역시 금정구 장전동 643-20,2,,,,,,,
스토리,부산광역시 금정구 장전동 643-20,3,,,,,,,
스토리,부산광역시 금정구 장전동 643-20,4,,,,,,,
스토리,부산광역시 금정구 장전동 643-20,5,,,,,,,
스토리,부산광역시 금정구 장전동 643-20,6,,,,,,,
스튜디오H,부산광역시 금정구 구서동 420-47,0,7:00,23:00,,,,,
스튜디오H,부산광역시 금정구 구서동 420-47,1,7:00,23:00,,,,,
스튜디오H,부산광역시 금정구 구서동 420-47,2,7:00,23:00,,,,,
스튜디오H,부산광역시 금정구 구서동 420-47,3,7:00,23:00,,,,,
스튜디오H,부산광역시 금정구 구서동 420-47,4,7:00,23:00,,,,,
스튜디오H,부산광역시 금정구 구서동 420-47,5,7:00,23:00,,,,,
스튜디오H,부산광역시 금정구 구서동 420-47,6,7:00,23:00,,,,,
스파오 부산대역,부산광역시 금정구 장전동 414-23,0,,,,,,,
스파오 부산대역,부산광역시 금정구 장전동 414-23,1,,,,,,,
스파오 부산대역,부산광역시 금정구 장전동 414-23,2,,,,,,,
스파오 부산대역,부산광역시 금정구 장전동 414-23,3,,,,,,,
스파오 부산대역,부산광역시 금정구 장전동 414-23,4,,,,,,,
스파오 부산대역,부산광역시 금정구 장전동 414-23,5,,,,,,,
스파오 부산대역,부산광역시 금정구 장전동 414-23,6,,,,,,,
시리즈,부산광역시 동래구 온천동 502-3,0,,,,,,,
시리즈,부산광역시 동래구 온천동 502-3,1,,,,,,,
시리즈,부산광역시 동래구 온천동 502-3,2,,,,,,,
시리즈,부산광역시 동래구 온천동 502-3,3,,,,,,,
시리즈,부산광역시 동래구 온천동 502-3,4,,,,,,,
시리즈,부산광역시 동래구 온천동 502-3,5,,,,,,,
시리즈,부산광역시 동래구 온천동 502-3,6,,,,,,,
시즈막스,부산광역시 동래구 온천동 502-3,0,,,,,,,
시즈막스,부산광역시 동래구 온천동 502-3,1,,,,,,,
시즈막스,부산광역시 동래구 온천동 502-3,2,,,,,,,
시즈막스,부산광역시 동래구 온천동 502-3,3,,,,,,,
시즈막스,부산광역시 동래구 온천동 502-3,4,,,,,,,
시즈막스,부산광역시 동래구 온천동 502-3,5,,,,,,,
시즈막스,부산광역시 동래구 온천동 502-3,6,,,,,,,
신디,부산광역시 금정구 장전동 40,0,,,,,,,
신디,부산광역시 금정구 장전동 40,1,,,,,,,
신디,부산광역시 금정구 장전동 40,2,,,,,,,
신디,부산광역시 금정구 장전동 40,3,,,,,,,
신디,부산광역시 금정구 장전동 40,4,,,,,,,
신디,부산광역시 금정구 장전동 40,5,,,,,,,
신디,부산광역시 금정구 장전동 40,6,,,,,,,
신디키즈,부산광역시 금정구 장전동 40,0,,,,,,,
신디키즈,부산광역시 금정구 장전동 40,1,,,,,,,
신디키즈,부산광역시 금정구 장전동 40,2,,,,,,,
신디키즈,부산광역시 금정구 장전동 40,3,,,,,,,
신디키즈,부산광역시 금정구 장전동 40,4,,,,,,,
신디키즈,부산광역시 금정구 장전동 40,5,,,,,,,
신디키즈,부산광역시 금정구 장전동 40,6,,,,,,,
신북촌헌책방,부산광역시 금정구 장전동 146-5,0,,,,,,,
신북촌헌책방,부산광역시 금정구 장전동 146-5,1,,,,,,,
신북촌헌책방,부산광역시 금정구 장전동 146-5,2,,,,,,,
신북촌헌책방,부산광역시 금정구 장전동 146-5,3,,,,,,,
신북촌헌책방,부산광역시 금정구 장전동 146-5,4,,,,,,,
신북촌헌책방,부산광역시 금정구 장전동 146-5,5,,,,,,,
신북촌헌책방,부산광역시 금정구 장전동 146-5,6,,,,,,,
신앙촌상회,부산광역시 동래구 온천동 143-14,0,,,,,,,
신앙촌상회,부산광역시 동래구 온천동 143-14,1,,,,,,,
신앙촌상회,부산광역시 동래구 온천동 143-14,2,,,,,,,
신앙촌상회,부산광역시 동래구 온천동 143-14,3,,,,,,,
신앙촌상회,부산광역시 동래구 온천동 143-14,4,,,,,,,
신앙촌상회,부산광역시 동래구 온천동 143-14,5,,,,,,,
신앙촌상회,부산광역시 동래구 온천동 143-14,6,,,,,,,
신앙촌상회,부산광역시 동래구 온천동 1451-38,0,,,,,,,
신앙촌상회,부산광역시 동래구 온천동 1451-38,1,,,,,,,
신앙촌상회,부산광역시 동래구 온천동 1451-38,2,,,,,,,
신앙촌상회,부산광역시 동래구 온천동 1451-38,3,,,,,,,
신앙촌상회,부산광역시 동래구 온천동 1451-38,4,,,,,,,
신앙촌상회,부산광역시 동래구 온천동 1451-38,5,,,,,,,
신앙촌상회,부산광역시 동래구 온천동 1451-38,6,,,,,,,
신언숙부띠끄,부산광역시 동래구 온천동 707,0,,,,,,,
신언숙부띠끄,부산광역시 동래구 온천동 707,1,,,,,,,
신언숙부띠끄,부산광역시 동래구 온천동 707,2,,,,,,,
신언숙부띠끄,부산광역시 동래구 온천동 707,3,,,,,,,
신언숙부띠끄,부산광역시 동래구 온천동 707,4,,,,,,,
신언숙부띠끄,부산광역시 동래구 온천동 707,5,,,,,,,
신언숙부띠끄,부산광역시 동래구 온천동 707,6,,,,,,,
신화사,부산광역시 동래구 명륜동 506-3,0,,,,,,,
신화사,부산광역시 동래구 명륜동 506-3,1,,,,,,,
신화사,부산광역시 동래구 명륜동 506-3,2,,,,,,,
신화사,부산광역시 동래구 명륜동 506-3,3,,,,,,,
신화사,부산광역시 동래구 명륜동 506-3,4,,,,,,,
신화사,부산광역시 동래구 명륜동 506-3,5,,,,,,,
신화사,부산광역시 동래구 명륜동 506-3,6,,,,,,,
싸게파는집,부산광역시 동래구 명륜동 446-5,0,,,,,,,
싸게파는집,부산광역시 동래구 명륜동 446-5,1,,,,,,,
싸게파는집,부산광역시 동래구 명륜동 446-5,2,,,,,,,
싸게파는집,부산광역시 동래구 명륜동 446-5,3,,,,,,,
싸게파는집,부산광역시 동래구 명륜동 446-5,4,,,,,,,
싸게파는집,부산광역시 동래구 명륜동 446-5,5,,,,,,,
싸게파는집,부산광역시 동래구 명륜동 446-5,6,,,,,,,
쌍방울트라이동래 상설점,부산광역시 동래구 온천동 1250-24,0,,,,,,,
쌍방울트라이동래 상설점,부산광역시 동래구 온천동 1250-24,1,,,,,,,
쌍방울트라이동래 상설점,부산광역시 동래구 온천동 1250-24,2,,,,,,,
쌍방울트라이동래 상설점,부산광역시 동래구 온천동 1250-24,3,,,,,,,
쌍방울트라이동래 상설점,부산광역시 동래구 온천동 1250-24,4,,,,,,,
쌍방울트라이동래 상설점,부산광역시 동래구 온천동 1250-24,5,,,,,,,
쌍방울트라이동래 상설점,부산광역시 동래구 온천동 1250-24,6,,,,,,,
쌤소ATSIS 이마트금정,부산광역시 금정구 구서동 368,0,,,,,,,
쌤소ATSIS 이마트금정,부산광역시 금정구 구서동 368,1,,,,,,,
쌤소ATSIS 이마트금정,부산광역시 금정구 구서동 368,2,,,,,,,
쌤소ATSIS 이마트금정,부산광역시 금정구 구서동 368,3,,,,,,,
쌤소ATSIS 이마트금정,부산광역시 금정구 구서동 368,4,,,,,,,
쌤소ATSIS 이마트금정,부산광역시 금정구 구서동 368,5,,,,,,,
쌤소ATSIS 이마트금정,부산광역시 금정구 구서동 368,6,,,,,,,
썬라이너,부산광역시 금정구 구서동 415-14,0,,,,,,,
썬라이너,부산광역시 금정구 구서동 415-14,1,,,,,,,
썬라이너,부산광역시 금정구 구서동 415-14,2,,,,,,,
썬라이너,부산광역시 금정구 구서동 415-14,3,,,,,,,
썬라이너,부산광역시 금정구 구서동 415-14,4,,,,,,,
썬라이너,부산광역시 금정구 구서동 415-14,5,,,,,,,
썬라이너,부산광역시 금정구 구서동 415-14,6,,,,,,,
쎄졸리C'estJolie,부산광역시 동래구 명륜동 676-93,0,,,,,,TRUE,
쎄졸리C'estJolie,부산광역시 동래구 명륜동 676-93,1,12:00,20:00,,,,,
쎄졸리C'estJolie,부산광역시 동래구 명륜동 676-93,2,12:00,20:00,,,,,
쎄졸리C'estJolie,부산광역시 동래구 명륜동 676-93,3,12:00,20:00,,,,,
쎄졸리C'estJolie,부산광역시 동래구 명륜동 676-93,4,12:00,20:00,,,,,
쎄졸리C'estJolie,부산광역시 동래구 명륜동 676-93,5,12:00,20:00,,,,,
쎄졸리C'estJolie,부산광역시 동래구 명륜동 676-93,6,12:00,20:00,,,,,
쏘시에,부산광역시 금정구 장전동 40,0,,,,,,,
쏘시에,부산광역시 금정구 장전동 40,1,,,,,,,
쏘시에,부산광역시 금정구 장전동 40,2,,,,,,,
쏘시에,부산광역시 금정구 장전동 40,3,,,,,,,
쏘시에,부산광역시 금정구 장전동 40,4,,,,,,,
쏘시에,부산광역시 금정구 장전동 40,5,,,,,,,
쏘시에,부산광역시 금정구 장전동 40,6,,,,,,,
쑤에노,부산광역시 금정구 장전동 304-4,0,12:30,21:00,,,,,
쑤에노,부산광역시 금정구 장전동 304-4,1,12:30,21:00,,,,,
쑤에노,부산광역시 금정구 장전동 304-4,2,14:00,22:00,,,,,
쑤에노,부산광역시 금정구 장전동 304-4,3,14:00,22:00,,,,,
쑤에노,부산광역시 금정구 장전동 304-4,4,12:30,22:00,,,,,
쑤에노,부산광역시 금정구 장전동 304-4,5,12:30,22:00,,,,,
쑤에노,부산광역시 금정구 장전동 304-4,6,12:30,22:00,,,,,
쓰리엠디자인,부산광역시 금정구 구서동 1023-18,0,,,,,,,
쓰리엠디자인,부산광역시 금정구 구서동 1023-18,1,,,,,,,
쓰리엠디자인,부산광역시 금정구 구서동 1023-18,2,,,,,,,
쓰리엠디자인,부산광역시 금정구 구서동 1023-18,3,,,,,,,
쓰리엠디자인,부산광역시 금정구 구서동 1023-18,4,,,,,,,
쓰리엠디자인,부산광역시 금정구 구서동 1023-18,5,,,,,,,
쓰리엠디자인,부산광역시 금정구 구서동 1023-18,6,,,,,,,
씨,부산광역시 동래구 온천동 502-3,0,,,,,,,
씨,부산광역시 동래구 온천동 502-3,1,,,,,,,
씨,부산광역시 동래구 온천동 502-3,2,,,,,,,
씨,부산광역시 동래구 온천동 502-3,3,,,,,,,
씨,부산광역시 동래구 온천동 502-3,4,,,,,,,
씨,부산광역시 동래구 온천동 502-3,5,,,,,,,
씨,부산광역시 동래구 온천동 502-3,6,,,,,,,
씨밀레,부산광역시 동래구 온천동 153-8,0,,,,,,,
씨밀레,부산광역시 동래구 온천동 153-8,1,,,,,,,
씨밀레,부산광역시 동래구 온천동 153-8,2,,,,,,,
씨밀레,부산광역시 동래구 온천동 153-8,3,,,,,,,
씨밀레,부산광역시 동래구 온천동 153-8,4,,,,,,,
씨밀레,부산광역시 동래구 온천동 153-8,5,,,,,,,
씨밀레,부산광역시 동래구 온천동 153-8,6,,,,,,,
씨알꽃방,부산광역시 금정구 구서동 194-7,0,,,,,,,
씨알꽃방,부산광역시 금정구 구서동 194-7,1,,,,,,,
씨알꽃방,부산광역시 금정구 구서동 194-7,2,,,,,,,
씨알꽃방,부산광역시 금정구 구서동 194-7,3,,,,,,,
씨알꽃방,부산광역시 금정구 구서동 194-7,4,,,,,,,
씨알꽃방,부산광역시 금정구 구서동 194-7,5,,,,,,,
씨알꽃방,부산광역시 금정구 구서동 194-7,6,,,,,,,
씨앤보코,부산광역시 동래구 온천동 502-3,0,,,,,,,
씨앤보코,부산광역시 동래구 온천동 502-3,1,,,,,,,
씨앤보코,부산광역시 동래구 온천동 502-3,2,,,,,,,
씨앤보코,부산광역시 동래구 온천동 502-3,3,,,,,,,
씨앤보코,부산광역시 동래구 온천동 502-3,4,,,,,,,
씨앤보코,부산광역시 동래구 온천동 502-3,5,,,,,,,
씨앤보코,부산광역시 동래구 온천동 502-3,6,,,,,,,
씨엔에스 구서점,부산광역시 금정구 구서동 86-30,0,,,,,,,
씨엔에스 구서점,부산광역시 금정구 구서동 86-30,1,,,,,,,
씨엔에스 구서점,부산광역시 금정구 구서동 86-30,2,,,,,,,
씨엔에스 구서점,부산광역시 금정구 구서동 86-30,3,,,,,,,
씨엔에스 구서점,부산광역시 금정구 구서동 86-30,4,,,,,,,
씨엔에스 구서점,부산광역시 금정구 구서동 86-30,5,,,,,,,
씨엔에스 구서점,부산광역시 금정구 구서동 86-30,6,,,,,,,
씨엔엘()주 온천점,부산광역시 동래구 온천동 153-24,0,,,,,,,
씨엔엘()주 온천점,부산광역시 동래구 온천동 153-24,1,,,,,,,
씨엔엘()주 온천점,부산광역시 동래구 온천동 153-24,2,,,,,,,
씨엔엘()주 온천점,부산광역시 동래구 온천동 153-24,3,,,,,,,
씨엔엘()주 온천점,부산광역시 동래구 온천동 153-24,4,,,,,,,
씨엔엘()주 온천점,부산광역시 동래구 온천동 153-24,5,,,,,,,
씨엔엘()주 온천점,부산광역시 동래구 온천동 153-24,6,,,,,,,
아가방,부산광역시 금정구 구서동 368,0,,,,,,,
아가방,부산광역시 금정구 구서동 368,1,,,,,,,
아가방,부산광역시 금정구 구서동 368,2,,,,,,,
아가방,부산광역시 금정구 구서동 368,3,,,,,,,
아가방,부산광역시 금정구 구서동 368,4,,,,,,,
아가방,부산광역시 금정구 구서동 368,5,,,,,,,
아가방,부산광역시 금정구 구서동 368,6,,,,,,,
아가월드몬테소리동래지사,부산광역시 동래구 온천동 784-12,0,,,,,,,
아가월드몬테소리동래지사,부산광역시 동래구 온천동 784-12,1,,,,,,,
아가월드몬테소리동래지사,부산광역시 동래구 온천동 784-12,2,,,,,,,
아가월드몬테소리동래지사,부산광역시 동래구 온천동 784-12,3,,,,,,,
아가월드몬테소리동래지사,부산광역시 동래구 온천동 784-12,4,,,,,,,
아가월드몬테소리동래지사,부산광역시 동래구 온천동 784-12,5,,,,,,,
아가월드몬테소리동래지사,부산광역시 동래구 온천동 784-12,6,,,,,,,
아날도바시니 동래점,부산광역시 동래구 명륜동 401-8,0,,,,,,,
아날도바시니 동래점,부산광역시 동래구 명륜동 401-8,1,,,,,,,
아날도바시니 동래점,부산광역시 동래구 명륜동 401-8,2,,,,,,,
아날도바시니 동래점,부산광역시 동래구 명륜동 401-8,3,,,,,,,
아날도바시니 동래점,부산광역시 동래구 명륜동 401-8,4,,,,,,,
아날도바시니 동래점,부산광역시 동래구 명륜동 401-8,5,,,,,,,
아날도바시니 동래점,부산광역시 동래구 명륜동 401-8,6,,,,,,,
아니베에프,부산광역시 금정구 장전동 422-36,0,,,,,,,
아니베에프,부산광역시 금정구 장전동 422-36,1,,,,,,,
아니베에프,부산광역시 금정구 장전동 422-36,2,,,,,,,
아니베에프,부산광역시 금정구 장전동 422-36,3,,,,,,,
아니베에프,부산광역시 금정구 장전동 422-36,4,,,,,,,
아니베에프,부산광역시 금정구 장전동 422-36,5,,,,,,,
아니베에프,부산광역시 금정구 장전동 422-36,6,,,,,,,
아로마포레스트부산 동래점,부산광역시 동래구 온천동 615-10,0,,,,,,,
아로마포레스트부산 동래점,부산광역시 동래구 온천동 615-10,1,,,,,,,
아로마포레스트부산 동래점,부산광역시 동래구 온천동 615-10,2,,,,,,,
아로마포레스트부산 동래점,부산광역시 동래구 온천동 615-10,3,,,,,,,
아로마포레스트부산 동래점,부산광역시 동래구 온천동 615-10,4,,,,,,,
아로마포레스트부산 동래점,부산광역시 동래구 온천동 615-10,5,,,,,,,
아로마포레스트부산 동래점,부산광역시 동래구 온천동 615-10,6,,,,,,,
아름다운가게 부산대점,부산광역시 금정구 장전동 643-258,0,,,,,,TRUE,공휴일 휴무
아름다운가게 부산대점,부산광역시 금정구 장전동 643-258,1,10:30,18:00,,,,,공휴일 휴무
아름다운가게 부산대점,부산광역시 금정구 장전동 643-258,2,10:30,18:00,,,,,공휴일 휴무
아름다운가게 부산대점,부산광역시 금정구 장전동 643-258,3,10:30,18:00,,,,,공휴일 휴무
아름다운가게 부산대점,부산광역시 금정구 장전동 643-258,4,10:30,18:00,,,,,공휴일 휴무
아름다운가게 부산대점,부산광역시 금정구 장전동 643-258,5,10:30,18:00,,,,,공휴일 휴무
아름다운가게 부산대점,부산광역시 금정구 장전동 643-258,6,10:30,18:00,,,,,공휴일 휴무
아름다운가게부산명륜역점재,부산광역시 동래구 온천동 489-4,0,,,,,,,
아름다운가게부산명륜역점재,부산광역시 동래구 온천동 489-4,1,,,,,,,
아름다운가게부산명륜역점재,부산광역시 동래구 온천동 489-4,2,,,,,,,
아름다운가게부산명륜역점재,부산광역시 동래구 온천동 489-4,3,,,,,,,
아름다운가게부산명륜역점재,부산광역시 동래구 온천동 489-4,4,,,,,,,
아름다운가게부산명륜역점재,부산광역시 동래구 온천동 489-4,5,,,,,,,
아름다운가게부산명륜역점재,부산광역시 동래구 온천동 489-4,6,,,,,,,
아름화장품,부산광역시 금정구 부곡동 295-32,0,,,,,,,
아름화장품,부산광역시 금정구 부곡동 295-32,1,,,,,,,
아름화장품,부산광역시 금정구 부곡동 295-32,2,,,,,,,
아름화장품,부산광역시 금정구 부곡동 295-32,3,,,,,,,
아름화장품,부산광역시 금정구 부곡동 295-32,4,,,,,,,
아름화장품,부산광역시 금정구 부곡동 295-32,5,,,,,,,
아름화장품,부산광역시 금정구 부곡동 295-32,6,,,,,,,
아마란스뷰티라인,부산광역시 동래구 온천동 1247-4,0,,,,,,,
아마란스뷰티라인,부산광역시 동래구 온천동 1247-4,1,,,,,,,
아마란스뷰티라인,부산광역시 동래구 온천동 1247-4,2,,,,,,,
아마란스뷰티라인,부산광역시 동래구 온천동 1247-4,3,,,,,,,
아마란스뷰티라인,부산광역시 동래구 온천동 1247-4,4,,,,,,,
아마란스뷰티라인,부산광역시 동래구 온천동 1247-4,5,,,,,,,
아마란스뷰티라인,부산광역시 동래구 온천동 1247-4,6,,,,,,,
아모레,부산광역시 동래구 온천동 1249-6,0,,,,,,,
아모레,부산광역시 동래구 온천동 1249-6,1,,,,,,,
아모레,부산광역시 동래구 온천동 1249-6,2,,,,,,,
아모레,부산광역시 동래구 온천동 1249-6,3,,,,,,,
아모레,부산광역시 동래구 온천동 1249-6,4,,,,,,,
아모레,부산광역시 동래구 온천동 1249-6,5,,,,,,,
아모레,부산광역시 동래구 온천동 1249-6,6,,,,,,,
아모레,부산광역시 동래구 온천동 1249-6,0,,,,,,,
아모레,부산광역시 동래구 온천동 1249-6,1,,,,,,,
아모레,부산광역시 동래구 온천동 1249-6,2,,,,,,,
아모레,부산광역시 동래구 온천동 1249-6,3,,,,,,,
아모레,부산광역시 동래구 온천동 1249-6,4,,,,,,,
아모레,부산광역시 동래구 온천동 1249-6,5,,,,,,,
아모레,부산광역시 동래구 온천동 1249-6,6,,,,,,,
아모레카운셀러,부산광역시 금정구 부곡동 235-14,0,,,,,,TRUE,
아모레카운셀러,부산광역시 금정구 부곡동 235-14,1,9:00,17:30,,,,,
아모레카운셀러,부산광역시 금정구 부곡동 235-14,2,9:00,17:30,,,,,
아모레카운셀러,부산광역시 금정구 부곡동 235-14,3,9:00,17:30,,,,,
아모레카운셀러,부산광역시 금정구 부곡동 235-14,4,9:00,17:30,,,,,
아모레카운셀러,부산광역시 금정구 부곡동 235-14,5,9:00,17:30,,,,,
아모레카운셀러,부산광역시 금정구 부곡동 235-14,6,,,,,,TRUE,
아이더동래메가마트점,부산광역시 동래구 명륜동 506-3,0,,,,,,,
아이더동래메가마트점,부산광역시 동래구 명륜동 506-3,1,,,,,,,
아이더동래메가마트점,부산광역시 동래구 명륜동 506-3,2,,,,,,,
아이더동래메가마트점,부산광역시 동래구 명륜동 506-3,3,,,,,,,
아이더동래메가마트점,부산광역시 동래구 명륜동 506-3,4,,,,,,,
아이더동래메가마트점,부산광역시 동래구 명륜동 506-3,5,,,,,,,
아이더동래메가마트점,부산광역시 동래구 명륜동 506-3,6,,,,,,,
아이린,부산광역시 동래구 명륜동 673-9,0,,,,,,,
아이린,부산광역시 동래구 명륜동 673-9,1,,,,,,,
아이린,부산광역시 동래구 명륜동 673-9,2,,,,,,,
아이린,부산광역시 동래구 명륜동 673-9,3,,,,,,,
아이린,부산광역시 동래구 명륜동 673-9,4,,,,,,,
아이린,부산광역시 동래구 명륜동 673-9,5,,,,,,,
아이린,부산광역시 동래구 명륜동 673-9,6,,,,,,,
아이비,부산광역시 금정구 장전동 293-14,0,,,,,,,
아이비,부산광역시 금정구 장전동 293-14,1,,,,,,,
아이비,부산광역시 금정구 장전동 293-14,2,,,,,,,
아이비,부산광역시 금정구 장전동 293-14,3,,,,,,,
아이비,부산광역시 금정구 장전동 293-14,4,,,,,,,
아이비,부산광역시 금정구 장전동 293-14,5,,,,,,,
아이비,부산광역시 금정구 장전동 293-14,6,,,,,,,
아이비클럽 금정점,부산광역시 금정구 구서동 490-3,0,,,,,,,
아이비클럽 금정점,부산광역시 금정구 구서동 490-3,1,,,,,,,
아이비클럽 금정점,부산광역시 금정구 구서동 490-3,2,,,,,,,
아이비클럽 금정점,부산광역시 금정구 구서동 490-3,3,,,,,,,
아이비클럽 금정점,부산광역시 금정구 구서동 490-3,4,,,,,,,
아이비클럽 금정점,부산광역시 금정구 구서동 490-3,5,,,,,,,
아이비클럽 금정점,부산광역시 금정구 구서동 490-3,6,,,,,,,
아이비클럽학생복,부산광역시 금정구 부곡동 257-24,0,,,,,,TRUE,
아이비클럽학생복,부산광역시 금정구 부곡동 257-24,1,10:00,22:00,,,,,
아이비클럽학생복,부산광역시 금정구 부곡동 257-24,2,10:00,22:00,,,,,
아이비클럽학생복,부산광역시 금정구 부곡동 257-24,3,10:00,22:00,,,,,
아이비클럽학생복,부산광역시 금정구 부곡동 257-24,4,10:00,22:00,,,,,
아이비클럽학생복,부산광역시 금정구 부곡동 257-24,5,10:00,22:00,,,,,
아이비클럽학생복,부산광역시 금정구 부곡동 257-24,6,,,,,,TRUE,
아이엠북스,부산광역시 동래구 온천동 442-13,0,,,,,,,
아이엠북스,부산광역시 동래구 온천동 442-13,1,,,,,,,
아이엠북스,부산광역시 동래구 온천동 442-13,2,,,,,,,
아이엠북스,부산광역시 동래구 온천동 442-13,3,,,,,,,
아이엠북스,부산광역시 동래구 온천동 442-13,4,,,,,,,
아이엠북스,부산광역시 동래구 온천동 442-13,5,,,,,,,
아이엠북스,부산광역시 동래구 온천동 442-13,6,,,,,,,
아이클링,부산광역시 동래구 명륜동 677-11,0,,,,,,,
아이클링,부산광역시 동래구 명륜동 677-11,1,,,,,,,
아이클링,부산광역시 동래구 명륜동 677-11,2,,,,,,,
아이클링,부산광역시 동래구 명륜동 677-11,3,,,,,,,
아이클링,부산광역시 동래구 명륜동 677-11,4,,,,,,,
아이클링,부산광역시 동래구 명륜동 677-11,5,,,,,,,
아이클링,부산광역시 동래구 명륜동 677-11,6,,,,,,,
아젤리아,부산광역시 동래구 온천동 1621-3,0,,,,,,,
아젤리아,부산광역시 동래구 온천동 1621-3,1,,,,,,,
아젤리아,부산광역시 동래구 온천동 1621-3,2,,,,,,,
아젤리아,부산광역시 동래구 온천동 1621-3,3,,,,,,,
아젤리아,부산광역시 동래구 온천동 1621-3,4,,,,,,,
아젤리아,부산광역시 동래구 온천동 1621-3,5,,,,,,,
아젤리아,부산광역시 동래구 온천동 1621-3,6,,,,,,,
아토아이,부산광역시 금정구 장전동 521-254,0,,,,,,,
아토아이,부산광역시 금정구 장전동 521-254,1,,,,,,,
아토아이,부산광역시 금정구 장전동 521-254,2,,,,,,,
아토아이,부산광역시 금정구 장전동 521-254,3,,,,,,,
아토아이,부산광역시 금정구 장전동 521-254,4,,,,,,,
아토아이,부산광역시 금정구 장전동 521-254,5,,,,,,,
아토아이,부산광역시 금정구 장전동 521-254,6,,,,,,,
아토아토,부산광역시 금정구 장전동 315-5,0,,,,,,,
아토아토,부산광역시 금정구 장전동 315-5,1,,,,,,,
아토아토,부산광역시 금정구 장전동 315-5,2,,,,,,,
아토아토,부산광역시 금정구 장전동 315-5,3,,,,,,,
아토아토,부산광역시 금정구 장전동 315-5,4,,,,,,,
아토아토,부산광역시 금정구 장전동 315-5,5,,,,,,,
아토아토,부산광역시 금정구 장전동 315-5,6,,,,,,,
아트,부산광역시 금정구 장전동 305-2,0,,,,,,,
아트,부산광역시 금정구 장전동 305-2,1,,,,,,,
아트,부산광역시 금정구 장전동 305-2,2,,,,,,,
아트,부산광역시 금정구 장전동 305-2,3,,,,,,,
아트,부산광역시 금정구 장전동 305-2,4,,,,,,,
아트,부산광역시 금정구 장전동 305-2,5,,,,,,,
아트,부산광역시 금정구 장전동 305-2,6,,,,,,,
아트랩,부산광역시 금정구 장전동 233-31,0,,,,,,,
아트랩,부산광역시 금정구 장전동 233-31,1,,,,,,,
아트랩,부산광역시 금정구 장전동 233-31,2,,,,,,,
아트랩,부산광역시 금정구 장전동 233-31,3,,,,,,,
아트랩,부산광역시 금정구 장전동 233-31,4,,,,,,,
아트랩,부산광역시 금정구 장전동 233-31,5,,,,,,,
아트랩,부산광역시 금정구 장전동 233-31,6,,,,,,,
아트박스 부산대점,부산광역시 금정구 장전동 414-23,0,,,,,,,
아트박스 부산대점,부산광역시 금정구 장전동 414-23,1,,,,,,,
아트박스 부산대점,부산광역시 금정구 장전동 414-23,2,,,,,,,
아트박스 부산대점,부산광역시 금정구 장전동 414-23,3,,,,,,,
아트박스 부산대점,부산광역시 금정구 장전동 414-23,4,,,,,,,
아트박스 부산대점,부산광역시 금정구 장전동 414-23,5,,,,,,,
아트박스 부산대점,부산광역시 금정구 장전동 414-23,6,,,,,,,
아트박스 부산대점,부산광역시 금정구 장전동 420-1,0,,,,,,,
아트박스 부산대점,부산광역시 금정구 장전동 420-1,1,,,,,,,
아트박스 부산대점,부산광역시 금정구 장전동 420-1,2,,,,,,,
아트박스 부산대점,부산광역시 금정구 장전동 420-1,3,,,,,,,
아트박스 부산대점,부산광역시 금정구 장전동 420-1,4,,,,,,,
아트박스 부산대점,부산광역시 금정구 장전동 420-1,5,,,,,,,
아트박스 부산대점,부산광역시 금정구 장전동 420-1,6,,,,,,,
아트스페이스리 갤러리,부산광역시 금정구 장전동 503-7,0,11:00,18:00,,,,,
아트스페이스리 갤러리,부산광역시 금정구 장전동 503-7,1,,,,,,TRUE,
아트스페이스리 갤러리,부산광역시 금정구 장전동 503-7,2,11:00,18:00,,,,,
아트스페이스리 갤러리,부산광역시 금정구 장전동 503-7,3,11:00,18:00,,,,,
아트스페이스리 갤러리,부산광역시 금정구 장전동 503-7,4,11:00,18:00,,,,,
아트스페이스리 갤러리,부산광역시 금정구 장전동 503-7,5,11:00,18:00,,,,,
아트스페이스리 갤러리,부산광역시 금정구 장전동 503-7,6,11:00,18:00,,,,,
안다르롯데동래,부산광역시 동래구 온천동 502-3,0,,,,,,,
안다르롯데동래,부산광역시 동래구 온천동 502-3,1,,,,,,,
안다르롯데동래,부산광역시 동래구 온천동 502-3,2,,,,,,,
안다르롯데동래,부산광역시 동래구 온천동 502-3,3,,,,,,,
안다르롯데동래,부산광역시 동래구 온천동 502-3,4,,,,,,,
안다르롯데동래,부산광역시 동래구 온천동 502-3,5,,,,,,,
안다르롯데동래,부산광역시 동래구 온천동 502-3,6,,,,,,,
알럽앤트iloveant,부산광역시 동래구 온천동 1464-3,0,,,,,,,
알럽앤트iloveant,부산광역시 동래구 온천동 1464-3,1,,,,,,,
알럽앤트iloveant,부산광역시 동래구 온천동 1464-3,2,,,,,,,
알럽앤트iloveant,부산광역시 동래구 온천동 1464-3,3,,,,,,,
알럽앤트iloveant,부산광역시 동래구 온천동 1464-3,4,,,,,,,
알럽앤트iloveant,부산광역시 동래구 온천동 1464-3,5,,,,,,,
알럽앤트iloveant,부산광역시 동래구 온천동 1464-3,6,,,,,,,
압소바동래롯데百6F,부산광역시 동래구 온천동 502-3,0,,,,,,,
압소바동래롯데百6F,부산광역시 동래구 온천동 502-3,1,,,,,,,
압소바동래롯데百6F,부산광역시 동래구 온천동 502-3,2,,,,,,,
압소바동래롯데百6F,부산광역시 동래구 온천동 502-3,3,,,,,,,
압소바동래롯데百6F,부산광역시 동래구 온천동 502-3,4,,,,,,,
압소바동래롯데百6F,부산광역시 동래구 온천동 502-3,5,,,,,,,
압소바동래롯데百6F,부산광역시 동래구 온천동 502-3,6,,,,,,,
앙팡부티크 부산금정점,부산광역시 금정구 장전동 745,0,,,,,,,
앙팡부티크 부산금정점,부산광역시 금정구 장전동 745,1,,,,,,,
앙팡부티크 부산금정점,부산광역시 금정구 장전동 745,2,,,,,,,
앙팡부티크 부산금정점,부산광역시 금정구 장전동 745,3,,,,,,,
앙팡부티크 부산금정점,부산광역시 금정구 장전동 745,4,,,,,,,
앙팡부티크 부산금정점,부산광역시 금정구 장전동 745,5,,,,,,,
앙팡부티크 부산금정점,부산광역시 금정구 장전동 745,6,,,,,,,
애드호크,부산광역시 금정구 장전동 40,0,,,,,,,
애드호크,부산광역시 금정구 장전동 40,1,,,,,,,
애드호크,부산광역시 금정구 장전동 40,2,,,,,,,
애드호크,부산광역시 금정구 장전동 40,3,,,,,,,
애드호크,부산광역시 금정구 장전동 40,4,,,,,,,
애드호크,부산광역시 금정구 장전동 40,5,,,,,,,
애드호크,부산광역시 금정구 장전동 40,6,,,,,,,
앤드무드,부산광역시 금정구 장전동 305-9,0,,,,,,,
앤드무드,부산광역시 금정구 장전동 305-9,1,,,,,,,
앤드무드,부산광역시 금정구 장전동 305-9,2,,,,,,,
앤드무드,부산광역시 금정구 장전동 305-9,3,,,,,,,
앤드무드,부산광역시 금정구 장전동 305-9,4,,,,,,,
앤드무드,부산광역시 금정구 장전동 305-9,5,,,,,,,
앤드무드,부산광역시 금정구 장전동 305-9,6,,,,,,,
앨리스,부산광역시 동래구 온천동 1451-41,0,,,,,,,
앨리스,부산광역시 동래구 온천동 1451-41,1,,,,,,,
앨리스,부산광역시 동래구 온천동 1451-41,2,,,,,,,
앨리스,부산광역시 동래구 온천동 1451-41,3,,,,,,,
앨리스,부산광역시 동래구 온천동 1451-41,4,,,,,,,
앨리스,부산광역시 동래구 온천동 1451-41,5,,,,,,,
앨리스,부산광역시 동래구 온천동 1451-41,6,,,,,,,
야시,부산광역시 금정구 구서동 86-77,0,,,,,,,
야시,부산광역시 금정구 구서동 86-77,1,,,,,,,
야시,부산광역시 금정구 구서동 86-77,2,,,,,,,
야시,부산광역시 금정구 구서동 86-77,3,,,,,,,
야시,부산광역시 금정구 구서동 86-77,4,,,,,,,
야시,부산광역시 금정구 구서동 86-77,5,,,,,,,
야시,부산광역시 금정구 구서동 86-77,6,,,,,,,
양말가게,부산광역시 금정구 장전동 419-56,0,,,,,,,
양말가게,부산광역시 금정구 장전동 419-56,1,,,,,,,
양말가게,부산광역시 금정구 장전동 419-56,2,,,,,,,
양말가게,부산광역시 금정구 장전동 419-56,3,,,,,,,
양말가게,부산광역시 금정구 장전동 419-56,4,,,,,,,
양말가게,부산광역시 금정구 장전동 419-56,5,,,,,,,
양말가게,부산광역시 금정구 장전동 419-56,6,,,,,,,
양지화훼,부산광역시 금정구 장전동 635-20,0,,,,,,,
양지화훼,부산광역시 금정구 장전동 635-20,1,,,,,,,
양지화훼,부산광역시 금정구 장전동 635-20,2,,,,,,,
양지화훼,부산광역시 금정구 장전동 635-20,3,,,,,,,
양지화훼,부산광역시 금정구 장전동 635-20,4,,,,,,,
양지화훼,부산광역시 금정구 장전동 635-20,5,,,,,,,
양지화훼,부산광역시 금정구 장전동 635-20,6,,,,,,,
어바웃더슈트,부산광역시 동래구 명륜동 564-9,0,,,,,,TRUE,
어바웃더슈트,부산광역시 동래구 명륜동 564-9,1,12:00,20:00,,,,,
어바웃더슈트,부산광역시 동래구 명륜동 564-9,2,12:00,20:00,,,,,
어바웃더슈트,부산광역시 동래구 명륜동 564-9,3,12:00,20:00,,,,,
어바웃더슈트,부산광역시 동래구 명륜동 564-9,4,12:00,20:00,,,,,
어바웃더슈트,부산광역시 동래구 명륜동 564-9,5,12:00,20:00,,,,,
어바웃더슈트,부산광역시 동래구 명륜동 564-9,6,12:00,20:00,,,,,
어바웃러프,부산광역시 금정구 장전동 292-3,0,13:00,21:00,,,,,
어바웃러프,부산광역시 금정구 장전동 292-3,1,13:00,21:00,,,,,
어바웃러프,부산광역시 금정구 장전동 292-3,2,13:00,21:00,,,,,
어바웃러프,부산광역시 금정구 장전동 292-3,3,13:00,21:00,,,,,
어바웃러프,부산광역시 금정구 장전동 292-3,4,13:00,21:00,,,,,
어바웃러프,부산광역시 금정구 장전동 292-3,5,13:00,21:00,,,,,
어바웃러프,부산광역시 금정구 장전동 292-3,6,13:00,21:00,,,,,
어쩔문구완구,부산광역시 동래구 명륜동 757,0,,,,,,,
어쩔문구완구,부산광역시 동래구 명륜동 757,1,,,,,,,
어쩔문구완구,부산광역시 동래구 명륜동 757,2,,,,,,,
어쩔문구완구,부산광역시 동래구 명륜동 757,3,,,,,,,
어쩔문구완구,부산광역시 동래구 명륜동 757,4,,,,,,,
어쩔문구완구,부산광역시 동래구 명륜동 757,5,,,,,,,
어쩔문구완구,부산광역시 동래구 명륜동 757,6,,,,,,,
언니쓰뷰티,부산광역시 동래구 온천동 1408-6,0,,,,,,,
언니쓰뷰티,부산광역시 동래구 온천동 1408-6,1,,,,,,,
언니쓰뷰티,부산광역시 동래구 온천동 1408-6,2,,,,,,,
언니쓰뷰티,부산광역시 동래구 온천동 1408-6,3,,,,,,,
언니쓰뷰티,부산광역시 동래구 온천동 1408-6,4,,,,,,,
언니쓰뷰티,부산광역시 동래구 온천동 1408-6,5,,,,,,,
언니쓰뷰티,부산광역시 동래구 온천동 1408-6,6,,,,,,,
언제나크리스마스,부산광역시 동래구 온천동 1465-28,0,,,,,,,
언제나크리스마스,부산광역시 동래구 온천동 1465-28,1,,,,,,,
언제나크리스마스,부산광역시 동래구 온천동 1465-28,2,,,,,,,
언제나크리스마스,부산광역시 동래구 온천동 1465-28,3,,,,,,,
언제나크리스마스,부산광역시 동래구 온천동 1465-28,4,,,,,,,
언제나크리스마스,부산광역시 동래구 온천동 1465-28,5,,,,,,,
언제나크리스마스,부산광역시 동래구 온천동 1465-28,6,,,,,,,
엄브로,부산광역시 동래구 온천동 502-3,0,,,,,,,
엄브로,부산광역시 동래구 온천동 502-3,1,,,,,,,
엄브로,부산광역시 동래구 온천동 502-3,2,,,,,,,
엄브로,부산광역시 동래구 온천동 502-3,3,,,,,,,
엄브로,부산광역시 동래구 온천동 502-3,4,,,,,,,
엄브로,부산광역시 동래구 온천동 502-3,5,,,,,,,
엄브로,부산광역시 동래구 온천동 502-3,6,,,,,,,
엄지네,부산광역시 금정구 부곡동 329-1,0,,,,,,,
엄지네,부산광역시 금정구 부곡동 329-1,1,,,,,,,
엄지네,부산광역시 금정구 부곡동 329-1,2,,,,,,,
엄지네,부산광역시 금정구 부곡동 329-1,3,,,,,,,
엄지네,부산광역시 금정구 부곡동 329-1,4,,,,,,,
엄지네,부산광역시 금정구 부곡동 329-1,5,,,,,,,
엄지네,부산광역시 금정구 부곡동 329-1,6,,,,,,,
에고이스트,부산광역시 동래구 온천동 502-3,0,,,,,,,
에고이스트,부산광역시 동래구 온천동 502-3,1,,,,,,,
에고이스트,부산광역시 동래구 온천동 502-3,2,,,,,,,
에고이스트,부산광역시 동래구 온천동 502-3,3,,,,,,,
에고이스트,부산광역시 동래구 온천동 502-3,4,,,,,,,
에고이스트,부산광역시 동래구 온천동 502-3,5,,,,,,,
에고이스트,부산광역시 동래구 온천동 502-3,6,,,,,,,
에꼴리에 부산대점,부산광역시 금정구 장전동 40,0,,,,,,,
에꼴리에 부산대점,부산광역시 금정구 장전동 40,1,,,,,,,
에꼴리에 부산대점,부산광역시 금정구 장전동 40,2,,,,,,,
에꼴리에 부산대점,부산광역시 금정구 장전동 40,3,,,,,,,
에꼴리에 부산대점,부산광역시 금정구 장전동 40,4,,,,,,,
에꼴리에 부산대점,부산광역시 금정구 장전동 40,5,,,,,,,
에꼴리에 부산대점,부산광역시 금정구 장전동 40,6,,,,,,,
에디션앤드지,부산광역시 금정구 장전동 40,0,,,,,,,
에디션앤드지,부산광역시 금정구 장전동 40,1,,,,,,,
에디션앤드지,부산광역시 금정구 장전동 40,2,,,,,,,
에디션앤드지,부산광역시 금정구 장전동 40,3,,,,,,,
에디션앤드지,부산광역시 금정구 장전동 40,4,,,,,,,
에디션앤드지,부산광역시 금정구 장전동 40,5,,,,,,,
에디션앤드지,부산광역시 금정구 장전동 40,6,,,,,,,
에뜨와,부산광역시 동래구 온천동 502-3,0,,,,,,,
에뜨와,부산광역시 동래구 온천동 502-3,1,,,,,,,
에뜨와,부산광역시 동래구 온천동 502-3,2,,,,,,,
에뜨와,부산광역시 동래구 온천동 502-3,3,,,,,,,
에뜨와,부산광역시 동래구 온천동 502-3,4,,,,,,,
에뜨와,부산광역시 동래구 온천동 502-3,5,,,,,,,
에뜨와,부산광역시 동래구 온천동 502-3,6,,,,,,,
에브리데이엘린부산 동래점,부산광역시 동래구 명륜동 433-5,0,,,,,,,
에브리데이엘린부산 동래점,부산광역시 동래구 명륜동 433-5,1,,,,,,,
에브리데이엘린부산 동래점,부산광역시 동래구 명륜동 433-5,2,,,,,,,
에브리데이엘린부산 동래점,부산광역시 동래구 명륜동 433-5,3,,,,,,,
에브리데이엘린부산 동래점,부산광역시 동래구 명륜동 433-5,4,,,,,,,
에브리데이엘린부산 동래점,부산광역시 동래구 명륜동 433-5,5,,,,,,,
에브리데이엘린부산 동래점,부산광역시 동래구 명륜동 433-5,6,,,,,,,
에스엔핑거,부산광역시 금정구 구서동 166-23,0,,,,,,,
에스엔핑거,부산광역시 금정구 구서동 166-23,1,,,,,,,
에스엔핑거,부산광역시 금정구 구서동 166-23,2,,,,,,,
에스엔핑거,부산광역시 금정구 구서동 166-23,3,,,,,,,
에스엔핑거,부산광역시 금정구 구서동 166-23,4,,,,,,,
에스엔핑거,부산광역시 금정구 구서동 166-23,5,,,,,,,
에스엔핑거,부산광역시 금정구 구서동 166-23,6,,,,,,,
에스엠에이치스포츠,부산광역시 금정구 장전동 415-3,0,,,,,,,
에스엠에이치스포츠,부산광역시 금정구 장전동 415-3,1,,,,,,,
에스엠에이치스포츠,부산광역시 금정구 장전동 415-3,2,,,,,,,
에스엠에이치스포츠,부산광역시 금정구 장전동 415-3,3,,,,,,,
에스엠에이치스포츠,부산광역시 금정구 장전동 415-3,4,,,,,,,
에스엠에이치스포츠,부산광역시 금정구 장전동 415-3,5,,,,,,,
에스엠에이치스포츠,부산광역시 금정구 장전동 415-3,6,,,,,,,
에스콰이아콜렉션,부산광역시 동래구 온천동 502-3,0,,,,,,,
에스콰이아콜렉션,부산광역시 동래구 온천동 502-3,1,,,,,,,
에스콰이아콜렉션,부산광역시 동래구 온천동 502-3,2,,,,,,,
에스콰이아콜렉션,부산광역시 동래구 온천동 502-3,3,,,,,,,
에스콰이아콜렉션,부산광역시 동래구 온천동 502-3,4,,,,,,,
에스콰이아콜렉션,부산광역시 동래구 온천동 502-3,5,,,,,,,
에스콰이아콜렉션,부산광역시 동래구 온천동 502-3,6,,,,,,,
에이비플러스,부산광역시 금정구 장전동 40,0,,,,,,,
에이비플러스,부산광역시 금정구 장전동 40,1,,,,,,,
에이비플러스,부산광역시 금정구 장전동 40,2,,,,,,,
에이비플러스,부산광역시 금정구 장전동 40,3,,,,,,,
에이비플러스,부산광역시 금정구 장전동 40,4,,,,,,,
에이비플러스,부산광역시 금정구 장전동 40,5,,,,,,,
에이비플러스,부산광역시 금정구 장전동 40,6,,,,,,,
에이원,부산광역시 금정구 부곡동 768-52,0,,,,,,,
에이원,부산광역시 금정구 부곡동 768-52,1,,,,,,,
에이원,부산광역시 금정구 부곡동 768-52,2,,,,,,,
에이원,부산광역시 금정구 부곡동 768-52,3,,,,,,,
에이원,부산광역시 금정구 부곡동 768-52,4,,,,,,,
에이원,부산광역시 금정구 부곡동 768-52,5,,,,,,,
에이원,부산광역시 금정구 부곡동 768-52,6,,,,,,,
에이치데코,부산광역시 금정구 부곡동 216-19,0,,,,,,,
에이치데코,부산광역시 금정구 부곡동 216-19,1,,,,,,,
에이치데코,부산광역시 금정구 부곡동 216-19,2,,,,,,,
에이치데코,부산광역시 금정구 부곡동 216-19,3,,,,,,,
에이치데코,부산광역시 금정구 부곡동 216-19,4,,,,,,,
에이치데코,부산광역시 금정구 부곡동 216-19,5,,,,,,,
에이치데코,부산광역시 금정구 부곡동 216-19,6,,,,,,,
에이치랩,부산광역시 금정구 구서동 153-21,0,,,,,,,
에이치랩,부산광역시 금정구 구서동 153-21,1,,,,,,,
에이치랩,부산광역시 금정구 구서동 153-21,2,,,,,,,
에이치랩,부산광역시 금정구 구서동 153-21,3,,,,,,,
에이치랩,부산광역시 금정구 구서동 153-21,4,,,,,,,
에이치랩,부산광역시 금정구 구서동 153-21,5,,,,,,,
에이치랩,부산광역시 금정구 구서동 153-21,6,,,,,,,
에이치마켓,부산광역시 금정구 장전동 643-83,0,,,,,,,
에이치마켓,부산광역시 금정구 장전동 643-83,1,,,,,,,
에이치마켓,부산광역시 금정구 장전동 643-83,2,,,,,,,
에이치마켓,부산광역시 금정구 장전동 643-83,3,,,,,,,
에이치마켓,부산광역시 금정구 장전동 643-83,4,,,,,,,
에이치마켓,부산광역시 금정구 장전동 643-83,5,,,,,,,
에이치마켓,부산광역시 금정구 장전동 643-83,6,,,,,,,
에이치마켓플러스,부산광역시 금정구 장전동 643-83,0,,,,,,,
에이치마켓플러스,부산광역시 금정구 장전동 643-83,1,,,,,,,
에이치마켓플러스,부산광역시 금정구 장전동 643-83,2,,,,,,,
에이치마켓플러스,부산광역시 금정구 장전동 643-83,3,,,,,,,
에이치마켓플러스,부산광역시 금정구 장전동 643-83,4,,,,,,,
에이치마켓플러스,부산광역시 금정구 장전동 643-83,5,,,,,,,
에이치마켓플러스,부산광역시 금정구 장전동 643-83,6,,,,,,,
에이치스튜디오,부산광역시 동래구 명륜동 564-1,0,0:00,,,,,,
에이치스튜디오,부산광역시 동래구 명륜동 564-1,1,0:00,,,,,,
에이치스튜디오,부산광역시 동래구 명륜동 564-1,2,0:00,,,,,,
에이치스튜디오,부산광역시 동래구 명륜동 564-1,3,0:00,,,,,,
에이치스튜디오,부산광역시 동래구 명륜동 564-1,4,0:00,,,,,,
에이치스튜디오,부산광역시 동래구 명륜동 564-1,5,0:00,,,,,,
에이치스튜디오,부산광역시 동래구 명륜동 564-1,6,0:00,,,,,,
에이치와이글로벌,부산광역시 동래구 온천동 502-3,0,,,,,,,
에이치와이글로벌,부산광역시 동래구 온천동 502-3,1,,,,,,,
에이치와이글로벌,부산광역시 동래구 온천동 502-3,2,,,,,,,
에이치와이글로벌,부산광역시 동래구 온천동 502-3,3,,,,,,,
에이치와이글로벌,부산광역시 동래구 온천동 502-3,4,,,,,,,
에이치와이글로벌,부산광역시 동래구 온천동 502-3,5,,,,,,,
에이치와이글로벌,부산광역시 동래구 온천동 502-3,6,,,,,,,
에이치피케이,부산광역시 금정구 구서동 368,0,,,,,,,
에이치피케이,부산광역시 금정구 구서동 368,1,,,,,,,
에이치피케이,부산광역시 금정구 구서동 368,2,,,,,,,
에이치피케이,부산광역시 금정구 구서동 368,3,,,,,,,
에이치피케이,부산광역시 금정구 구서동 368,4,,,,,,,
에이치피케이,부산광역시 금정구 구서동 368,5,,,,,,,
에이치피케이,부산광역시 금정구 구서동 368,6,,,,,,,
에이투비수족관 부산점,부산광역시 금정구 장전동 608-1,0,,,,,,,
에이투비수족관 부산점,부산광역시 금정구 장전동 608-1,1,11:00,19:00,12:30,13:30,,,
에이투비수족관 부산점,부산광역시 금정구 장전동 608-1,2,11:00,19:00,12:30,13:30,,,
에이투비수족관 부산점,부산광역시 금정구 장전동 608-1,3,11:00,19:00,12:30,13:30,,,
에이투비수족관 부산점,부산광역시 금정구 장전동 608-1,4,11:00,19:00,12:30,13:30,,,
에이투비수족관 부산점,부산광역시 금정구 장전동 608-1,5,11:00,19:00,12:30,13:30,,,
에이투비수족관 부산점,부산광역시 금정구 장전동 608-1,6,11:00,19:00,12:30,13:30,,,
에코아트아쿠아,부산광역시 동래구 온천동 1466-1,0,,,,,,,
에코아트아쿠아,부산광역시 동래구 온천동 1466-1,1,,,,,,,
에코아트아쿠아,부산광역시 동래구 온천동 1466-1,2,,,,,,,
에코아트아쿠아,부산광역시 동래구 온천동 1466-1,3,,,,,,,
에코아트아쿠아,부산광역시 동래구 온천동 1466-1,4,,,,,,,
에코아트아쿠아,부산광역시 동래구 온천동 1466-1,5,,,,,,,
에코아트아쿠아,부산광역시 동래구 온천동 1466-1,6,,,,,,,
에프앤에프,부산광역시 동래구 온천동 502-3,0,,,,,,,
에프앤에프,부산광역시 동래구 온천동 502-3,1,,,,,,,
에프앤에프,부산광역시 동래구 온천동 502-3,2,,,,,,,
에프앤에프,부산광역시 동래구 온천동 502-3,3,,,,,,,
에프앤에프,부산광역시 동래구 온천동 502-3,4,,,,,,,
에프앤에프,부산광역시 동래구 온천동 502-3,5,,,,,,,
에프앤에프,부산광역시 동래구 온천동 502-3,6,,,,,,,
에피그램롯데 동래점,부산광역시 동래구 온천동 502-3,0,,,,,,,
에피그램롯데 동래점,부산광역시 동래구 온천동 502-3,1,,,,,,,
에피그램롯데 동래점,부산광역시 동래구 온천동 502-3,2,,,,,,,
에피그램롯데 동래점,부산광역시 동래구 온천동 502-3,3,,,,,,,
에피그램롯데 동래점,부산광역시 동래구 온천동 502-3,4,,,,,,,
에피그램롯데 동래점,부산광역시 동래구 온천동 502-3,5,,,,,,,
에피그램롯데 동래점,부산광역시 동래구 온천동 502-3,6,,,,,,,
엔씨치크 부산대점,부산광역시 금정구 장전동 40,0,,,,,,,
엔씨치크 부산대점,부산광역시 금정구 장전동 40,1,,,,,,,
엔씨치크 부산대점,부산광역시 금정구 장전동 40,2,,,,,,,
엔씨치크 부산대점,부산광역시 금정구 장전동 40,3,,,,,,,
엔씨치크 부산대점,부산광역시 금정구 장전동 40,4,,,,,,,
엔씨치크 부산대점,부산광역시 금정구 장전동 40,5,,,,,,,
엔씨치크 부산대점,부산광역시 금정구 장전동 40,6,,,,,,,
엔캣 부산대역점,부산광역시 금정구 장전동 292-23,0,,,,,,,
엔캣 부산대역점,부산광역시 금정구 장전동 292-23,1,,,,,,,
엔캣 부산대역점,부산광역시 금정구 장전동 292-23,2,,,,,,,
엔캣 부산대역점,부산광역시 금정구 장전동 292-23,3,,,,,,,
엔캣 부산대역점,부산광역시 금정구 장전동 292-23,4,,,,,,,
엔캣 부산대역점,부산광역시 금정구 장전동 292-23,5,,,,,,,
엔캣 부산대역점,부산광역시 금정구 장전동 292-23,6,,,,,,,
엔터,부산광역시 금정구 장전동 312-24,0,,,,,,,
엔터,부산광역시 금정구 장전동 312-24,1,,,,,,,
엔터,부산광역시 금정구 장전동 312-24,2,,,,,,,
엔터,부산광역시 금정구 장전동 312-24,3,,,,,,,
엔터,부산광역시 금정구 장전동 312-24,4,,,,,,,
엔터,부산광역시 금정구 장전동 312-24,5,,,,,,,
엔터,부산광역시 금정구 장전동 312-24,6,,,,,,,
엔피케어,부산광역시 동래구 명륜동 529-4,0,,,,,,TRUE,
엔피케어,부산광역시 동래구 명륜동 529-4,1,10:00,19:00,,,,,
엔피케어,부산광역시 동래구 명륜동 529-4,2,10:00,19:00,,,,,
엔피케어,부산광역시 동래구 명륜동 529-4,3,10:00,19:00,,,,,
엔피케어,부산광역시 동래구 명륜동 529-4,4,10:00,19:00,,,,,
엔피케어,부산광역시 동래구 명륜동 529-4,5,10:00,19:00,,,,,
엔피케어,부산광역시 동래구 명륜동 529-4,6,10:00,19:00,,,,,
엘리든플레이롯데 동래점,부산광역시 동래구 온천동 502-3,0,,,,,,,
엘리든플레이롯데 동래점,부산광역시 동래구 온천동 502-3,1,,,,,,,
엘리든플레이롯데 동래점,부산광역시 동래구 온천동 502-3,2,,,,,,,
엘리든플레이롯데 동래점,부산광역시 동래구 온천동 502-3,3,,,,,,,
엘리든플레이롯데 동래점,부산광역시 동래구 온천동 502-3,4,,,,,,,
엘리든플레이롯데 동래점,부산광역시 동래구 온천동 502-3,5,,,,,,,
엘리든플레이롯데 동래점,부산광역시 동래구 온천동 502-3,6,,,,,,,
엘리트학생복 부곡점,부산광역시 금정구 부곡동 241-2,0,9:30,21:00,,,,,
엘리트학생복 부곡점,부산광역시 금정구 부곡동 241-2,1,9:30,21:00,,,,,
엘리트학생복 부곡점,부산광역시 금정구 부곡동 241-2,2,9:30,21:00,,,,,
엘리트학생복 부곡점,부산광역시 금정구 부곡동 241-2,3,9:30,21:00,,,,,
엘리트학생복 부곡점,부산광역시 금정구 부곡동 241-2,4,9:30,21:00,,,,,
엘리트학생복 부곡점,부산광역시 금정구 부곡동 241-2,5,9:30,21:00,,,,,
엘리트학생복 부곡점,부산광역시 금정구 부곡동 241-2,6,9:30,21:00,,,,,
엘칸토 NC부산대점,부산광역시 금정구 장전동 40,0,,,,,,,
엘칸토 NC부산대점,부산광역시 금정구 장전동 40,1,,,,,,,
엘칸토 NC부산대점,부산광역시 금정구 장전동 40,2,,,,,,,
엘칸토 NC부산대점,부산광역시 금정구 장전동 40,3,,,,,,,
엘칸토 NC부산대점,부산광역시 금정구 장전동 40,4,,,,,,,
엘칸토 NC부산대점,부산광역시 금정구 장전동 40,5,,,,,,,
엘칸토 NC부산대점,부산광역시 금정구 장전동 40,6,,,,,,,
엘피사운드,부산광역시 금정구 구서동 82-2,0,10:00,18:00,,,,,
엘피사운드,부산광역시 금정구 구서동 82-2,1,10:00,18:00,,,,,
엘피사운드,부산광역시 금정구 구서동 82-2,2,10:00,18:00,,,,,
엘피사운드,부산광역시 금정구 구서동 82-2,3,10:00,18:00,,,,,
엘피사운드,부산광역시 금정구 구서동 82-2,4,10:00,18:00,,,,,
엘피사운드,부산광역시 금정구 구서동 82-2,5,10:00,18:00,,,,,
엘피사운드,부산광역시 금정구 구서동 82-2,6,10:00,18:00,,,,,
엘피이야기,부산광역시 동래구 온천동 442-11,0,,,,,,,
엘피이야기,부산광역시 동래구 온천동 442-11,1,,,,,,,
엘피이야기,부산광역시 동래구 온천동 442-11,2,,,,,,,
엘피이야기,부산광역시 동래구 온천동 442-11,3,,,,,,,
엘피이야기,부산광역시 동래구 온천동 442-11,4,,,,,,,
엘피이야기,부산광역시 동래구 온천동 442-11,5,,,,,,,
엘피이야기,부산광역시 동래구 온천동 442-11,6,,,,,,,
엠에스몰,부산광역시 동래구 온천동 1349-1,0,,,,,,,
엠에스몰,부산광역시 동래구 온천동 1349-1,1,,,,,,,
엠에스몰,부산광역시 동래구 온천동 1349-1,2,,,,,,,
엠에스몰,부산광역시 동래구 온천동 1349-1,3,,,,,,,
엠에스몰,부산광역시 동래구 온천동 1349-1,4,,,,,,,
엠에스몰,부산광역시 동래구 온천동 1349-1,5,,,,,,,
엠에스몰,부산광역시 동래구 온천동 1349-1,6,,,,,,,
엠엘비키즈,부산광역시 동래구 온천동 502-3,0,,,,,,,
엠엘비키즈,부산광역시 동래구 온천동 502-3,1,,,,,,,
엠엘비키즈,부산광역시 동래구 온천동 502-3,2,,,,,,,
엠엘비키즈,부산광역시 동래구 온천동 502-3,3,,,,,,,
엠엘비키즈,부산광역시 동래구 온천동 502-3,4,,,,,,,
엠엘비키즈,부산광역시 동래구 온천동 502-3,5,,,,,,,
엠엘비키즈,부산광역시 동래구 온천동 502-3,6,,,,,,,
엠유스포츠,부산광역시 동래구 온천동 502-3,0,,,,,,,
엠유스포츠,부산광역시 동래구 온천동 502-3,1,,,,,,,
엠유스포츠,부산광역시 동래구 온천동 502-3,2,,,,,,,
엠유스포츠,부산광역시 동래구 온천동 502-3,3,,,,,,,
엠유스포츠,부산광역시 동래구 온천동 502-3,4,,,,,,,
엠유스포츠,부산광역시 동래구 온천동 502-3,5,,,,,,,
엠유스포츠,부산광역시 동래구 온천동 502-3,6,,,,,,,
엠폴햄,부산광역시 금정구 장전동 40,0,,,,,,,
엠폴햄,부산광역시 금정구 장전동 40,1,,,,,,,
엠폴햄,부산광역시 금정구 장전동 40,2,,,,,,,
엠폴햄,부산광역시 금정구 장전동 40,3,,,,,,,
엠폴햄,부산광역시 금정구 장전동 40,4,,,,,,,
엠폴햄,부산광역시 금정구 장전동 40,5,,,,,,,
엠폴햄,부산광역시 금정구 장전동 40,6,,,,,,,
엠할리데이,부산광역시 금정구 장전동 40,0,,,,,,,
엠할리데이,부산광역시 금정구 장전동 40,1,,,,,,,
엠할리데이,부산광역시 금정구 장전동 40,2,,,,,,,
엠할리데이,부산광역시 금정구 장전동 40,3,,,,,,,
엠할리데이,부산광역시 금정구 장전동 40,4,,,,,,,
엠할리데이,부산광역시 금정구 장전동 40,5,,,,,,,
엠할리데이,부산광역시 금정구 장전동 40,6,,,,,,,
엣지,부산광역시 금정구 구서동 731-17,0,,,,,,,
엣지,부산광역시 금정구 구서동 731-17,1,,,,,,,
엣지,부산광역시 금정구 구서동 731-17,2,,,,,,,
엣지,부산광역시 금정구 구서동 731-17,3,,,,,,,
엣지,부산광역시 금정구 구서동 731-17,4,,,,,,,
엣지,부산광역시 금정구 구서동 731-17,5,,,,,,,
엣지,부산광역시 금정구 구서동 731-17,6,,,,,,,
여수진피부샵,부산광역시 동래구 명륜동 501-1,0,,,,,,,
여수진피부샵,부산광역시 동래구 명륜동 501-1,1,,,,,,,
여수진피부샵,부산광역시 동래구 명륜동 501-1,2,,,,,,,
여수진피부샵,부산광역시 동래구 명륜동 501-1,3,,,,,,,
여수진피부샵,부산광역시 동래구 명륜동 501-1,4,,,,,,,
여수진피부샵,부산광역시 동래구 명륜동 501-1,5,,,,,,,
여수진피부샵,부산광역시 동래구 명륜동 501-1,6,,,,,,,
연하,부산광역시 동래구 온천동 502-3,0,,,,,,,
연하,부산광역시 동래구 온천동 502-3,1,,,,,,,
연하,부산광역시 동래구 온천동 502-3,2,,,,,,,
연하,부산광역시 동래구 온천동 502-3,3,,,,,,,
연하,부산광역시 동래구 온천동 502-3,4,,,,,,,
연하,부산광역시 동래구 온천동 502-3,5,,,,,,,
연하,부산광역시 동래구 온천동 502-3,6,,,,,,,
영남종합상사,부산광역시 금정구 장전동 226-3,0,,,,,,,
영남종합상사,부산광역시 금정구 장전동 226-3,1,,,,,,,
영남종합상사,부산광역시 금정구 장전동 226-3,2,,,,,,,
영남종합상사,부산광역시 금정구 장전동 226-3,3,,,,,,,
영남종합상사,부산광역시 금정구 장전동 226-3,4,,,,,,,
영남종합상사,부산광역시 금정구 장전동 226-3,5,,,,,,,
영남종합상사,부산광역시 금정구 장전동 226-3,6,,,,,,,
영샵,부산광역시 금정구 구서동 194-1,0,,,,,,,
영샵,부산광역시 금정구 구서동 194-1,1,,,,,,,
영샵,부산광역시 금정구 구서동 194-1,2,,,,,,,
영샵,부산광역시 금정구 구서동 194-1,3,,,,,,,
영샵,부산광역시 금정구 구서동 194-1,4,,,,,,,
영샵,부산광역시 금정구 구서동 194-1,5,,,,,,,
영샵,부산광역시 금정구 구서동 194-1,6,,,,,,,
예나르SMP,부산광역시 동래구 명륜동 548-15,0,,,,,,,
예나르SMP,부산광역시 동래구 명륜동 548-15,1,,,,,,,
예나르SMP,부산광역시 동래구 명륜동 548-15,2,,,,,,,
예나르SMP,부산광역시 동래구 명륜동 548-15,3,,,,,,,
예나르SMP,부산광역시 동래구 명륜동 548-15,4,,,,,,,
예나르SMP,부산광역시 동래구 명륜동 548-15,5,,,,,,,
예나르SMP,부산광역시 동래구 명륜동 548-15,6,,,,,,,
예뻐졌다동래3차SK뷰점,부산광역시 동래구 온천동 1850,0,,,,,,,
예뻐졌다동래3차SK뷰점,부산광역시 동래구 온천동 1850,1,,,,,,,
예뻐졌다동래3차SK뷰점,부산광역시 동래구 온천동 1850,2,,,,,,,
예뻐졌다동래3차SK뷰점,부산광역시 동래구 온천동 1850,3,,,,,,,
예뻐졌다동래3차SK뷰점,부산광역시 동래구 온천동 1850,4,,,,,,,
예뻐졌다동래3차SK뷰점,부산광역시 동래구 온천동 1850,5,,,,,,,
예뻐졌다동래3차SK뷰점,부산광역시 동래구 온천동 1850,6,,,,,,,
예뿌네,부산광역시 금정구 부곡동 305-18,0,,,,,,,
예뿌네,부산광역시 금정구 부곡동 305-18,1,,,,,,,
예뿌네,부산광역시 금정구 부곡동 305-18,2,,,,,,,
예뿌네,부산광역시 금정구 부곡동 305-18,3,,,,,,,
예뿌네,부산광역시 금정구 부곡동 305-18,4,,,,,,,
예뿌네,부산광역시 금정구 부곡동 305-18,5,,,,,,,
예뿌네,부산광역시 금정구 부곡동 305-18,6,,,,,,,
예쁜책방헤이즐,부산광역시 금정구 장전동 423-12,0,13:00,19:00,,,,,
예쁜책방헤이즐,부산광역시 금정구 장전동 423-12,1,,,,,,TRUE,휴무/예약만
예쁜책방헤이즐,부산광역시 금정구 장전동 423-12,2,,,,,,TRUE,휴무/예약만
예쁜책방헤이즐,부산광역시 금정구 장전동 423-12,3,13:00,19:00,,,,,
예쁜책방헤이즐,부산광역시 금정구 장전동 423-12,4,13:00,19:00,,,,,
예쁜책방헤이즐,부산광역시 금정구 장전동 423-12,5,13:00,19:00,,,,,
예쁜책방헤이즐,부산광역시 금정구 장전동 423-12,6,13:00,19:00,,,,,
예스,부산광역시 동래구 온천동 502-3,0,,,,,,,
예스,부산광역시 동래구 온천동 502-3,1,,,,,,,
예스,부산광역시 동래구 온천동 502-3,2,,,,,,,
예스,부산광역시 동래구 온천동 502-3,3,,,,,,,
예스,부산광역시 동래구 온천동 502-3,4,,,,,,,
예스,부산광역시 동래구 온천동 502-3,5,,,,,,,
예스,부산광역시 동래구 온천동 502-3,6,,,,,,,
예인,부산광역시 동래구 온천동 1350-4,0,,,,,,,
예인,부산광역시 동래구 온천동 1350-4,1,,,,,,,
예인,부산광역시 동래구 온천동 1350-4,2,,,,,,,
예인,부산광역시 동래구 온천동 1350-4,3,,,,,,,
예인,부산광역시 동래구 온천동 1350-4,4,,,,,,,
예인,부산광역시 동래구 온천동 1350-4,5,,,,,,,
예인,부산광역시 동래구 온천동 1350-4,6,,,,,,,
옐로베베,부산광역시 금정구 부곡동 223-70,0,0:00,24:00,,,,,
옐로베베,부산광역시 금정구 부곡동 223-70,1,0:00,24:00,,,,,
옐로베베,부산광역시 금정구 부곡동 223-70,2,0:00,24:00,,,,,
옐로베베,부산광역시 금정구 부곡동 223-70,3,0:00,24:00,,,,,
옐로베베,부산광역시 금정구 부곡동 223-70,4,0:00,24:00,,,,,
옐로베베,부산광역시 금정구 부곡동 223-70,5,0:00,24:00,,,,,
옐로베베,부산광역시 금정구 부곡동 223-70,6,0:00,24:00,,,,,
오가닉맘,부산광역시 동래구 온천동 502-3,0,,,,,,,
오가닉맘,부산광역시 동래구 온천동 502-3,1,,,,,,,
오가닉맘,부산광역시 동래구 온천동 502-3,2,,,,,,,
오가닉맘,부산광역시 동래구 온천동 502-3,3,,,,,,,
오가닉맘,부산광역시 동래구 온천동 502-3,4,,,,,,,
오가닉맘,부산광역시 동래구 온천동 502-3,5,,,,,,,
오가닉맘,부산광역시 동래구 온천동 502-3,6,,,,,,,
오늘,부산광역시 금정구 장전동 62-30,0,,,,,,,
오늘,부산광역시 금정구 장전동 62-30,1,,,,,,,
오늘,부산광역시 금정구 장전동 62-30,2,,,,,,,
오늘,부산광역시 금정구 장전동 62-30,3,,,,,,,
오늘,부산광역시 금정구 장전동 62-30,4,,,,,,,
오늘,부산광역시 금정구 장전동 62-30,5,,,,,,,
오늘,부산광역시 금정구 장전동 62-30,6,,,,,,,
오드리,부산광역시 동래구 온천동 1412-1,0,,,,,,,
오드리,부산광역시 동래구 온천동 1412-1,1,,,,,,,
오드리,부산광역시 동래구 온천동 1412-1,2,,,,,,,
오드리,부산광역시 동래구 온천동 1412-1,3,,,,,,,
오드리,부산광역시 동래구 온천동 1412-1,4,,,,,,,
오드리,부산광역시 동래구 온천동 1412-1,5,,,,,,,
오드리,부산광역시 동래구 온천동 1412-1,6,,,,,,,
오드앤앤즈,부산광역시 금정구 구서동 1023-36,0,,,,,,,
오드앤앤즈,부산광역시 금정구 구서동 1023-36,1,,,,,,,
오드앤앤즈,부산광역시 금정구 구서동 1023-36,2,,,,,,,
오드앤앤즈,부산광역시 금정구 구서동 1023-36,3,,,,,,,
오드앤앤즈,부산광역시 금정구 구서동 1023-36,4,,,,,,,
오드앤앤즈,부산광역시 금정구 구서동 1023-36,5,,,,,,,
오드앤앤즈,부산광역시 금정구 구서동 1023-36,6,,,,,,,
오란다빈티지,부산광역시 금정구 장전동 413-33,0,,,,,,,
오란다빈티지,부산광역시 금정구 장전동 413-33,1,,,,,,,
오란다빈티지,부산광역시 금정구 장전동 413-33,2,,,,,,,
오란다빈티지,부산광역시 금정구 장전동 413-33,3,,,,,,,
오란다빈티지,부산광역시 금정구 장전동 413-33,4,,,,,,,
오란다빈티지,부산광역시 금정구 장전동 413-33,5,,,,,,,
오란다빈티지,부산광역시 금정구 장전동 413-33,6,,,,,,,
오렌지,부산광역시 동래구 온천동 707,0,,,,,,,
오렌지,부산광역시 동래구 온천동 707,1,,,,,,,
오렌지,부산광역시 동래구 온천동 707,2,,,,,,,
오렌지,부산광역시 동래구 온천동 707,3,,,,,,,
오렌지,부산광역시 동래구 온천동 707,4,,,,,,,
오렌지,부산광역시 동래구 온천동 707,5,,,,,,,
오렌지,부산광역시 동래구 온천동 707,6,,,,,,,
오리강패션,부산광역시 동래구 온천동 210-17,0,,,,,,,
오리강패션,부산광역시 동래구 온천동 210-17,1,,,,,,,
오리강패션,부산광역시 동래구 온천동 210-17,2,,,,,,,
오리강패션,부산광역시 동래구 온천동 210-17,3,,,,,,,
오리강패션,부산광역시 동래구 온천동 210-17,4,,,,,,,
오리강패션,부산광역시 동래구 온천동 210-17,5,,,,,,,
오리강패션,부산광역시 동래구 온천동 210-17,6,,,,,,,
오스본,부산광역시 금정구 장전동 40,0,,,,,,,
오스본,부산광역시 금정구 장전동 40,1,,,,,,,
오스본,부산광역시 금정구 장전동 40,2,,,,,,,
오스본,부산광역시 금정구 장전동 40,3,,,,,,,
오스본,부산광역시 금정구 장전동 40,4,,,,,,,
오스본,부산광역시 금정구 장전동 40,5,,,,,,,
오스본,부산광역시 금정구 장전동 40,6,,,,,,,
오스틴리드 부산대NC,부산광역시 금정구 장전동 산 30,0,,,,,,,
오스틴리드 부산대NC,부산광역시 금정구 장전동 산 30,1,,,,,,,
오스틴리드 부산대NC,부산광역시 금정구 장전동 산 30,2,,,,,,,
오스틴리드 부산대NC,부산광역시 금정구 장전동 산 30,3,,,,,,,
오스틴리드 부산대NC,부산광역시 금정구 장전동 산 30,4,,,,,,,
오스틴리드 부산대NC,부산광역시 금정구 장전동 산 30,5,,,,,,,
오스틴리드 부산대NC,부산광역시 금정구 장전동 산 30,6,,,,,,,
온나,부산광역시 금정구 장전동 303-2,0,,,,,,TRUE,
온나,부산광역시 금정구 장전동 303-2,1,11:00,21:00,,,,,
온나,부산광역시 금정구 장전동 303-2,2,11:00,21:00,,,,,
온나,부산광역시 금정구 장전동 303-2,3,11:00,21:00,,,,,
온나,부산광역시 금정구 장전동 303-2,4,11:00,21:00,,,,,
온나,부산광역시 금정구 장전동 303-2,5,11:00,21:00,,,,,
온나,부산광역시 금정구 장전동 303-2,6,,,,,,TRUE,
온뜨레,부산광역시 동래구 온천동 707,0,,,,,,,
온뜨레,부산광역시 동래구 온천동 707,1,,,,,,,
온뜨레,부산광역시 동래구 온천동 707,2,,,,,,,
온뜨레,부산광역시 동래구 온천동 707,3,,,,,,,
온뜨레,부산광역시 동래구 온천동 707,4,,,,,,,
온뜨레,부산광역시 동래구 온천동 707,5,,,,,,,
온뜨레,부산광역시 동래구 온천동 707,6,,,,,,,
온실Flowerstudio,부산광역시 동래구 명륜동 433-5,0,,,,,,TRUE,
온실Flowerstudio,부산광역시 동래구 명륜동 433-5,1,11:00,19:00,,,,,
온실Flowerstudio,부산광역시 동래구 명륜동 433-5,2,11:00,19:00,,,,,
온실Flowerstudio,부산광역시 동래구 명륜동 433-5,3,11:00,19:00,,,,,
온실Flowerstudio,부산광역시 동래구 명륜동 433-5,4,11:00,19:00,,,,,
온실Flowerstudio,부산광역시 동래구 명륜동 433-5,5,11:00,19:00,,,,,
온실Flowerstudio,부산광역시 동래구 명륜동 433-5,6,11:00,18:00,,,,,
온천장다모아,부산광역시 동래구 온천동 1750-1,0,,,,,,,
온천장다모아,부산광역시 동래구 온천동 1750-1,1,,,,,,,
온천장다모아,부산광역시 동래구 온천동 1750-1,2,,,,,,,
온천장다모아,부산광역시 동래구 온천동 1750-1,3,,,,,,,
온천장다모아,부산광역시 동래구 온천동 1750-1,4,,,,,,,
온천장다모아,부산광역시 동래구 온천동 1750-1,5,,,,,,,
온천장다모아,부산광역시 동래구 온천동 1750-1,6,,,,,,,
온천화백,부산광역시 동래구 온천동 143-7,0,,,,,,,
온천화백,부산광역시 동래구 온천동 143-7,1,,,,,,,
온천화백,부산광역시 동래구 온천동 143-7,2,,,,,,,
온천화백,부산광역시 동래구 온천동 143-7,3,,,,,,,
온천화백,부산광역시 동래구 온천동 143-7,4,,,,,,,
온천화백,부산광역시 동래구 온천동 143-7,5,,,,,,,
온천화백,부산광역시 동래구 온천동 143-7,6,,,,,,,
올,부산광역시 금정구 장전동 312-13,0,,,,,,,
올,부산광역시 금정구 장전동 312-13,1,,,,,,,
올,부산광역시 금정구 장전동 312-13,2,,,,,,,
올,부산광역시 금정구 장전동 312-13,3,,,,,,,
올,부산광역시 금정구 장전동 312-13,4,,,,,,,
올,부산광역시 금정구 장전동 312-13,5,,,,,,,
올,부산광역시 금정구 장전동 312-13,6,,,,,,,
올가드림뷰티,부산광역시 동래구 명륜동 15-16,0,10:00,21:00,,,,,
올가드림뷰티,부산광역시 동래구 명륜동 15-16,1,10:00,21:00,,,,,
올가드림뷰티,부산광역시 동래구 명륜동 15-16,2,10:00,21:00,,,,,
올가드림뷰티,부산광역시 동래구 명륜동 15-16,3,10:00,21:00,,,,,
올가드림뷰티,부산광역시 동래구 명륜동 15-16,4,,,,,,TRUE,
올가드림뷰티,부산광역시 동래구 명륜동 15-16,5,10:00,21:00,,,,,
올가드림뷰티,부산광역시 동래구 명륜동 15-16,6,10:00,21:00,,,,,
올가드림뷰티미남점,부산광역시 동래구 온천동 784-31,0,,,,,,,
올가드림뷰티미남점,부산광역시 동래구 온천동 784-31,1,,,,,,,
올가드림뷰티미남점,부산광역시 동래구 온천동 784-31,2,,,,,,,
올가드림뷰티미남점,부산광역시 동래구 온천동 784-31,3,,,,,,,
올가드림뷰티미남점,부산광역시 동래구 온천동 784-31,4,,,,,,,
올가드림뷰티미남점,부산광역시 동래구 온천동 784-31,5,,,,,,,
올가드림뷰티미남점,부산광역시 동래구 온천동 784-31,6,,,,,,,
올리브,부산광역시 동래구 온천동 153-8,0,,,,,,,
올리브,부산광역시 동래구 온천동 153-8,1,,,,,,,
올리브,부산광역시 동래구 온천동 153-8,2,,,,,,,
올리브,부산광역시 동래구 온천동 153-8,3,,,,,,,
올리브,부산광역시 동래구 온천동 153-8,4,,,,,,,
올리브,부산광역시 동래구 온천동 153-8,5,,,,,,,
올리브,부산광역시 동래구 온천동 153-8,6,,,,,,,
올리브의류샵,부산광역시 금정구 부곡동 792-11,0,,,,,,,
올리브의류샵,부산광역시 금정구 부곡동 792-11,1,,,,,,,
올리브의류샵,부산광역시 금정구 부곡동 792-11,2,,,,,,,
올리브의류샵,부산광역시 금정구 부곡동 792-11,3,,,,,,,
올리브의류샵,부산광역시 금정구 부곡동 792-11,4,,,,,,,
올리브의류샵,부산광역시 금정구 부곡동 792-11,5,,,,,,,
올리브의류샵,부산광역시 금정구 부곡동 792-11,6,,,,,,,
올리비아로렌 금정직영점,부산광역시 금정구 부곡동 266-15,0,10:00,20:00,,,,,
올리비아로렌 금정직영점,부산광역시 금정구 부곡동 266-15,1,10:00,20:00,,,,,
올리비아로렌 금정직영점,부산광역시 금정구 부곡동 266-15,2,10:00,20:00,,,,,
올리비아로렌 금정직영점,부산광역시 금정구 부곡동 266-15,3,10:00,20:00,,,,,
올리비아로렌 금정직영점,부산광역시 금정구 부곡동 266-15,4,10:00,20:00,,,,,
올리비아로렌 금정직영점,부산광역시 금정구 부곡동 266-15,5,10:00,20:00,,,,,
올리비아로렌 금정직영점,부산광역시 금정구 부곡동 266-15,6,10:00,20:00,,,,,
올젠,부산광역시 동래구 온천동 502-3,0,,,,,,,
올젠,부산광역시 동래구 온천동 502-3,1,,,,,,,
올젠,부산광역시 동래구 온천동 502-3,2,,,,,,,
올젠,부산광역시 동래구 온천동 502-3,3,,,,,,,
올젠,부산광역시 동래구 온천동 502-3,4,,,,,,,
올젠,부산광역시 동래구 온천동 502-3,5,,,,,,,
올젠,부산광역시 동래구 온천동 502-3,6,,,,,,,
올킬,부산광역시 금정구 장전동 293-126,0,11:00,22:30,,,,,
올킬,부산광역시 금정구 장전동 293-126,1,11:00,22:30,,,,,
올킬,부산광역시 금정구 장전동 293-126,2,11:00,22:30,,,,,
올킬,부산광역시 금정구 장전동 293-126,3,11:00,22:30,,,,,
올킬,부산광역시 금정구 장전동 293-126,4,11:00,22:30,,,,,
올킬,부산광역시 금정구 장전동 293-126,5,11:00,22:30,,,,,
올킬,부산광역시 금정구 장전동 293-126,6,11:00,22:30,,,,,
옷가게,부산광역시 금정구 구서동 258-3,0,,,,,,,
옷가게,부산광역시 금정구 구서동 258-3,1,,,,,,,
옷가게,부산광역시 금정구 구서동 258-3,2,,,,,,,
옷가게,부산광역시 금정구 구서동 258-3,3,,,,,,,
옷가게,부산광역시 금정구 구서동 258-3,4,,,,,,,
옷가게,부산광역시 금정구 구서동 258-3,5,,,,,,,
옷가게,부산광역시 금정구 구서동 258-3,6,,,,,,,
옷가게,부산광역시 동래구 온천동 145-20,0,,,,,,,
옷가게,부산광역시 동래구 온천동 145-20,1,,,,,,,
옷가게,부산광역시 동래구 온천동 145-20,2,,,,,,,
옷가게,부산광역시 동래구 온천동 145-20,3,,,,,,,
옷가게,부산광역시 동래구 온천동 145-20,4,,,,,,,
옷가게,부산광역시 동래구 온천동 145-20,5,,,,,,,
옷가게,부산광역시 동래구 온천동 145-20,6,,,,,,,
옷짱,부산광역시 금정구 장전동 304-5,0,,,,,,,
옷짱,부산광역시 금정구 장전동 304-5,1,,,,,,,
옷짱,부산광역시 금정구 장전동 304-5,2,,,,,,,
옷짱,부산광역시 금정구 장전동 304-5,3,,,,,,,
옷짱,부산광역시 금정구 장전동 304-5,4,,,,,,,
옷짱,부산광역시 금정구 장전동 304-5,5,,,,,,,
옷짱,부산광역시 금정구 장전동 304-5,6,,,,,,,
와우와우,부산광역시 금정구 장전동 316-1,0,,,,,,,
와우와우,부산광역시 금정구 장전동 316-1,1,,,,,,,
와우와우,부산광역시 금정구 장전동 316-1,2,,,,,,,
와우와우,부산광역시 금정구 장전동 316-1,3,,,,,,,
와우와우,부산광역시 금정구 장전동 316-1,4,,,,,,,
와우와우,부산광역시 금정구 장전동 316-1,5,,,,,,,
와우와우,부산광역시 금정구 장전동 316-1,6,,,,,,,
와이드앵글,부산광역시 동래구 온천동 502-3,0,,,,,,,
와이드앵글,부산광역시 동래구 온천동 502-3,1,,,,,,,
와이드앵글,부산광역시 동래구 온천동 502-3,2,,,,,,,
와이드앵글,부산광역시 동래구 온천동 502-3,3,,,,,,,
와이드앵글,부산광역시 동래구 온천동 502-3,4,,,,,,,
와이드앵글,부산광역시 동래구 온천동 502-3,5,,,,,,,
와이드앵글,부산광역시 동래구 온천동 502-3,6,,,,,,,
와이드앵글롯데 동래점,부산광역시 동래구 온천동 502-3,0,,,,,,,
와이드앵글롯데 동래점,부산광역시 동래구 온천동 502-3,1,,,,,,,
와이드앵글롯데 동래점,부산광역시 동래구 온천동 502-3,2,,,,,,,
와이드앵글롯데 동래점,부산광역시 동래구 온천동 502-3,3,,,,,,,
와이드앵글롯데 동래점,부산광역시 동래구 온천동 502-3,4,,,,,,,
와이드앵글롯데 동래점,부산광역시 동래구 온천동 502-3,5,,,,,,,
와이드앵글롯데 동래점,부산광역시 동래구 온천동 502-3,6,,,,,,,
와이스포츠카드,부산광역시 금정구 장전동 643-117,0,,,,,,,
와이스포츠카드,부산광역시 금정구 장전동 643-117,1,,,,,,,
와이스포츠카드,부산광역시 금정구 장전동 643-117,2,,,,,,,
와이스포츠카드,부산광역시 금정구 장전동 643-117,3,,,,,,,
와이스포츠카드,부산광역시 금정구 장전동 643-117,4,,,,,,,
와이스포츠카드,부산광역시 금정구 장전동 643-117,5,,,,,,,
와이스포츠카드,부산광역시 금정구 장전동 643-117,6,,,,,,,
와이컨셉,부산광역시 동래구 온천동 502-3,0,,,,,,,
와이컨셉,부산광역시 동래구 온천동 502-3,1,,,,,,,
와이컨셉,부산광역시 동래구 온천동 502-3,2,,,,,,,
와이컨셉,부산광역시 동래구 온천동 502-3,3,,,,,,,
와이컨셉,부산광역시 동래구 온천동 502-3,4,,,,,,,
와이컨셉,부산광역시 동래구 온천동 502-3,5,,,,,,,
와이컨셉,부산광역시 동래구 온천동 502-3,6,,,,,,,
용주불교용품,부산광역시 동래구 온천동 182-3,0,,,,,,,
용주불교용품,부산광역시 동래구 온천동 182-3,1,,,,,,,
용주불교용품,부산광역시 동래구 온천동 182-3,2,,,,,,,
용주불교용품,부산광역시 동래구 온천동 182-3,3,,,,,,,
용주불교용품,부산광역시 동래구 온천동 182-3,4,,,,,,,
용주불교용품,부산광역시 동래구 온천동 182-3,5,,,,,,,
용주불교용품,부산광역시 동래구 온천동 182-3,6,,,,,,,
우리나라,부산광역시 금정구 장전동 293-13,0,,,,,,,
우리나라,부산광역시 금정구 장전동 293-13,1,,,,,,,
우리나라,부산광역시 금정구 장전동 293-13,2,,,,,,,
우리나라,부산광역시 금정구 장전동 293-13,3,,,,,,,
우리나라,부산광역시 금정구 장전동 293-13,4,,,,,,,
우리나라,부산광역시 금정구 장전동 293-13,5,,,,,,,
우리나라,부산광역시 금정구 장전동 293-13,6,,,,,,,
우성비즈공예,부산광역시 금정구 부곡동 305-7,0,,,,,,,
우성비즈공예,부산광역시 금정구 부곡동 305-7,1,,,,,,,
우성비즈공예,부산광역시 금정구 부곡동 305-7,2,,,,,,,
우성비즈공예,부산광역시 금정구 부곡동 305-7,3,,,,,,,
우성비즈공예,부산광역시 금정구 부곡동 305-7,4,,,,,,,
우성비즈공예,부산광역시 금정구 부곡동 305-7,5,,,,,,,
우성비즈공예,부산광역시 금정구 부곡동 305-7,6,,,,,,,
우아미,부산광역시 금정구 구서동 87-9,0,,,,,,,
우아미,부산광역시 금정구 구서동 87-9,1,,,,,,,
우아미,부산광역시 금정구 구서동 87-9,2,,,,,,,
우아미,부산광역시 금정구 구서동 87-9,3,,,,,,,
우아미,부산광역시 금정구 구서동 87-9,4,,,,,,,
우아미,부산광역시 금정구 구서동 87-9,5,,,,,,,
우아미,부산광역시 금정구 구서동 87-9,6,,,,,,,
욱브로,부산광역시 금정구 장전동 312-24,0,,,,,,,
욱브로,부산광역시 금정구 장전동 312-24,1,,,,,,,
욱브로,부산광역시 금정구 장전동 312-24,2,,,,,,,
욱브로,부산광역시 금정구 장전동 312-24,3,,,,,,,
욱브로,부산광역시 금정구 장전동 312-24,4,,,,,,,
욱브로,부산광역시 금정구 장전동 312-24,5,,,,,,,
욱브로,부산광역시 금정구 장전동 312-24,6,,,,,,,
움,부산광역시 금정구 구서동 87-9,0,,,,,,,
움,부산광역시 금정구 구서동 87-9,1,,,,,,,
움,부산광역시 금정구 구서동 87-9,2,,,,,,,
움,부산광역시 금정구 구서동 87-9,3,,,,,,,
움,부산광역시 금정구 구서동 87-9,4,,,,,,,
움,부산광역시 금정구 구서동 87-9,5,,,,,,,
움,부산광역시 금정구 구서동 87-9,6,,,,,,,
워시더머니,부산광역시 금정구 장전동 312-7,0,14:00,20:00,,,,,일요일 유동적 휴무
워시더머니,부산광역시 금정구 장전동 312-7,1,14:00,20:00,,,,,
워시더머니,부산광역시 금정구 장전동 312-7,2,14:00,20:00,,,,,
워시더머니,부산광역시 금정구 장전동 312-7,3,14:00,20:00,,,,,
워시더머니,부산광역시 금정구 장전동 312-7,4,14:00,20:00,,,,,
워시더머니,부산광역시 금정구 장전동 312-7,5,14:00,20:00,,,,,
워시더머니,부산광역시 금정구 장전동 312-7,6,14:00,20:00,,,,,
원종사승복집,부산광역시 동래구 온천동 1277-1,0,,,,,,,
원종사승복집,부산광역시 동래구 온천동 1277-1,1,,,,,,,
원종사승복집,부산광역시 동래구 온천동 1277-1,2,,,,,,,
원종사승복집,부산광역시 동래구 온천동 1277-1,3,,,,,,,
원종사승복집,부산광역시 동래구 온천동 1277-1,4,,,,,,,
원종사승복집,부산광역시 동래구 온천동 1277-1,5,,,,,,,
원종사승복집,부산광역시 동래구 온천동 1277-1,6,,,,,,,
웨일즈,부산광역시 금정구 장전동 305-8,0,,,,,,,
웨일즈,부산광역시 금정구 장전동 305-8,1,,,,,,,
웨일즈,부산광역시 금정구 장전동 305-8,2,,,,,,,
웨일즈,부산광역시 금정구 장전동 305-8,3,,,,,,,
웨일즈,부산광역시 금정구 장전동 305-8,4,,,,,,,
웨일즈,부산광역시 금정구 장전동 305-8,5,,,,,,,
웨일즈,부산광역시 금정구 장전동 305-8,6,,,,,,,
위드,부산광역시 금정구 장전동 302-22,0,,,,,,,
위드,부산광역시 금정구 장전동 302-22,1,,,,,,,
위드,부산광역시 금정구 장전동 302-22,2,,,,,,,
위드,부산광역시 금정구 장전동 302-22,3,,,,,,,
위드,부산광역시 금정구 장전동 302-22,4,,,,,,,
위드,부산광역시 금정구 장전동 302-22,5,,,,,,,
위드,부산광역시 금정구 장전동 302-22,6,,,,,,,
위라이크 부산대점,부산광역시 금정구 장전동 40,0,,,,,,,
위라이크 부산대점,부산광역시 금정구 장전동 40,1,,,,,,,
위라이크 부산대점,부산광역시 금정구 장전동 40,2,,,,,,,
위라이크 부산대점,부산광역시 금정구 장전동 40,3,,,,,,,
위라이크 부산대점,부산광역시 금정구 장전동 40,4,,,,,,,
위라이크 부산대점,부산광역시 금정구 장전동 40,5,,,,,,,
위라이크 부산대점,부산광역시 금정구 장전동 40,6,,,,,,,
위즈글로벌,부산광역시 동래구 온천동 751-13,0,,,,,,,
위즈글로벌,부산광역시 동래구 온천동 751-13,1,,,,,,,
위즈글로벌,부산광역시 동래구 온천동 751-13,2,,,,,,,
위즈글로벌,부산광역시 동래구 온천동 751-13,3,,,,,,,
위즈글로벌,부산광역시 동래구 온천동 751-13,4,,,,,,,
위즈글로벌,부산광역시 동래구 온천동 751-13,5,,,,,,,
위즈글로벌,부산광역시 동래구 온천동 751-13,6,,,,,,,
위즈유,부산광역시 금정구 부곡동 60-1,0,,,,,,,
위즈유,부산광역시 금정구 부곡동 60-1,1,,,,,,,
위즈유,부산광역시 금정구 부곡동 60-1,2,,,,,,,
위즈유,부산광역시 금정구 부곡동 60-1,3,,,,,,,
위즈유,부산광역시 금정구 부곡동 60-1,4,,,,,,,
위즈유,부산광역시 금정구 부곡동 60-1,5,,,,,,,
위즈유,부산광역시 금정구 부곡동 60-1,6,,,,,,,
유니온,부산광역시 동래구 온천동 1465-28,0,,,,,,,
유니온,부산광역시 동래구 온천동 1465-28,1,,,,,,,
유니온,부산광역시 동래구 온천동 1465-28,2,,,,,,,
유니온,부산광역시 동래구 온천동 1465-28,3,,,,,,,
유니온,부산광역시 동래구 온천동 1465-28,4,,,,,,,
유니온,부산광역시 동래구 온천동 1465-28,5,,,,,,,
유니온,부산광역시 동래구 온천동 1465-28,6,,,,,,,
유닛,부산광역시 동래구 온천동 502-3,0,,,,,,,
유닛,부산광역시 동래구 온천동 502-3,1,,,,,,,
유닛,부산광역시 동래구 온천동 502-3,2,,,,,,,
유닛,부산광역시 동래구 온천동 502-3,3,,,,,,,
유닛,부산광역시 동래구 온천동 502-3,4,,,,,,,
유닛,부산광역시 동래구 온천동 502-3,5,,,,,,,
유닛,부산광역시 동래구 온천동 502-3,6,,,,,,,
유로코스메틱,부산광역시 동래구 온천동 1246-21,0,,,,,,,
유로코스메틱,부산광역시 동래구 온천동 1246-21,1,,,,,,,
유로코스메틱,부산광역시 동래구 온천동 1246-21,2,,,,,,,
유로코스메틱,부산광역시 동래구 온천동 1246-21,3,,,,,,,
유로코스메틱,부산광역시 동래구 온천동 1246-21,4,,,,,,,
유로코스메틱,부산광역시 동래구 온천동 1246-21,5,,,,,,,
유로코스메틱,부산광역시 동래구 온천동 1246-21,6,,,,,,,
유솔,부산광역시 금정구 장전동 40,0,,,,,,,
유솔,부산광역시 금정구 장전동 40,1,,,,,,,
유솔,부산광역시 금정구 장전동 40,2,,,,,,,
유솔,부산광역시 금정구 장전동 40,3,,,,,,,
유솔,부산광역시 금정구 장전동 40,4,,,,,,,
유솔,부산광역시 금정구 장전동 40,5,,,,,,,
유솔,부산광역시 금정구 장전동 40,6,,,,,,,
유씨엘에이,부산광역시 동래구 온천동 502-3,0,,,,,,,
유씨엘에이,부산광역시 동래구 온천동 502-3,1,,,,,,,
유씨엘에이,부산광역시 동래구 온천동 502-3,2,,,,,,,
유씨엘에이,부산광역시 동래구 온천동 502-3,3,,,,,,,
유씨엘에이,부산광역시 동래구 온천동 502-3,4,,,,,,,
유씨엘에이,부산광역시 동래구 온천동 502-3,5,,,,,,,
유씨엘에이,부산광역시 동래구 온천동 502-3,6,,,,,,,
유앤큐,부산광역시 금정구 장전동 423-17,0,,,,,,,
유앤큐,부산광역시 금정구 장전동 423-17,1,,,,,,,
유앤큐,부산광역시 금정구 장전동 423-17,2,,,,,,,
유앤큐,부산광역시 금정구 장전동 423-17,3,,,,,,,
유앤큐,부산광역시 금정구 장전동 423-17,4,,,,,,,
유앤큐,부산광역시 금정구 장전동 423-17,5,,,,,,,
유앤큐,부산광역시 금정구 장전동 423-17,6,,,,,,,
유얼샵,부산광역시 금정구 장전동 222-41,0,,,,,,,
유얼샵,부산광역시 금정구 장전동 222-41,1,,,,,,,
유얼샵,부산광역시 금정구 장전동 222-41,2,,,,,,,
유얼샵,부산광역시 금정구 장전동 222-41,3,,,,,,,
유얼샵,부산광역시 금정구 장전동 222-41,4,,,,,,,
유얼샵,부산광역시 금정구 장전동 222-41,5,,,,,,,
유얼샵,부산광역시 금정구 장전동 222-41,6,,,,,,,
유원,부산광역시 금정구 구서동 319-6,0,,,,,,,
유원,부산광역시 금정구 구서동 319-6,1,,,,,,,
유원,부산광역시 금정구 구서동 319-6,2,,,,,,,
유원,부산광역시 금정구 구서동 319-6,3,,,,,,,
유원,부산광역시 금정구 구서동 319-6,4,,,,,,,
유원,부산광역시 금정구 구서동 319-6,5,,,,,,,
유원,부산광역시 금정구 구서동 319-6,6,,,,,,,
유이즈,부산광역시 금정구 장전동 293-196,0,,,,,,,
유이즈,부산광역시 금정구 장전동 293-196,1,,,,,,,
유이즈,부산광역시 금정구 장전동 293-196,2,,,,,,,
유이즈,부산광역시 금정구 장전동 293-196,3,,,,,,,
유이즈,부산광역시 금정구 장전동 293-196,4,,,,,,,
유이즈,부산광역시 금정구 장전동 293-196,5,,,,,,,
유이즈,부산광역시 금정구 장전동 293-196,6,,,,,,,
유지로,부산광역시 금정구 장전동 416-26,0,,,,,,,
유지로,부산광역시 금정구 장전동 416-26,1,,,,,,,
유지로,부산광역시 금정구 장전동 416-26,2,,,,,,,
유지로,부산광역시 금정구 장전동 416-26,3,,,,,,,
유지로,부산광역시 금정구 장전동 416-26,4,,,,,,,
유지로,부산광역시 금정구 장전동 416-26,5,,,,,,,
유지로,부산광역시 금정구 장전동 416-26,6,,,,,,,
유타 부산금정점,부산광역시 금정구 부곡동 225-34,0,,,,,,,
유타 부산금정점,부산광역시 금정구 부곡동 225-34,1,,,,,,,
유타 부산금정점,부산광역시 금정구 부곡동 225-34,2,,,,,,,
유타 부산금정점,부산광역시 금정구 부곡동 225-34,3,,,,,,,
유타 부산금정점,부산광역시 금정구 부곡동 225-34,4,,,,,,,
유타 부산금정점,부산광역시 금정구 부곡동 225-34,5,,,,,,,
유타 부산금정점,부산광역시 금정구 부곡동 225-34,6,,,,,,,
윤그림글씨,부산광역시 금정구 부곡동 296-62,0,,,,,,,
윤그림글씨,부산광역시 금정구 부곡동 296-62,1,,,,,,,
윤그림글씨,부산광역시 금정구 부곡동 296-62,2,,,,,,,
윤그림글씨,부산광역시 금정구 부곡동 296-62,3,,,,,,,
윤그림글씨,부산광역시 금정구 부곡동 296-62,4,,,,,,,
윤그림글씨,부산광역시 금정구 부곡동 296-62,5,,,,,,,
윤그림글씨,부산광역시 금정구 부곡동 296-62,6,,,,,,,
윤뜨,부산광역시 금정구 장전동 423-53,0,,,,,,,
윤뜨,부산광역시 금정구 장전동 423-53,1,,,,,,,
윤뜨,부산광역시 금정구 장전동 423-53,2,,,,,,,
윤뜨,부산광역시 금정구 장전동 423-53,3,,,,,,,
윤뜨,부산광역시 금정구 장전동 423-53,4,,,,,,,
윤뜨,부산광역시 금정구 장전동 423-53,5,,,,,,,
윤뜨,부산광역시 금정구 장전동 423-53,6,,,,,,,
음파음파,부산광역시 금정구 구서동 420-23,0,,,,,,,
음파음파,부산광역시 금정구 구서동 420-23,1,,,,,,,
음파음파,부산광역시 금정구 구서동 420-23,2,,,,,,,
음파음파,부산광역시 금정구 구서동 420-23,3,,,,,,,
음파음파,부산광역시 금정구 구서동 420-23,4,,,,,,,
음파음파,부산광역시 금정구 구서동 420-23,5,,,,,,,
음파음파,부산광역시 금정구 구서동 420-23,6,,,,,,,
이니스프리 부산대점,부산광역시 금정구 장전동 305-3,0,,,,,,,
이니스프리 부산대점,부산광역시 금정구 장전동 305-3,1,,,,,,,
이니스프리 부산대점,부산광역시 금정구 장전동 305-3,2,,,,,,,
이니스프리 부산대점,부산광역시 금정구 장전동 305-3,3,,,,,,,
이니스프리 부산대점,부산광역시 금정구 장전동 305-3,4,,,,,,,
이니스프리 부산대점,부산광역시 금정구 장전동 305-3,5,,,,,,,
이니스프리 부산대점,부산광역시 금정구 장전동 305-3,6,,,,,,,
이니스프리 이마트금정점,부산광역시 금정구 구서동 368,0,,,,,,,
이니스프리 이마트금정점,부산광역시 금정구 구서동 368,1,,,,,,,
이니스프리 이마트금정점,부산광역시 금정구 구서동 368,2,,,,,,,
이니스프리 이마트금정점,부산광역시 금정구 구서동 368,3,,,,,,,
이니스프리 이마트금정점,부산광역시 금정구 구서동 368,4,,,,,,,
이니스프리 이마트금정점,부산광역시 금정구 구서동 368,5,,,,,,,
이니스프리 이마트금정점,부산광역시 금정구 구서동 368,6,,,,,,,
이니스프리동래점 롯데마트,부산광역시 동래구 온천동 502-3,0,,,,,,,
이니스프리동래점 롯데마트,부산광역시 동래구 온천동 502-3,1,,,,,,,
이니스프리동래점 롯데마트,부산광역시 동래구 온천동 502-3,2,,,,,,,
이니스프리동래점 롯데마트,부산광역시 동래구 온천동 502-3,3,,,,,,,
이니스프리동래점 롯데마트,부산광역시 동래구 온천동 502-3,4,,,,,,,
이니스프리동래점 롯데마트,부산광역시 동래구 온천동 502-3,5,,,,,,,
이니스프리동래점 롯데마트,부산광역시 동래구 온천동 502-3,6,,,,,,,
이니스프리메가마트 동래점,부산광역시 동래구 명륜동 506-3,0,,,,,,,
이니스프리메가마트 동래점,부산광역시 동래구 명륜동 506-3,1,,,,,,,
이니스프리메가마트 동래점,부산광역시 동래구 명륜동 506-3,2,,,,,,,
이니스프리메가마트 동래점,부산광역시 동래구 명륜동 506-3,3,,,,,,,
이니스프리메가마트 동래점,부산광역시 동래구 명륜동 506-3,4,,,,,,,
이니스프리메가마트 동래점,부산광역시 동래구 명륜동 506-3,5,,,,,,,
이니스프리메가마트 동래점,부산광역시 동래구 명륜동 506-3,6,,,,,,,
이더무역,부산광역시 동래구 온천동 1435-27,0,,,,,,,
이더무역,부산광역시 동래구 온천동 1435-27,1,,,,,,,
이더무역,부산광역시 동래구 온천동 1435-27,2,,,,,,,
이더무역,부산광역시 동래구 온천동 1435-27,3,,,,,,,
이더무역,부산광역시 동래구 온천동 1435-27,4,,,,,,,
이더무역,부산광역시 동래구 온천동 1435-27,5,,,,,,,
이더무역,부산광역시 동래구 온천동 1435-27,6,,,,,,,
이도양품,부산광역시 동래구 온천동 707,0,,,,,,,
이도양품,부산광역시 동래구 온천동 707,1,,,,,,,
이도양품,부산광역시 동래구 온천동 707,2,,,,,,,
이도양품,부산광역시 동래구 온천동 707,3,,,,,,,
이도양품,부산광역시 동래구 온천동 707,4,,,,,,,
이도양품,부산광역시 동래구 온천동 707,5,,,,,,,
이도양품,부산광역시 동래구 온천동 707,6,,,,,,,
이마트금정 아모레,부산광역시 금정구 구서동 368,0,,,,,,,
이마트금정 아모레,부산광역시 금정구 구서동 368,1,,,,,,,
이마트금정 아모레,부산광역시 금정구 구서동 368,2,,,,,,,
이마트금정 아모레,부산광역시 금정구 구서동 368,3,,,,,,,
이마트금정 아모레,부산광역시 금정구 구서동 368,4,,,,,,,
이마트금정 아모레,부산광역시 금정구 구서동 368,5,,,,,,,
이마트금정 아모레,부산광역시 금정구 구서동 368,6,,,,,,,
이바,부산광역시 금정구 장전동 315-8,0,,,,,,,
이바,부산광역시 금정구 장전동 315-8,1,,,,,,,
이바,부산광역시 금정구 장전동 315-8,2,,,,,,,
이바,부산광역시 금정구 장전동 315-8,3,,,,,,,
이바,부산광역시 금정구 장전동 315-8,4,,,,,,,
이바,부산광역시 금정구 장전동 315-8,5,,,,,,,
이바,부산광역시 금정구 장전동 315-8,6,,,,,,,
이새,부산광역시 동래구 온천동 502-3,0,,,,,,,
이새,부산광역시 동래구 온천동 502-3,1,,,,,,,
이새,부산광역시 동래구 온천동 502-3,2,,,,,,,
이새,부산광역시 동래구 온천동 502-3,3,,,,,,,
이새,부산광역시 동래구 온천동 502-3,4,,,,,,,
이새,부산광역시 동래구 온천동 502-3,5,,,,,,,
이새,부산광역시 동래구 온천동 502-3,6,,,,,,,
이센치,부산광역시 금정구 장전동 342-11,0,,,,,,,
이센치,부산광역시 금정구 장전동 342-11,1,,,,,,,
이센치,부산광역시 금정구 장전동 342-11,2,,,,,,,
이센치,부산광역시 금정구 장전동 342-11,3,,,,,,,
이센치,부산광역시 금정구 장전동 342-11,4,,,,,,,
이센치,부산광역시 금정구 장전동 342-11,5,,,,,,,
이센치,부산광역시 금정구 장전동 342-11,6,,,,,,,
이소,부산광역시 금정구 장전동 391-10,0,,,,,,,
이소,부산광역시 금정구 장전동 391-10,1,,,,,,,
이소,부산광역시 금정구 장전동 391-10,2,,,,,,,
이소,부산광역시 금정구 장전동 391-10,3,,,,,,,
이소,부산광역시 금정구 장전동 391-10,4,,,,,,,
이소,부산광역시 금정구 장전동 391-10,5,,,,,,,
이소,부산광역시 금정구 장전동 391-10,6,,,,,,,
이즈멜본,부산광역시 금정구 장전동 40,0,,,,,,,
이즈멜본,부산광역시 금정구 장전동 40,1,,,,,,,
이즈멜본,부산광역시 금정구 장전동 40,2,,,,,,,
이즈멜본,부산광역시 금정구 장전동 40,3,,,,,,,
이즈멜본,부산광역시 금정구 장전동 40,4,,,,,,,
이즈멜본,부산광역시 금정구 장전동 40,5,,,,,,,
이즈멜본,부산광역시 금정구 장전동 40,6,,,,,,,
이클로,부산광역시 금정구 구서동 230-1,0,,,,,,,
이클로,부산광역시 금정구 구서동 230-1,1,,,,,,,
이클로,부산광역시 금정구 구서동 230-1,2,,,,,,,
이클로,부산광역시 금정구 구서동 230-1,3,,,,,,,
이클로,부산광역시 금정구 구서동 230-1,4,,,,,,,
이클로,부산광역시 금정구 구서동 230-1,5,,,,,,,
이클로,부산광역시 금정구 구서동 230-1,6,,,,,,,
인경클래식도감,부산광역시 금정구 구서동 490-19,0,,,,,,,
인경클래식도감,부산광역시 금정구 구서동 490-19,1,,,,,,,
인경클래식도감,부산광역시 금정구 구서동 490-19,2,,,,,,,
인경클래식도감,부산광역시 금정구 구서동 490-19,3,,,,,,,
인경클래식도감,부산광역시 금정구 구서동 490-19,4,,,,,,,
인경클래식도감,부산광역시 금정구 구서동 490-19,5,,,,,,,
인경클래식도감,부산광역시 금정구 구서동 490-19,6,,,,,,,
인디고뱅크,부산광역시 금정구 장전동 40,0,,,,,,,
인디고뱅크,부산광역시 금정구 장전동 40,1,,,,,,,
인디고뱅크,부산광역시 금정구 장전동 40,2,,,,,,,
인디고뱅크,부산광역시 금정구 장전동 40,3,,,,,,,
인디고뱅크,부산광역시 금정구 장전동 40,4,,,,,,,
인디고뱅크,부산광역시 금정구 장전동 40,5,,,,,,,
인디고뱅크,부산광역시 금정구 장전동 40,6,,,,,,,
인디고뱅크키즈 부산대점,부산광역시 금정구 장전동 40,0,,,,,,,
인디고뱅크키즈 부산대점,부산광역시 금정구 장전동 40,1,,,,,,,
인디고뱅크키즈 부산대점,부산광역시 금정구 장전동 40,2,,,,,,,
인디고뱅크키즈 부산대점,부산광역시 금정구 장전동 40,3,,,,,,,
인디고뱅크키즈 부산대점,부산광역시 금정구 장전동 40,4,,,,,,,
인디고뱅크키즈 부산대점,부산광역시 금정구 장전동 40,5,,,,,,,
인디고뱅크키즈 부산대점,부산광역시 금정구 장전동 40,6,,,,,,,
인디안,부산광역시 동래구 온천동 502-3,0,,,,,,,
인디안,부산광역시 동래구 온천동 502-3,1,,,,,,,
인디안,부산광역시 동래구 온천동 502-3,2,,,,,,,
인디안,부산광역시 동래구 온천동 502-3,3,,,,,,,
인디안,부산광역시 동래구 온천동 502-3,4,,,,,,,
인디안,부산광역시 동래구 온천동 502-3,5,,,,,,,
인디안,부산광역시 동래구 온천동 502-3,6,,,,,,,
인디에프테이트,부산광역시 금정구 장전동 40,0,,,,,,,
인디에프테이트,부산광역시 금정구 장전동 40,1,,,,,,,
인디에프테이트,부산광역시 금정구 장전동 40,2,,,,,,,
인디에프테이트,부산광역시 금정구 장전동 40,3,,,,,,,
인디에프테이트,부산광역시 금정구 장전동 40,4,,,,,,,
인디에프테이트,부산광역시 금정구 장전동 40,5,,,,,,,
인디에프테이트,부산광역시 금정구 장전동 40,6,,,,,,,
인터크루 부산대NC,부산광역시 금정구 장전동 40,0,,,,,,,
인터크루 부산대NC,부산광역시 금정구 장전동 40,1,,,,,,,
인터크루 부산대NC,부산광역시 금정구 장전동 40,2,,,,,,,
인터크루 부산대NC,부산광역시 금정구 장전동 40,3,,,,,,,
인터크루 부산대NC,부산광역시 금정구 장전동 40,4,,,,,,,
인터크루 부산대NC,부산광역시 금정구 장전동 40,5,,,,,,,
인터크루 부산대NC,부산광역시 금정구 장전동 40,6,,,,,,,
일로딜로 부산대NC백화점,부산광역시 금정구 장전동 40,0,,,,,,,
일로딜로 부산대NC백화점,부산광역시 금정구 장전동 40,1,,,,,,,
일로딜로 부산대NC백화점,부산광역시 금정구 장전동 40,2,,,,,,,
일로딜로 부산대NC백화점,부산광역시 금정구 장전동 40,3,,,,,,,
일로딜로 부산대NC백화점,부산광역시 금정구 장전동 40,4,,,,,,,
일로딜로 부산대NC백화점,부산광역시 금정구 장전동 40,5,,,,,,,
일로딜로 부산대NC백화점,부산광역시 금정구 장전동 40,6,,,,,,,
입다샵,부산광역시 금정구 장전동 421-7,0,,,,,,,
입다샵,부산광역시 금정구 장전동 421-7,1,,,,,,,
입다샵,부산광역시 금정구 장전동 421-7,2,,,,,,,
입다샵,부산광역시 금정구 장전동 421-7,3,,,,,,,
입다샵,부산광역시 금정구 장전동 421-7,4,,,,,,,
입다샵,부산광역시 금정구 장전동 421-7,5,,,,,,,
입다샵,부산광역시 금정구 장전동 421-7,6,,,,,,,
잇미샤,부산광역시 동래구 온천동 502-3,0,,,,,,,
잇미샤,부산광역시 동래구 온천동 502-3,1,,,,,,,
잇미샤,부산광역시 동래구 온천동 502-3,2,,,,,,,
잇미샤,부산광역시 동래구 온천동 502-3,3,,,,,,,
잇미샤,부산광역시 동래구 온천동 502-3,4,,,,,,,
잇미샤,부산광역시 동래구 온천동 502-3,5,,,,,,,
잇미샤,부산광역시 동래구 온천동 502-3,6,,,,,,,
잇이즈,부산광역시 금정구 장전동 312-20,0,,,,,,,
잇이즈,부산광역시 금정구 장전동 312-20,1,,,,,,,
잇이즈,부산광역시 금정구 장전동 312-20,2,,,,,,,
잇이즈,부산광역시 금정구 장전동 312-20,3,,,,,,,
잇이즈,부산광역시 금정구 장전동 312-20,4,,,,,,,
잇이즈,부산광역시 금정구 장전동 312-20,5,,,,,,,
잇이즈,부산광역시 금정구 장전동 312-20,6,,,,,,,
잉크박사,부산광역시 동래구 온천동 724-2,0,,,,,,,
잉크박사,부산광역시 동래구 온천동 724-2,1,,,,,,,
잉크박사,부산광역시 동래구 온천동 724-2,2,,,,,,,
잉크박사,부산광역시 동래구 온천동 724-2,3,,,,,,,
잉크박사,부산광역시 동래구 온천동 724-2,4,,,,,,,
잉크박사,부산광역시 동래구 온천동 724-2,5,,,,,,,
잉크박사,부산광역시 동래구 온천동 724-2,6,,,,,,,
자연미인,부산광역시 동래구 명륜동 401-12,0,,,,,,,
자연미인,부산광역시 동래구 명륜동 401-12,1,,,,,,,
자연미인,부산광역시 동래구 명륜동 401-12,2,,,,,,,
자연미인,부산광역시 동래구 명륜동 401-12,3,,,,,,,
자연미인,부산광역시 동래구 명륜동 401-12,4,,,,,,,
자연미인,부산광역시 동래구 명륜동 401-12,5,,,,,,,
자연미인,부산광역시 동래구 명륜동 401-12,6,,,,,,,
자영상사,부산광역시 동래구 온천동 502-3,0,,,,,,,
자영상사,부산광역시 동래구 온천동 502-3,1,,,,,,,
자영상사,부산광역시 동래구 온천동 502-3,2,,,,,,,
자영상사,부산광역시 동래구 온천동 502-3,3,,,,,,,
자영상사,부산광역시 동래구 온천동 502-3,4,,,,,,,
자영상사,부산광역시 동래구 온천동 502-3,5,,,,,,,
자영상사,부산광역시 동래구 온천동 502-3,6,,,,,,,
자은인셀덤,부산광역시 금정구 구서동 816-6,0,,,,,,TRUE,
자은인셀덤,부산광역시 금정구 구서동 816-6,1,10:00,18:00,,,,,
자은인셀덤,부산광역시 금정구 구서동 816-6,2,10:00,18:00,,,,,
자은인셀덤,부산광역시 금정구 구서동 816-6,3,10:00,18:00,,,,,
자은인셀덤,부산광역시 금정구 구서동 816-6,4,10:00,18:00,,,,,
자은인셀덤,부산광역시 금정구 구서동 816-6,5,10:00,18:00,,,,,
자은인셀덤,부산광역시 금정구 구서동 816-6,6,10:00,18:00,,,,,
장난감소매업,부산광역시 동래구 온천동 141-5,0,,,,,,,
장난감소매업,부산광역시 동래구 온천동 141-5,1,,,,,,,
장난감소매업,부산광역시 동래구 온천동 141-5,2,,,,,,,
장난감소매업,부산광역시 동래구 온천동 141-5,3,,,,,,,
장난감소매업,부산광역시 동래구 온천동 141-5,4,,,,,,,
장난감소매업,부산광역시 동래구 온천동 141-5,5,,,,,,,
장난감소매업,부산광역시 동래구 온천동 141-5,6,,,,,,,
장미,부산광역시 동래구 온천동 707,0,,,,,,,
장미,부산광역시 동래구 온천동 707,1,,,,,,,
장미,부산광역시 동래구 온천동 707,2,,,,,,,
장미,부산광역시 동래구 온천동 707,3,,,,,,,
장미,부산광역시 동래구 온천동 707,4,,,,,,,
장미,부산광역시 동래구 온천동 707,5,,,,,,,
장미,부산광역시 동래구 온천동 707,6,,,,,,,
장전 백화점,부산광역시 금정구 장전동 158-21,0,12:30,20:30,,,,,
장전 백화점,부산광역시 금정구 장전동 158-21,1,12:30,20:30,,,,,
장전 백화점,부산광역시 금정구 장전동 158-21,2,12:30,20:30,,,,,
장전 백화점,부산광역시 금정구 장전동 158-21,3,12:30,20:30,,,,,
장전 백화점,부산광역시 금정구 장전동 158-21,4,12:30,20:30,,,,,
장전 백화점,부산광역시 금정구 장전동 158-21,5,12:30,20:30,,,,,
장전 백화점,부산광역시 금정구 장전동 158-21,6,12:30,20:30,,,,,
재윤아웃도어,부산광역시 동래구 온천동 502-3,0,,,,,,,
재윤아웃도어,부산광역시 동래구 온천동 502-3,1,,,,,,,
재윤아웃도어,부산광역시 동래구 온천동 502-3,2,,,,,,,
재윤아웃도어,부산광역시 동래구 온천동 502-3,3,,,,,,,
재윤아웃도어,부산광역시 동래구 온천동 502-3,4,,,,,,,
재윤아웃도어,부산광역시 동래구 온천동 502-3,5,,,,,,,
재윤아웃도어,부산광역시 동래구 온천동 502-3,6,,,,,,,
정상,부산광역시 금정구 장전동 40,0,,,,,,,
정상,부산광역시 금정구 장전동 40,1,,,,,,,
정상,부산광역시 금정구 장전동 40,2,,,,,,,
정상,부산광역시 금정구 장전동 40,3,,,,,,,
정상,부산광역시 금정구 장전동 40,4,,,,,,,
정상,부산광역시 금정구 장전동 40,5,,,,,,,
정상,부산광역시 금정구 장전동 40,6,,,,,,,
정아패션,부산광역시 금정구 구서동 192-5,0,,,,,,,
정아패션,부산광역시 금정구 구서동 192-5,1,,,,,,,
정아패션,부산광역시 금정구 구서동 192-5,2,,,,,,,
정아패션,부산광역시 금정구 구서동 192-5,3,,,,,,,
정아패션,부산광역시 금정구 구서동 192-5,4,,,,,,,
정아패션,부산광역시 금정구 구서동 192-5,5,,,,,,,
정아패션,부산광역시 금정구 구서동 192-5,6,,,,,,,
정혜숙,부산광역시 동래구 온천동 1750-1,0,,,,,,,
정혜숙,부산광역시 동래구 온천동 1750-1,1,,,,,,,
정혜숙,부산광역시 동래구 온천동 1750-1,2,,,,,,,
정혜숙,부산광역시 동래구 온천동 1750-1,3,,,,,,,
정혜숙,부산광역시 동래구 온천동 1750-1,4,,,,,,,
정혜숙,부산광역시 동래구 온천동 1750-1,5,,,,,,,
정혜숙,부산광역시 동래구 온천동 1750-1,6,,,,,,,
제네로이,부산광역시 금정구 장전동 293-14,0,,,,,,,
제네로이,부산광역시 금정구 장전동 293-14,1,,,,,,,
제네로이,부산광역시 금정구 장전동 293-14,2,,,,,,,
제네로이,부산광역시 금정구 장전동 293-14,3,,,,,,,
제네로이,부산광역시 금정구 장전동 293-14,4,,,,,,,
제네로이,부산광역시 금정구 장전동 293-14,5,,,,,,,
제네로이,부산광역시 금정구 장전동 293-14,6,,,,,,,
제노아트장전점,부산광역시 금정구 장전동 521-62,0,,,,,,,
제노아트장전점,부산광역시 금정구 장전동 521-62,1,,,,,,,
제노아트장전점,부산광역시 금정구 장전동 521-62,2,,,,,,,
제노아트장전점,부산광역시 금정구 장전동 521-62,3,,,,,,,
제노아트장전점,부산광역시 금정구 장전동 521-62,4,,,,,,,
제노아트장전점,부산광역시 금정구 장전동 521-62,5,,,,,,,
제노아트장전점,부산광역시 금정구 장전동 521-62,6,,,,,,,
제니마켓,부산광역시 금정구 장전동 293-14,0,,,,,,,
제니마켓,부산광역시 금정구 장전동 293-14,1,,,,,,,
제니마켓,부산광역시 금정구 장전동 293-14,2,,,,,,,
제니마켓,부산광역시 금정구 장전동 293-14,3,,,,,,,
제니마켓,부산광역시 금정구 장전동 293-14,4,,,,,,,
제니마켓,부산광역시 금정구 장전동 293-14,5,,,,,,,
제니마켓,부산광역시 금정구 장전동 293-14,6,,,,,,,
제옥스롯데동래,부산광역시 동래구 온천동 502-3,0,,,,,,,
제옥스롯데동래,부산광역시 동래구 온천동 502-3,1,,,,,,,
제옥스롯데동래,부산광역시 동래구 온천동 502-3,2,,,,,,,
제옥스롯데동래,부산광역시 동래구 온천동 502-3,3,,,,,,,
제옥스롯데동래,부산광역시 동래구 온천동 502-3,4,,,,,,,
제옥스롯데동래,부산광역시 동래구 온천동 502-3,5,,,,,,,
제옥스롯데동래,부산광역시 동래구 온천동 502-3,6,,,,,,,
제이드,부산광역시 금정구 부곡동 268-2,0,11:00,16:00,,,,,
제이드,부산광역시 금정구 부곡동 268-2,1,11:00,16:00,,,,,
제이드,부산광역시 금정구 부곡동 268-2,2,11:00,16:00,,,,,
제이드,부산광역시 금정구 부곡동 268-2,3,11:00,16:00,,,,,
제이드,부산광역시 금정구 부곡동 268-2,4,11:00,16:00,,,,,
제이드,부산광역시 금정구 부곡동 268-2,5,11:00,16:00,,,,,
제이드,부산광역시 금정구 부곡동 268-2,6,11:00,16:00,,,,,
제이드오로,부산광역시 동래구 명륜동 696-67,0,,,,,,,
제이드오로,부산광역시 동래구 명륜동 696-67,1,,,,,,,
제이드오로,부산광역시 동래구 명륜동 696-67,2,,,,,,,
제이드오로,부산광역시 동래구 명륜동 696-67,3,,,,,,,
제이드오로,부산광역시 동래구 명륜동 696-67,4,,,,,,,
제이드오로,부산광역시 동래구 명륜동 696-67,5,,,,,,,
제이드오로,부산광역시 동래구 명륜동 696-67,6,,,,,,,
제이빔 부산대점,부산광역시 금정구 장전동 40,0,,,,,,,
제이빔 부산대점,부산광역시 금정구 장전동 40,1,,,,,,,
제이빔 부산대점,부산광역시 금정구 장전동 40,2,,,,,,,
제이빔 부산대점,부산광역시 금정구 장전동 40,3,,,,,,,
제이빔 부산대점,부산광역시 금정구 장전동 40,4,,,,,,,
제이빔 부산대점,부산광역시 금정구 장전동 40,5,,,,,,,
제이빔 부산대점,부산광역시 금정구 장전동 40,6,,,,,,,
제이에스뉴욕,부산광역시 동래구 온천동 153-8,0,,,,,,,
제이에스뉴욕,부산광역시 동래구 온천동 153-8,1,,,,,,,
제이에스뉴욕,부산광역시 동래구 온천동 153-8,2,,,,,,,
제이에스뉴욕,부산광역시 동래구 온천동 153-8,3,,,,,,,
제이에스뉴욕,부산광역시 동래구 온천동 153-8,4,,,,,,,
제이에스뉴욕,부산광역시 동래구 온천동 153-8,5,,,,,,,
제이에스뉴욕,부산광역시 동래구 온천동 153-8,6,,,,,,,
제이제이지고트롯데 동래점,부산광역시 동래구 온천동 502-3,0,,,,,,,
제이제이지고트롯데 동래점,부산광역시 동래구 온천동 502-3,1,,,,,,,
제이제이지고트롯데 동래점,부산광역시 동래구 온천동 502-3,2,,,,,,,
제이제이지고트롯데 동래점,부산광역시 동래구 온천동 502-3,3,,,,,,,
제이제이지고트롯데 동래점,부산광역시 동래구 온천동 502-3,4,,,,,,,
제이제이지고트롯데 동래점,부산광역시 동래구 온천동 502-3,5,,,,,,,
제이제이지고트롯데 동래점,부산광역시 동래구 온천동 502-3,6,,,,,,,
제이크,부산광역시 금정구 장전동 312-21,0,,,,,,,
제이크,부산광역시 금정구 장전동 312-21,1,,,,,,,
제이크,부산광역시 금정구 장전동 312-21,2,,,,,,,
제이크,부산광역시 금정구 장전동 312-21,3,,,,,,,
제이크,부산광역시 금정구 장전동 312-21,4,,,,,,,
제이크,부산광역시 금정구 장전동 312-21,5,,,,,,,
제이크,부산광역시 금정구 장전동 312-21,6,,,,,,,
제인코트,부산광역시 금정구 장전동 40,0,,,,,,,
제인코트,부산광역시 금정구 장전동 40,1,,,,,,,
제인코트,부산광역시 금정구 장전동 40,2,,,,,,,
제인코트,부산광역시 금정구 장전동 40,3,,,,,,,
제인코트,부산광역시 금정구 장전동 40,4,,,,,,,
제인코트,부산광역시 금정구 장전동 40,5,,,,,,,
제인코트,부산광역시 금정구 장전동 40,6,,,,,,,
제일상회,부산광역시 금정구 구서동 414-15,0,,,,,,,
제일상회,부산광역시 금정구 구서동 414-15,1,,,,,,,
제일상회,부산광역시 금정구 구서동 414-15,2,,,,,,,
제일상회,부산광역시 금정구 구서동 414-15,3,,,,,,,
제일상회,부산광역시 금정구 구서동 414-15,4,,,,,,,
제일상회,부산광역시 금정구 구서동 414-15,5,,,,,,,
제일상회,부산광역시 금정구 구서동 414-15,6,,,,,,,
제일유통,부산광역시 금정구 부곡동 330-46,0,,,,,,,
제일유통,부산광역시 금정구 부곡동 330-46,1,,,,,,,
제일유통,부산광역시 금정구 부곡동 330-46,2,,,,,,,
제일유통,부산광역시 금정구 부곡동 330-46,3,,,,,,,
제일유통,부산광역시 금정구 부곡동 330-46,4,,,,,,,
제일유통,부산광역시 금정구 부곡동 330-46,5,,,,,,,
제일유통,부산광역시 금정구 부곡동 330-46,6,,,,,,,
제임스딘 이마트금정점,부산광역시 금정구 구서동 368,0,,,,,,,
제임스딘 이마트금정점,부산광역시 금정구 구서동 368,1,,,,,,,
제임스딘 이마트금정점,부산광역시 금정구 구서동 368,2,,,,,,,
제임스딘 이마트금정점,부산광역시 금정구 구서동 368,3,,,,,,,
제임스딘 이마트금정점,부산광역시 금정구 구서동 368,4,,,,,,,
제임스딘 이마트금정점,부산광역시 금정구 구서동 368,5,,,,,,,
제임스딘 이마트금정점,부산광역시 금정구 구서동 368,6,,,,,,,
조은눈코스메틱,부산광역시 동래구 온천동 153-23,0,,,,,,,
조은눈코스메틱,부산광역시 동래구 온천동 153-23,1,,,,,,,
조은눈코스메틱,부산광역시 동래구 온천동 153-23,2,,,,,,,
조은눈코스메틱,부산광역시 동래구 온천동 153-23,3,,,,,,,
조은눈코스메틱,부산광역시 동래구 온천동 153-23,4,,,,,,,
조은눈코스메틱,부산광역시 동래구 온천동 153-23,5,,,,,,,
조은눈코스메틱,부산광역시 동래구 온천동 153-23,6,,,,,,,
졸리메종,부산광역시 금정구 장전동 310-3,0,,,,,,,
졸리메종,부산광역시 금정구 장전동 310-3,1,,,,,,,
졸리메종,부산광역시 금정구 장전동 310-3,2,,,,,,,
졸리메종,부산광역시 금정구 장전동 310-3,3,,,,,,,
졸리메종,부산광역시 금정구 장전동 310-3,4,,,,,,,
졸리메종,부산광역시 금정구 장전동 310-3,5,,,,,,,
졸리메종,부산광역시 금정구 장전동 310-3,6,,,,,,,
종점문구사,부산광역시 금정구 부곡동 736-26,0,8:00,16:30,,,,,
종점문구사,부산광역시 금정구 부곡동 736-26,1,8:00,16:30,,,,,
종점문구사,부산광역시 금정구 부곡동 736-26,2,8:00,16:30,,,,,
종점문구사,부산광역시 금정구 부곡동 736-26,3,8:00,16:30,,,,,
종점문구사,부산광역시 금정구 부곡동 736-26,4,8:00,16:30,,,,,
종점문구사,부산광역시 금정구 부곡동 736-26,5,8:00,16:30,,,,,
종점문구사,부산광역시 금정구 부곡동 736-26,6,8:00,16:30,,,,,
주영상사,부산광역시 금정구 장전동 40,0,,,,,,,
주영상사,부산광역시 금정구 장전동 40,1,,,,,,,
주영상사,부산광역시 금정구 장전동 40,2,,,,,,,
주영상사,부산광역시 금정구 장전동 40,3,,,,,,,
주영상사,부산광역시 금정구 장전동 40,4,,,,,,,
주영상사,부산광역시 금정구 장전동 40,5,,,,,,,
주영상사,부산광역시 금정구 장전동 40,6,,,,,,,
주은유통,부산광역시 동래구 온천동 502-3,0,,,,,,,
주은유통,부산광역시 동래구 온천동 502-3,1,,,,,,,
주은유통,부산광역시 동래구 온천동 502-3,2,,,,,,,
주은유통,부산광역시 동래구 온천동 502-3,3,,,,,,,
주은유통,부산광역시 동래구 온천동 502-3,4,,,,,,,
주은유통,부산광역시 동래구 온천동 502-3,5,,,,,,,
주은유통,부산광역시 동래구 온천동 502-3,6,,,,,,,
주크,부산광역시 동래구 온천동 502-3,0,,,,,,,
주크,부산광역시 동래구 온천동 502-3,1,,,,,,,
주크,부산광역시 동래구 온천동 502-3,2,,,,,,,
주크,부산광역시 동래구 온천동 502-3,3,,,,,,,
주크,부산광역시 동래구 온천동 502-3,4,,,,,,,
주크,부산광역시 동래구 온천동 502-3,5,,,,,,,
주크,부산광역시 동래구 온천동 502-3,6,,,,,,,
죽장상회,부산광역시 동래구 온천동 1468-24,0,,,,,,,
죽장상회,부산광역시 동래구 온천동 1468-24,1,,,,,,,
죽장상회,부산광역시 동래구 온천동 1468-24,2,,,,,,,
죽장상회,부산광역시 동래구 온천동 1468-24,3,,,,,,,
죽장상회,부산광역시 동래구 온천동 1468-24,4,,,,,,,
죽장상회,부산광역시 동래구 온천동 1468-24,5,,,,,,,
죽장상회,부산광역시 동래구 온천동 1468-24,6,,,,,,,
준패션,부산광역시 동래구 명륜동 557-8,0,,,,,,,
준패션,부산광역시 동래구 명륜동 557-8,1,,,,,,,
준패션,부산광역시 동래구 명륜동 557-8,2,,,,,,,
준패션,부산광역시 동래구 명륜동 557-8,3,,,,,,,
준패션,부산광역시 동래구 명륜동 557-8,4,,,,,,,
준패션,부산광역시 동래구 명륜동 557-8,5,,,,,,,
준패션,부산광역시 동래구 명륜동 557-8,6,,,,,,,
줄앤짐,부산광역시 금정구 부곡동 214-166,0,,,,,,,
줄앤짐,부산광역시 금정구 부곡동 214-166,1,,,,,,,
줄앤짐,부산광역시 금정구 부곡동 214-166,2,,,,,,,
줄앤짐,부산광역시 금정구 부곡동 214-166,3,,,,,,,
줄앤짐,부산광역시 금정구 부곡동 214-166,4,,,,,,,
줄앤짐,부산광역시 금정구 부곡동 214-166,5,,,,,,,
줄앤짐,부산광역시 금정구 부곡동 214-166,6,,,,,,,
중고명품다올 동래점,부산광역시 동래구 온천동 153-8,0,,,,,,,
중고명품다올 동래점,부산광역시 동래구 온천동 153-8,1,,,,,,,
중고명품다올 동래점,부산광역시 동래구 온천동 153-8,2,,,,,,,
중고명품다올 동래점,부산광역시 동래구 온천동 153-8,3,,,,,,,
중고명품다올 동래점,부산광역시 동래구 온천동 153-8,4,,,,,,,
중고명품다올 동래점,부산광역시 동래구 온천동 153-8,5,,,,,,,
중고명품다올 동래점,부산광역시 동래구 온천동 153-8,6,,,,,,,
중한,부산광역시 금정구 장전동 617-13,0,,,,,,,
중한,부산광역시 금정구 장전동 617-13,1,,,,,,,
중한,부산광역시 금정구 장전동 617-13,2,,,,,,,
중한,부산광역시 금정구 장전동 617-13,3,,,,,,,
중한,부산광역시 금정구 장전동 617-13,4,,,,,,,
중한,부산광역시 금정구 장전동 617-13,5,,,,,,,
중한,부산광역시 금정구 장전동 617-13,6,,,,,,,
쥬니어,부산광역시 금정구 장전동 643-83,0,,,,,,,
쥬니어,부산광역시 금정구 장전동 643-83,1,,,,,,,
쥬니어,부산광역시 금정구 장전동 643-83,2,,,,,,,
쥬니어,부산광역시 금정구 장전동 643-83,3,,,,,,,
쥬니어,부산광역시 금정구 장전동 643-83,4,,,,,,,
쥬니어,부산광역시 금정구 장전동 643-83,5,,,,,,,
쥬니어,부산광역시 금정구 장전동 643-83,6,,,,,,,
쥬빌라떼,부산광역시 금정구 장전동 293-97,0,,,,,,,
쥬빌라떼,부산광역시 금정구 장전동 293-97,1,,,,,,,
쥬빌라떼,부산광역시 금정구 장전동 293-97,2,,,,,,,
쥬빌라떼,부산광역시 금정구 장전동 293-97,3,,,,,,,
쥬빌라떼,부산광역시 금정구 장전동 293-97,4,,,,,,,
쥬빌라떼,부산광역시 금정구 장전동 293-97,5,,,,,,,
쥬빌라떼,부산광역시 금정구 장전동 293-97,6,,,,,,,
쥴리상점,부산광역시 금정구 장전동 309-3,0,,,,,,TRUE,
쥴리상점,부산광역시 금정구 장전동 309-3,1,14:00,20:00,,,,,
쥴리상점,부산광역시 금정구 장전동 309-3,2,14:00,20:00,,,,,
쥴리상점,부산광역시 금정구 장전동 309-3,3,14:00,20:00,,,,,
쥴리상점,부산광역시 금정구 장전동 309-3,4,14:00,20:00,,,,,
쥴리상점,부산광역시 금정구 장전동 309-3,5,14:00,20:00,,,,,
쥴리상점,부산광역시 금정구 장전동 309-3,6,14:00,20:00,,,,,
지뮨화장품,부산광역시 동래구 온천동 751-17,0,,,,,,,
지뮨화장품,부산광역시 동래구 온천동 751-17,1,,,,,,,
지뮨화장품,부산광역시 동래구 온천동 751-17,2,,,,,,,
지뮨화장품,부산광역시 동래구 온천동 751-17,3,,,,,,,
지뮨화장품,부산광역시 동래구 온천동 751-17,4,,,,,,,
지뮨화장품,부산광역시 동래구 온천동 751-17,5,,,,,,,
지뮨화장품,부산광역시 동래구 온천동 751-17,6,,,,,,,
지성문구프라자,부산광역시 금정구 장전동 416-17,0,10:00,22:30,,,,,
지성문구프라자,부산광역시 금정구 장전동 416-17,1,9:40,22:30,,,,,
지성문구프라자,부산광역시 금정구 장전동 416-17,2,9:40,22:30,,,,,
지성문구프라자,부산광역시 금정구 장전동 416-17,3,9:40,22:30,,,,,
지성문구프라자,부산광역시 금정구 장전동 416-17,4,9:40,22:30,,,,,
지성문구프라자,부산광역시 금정구 장전동 416-17,5,9:40,22:30,,,,,
지성문구프라자,부산광역시 금정구 장전동 416-17,6,10:00,22:30,,,,,
지센두실점,부산광역시 금정구 구서동 177-18,0,,,,,,,
지센두실점,부산광역시 금정구 구서동 177-18,1,,,,,,,
지센두실점,부산광역시 금정구 구서동 177-18,2,,,,,,,
지센두실점,부산광역시 금정구 구서동 177-18,3,,,,,,,
지센두실점,부산광역시 금정구 구서동 177-18,4,,,,,,,
지센두실점,부산광역시 금정구 구서동 177-18,5,,,,,,,
지센두실점,부산광역시 금정구 구서동 177-18,6,,,,,,,
지스칼프,부산광역시 금정구 장전동 97-2,0,,,,,,,
지스칼프,부산광역시 금정구 장전동 97-2,1,,,,,,,
지스칼프,부산광역시 금정구 장전동 97-2,2,,,,,,,
지스칼프,부산광역시 금정구 장전동 97-2,3,,,,,,,
지스칼프,부산광역시 금정구 장전동 97-2,4,,,,,,,
지스칼프,부산광역시 금정구 장전동 97-2,5,,,,,,,
지스칼프,부산광역시 금정구 장전동 97-2,6,,,,,,,
지알홈플러스 동래점,부산광역시 동래구 온천동 153-8,0,,,,,,,
지알홈플러스 동래점,부산광역시 동래구 온천동 153-8,1,,,,,,,
지알홈플러스 동래점,부산광역시 동래구 온천동 153-8,2,,,,,,,
지알홈플러스 동래점,부산광역시 동래구 온천동 153-8,3,,,,,,,
지알홈플러스 동래점,부산광역시 동래구 온천동 153-8,4,,,,,,,
지알홈플러스 동래점,부산광역시 동래구 온천동 153-8,5,,,,,,,
지알홈플러스 동래점,부산광역시 동래구 온천동 153-8,6,,,,,,,
지오송지오 부산대점,부산광역시 금정구 장전동 422-24,0,,,,,,,
지오송지오 부산대점,부산광역시 금정구 장전동 422-24,1,,,,,,,
지오송지오 부산대점,부산광역시 금정구 장전동 422-24,2,,,,,,,
지오송지오 부산대점,부산광역시 금정구 장전동 422-24,3,,,,,,,
지오송지오 부산대점,부산광역시 금정구 장전동 422-24,4,,,,,,,
지오송지오 부산대점,부산광역시 금정구 장전동 422-24,5,,,,,,,
지오송지오 부산대점,부산광역시 금정구 장전동 422-24,6,,,,,,,
지우플라워가든,부산광역시 동래구 명륜동 680-4,0,10:00,20:00,,,,,
지우플라워가든,부산광역시 동래구 명륜동 680-4,1,10:00,20:00,,,,,
지우플라워가든,부산광역시 동래구 명륜동 680-4,2,10:00,20:00,,,,,
지우플라워가든,부산광역시 동래구 명륜동 680-4,3,10:00,20:00,,,,,
지우플라워가든,부산광역시 동래구 명륜동 680-4,4,10:00,20:00,,,,,
지우플라워가든,부산광역시 동래구 명륜동 680-4,5,10:00,20:00,,,,,
지우플라워가든,부산광역시 동래구 명륜동 680-4,6,10:00,20:00,,,,,
지유,부산광역시 금정구 장전동 40,0,,,,,,,
지유,부산광역시 금정구 장전동 40,1,,,,,,,
지유,부산광역시 금정구 장전동 40,2,,,,,,,
지유,부산광역시 금정구 장전동 40,3,,,,,,,
지유,부산광역시 금정구 장전동 40,4,,,,,,,
지유,부산광역시 금정구 장전동 40,5,,,,,,,
지유,부산광역시 금정구 장전동 40,6,,,,,,,
지이크롯데 동래점,부산광역시 동래구 온천동 502-3,0,,,,,,,
지이크롯데 동래점,부산광역시 동래구 온천동 502-3,1,,,,,,,
지이크롯데 동래점,부산광역시 동래구 온천동 502-3,2,,,,,,,
지이크롯데 동래점,부산광역시 동래구 온천동 502-3,3,,,,,,,
지이크롯데 동래점,부산광역시 동래구 온천동 502-3,4,,,,,,,
지이크롯데 동래점,부산광역시 동래구 온천동 502-3,5,,,,,,,
지이크롯데 동래점,부산광역시 동래구 온천동 502-3,6,,,,,,,
지향문구,부산광역시 금정구 부곡동 278-5,0,,,,,,,
지향문구,부산광역시 금정구 부곡동 278-5,1,,,,,,,
지향문구,부산광역시 금정구 부곡동 278-5,2,,,,,,,
지향문구,부산광역시 금정구 부곡동 278-5,3,,,,,,,
지향문구,부산광역시 금정구 부곡동 278-5,4,,,,,,,
지향문구,부산광역시 금정구 부곡동 278-5,5,,,,,,,
지향문구,부산광역시 금정구 부곡동 278-5,6,,,,,,,
진아,부산광역시 동래구 온천동 189-13,0,,,,,,,
진아,부산광역시 동래구 온천동 189-13,1,,,,,,,
진아,부산광역시 동래구 온천동 189-13,2,,,,,,,
진아,부산광역시 동래구 온천동 189-13,3,,,,,,,
진아,부산광역시 동래구 온천동 189-13,4,,,,,,,
진아,부산광역시 동래구 온천동 189-13,5,,,,,,,
진아,부산광역시 동래구 온천동 189-13,6,,,,,,,
진양글로벌,부산광역시 동래구 온천동 153-8,0,,,,,,,
진양글로벌,부산광역시 동래구 온천동 153-8,1,,,,,,,
진양글로벌,부산광역시 동래구 온천동 153-8,2,,,,,,,
진양글로벌,부산광역시 동래구 온천동 153-8,3,,,,,,,
진양글로벌,부산광역시 동래구 온천동 153-8,4,,,,,,,
진양글로벌,부산광역시 동래구 온천동 153-8,5,,,,,,,
진양글로벌,부산광역시 동래구 온천동 153-8,6,,,,,,,
찌니공방,부산광역시 금정구 부곡동 200-70,0,,,,,,,
찌니공방,부산광역시 금정구 부곡동 200-70,1,,,,,,,
찌니공방,부산광역시 금정구 부곡동 200-70,2,,,,,,,
찌니공방,부산광역시 금정구 부곡동 200-70,3,,,,,,,
찌니공방,부산광역시 금정구 부곡동 200-70,4,,,,,,,
찌니공방,부산광역시 금정구 부곡동 200-70,5,,,,,,,
찌니공방,부산광역시 금정구 부곡동 200-70,6,,,,,,,
착한나무꾼,부산광역시 동래구 온천동 1133-2,0,,,,,,,
착한나무꾼,부산광역시 동래구 온천동 1133-2,1,,,,,,,
착한나무꾼,부산광역시 동래구 온천동 1133-2,2,,,,,,,
착한나무꾼,부산광역시 동래구 온천동 1133-2,3,,,,,,,
착한나무꾼,부산광역시 동래구 온천동 1133-2,4,,,,,,,
착한나무꾼,부산광역시 동래구 온천동 1133-2,5,,,,,,,
착한나무꾼,부산광역시 동래구 온천동 1133-2,6,,,,,,,
창의사고,부산광역시 동래구 온천동 1464-21,0,,,,,,,
창의사고,부산광역시 동래구 온천동 1464-21,1,,,,,,,
창의사고,부산광역시 동래구 온천동 1464-21,2,,,,,,,
창의사고,부산광역시 동래구 온천동 1464-21,3,,,,,,,
창의사고,부산광역시 동래구 온천동 1464-21,4,,,,,,,
창의사고,부산광역시 동래구 온천동 1464-21,5,,,,,,,
창의사고,부산광역시 동래구 온천동 1464-21,6,,,,,,,
채채,부산광역시 동래구 온천동 615-14,0,,,,,,,
채채,부산광역시 동래구 온천동 615-14,1,,,,,,,
채채,부산광역시 동래구 온천동 615-14,2,,,,,,,
채채,부산광역시 동래구 온천동 615-14,3,,,,,,,
채채,부산광역시 동래구 온천동 615-14,4,,,,,,,
채채,부산광역시 동래구 온천동 615-14,5,,,,,,,
채채,부산광역시 동래구 온천동 615-14,6,,,,,,,
채플린악세사리,부산광역시 동래구 온천동 147-14,0,,,,,,,
채플린악세사리,부산광역시 동래구 온천동 147-14,1,,,,,,,
채플린악세사리,부산광역시 동래구 온천동 147-14,2,,,,,,,
채플린악세사리,부산광역시 동래구 온천동 147-14,3,,,,,,,
채플린악세사리,부산광역시 동래구 온천동 147-14,4,,,,,,,
채플린악세사리,부산광역시 동래구 온천동 147-14,5,,,,,,,
채플린악세사리,부산광역시 동래구 온천동 147-14,6,,,,,,,
청사,부산광역시 동래구 명륜동 5-6,0,,,,,,,
청사,부산광역시 동래구 명륜동 5-6,1,,,,,,,
청사,부산광역시 동래구 명륜동 5-6,2,,,,,,,
청사,부산광역시 동래구 명륜동 5-6,3,,,,,,,
청사,부산광역시 동래구 명륜동 5-6,4,,,,,,,
청사,부산광역시 동래구 명륜동 5-6,5,,,,,,,
청사,부산광역시 동래구 명륜동 5-6,6,,,,,,,
청포수족관,부산광역시 금정구 구서동 731-1,0,12:30,20:00,,,,,
청포수족관,부산광역시 금정구 구서동 731-1,1,,,,,,TRUE,
청포수족관,부산광역시 금정구 구서동 731-1,2,12:30,20:00,,,,,
청포수족관,부산광역시 금정구 구서동 731-1,3,12:30,20:00,,,,,
청포수족관,부산광역시 금정구 구서동 731-1,4,12:30,20:00,,,,,
청포수족관,부산광역시 금정구 구서동 731-1,5,12:30,20:00,,,,,
청포수족관,부산광역시 금정구 구서동 731-1,6,12:30,20:00,,,,,
체이스컬트,부산광역시 금정구 구서동 368,0,,,,,,,
체이스컬트,부산광역시 금정구 구서동 368,1,,,,,,,
체이스컬트,부산광역시 금정구 구서동 368,2,,,,,,,
체이스컬트,부산광역시 금정구 구서동 368,3,,,,,,,
체이스컬트,부산광역시 금정구 구서동 368,4,,,,,,,
체이스컬트,부산광역시 금정구 구서동 368,5,,,,,,,
체이스컬트,부산광역시 금정구 구서동 368,6,,,,,,,
최연옥롯데동래점 백화점,부산광역시 동래구 온천동 502-3,0,,,,,,,
최연옥롯데동래점 백화점,부산광역시 동래구 온천동 502-3,1,,,,,,,
최연옥롯데동래점 백화점,부산광역시 동래구 온천동 502-3,2,,,,,,,
최연옥롯데동래점 백화점,부산광역시 동래구 온천동 502-3,3,,,,,,,
최연옥롯데동래점 백화점,부산광역시 동래구 온천동 502-3,4,,,,,,,
최연옥롯데동래점 백화점,부산광역시 동래구 온천동 502-3,5,,,,,,,
최연옥롯데동래점 백화점,부산광역시 동래구 온천동 502-3,6,,,,,,,
최정인플라워,부산광역시 금정구 장전동 338-22,0,,,,,,,
최정인플라워,부산광역시 금정구 장전동 338-22,1,,,,,,,
최정인플라워,부산광역시 금정구 장전동 338-22,2,,,,,,,
최정인플라워,부산광역시 금정구 장전동 338-22,3,,,,,,,
최정인플라워,부산광역시 금정구 장전동 338-22,4,,,,,,,
최정인플라워,부산광역시 금정구 장전동 338-22,5,,,,,,,
최정인플라워,부산광역시 금정구 장전동 338-22,6,,,,,,,
춘희,부산광역시 금정구 장전동 293-160,0,,,,,,,
춘희,부산광역시 금정구 장전동 293-160,1,,,,,,,
춘희,부산광역시 금정구 장전동 293-160,2,,,,,,,
춘희,부산광역시 금정구 장전동 293-160,3,,,,,,,
춘희,부산광역시 금정구 장전동 293-160,4,,,,,,,
춘희,부산광역시 금정구 장전동 293-160,5,,,,,,,
춘희,부산광역시 금정구 장전동 293-160,6,,,,,,,
카라,부산광역시 금정구 부곡동 225-6,0,,,,,,,
카라,부산광역시 금정구 부곡동 225-6,1,,,,,,,
카라,부산광역시 금정구 부곡동 225-6,2,,,,,,,
카라,부산광역시 금정구 부곡동 225-6,3,,,,,,,
카라,부산광역시 금정구 부곡동 225-6,4,,,,,,,
카라,부산광역시 금정구 부곡동 225-6,5,,,,,,,
카라,부산광역시 금정구 부곡동 225-6,6,,,,,,,
카라,부산광역시 동래구 온천동 1250-24,0,,,,,,,
카라,부산광역시 동래구 온천동 1250-24,1,,,,,,,
카라,부산광역시 동래구 온천동 1250-24,2,,,,,,,
카라,부산광역시 동래구 온천동 1250-24,3,,,,,,,
카라,부산광역시 동래구 온천동 1250-24,4,,,,,,,
카라,부산광역시 동래구 온천동 1250-24,5,,,,,,,
카라,부산광역시 동래구 온천동 1250-24,6,,,,,,,
카라꽃방,부산광역시 금정구 장전동 393-20,0,,,,,,TRUE,
카라꽃방,부산광역시 금정구 장전동 393-20,1,,,,,,,
카라꽃방,부산광역시 금정구 장전동 393-20,2,,,,,,,
카라꽃방,부산광역시 금정구 장전동 393-20,3,,,,,,,
카라꽃방,부산광역시 금정구 장전동 393-20,4,,,,,,,
카라꽃방,부산광역시 금정구 장전동 393-20,5,,,,,,,
카라꽃방,부산광역시 금정구 장전동 393-20,6,,,,,,,
캉골,부산광역시 동래구 온천동 502-3,0,,,,,,,
캉골,부산광역시 동래구 온천동 502-3,1,,,,,,,
캉골,부산광역시 동래구 온천동 502-3,2,,,,,,,
캉골,부산광역시 동래구 온천동 502-3,3,,,,,,,
캉골,부산광역시 동래구 온천동 502-3,4,,,,,,,
캉골,부산광역시 동래구 온천동 502-3,5,,,,,,,
캉골,부산광역시 동래구 온천동 502-3,6,,,,,,,
캉골키즈롯데동래,부산광역시 동래구 온천동 502-3,0,,,,,,,
캉골키즈롯데동래,부산광역시 동래구 온천동 502-3,1,,,,,,,
캉골키즈롯데동래,부산광역시 동래구 온천동 502-3,2,,,,,,,
캉골키즈롯데동래,부산광역시 동래구 온천동 502-3,3,,,,,,,
캉골키즈롯데동래,부산광역시 동래구 온천동 502-3,4,,,,,,,
캉골키즈롯데동래,부산광역시 동래구 온천동 502-3,5,,,,,,,
캉골키즈롯데동래,부산광역시 동래구 온천동 502-3,6,,,,,,,
캐리스노트롯데 동래점,부산광역시 동래구 온천동 502-3,0,,,,,,,
캐리스노트롯데 동래점,부산광역시 동래구 온천동 502-3,1,,,,,,,
캐리스노트롯데 동래점,부산광역시 동래구 온천동 502-3,2,,,,,,,
캐리스노트롯데 동래점,부산광역시 동래구 온천동 502-3,3,,,,,,,
캐리스노트롯데 동래점,부산광역시 동래구 온천동 502-3,4,,,,,,,
캐리스노트롯데 동래점,부산광역시 동래구 온천동 502-3,5,,,,,,,
캐리스노트롯데 동래점,부산광역시 동래구 온천동 502-3,6,,,,,,,
캘빈클라인언더,부산광역시 동래구 온천동 502-3,0,,,,,,,
캘빈클라인언더,부산광역시 동래구 온천동 502-3,1,,,,,,,
캘빈클라인언더,부산광역시 동래구 온천동 502-3,2,,,,,,,
캘빈클라인언더,부산광역시 동래구 온천동 502-3,3,,,,,,,
캘빈클라인언더,부산광역시 동래구 온천동 502-3,4,,,,,,,
캘빈클라인언더,부산광역시 동래구 온천동 502-3,5,,,,,,,
캘빈클라인언더,부산광역시 동래구 온천동 502-3,6,,,,,,,
캠브리지 동래점,부산광역시 동래구 온천동 502-3,0,,,,,,,
캠브리지 동래점,부산광역시 동래구 온천동 502-3,1,,,,,,,
캠브리지 동래점,부산광역시 동래구 온천동 502-3,2,,,,,,,
캠브리지 동래점,부산광역시 동래구 온천동 502-3,3,,,,,,,
캠브리지 동래점,부산광역시 동래구 온천동 502-3,4,,,,,,,
캠브리지 동래점,부산광역시 동래구 온천동 502-3,5,,,,,,,
캠브리지 동래점,부산광역시 동래구 온천동 502-3,6,,,,,,,
캠브리지멤버스,부산광역시 동래구 온천동 502-3,0,,,,,,,
캠브리지멤버스,부산광역시 동래구 온천동 502-3,1,,,,,,,
캠브리지멤버스,부산광역시 동래구 온천동 502-3,2,,,,,,,
캠브리지멤버스,부산광역시 동래구 온천동 502-3,3,,,,,,,
캠브리지멤버스,부산광역시 동래구 온천동 502-3,4,,,,,,,
캠브리지멤버스,부산광역시 동래구 온천동 502-3,5,,,,,,,
캠브리지멤버스,부산광역시 동래구 온천동 502-3,6,,,,,,,
캠브리지멤버스,부산광역시 동래구 온천동 502-3,0,,,,,,,
캠브리지멤버스,부산광역시 동래구 온천동 502-3,1,,,,,,,
캠브리지멤버스,부산광역시 동래구 온천동 502-3,2,,,,,,,
캠브리지멤버스,부산광역시 동래구 온천동 502-3,3,,,,,,,
캠브리지멤버스,부산광역시 동래구 온천동 502-3,4,,,,,,,
캠브리지멤버스,부산광역시 동래구 온천동 502-3,5,,,,,,,
캠브리지멤버스,부산광역시 동래구 온천동 502-3,6,,,,,,,
커스텀멜로우 동래점,부산광역시 동래구 온천동 502-3,0,,,,,,,
커스텀멜로우 동래점,부산광역시 동래구 온천동 502-3,1,,,,,,,
커스텀멜로우 동래점,부산광역시 동래구 온천동 502-3,2,,,,,,,
커스텀멜로우 동래점,부산광역시 동래구 온천동 502-3,3,,,,,,,
커스텀멜로우 동래점,부산광역시 동래구 온천동 502-3,4,,,,,,,
커스텀멜로우 동래점,부산광역시 동래구 온천동 502-3,5,,,,,,,
커스텀멜로우 동래점,부산광역시 동래구 온천동 502-3,6,,,,,,,
케이민,부산광역시 동래구 온천동 502-3,0,,,,,,,
케이민,부산광역시 동래구 온천동 502-3,1,,,,,,,
케이민,부산광역시 동래구 온천동 502-3,2,,,,,,,
케이민,부산광역시 동래구 온천동 502-3,3,,,,,,,
케이민,부산광역시 동래구 온천동 502-3,4,,,,,,,
케이민,부산광역시 동래구 온천동 502-3,5,,,,,,,
케이민,부산광역시 동래구 온천동 502-3,6,,,,,,,
케이스팜,부산광역시 금정구 장전동 643-3,0,,,,,,,
케이스팜,부산광역시 금정구 장전동 643-3,1,,,,,,,
케이스팜,부산광역시 금정구 장전동 643-3,2,,,,,,,
케이스팜,부산광역시 금정구 장전동 643-3,3,,,,,,,
케이스팜,부산광역시 금정구 장전동 643-3,4,,,,,,,
케이스팜,부산광역시 금정구 장전동 643-3,5,,,,,,,
케이스팜,부산광역시 금정구 장전동 643-3,6,,,,,,,
케이지컴퍼니,부산광역시 금정구 장전동 40,0,,,,,,,
케이지컴퍼니,부산광역시 금정구 장전동 40,1,,,,,,,
케이지컴퍼니,부산광역시 금정구 장전동 40,2,,,,,,,
케이지컴퍼니,부산광역시 금정구 장전동 40,3,,,,,,,
케이지컴퍼니,부산광역시 금정구 장전동 40,4,,,,,,,
케이지컴퍼니,부산광역시 금정구 장전동 40,5,,,,,,,
케이지컴퍼니,부산광역시 금정구 장전동 40,6,,,,,,,
케이투롯데 동래점,부산광역시 동래구 온천동 502-3,0,,,,,,,
케이투롯데 동래점,부산광역시 동래구 온천동 502-3,1,,,,,,,
케이투롯데 동래점,부산광역시 동래구 온천동 502-3,2,,,,,,,
케이투롯데 동래점,부산광역시 동래구 온천동 502-3,3,,,,,,,
케이투롯데 동래점,부산광역시 동래구 온천동 502-3,4,,,,,,,
케이투롯데 동래점,부산광역시 동래구 온천동 502-3,5,,,,,,,
케이투롯데 동래점,부산광역시 동래구 온천동 502-3,6,,,,,,,
케이투메가마트 동래점,부산광역시 동래구 명륜동 506-3,0,,,,,,,
케이투메가마트 동래점,부산광역시 동래구 명륜동 506-3,1,,,,,,,
케이투메가마트 동래점,부산광역시 동래구 명륜동 506-3,2,,,,,,,
케이투메가마트 동래점,부산광역시 동래구 명륜동 506-3,3,,,,,,,
케이투메가마트 동래점,부산광역시 동래구 명륜동 506-3,4,,,,,,,
케이투메가마트 동래점,부산광역시 동래구 명륜동 506-3,5,,,,,,,
케이투메가마트 동래점,부산광역시 동래구 명륜동 506-3,6,,,,,,,
케이투통상,부산광역시 금정구 부곡동 389-8,0,,,,,,,
케이투통상,부산광역시 금정구 부곡동 389-8,1,,,,,,,
케이투통상,부산광역시 금정구 부곡동 389-8,2,,,,,,,
케이투통상,부산광역시 금정구 부곡동 389-8,3,,,,,,,
케이투통상,부산광역시 금정구 부곡동 389-8,4,,,,,,,
케이투통상,부산광역시 금정구 부곡동 389-8,5,,,,,,,
케이투통상,부산광역시 금정구 부곡동 389-8,6,,,,,,,
코데즈컴바인 부산대점,부산광역시 금정구 장전동 293-13,0,,,,,,,
코데즈컴바인 부산대점,부산광역시 금정구 장전동 293-13,1,,,,,,,
코데즈컴바인 부산대점,부산광역시 금정구 장전동 293-13,2,,,,,,,
코데즈컴바인 부산대점,부산광역시 금정구 장전동 293-13,3,,,,,,,
코데즈컴바인 부산대점,부산광역시 금정구 장전동 293-13,4,,,,,,,
코데즈컴바인 부산대점,부산광역시 금정구 장전동 293-13,5,,,,,,,
코데즈컴바인 부산대점,부산광역시 금정구 장전동 293-13,6,,,,,,,
코모빈티지,부산광역시 금정구 장전동 145-24,0,,,,,,,
코모빈티지,부산광역시 금정구 장전동 145-24,1,,,,,,,
코모빈티지,부산광역시 금정구 장전동 145-24,2,,,,,,,
코모빈티지,부산광역시 금정구 장전동 145-24,3,,,,,,,
코모빈티지,부산광역시 금정구 장전동 145-24,4,,,,,,,
코모빈티지,부산광역시 금정구 장전동 145-24,5,,,,,,,
코모빈티지,부산광역시 금정구 장전동 145-24,6,,,,,,,
코오롱스포츠롯데동래점 백화점,부산광역시 동래구 온천동 502-3,0,,,,,,,
코오롱스포츠롯데동래점 백화점,부산광역시 동래구 온천동 502-3,1,,,,,,,
코오롱스포츠롯데동래점 백화점,부산광역시 동래구 온천동 502-3,2,,,,,,,
코오롱스포츠롯데동래점 백화점,부산광역시 동래구 온천동 502-3,3,,,,,,,
코오롱스포츠롯데동래점 백화점,부산광역시 동래구 온천동 502-3,4,,,,,,,
코오롱스포츠롯데동래점 백화점,부산광역시 동래구 온천동 502-3,5,,,,,,,
코오롱스포츠롯데동래점 백화점,부산광역시 동래구 온천동 502-3,6,,,,,,,
코오롱인더스트리FNC부문롯데동래점주 백화점,부산광역시 동래구 온천동 502-3,0,,,,,,,
코오롱인더스트리FNC부문롯데동래점주 백화점,부산광역시 동래구 온천동 502-3,1,,,,,,,
코오롱인더스트리FNC부문롯데동래점주 백화점,부산광역시 동래구 온천동 502-3,2,,,,,,,
코오롱인더스트리FNC부문롯데동래점주 백화점,부산광역시 동래구 온천동 502-3,3,,,,,,,
코오롱인더스트리FNC부문롯데동래점주 백화점,부산광역시 동래구 온천동 502-3,4,,,,,,,
코오롱인더스트리FNC부문롯데동래점주 백화점,부산광역시 동래구 온천동 502-3,5,,,,,,,
코오롱인더스트리FNC부문롯데동래점주 백화점,부산광역시 동래구 온천동 502-3,6,,,,,,,
코인박스,부산광역시 금정구 장전동 312-17,0,,,,,,,
코인박스,부산광역시 금정구 장전동 312-17,1,,,,,,,
코인박스,부산광역시 금정구 장전동 312-17,2,,,,,,,
코인박스,부산광역시 금정구 장전동 312-17,3,,,,,,,
코인박스,부산광역시 금정구 장전동 312-17,4,,,,,,,
코인박스,부산광역시 금정구 장전동 312-17,5,,,,,,,
코인박스,부산광역시 금정구 장전동 312-17,6,,,,,,,
코코,부산광역시 금정구 장전동 643-83,0,,,,,,,
코코,부산광역시 금정구 장전동 643-83,1,,,,,,,
코코,부산광역시 금정구 장전동 643-83,2,,,,,,,
코코,부산광역시 금정구 장전동 643-83,3,,,,,,,
코코,부산광역시 금정구 장전동 643-83,4,,,,,,,
코코,부산광역시 금정구 장전동 643-83,5,,,,,,,
코코,부산광역시 금정구 장전동 643-83,6,,,,,,,
코코,부산광역시 동래구 온천동 135-9,0,,,,,,,
코코,부산광역시 동래구 온천동 135-9,1,,,,,,,
코코,부산광역시 동래구 온천동 135-9,2,,,,,,,
코코,부산광역시 동래구 온천동 135-9,3,,,,,,,
코코,부산광역시 동래구 온천동 135-9,4,,,,,,,
코코,부산광역시 동래구 온천동 135-9,5,,,,,,,
코코,부산광역시 동래구 온천동 135-9,6,,,,,,,
코코로,부산광역시 금정구 장전동 303-4,0,13:00,20:00,,,,,공휴일은 휴무
코코로,부산광역시 금정구 장전동 303-4,1,,,,,,TRUE,공휴일은 휴무
코코로,부산광역시 금정구 장전동 303-4,2,13:00,20:00,,,,,공휴일은 휴무
코코로,부산광역시 금정구 장전동 303-4,3,13:00,20:00,,,,,공휴일은 휴무
코코로,부산광역시 금정구 장전동 303-4,4,13:00,20:00,,,,,공휴일은 휴무
코코로,부산광역시 금정구 장전동 303-4,5,13:00,20:00,,,,,공휴일은 휴무
코코로,부산광역시 금정구 장전동 303-4,6,13:00,20:00,,,,,공휴일은 휴무
코코리따NC 부산대점,부산광역시 금정구 장전동 40,0,,,,,,,
코코리따NC 부산대점,부산광역시 금정구 장전동 40,1,,,,,,,
코코리따NC 부산대점,부산광역시 금정구 장전동 40,2,,,,,,,
코코리따NC 부산대점,부산광역시 금정구 장전동 40,3,,,,,,,
코코리따NC 부산대점,부산광역시 금정구 장전동 40,4,,,,,,,
코코리따NC 부산대점,부산광역시 금정구 장전동 40,5,,,,,,,
코코리따NC 부산대점,부산광역시 금정구 장전동 40,6,,,,,,,
코코샵,부산광역시 금정구 구서동 203-21,0,,,,,,TRUE,
코코샵,부산광역시 금정구 구서동 203-21,1,11:00,20:00,,,,,
코코샵,부산광역시 금정구 구서동 203-21,2,11:00,20:00,,,,,
코코샵,부산광역시 금정구 구서동 203-21,3,11:00,20:00,,,,,
코코샵,부산광역시 금정구 구서동 203-21,4,11:00,20:00,,,,,
코코샵,부산광역시 금정구 구서동 203-21,5,11:00,20:00,,,,,
코코샵,부산광역시 금정구 구서동 203-21,6,11:00,18:00,,,,,
코코양품점,부산광역시 동래구 온천동 1249-6,0,,,,,,,
코코양품점,부산광역시 동래구 온천동 1249-6,1,,,,,,,
코코양품점,부산광역시 동래구 온천동 1249-6,2,,,,,,,
코코양품점,부산광역시 동래구 온천동 1249-6,3,,,,,,,
코코양품점,부산광역시 동래구 온천동 1249-6,4,,,,,,,
코코양품점,부산광역시 동래구 온천동 1249-6,5,,,,,,,
코코양품점,부산광역시 동래구 온천동 1249-6,6,,,,,,,
코튼,부산광역시 금정구 장전동 304-1,0,,,,,,,
코튼,부산광역시 금정구 장전동 304-1,1,,,,,,,
코튼,부산광역시 금정구 장전동 304-1,2,,,,,,,
코튼,부산광역시 금정구 장전동 304-1,3,,,,,,,
코튼,부산광역시 금정구 장전동 304-1,4,,,,,,,
코튼,부산광역시 금정구 장전동 304-1,5,,,,,,,
코튼,부산광역시 금정구 장전동 304-1,6,,,,,,,
콜핑,부산광역시 동래구 온천동 153-8,0,,,,,,,
콜핑,부산광역시 동래구 온천동 153-8,1,,,,,,,
콜핑,부산광역시 동래구 온천동 153-8,2,,,,,,,
콜핑,부산광역시 동래구 온천동 153-8,3,,,,,,,
콜핑,부산광역시 동래구 온천동 153-8,4,,,,,,,
콜핑,부산광역시 동래구 온천동 153-8,5,,,,,,,
콜핑,부산광역시 동래구 온천동 153-8,6,,,,,,,
콜핑부산온천장점,부산광역시 동래구 온천동 170-2,0,,,,,,,
콜핑부산온천장점,부산광역시 동래구 온천동 170-2,1,,,,,,,
콜핑부산온천장점,부산광역시 동래구 온천동 170-2,2,,,,,,,
콜핑부산온천장점,부산광역시 동래구 온천동 170-2,3,,,,,,,
콜핑부산온천장점,부산광역시 동래구 온천동 170-2,4,,,,,,,
콜핑부산온천장점,부산광역시 동래구 온천동 170-2,5,,,,,,,
콜핑부산온천장점,부산광역시 동래구 온천동 170-2,6,,,,,,,
퀸마켓,부산광역시 금정구 장전동 222-9,0,11:30,19:30,,,,,
퀸마켓,부산광역시 금정구 장전동 222-9,1,11:30,19:30,,,,,
퀸마켓,부산광역시 금정구 장전동 222-9,2,11:30,19:30,,,,,
퀸마켓,부산광역시 금정구 장전동 222-9,3,11:30,19:30,,,,,
퀸마켓,부산광역시 금정구 장전동 222-9,4,11:30,19:30,,,,,
퀸마켓,부산광역시 금정구 장전동 222-9,5,11:30,19:30,,,,,
퀸마켓,부산광역시 금정구 장전동 222-9,6,11:30,19:30,,,,,
큐사랑 구서점,부산광역시 금정구 구서동 409-9,0,10:00,19:00,,,,,
큐사랑 구서점,부산광역시 금정구 구서동 409-9,1,10:00,19:00,,,,,
큐사랑 구서점,부산광역시 금정구 구서동 409-9,2,10:00,19:00,,,,,
큐사랑 구서점,부산광역시 금정구 구서동 409-9,3,10:00,19:00,,,,,
큐사랑 구서점,부산광역시 금정구 구서동 409-9,4,10:00,19:00,,,,,
큐사랑 구서점,부산광역시 금정구 구서동 409-9,5,10:00,19:00,,,,,
큐사랑 구서점,부산광역시 금정구 구서동 409-9,6,10:00,19:00,,,,,
큐사랑 금정점,부산광역시 금정구 구서동 76-5,0,,,,,,,
큐사랑 금정점,부산광역시 금정구 구서동 76-5,1,,,,,,,
큐사랑 금정점,부산광역시 금정구 구서동 76-5,2,,,,,,,
큐사랑 금정점,부산광역시 금정구 구서동 76-5,3,,,,,,,
큐사랑 금정점,부산광역시 금정구 구서동 76-5,4,,,,,,,
큐사랑 금정점,부산광역시 금정구 구서동 76-5,5,,,,,,,
큐사랑 금정점,부산광역시 금정구 구서동 76-5,6,,,,,,,
크놋,부산광역시 금정구 장전동 304-5,0,,,,,,,
크놋,부산광역시 금정구 장전동 304-5,1,,,,,,,
크놋,부산광역시 금정구 장전동 304-5,2,,,,,,,
크놋,부산광역시 금정구 장전동 304-5,3,,,,,,,
크놋,부산광역시 금정구 장전동 304-5,4,,,,,,,
크놋,부산광역시 금정구 장전동 304-5,5,,,,,,,
크놋,부산광역시 금정구 장전동 304-5,6,,,,,,,
크라이네－ 코리아,부산광역시 금정구 구서동 1023-37,0,,,,,,,
크라이네－ 코리아,부산광역시 금정구 구서동 1023-37,1,,,,,,,
크라이네－ 코리아,부산광역시 금정구 구서동 1023-37,2,,,,,,,
크라이네－ 코리아,부산광역시 금정구 구서동 1023-37,3,,,,,,,
크라이네－ 코리아,부산광역시 금정구 구서동 1023-37,4,,,,,,,
크라이네－ 코리아,부산광역시 금정구 구서동 1023-37,5,,,,,,,
크라이네－ 코리아,부산광역시 금정구 구서동 1023-37,6,,,,,,,
크림플라워,부산광역시 금정구 장전동 205-1,0,10:00,20:00,,,,,
크림플라워,부산광역시 금정구 장전동 205-1,1,10:00,20:00,,,,,
크림플라워,부산광역시 금정구 장전동 205-1,2,10:00,20:00,,,,,
크림플라워,부산광역시 금정구 장전동 205-1,3,10:00,20:00,,,,,
크림플라워,부산광역시 금정구 장전동 205-1,4,10:00,20:00,,,,,
크림플라워,부산광역시 금정구 장전동 205-1,5,10:00,20:00,,,,,
크림플라워,부산광역시 금정구 장전동 205-1,6,10:00,20:00,,,,,
클라비스,부산광역시 금정구 장전동 40,0,,,,,,,
클라비스,부산광역시 금정구 장전동 40,1,,,,,,,
클라비스,부산광역시 금정구 장전동 40,2,,,,,,,
클라비스,부산광역시 금정구 장전동 40,3,,,,,,,
클라비스,부산광역시 금정구 장전동 40,4,,,,,,,
클라비스,부산광역시 금정구 장전동 40,5,,,,,,,
클라비스,부산광역시 금정구 장전동 40,6,,,,,,,
클럽클리오 부산대클럽,부산광역시 금정구 장전동 414-12,0,,,,,,,
클럽클리오 부산대클럽,부산광역시 금정구 장전동 414-12,1,,,,,,,
클럽클리오 부산대클럽,부산광역시 금정구 장전동 414-12,2,,,,,,,
클럽클리오 부산대클럽,부산광역시 금정구 장전동 414-12,3,,,,,,,
클럽클리오 부산대클럽,부산광역시 금정구 장전동 414-12,4,,,,,,,
클럽클리오 부산대클럽,부산광역시 금정구 장전동 414-12,5,,,,,,,
클럽클리오 부산대클럽,부산광역시 금정구 장전동 414-12,6,,,,,,,
클렉션황보,부산광역시 금정구 부곡동 63-11,0,,,,,,,
클렉션황보,부산광역시 금정구 부곡동 63-11,1,,,,,,,
클렉션황보,부산광역시 금정구 부곡동 63-11,2,,,,,,,
클렉션황보,부산광역시 금정구 부곡동 63-11,3,,,,,,,
클렉션황보,부산광역시 금정구 부곡동 63-11,4,,,,,,,
클렉션황보,부산광역시 금정구 부곡동 63-11,5,,,,,,,
클렉션황보,부산광역시 금정구 부곡동 63-11,6,,,,,,,
클로슈더블유,부산광역시 금정구 장전동 107-1,0,,,,,,,
클로슈더블유,부산광역시 금정구 장전동 107-1,1,,,,,,,
클로슈더블유,부산광역시 금정구 장전동 107-1,2,,,,,,,
클로슈더블유,부산광역시 금정구 장전동 107-1,3,,,,,,,
클로슈더블유,부산광역시 금정구 장전동 107-1,4,,,,,,,
클로슈더블유,부산광역시 금정구 장전동 107-1,5,,,,,,,
클로슈더블유,부산광역시 금정구 장전동 107-1,6,,,,,,,
키아라,부산광역시 금정구 장전동 304-5,0,,,,,,,
키아라,부산광역시 금정구 장전동 304-5,1,,,,,,,
키아라,부산광역시 금정구 장전동 304-5,2,,,,,,,
키아라,부산광역시 금정구 장전동 304-5,3,,,,,,,
키아라,부산광역시 금정구 장전동 304-5,4,,,,,,,
키아라,부산광역시 금정구 장전동 304-5,5,,,,,,,
키아라,부산광역시 금정구 장전동 304-5,6,,,,,,,
키이스롯데동래점 백화점,부산광역시 동래구 온천동 502-3,0,,,,,,,
키이스롯데동래점 백화점,부산광역시 동래구 온천동 502-3,1,,,,,,,
키이스롯데동래점 백화점,부산광역시 동래구 온천동 502-3,2,,,,,,,
키이스롯데동래점 백화점,부산광역시 동래구 온천동 502-3,3,,,,,,,
키이스롯데동래점 백화점,부산광역시 동래구 온천동 502-3,4,,,,,,,
키이스롯데동래점 백화점,부산광역시 동래구 온천동 502-3,5,,,,,,,
키이스롯데동래점 백화점,부산광역시 동래구 온천동 502-3,6,,,,,,,
키즈마미,부산광역시 금정구 장전동 643-83,0,,,,,,,
키즈마미,부산광역시 금정구 장전동 643-83,1,,,,,,,
키즈마미,부산광역시 금정구 장전동 643-83,2,,,,,,,
키즈마미,부산광역시 금정구 장전동 643-83,3,,,,,,,
키즈마미,부산광역시 금정구 장전동 643-83,4,,,,,,,
키즈마미,부산광역시 금정구 장전동 643-83,5,,,,,,,
키즈마미,부산광역시 금정구 장전동 643-83,6,,,,,,,
타라,부산광역시 금정구 구서동 163-18,0,,,,,,,
타라,부산광역시 금정구 구서동 163-18,1,,,,,,,
타라,부산광역시 금정구 구서동 163-18,2,,,,,,,
타라,부산광역시 금정구 구서동 163-18,3,,,,,,,
타라,부산광역시 금정구 구서동 163-18,4,,,,,,,
타라,부산광역시 금정구 구서동 163-18,5,,,,,,,
타라,부산광역시 금정구 구서동 163-18,6,,,,,,,
타미남성롯데동래,부산광역시 동래구 온천동 502-3,0,,,,,,,
타미남성롯데동래,부산광역시 동래구 온천동 502-3,1,,,,,,,
타미남성롯데동래,부산광역시 동래구 온천동 502-3,2,,,,,,,
타미남성롯데동래,부산광역시 동래구 온천동 502-3,3,,,,,,,
타미남성롯데동래,부산광역시 동래구 온천동 502-3,4,,,,,,,
타미남성롯데동래,부산광역시 동래구 온천동 502-3,5,,,,,,,
타미남성롯데동래,부산광역시 동래구 온천동 502-3,6,,,,,,,
타미여성롯데동래,부산광역시 동래구 온천동 502-3,0,,,,,,,
타미여성롯데동래,부산광역시 동래구 온천동 502-3,1,,,,,,,
타미여성롯데동래,부산광역시 동래구 온천동 502-3,2,,,,,,,
타미여성롯데동래,부산광역시 동래구 온천동 502-3,3,,,,,,,
타미여성롯데동래,부산광역시 동래구 온천동 502-3,4,,,,,,,
타미여성롯데동래,부산광역시 동래구 온천동 502-3,5,,,,,,,
타미여성롯데동래,부산광역시 동래구 온천동 502-3,6,,,,,,,
타이틀리스트,부산광역시 동래구 온천동 502-3,0,,,,,,,
타이틀리스트,부산광역시 동래구 온천동 502-3,1,,,,,,,
타이틀리스트,부산광역시 동래구 온천동 502-3,2,,,,,,,
타이틀리스트,부산광역시 동래구 온천동 502-3,3,,,,,,,
타이틀리스트,부산광역시 동래구 온천동 502-3,4,,,,,,,
타이틀리스트,부산광역시 동래구 온천동 502-3,5,,,,,,,
타이틀리스트,부산광역시 동래구 온천동 502-3,6,,,,,,,
타임,부산광역시 금정구 장전동 423-5,0,10:20,20:20,,,,,
타임,부산광역시 금정구 장전동 423-5,1,10:20,20:20,,,,,
타임,부산광역시 금정구 장전동 423-5,2,10:20,20:20,,,,,
타임,부산광역시 금정구 장전동 423-5,3,10:20,20:20,,,,,
타임,부산광역시 금정구 장전동 423-5,4,10:20,20:20,,,,,
타임,부산광역시 금정구 장전동 423-5,5,10:20,20:20,,,,,
타임,부산광역시 금정구 장전동 423-5,6,10:20,20:20,,,,,
타입원,부산광역시 금정구 장전동 293-21,0,,,,,,,
타입원,부산광역시 금정구 장전동 293-21,1,,,,,,,
타입원,부산광역시 금정구 장전동 293-21,2,,,,,,,
타입원,부산광역시 금정구 장전동 293-21,3,,,,,,,
타입원,부산광역시 금정구 장전동 293-21,4,,,,,,,
타입원,부산광역시 금정구 장전동 293-21,5,,,,,,,
타입원,부산광역시 금정구 장전동 293-21,6,,,,,,,
탈모케어존부산 동래점,부산광역시 동래구 온천동 1434-20,0,,,,,,,
탈모케어존부산 동래점,부산광역시 동래구 온천동 1434-20,1,,,,,,,
탈모케어존부산 동래점,부산광역시 동래구 온천동 1434-20,2,,,,,,,
탈모케어존부산 동래점,부산광역시 동래구 온천동 1434-20,3,,,,,,,
탈모케어존부산 동래점,부산광역시 동래구 온천동 1434-20,4,,,,,,,
탈모케어존부산 동래점,부산광역시 동래구 온천동 1434-20,5,,,,,,,
탈모케어존부산 동래점,부산광역시 동래구 온천동 1434-20,6,,,,,,,
탑스롯데 동래점,부산광역시 동래구 온천동 502-3,0,,,,,,,
탑스롯데 동래점,부산광역시 동래구 온천동 502-3,1,,,,,,,
탑스롯데 동래점,부산광역시 동래구 온천동 502-3,2,,,,,,,
탑스롯데 동래점,부산광역시 동래구 온천동 502-3,3,,,,,,,
탑스롯데 동래점,부산광역시 동래구 온천동 502-3,4,,,,,,,
탑스롯데 동래점,부산광역시 동래구 온천동 502-3,5,,,,,,,
탑스롯데 동래점,부산광역시 동래구 온천동 502-3,6,,,,,,,
탑케이스,부산광역시 금정구 장전동 293-175,0,,,,,,,
탑케이스,부산광역시 금정구 장전동 293-175,1,,,,,,,
탑케이스,부산광역시 금정구 장전동 293-175,2,,,,,,,
탑케이스,부산광역시 금정구 장전동 293-175,3,,,,,,,
탑케이스,부산광역시 금정구 장전동 293-175,4,,,,,,,
탑케이스,부산광역시 금정구 장전동 293-175,5,,,,,,,
탑케이스,부산광역시 금정구 장전동 293-175,6,,,,,,,
탑텐키즈,부산광역시 금정구 구서동 368,0,,,,,,,
탑텐키즈,부산광역시 금정구 구서동 368,1,,,,,,,
탑텐키즈,부산광역시 금정구 구서동 368,2,,,,,,,
탑텐키즈,부산광역시 금정구 구서동 368,3,,,,,,,
탑텐키즈,부산광역시 금정구 구서동 368,4,,,,,,,
탑텐키즈,부산광역시 금정구 구서동 368,5,,,,,,,
탑텐키즈,부산광역시 금정구 구서동 368,6,,,,,,,
탑텐키즈,부산광역시 금정구 장전동 40,0,,,,,,,
탑텐키즈,부산광역시 금정구 장전동 40,1,,,,,,,
탑텐키즈,부산광역시 금정구 장전동 40,2,,,,,,,
탑텐키즈,부산광역시 금정구 장전동 40,3,,,,,,,
탑텐키즈,부산광역시 금정구 장전동 40,4,,,,,,,
탑텐키즈,부산광역시 금정구 장전동 40,5,,,,,,,
탑텐키즈,부산광역시 금정구 장전동 40,6,,,,,,,
태후사랑,부산광역시 금정구 부곡동 215-3,0,,,,,,TRUE,
태후사랑,부산광역시 금정구 부곡동 215-3,1,9:30,16:00,,,,,
태후사랑,부산광역시 금정구 부곡동 215-3,2,9:30,16:00,,,,,
태후사랑,부산광역시 금정구 부곡동 215-3,3,9:30,19:00,,,,,
태후사랑,부산광역시 금정구 부곡동 215-3,4,9:30,19:00,,,,,
태후사랑,부산광역시 금정구 부곡동 215-3,5,9:30,19:00,,,,,
태후사랑,부산광역시 금정구 부곡동 215-3,6,9:30,17:00,,,,,
탠디,부산광역시 동래구 온천동 502-3,0,,,,,,,
탠디,부산광역시 동래구 온천동 502-3,1,,,,,,,
탠디,부산광역시 동래구 온천동 502-3,2,,,,,,,
탠디,부산광역시 동래구 온천동 502-3,3,,,,,,,
탠디,부산광역시 동래구 온천동 502-3,4,,,,,,,
탠디,부산광역시 동래구 온천동 502-3,5,,,,,,,
탠디,부산광역시 동래구 온천동 502-3,6,,,,,,,
테라스플라워,부산광역시 동래구 명륜동 533-51,0,,,,,,,
테라스플라워,부산광역시 동래구 명륜동 533-51,1,,,,,,,
테라스플라워,부산광역시 동래구 명륜동 533-51,2,,,,,,,
테라스플라워,부산광역시 동래구 명륜동 533-51,3,,,,,,,
테라스플라워,부산광역시 동래구 명륜동 533-51,4,,,,,,,
테라스플라워,부산광역시 동래구 명륜동 533-51,5,,,,,,,
테라스플라워,부산광역시 동래구 명륜동 533-51,6,,,,,,,
테일러메이드롯데 동래점,부산광역시 동래구 온천동 502-3,0,,,,,,,
테일러메이드롯데 동래점,부산광역시 동래구 온천동 502-3,1,,,,,,,
테일러메이드롯데 동래점,부산광역시 동래구 온천동 502-3,2,,,,,,,
테일러메이드롯데 동래점,부산광역시 동래구 온천동 502-3,3,,,,,,,
테일러메이드롯데 동래점,부산광역시 동래구 온천동 502-3,4,,,,,,,
테일러메이드롯데 동래점,부산광역시 동래구 온천동 502-3,5,,,,,,,
테일러메이드롯데 동래점,부산광역시 동래구 온천동 502-3,6,,,,,,,
테일러컴퍼니 동래점,부산광역시 동래구 명륜동 681-31,0,11:00,20:00,,,,,
테일러컴퍼니 동래점,부산광역시 동래구 명륜동 681-31,1,11:00,20:00,,,,,
테일러컴퍼니 동래점,부산광역시 동래구 명륜동 681-31,2,11:00,20:00,,,,,
테일러컴퍼니 동래점,부산광역시 동래구 명륜동 681-31,3,11:00,20:00,,,,,
테일러컴퍼니 동래점,부산광역시 동래구 명륜동 681-31,4,11:00,20:00,,,,,
테일러컴퍼니 동래점,부산광역시 동래구 명륜동 681-31,5,11:00,20:00,,,,,
테일러컴퍼니 동래점,부산광역시 동래구 명륜동 681-31,6,11:00,20:00,,,,,
템파머,부산광역시 금정구 장전동 383-12,0,,,,,,,
템파머,부산광역시 금정구 장전동 383-12,1,,,,,,,
템파머,부산광역시 금정구 장전동 383-12,2,,,,,,,
템파머,부산광역시 금정구 장전동 383-12,3,,,,,,,
템파머,부산광역시 금정구 장전동 383-12,4,,,,,,,
템파머,부산광역시 금정구 장전동 383-12,5,,,,,,,
템파머,부산광역시 금정구 장전동 383-12,6,,,,,,,
토마토,부산광역시 동래구 온천동 141-9,0,,,,,,,
토마토,부산광역시 동래구 온천동 141-9,1,,,,,,,
토마토,부산광역시 동래구 온천동 141-9,2,,,,,,,
토마토,부산광역시 동래구 온천동 141-9,3,,,,,,,
토마토,부산광역시 동래구 온천동 141-9,4,,,,,,,
토마토,부산광역시 동래구 온천동 141-9,5,,,,,,,
토마토,부산광역시 동래구 온천동 141-9,6,,,,,,,
토지서점,부산광역시 금정구 장전동 65-1,0,,,,,,,
토지서점,부산광역시 금정구 장전동 65-1,1,,,,,,,
토지서점,부산광역시 금정구 장전동 65-1,2,,,,,,,
토지서점,부산광역시 금정구 장전동 65-1,3,,,,,,,
토지서점,부산광역시 금정구 장전동 65-1,4,,,,,,,
토지서점,부산광역시 금정구 장전동 65-1,5,,,,,,,
토지서점,부산광역시 금정구 장전동 65-1,6,,,,,,,
토탈할인점,부산광역시 동래구 온천동 1377-28,0,,,,,,,
토탈할인점,부산광역시 동래구 온천동 1377-28,1,,,,,,,
토탈할인점,부산광역시 동래구 온천동 1377-28,2,,,,,,,
토탈할인점,부산광역시 동래구 온천동 1377-28,3,,,,,,,
토탈할인점,부산광역시 동래구 온천동 1377-28,4,,,,,,,
토탈할인점,부산광역시 동래구 온천동 1377-28,5,,,,,,,
토탈할인점,부산광역시 동래구 온천동 1377-28,6,,,,,,,
토토로,부산광역시 동래구 온천동 1441-9,0,,,,,,,
토토로,부산광역시 동래구 온천동 1441-9,1,,,,,,,
토토로,부산광역시 동래구 온천동 1441-9,2,,,,,,,
토토로,부산광역시 동래구 온천동 1441-9,3,,,,,,,
토토로,부산광역시 동래구 온천동 1441-9,4,,,,,,,
토토로,부산광역시 동래구 온천동 1441-9,5,,,,,,,
토토로,부산광역시 동래구 온천동 1441-9,6,,,,,,,
통가죽의집,부산광역시 금정구 장전동 653-9,0,,,,,,,
통가죽의집,부산광역시 금정구 장전동 653-9,1,,,,,,,
통가죽의집,부산광역시 금정구 장전동 653-9,2,,,,,,,
통가죽의집,부산광역시 금정구 장전동 653-9,3,,,,,,,
통가죽의집,부산광역시 금정구 장전동 653-9,4,,,,,,,
통가죽의집,부산광역시 금정구 장전동 653-9,5,,,,,,,
통가죽의집,부산광역시 금정구 장전동 653-9,6,,,,,,,
투쿨포스쿨 부산대점,부산광역시 금정구 장전동 415-16,0,,,,,,,
투쿨포스쿨 부산대점,부산광역시 금정구 장전동 415-16,1,,,,,,,
투쿨포스쿨 부산대점,부산광역시 금정구 장전동 415-16,2,,,,,,,
투쿨포스쿨 부산대점,부산광역시 금정구 장전동 415-16,3,,,,,,,
투쿨포스쿨 부산대점,부산광역시 금정구 장전동 415-16,4,,,,,,,
투쿨포스쿨 부산대점,부산광역시 금정구 장전동 415-16,5,,,,,,,
투쿨포스쿨 부산대점,부산광역시 금정구 장전동 415-16,6,,,,,,,
트레드후스롯데 동래점,부산광역시 동래구 온천동 502-3,0,,,,,,,
트레드후스롯데 동래점,부산광역시 동래구 온천동 502-3,1,,,,,,,
트레드후스롯데 동래점,부산광역시 동래구 온천동 502-3,2,,,,,,,
트레드후스롯데 동래점,부산광역시 동래구 온천동 502-3,3,,,,,,,
트레드후스롯데 동래점,부산광역시 동래구 온천동 502-3,4,,,,,,,
트레드후스롯데 동래점,부산광역시 동래구 온천동 502-3,5,,,,,,,
트레드후스롯데 동래점,부산광역시 동래구 온천동 502-3,6,,,,,,,
티오티 부산대점,부산광역시 금정구 장전동 40,0,,,,,,,
티오티 부산대점,부산광역시 금정구 장전동 40,1,,,,,,,
티오티 부산대점,부산광역시 금정구 장전동 40,2,,,,,,,
티오티 부산대점,부산광역시 금정구 장전동 40,3,,,,,,,
티오티 부산대점,부산광역시 금정구 장전동 40,4,,,,,,,
티오티 부산대점,부산광역시 금정구 장전동 40,5,,,,,,,
티오티 부산대점,부산광역시 금정구 장전동 40,6,,,,,,,
파라렐라,부산광역시 동래구 온천동 1266-5,0,,,,,,,
파라렐라,부산광역시 동래구 온천동 1266-5,1,,,,,,,
파라렐라,부산광역시 동래구 온천동 1266-5,2,,,,,,,
파라렐라,부산광역시 동래구 온천동 1266-5,3,,,,,,,
파라렐라,부산광역시 동래구 온천동 1266-5,4,,,,,,,
파라렐라,부산광역시 동래구 온천동 1266-5,5,,,,,,,
파라렐라,부산광역시 동래구 온천동 1266-5,6,,,,,,,
파라오풋,부산광역시 동래구 명륜동 553-6,0,12:00,3:00,,,,,
파라오풋,부산광역시 동래구 명륜동 553-6,1,12:00,3:00,,,,,
파라오풋,부산광역시 동래구 명륜동 553-6,2,12:00,3:00,,,,,
파라오풋,부산광역시 동래구 명륜동 553-6,3,12:00,3:00,,,,,
파라오풋,부산광역시 동래구 명륜동 553-6,4,12:00,3:00,,,,,
파라오풋,부산광역시 동래구 명륜동 553-6,5,12:00,3:00,,,,,
파라오풋,부산광역시 동래구 명륜동 553-6,6,12:00,3:00,,,,,
파리게이츠,부산광역시 동래구 온천동 502-3,0,,,,,,,
파리게이츠,부산광역시 동래구 온천동 502-3,1,,,,,,,
파리게이츠,부산광역시 동래구 온천동 502-3,2,,,,,,,
파리게이츠,부산광역시 동래구 온천동 502-3,3,,,,,,,
파리게이츠,부산광역시 동래구 온천동 502-3,4,,,,,,,
파리게이츠,부산광역시 동래구 온천동 502-3,5,,,,,,,
파리게이츠,부산광역시 동래구 온천동 502-3,6,,,,,,,
파리게이츠 금정점,부산광역시 금정구 부곡동 225-62,0,,,,,,,
파리게이츠 금정점,부산광역시 금정구 부곡동 225-62,1,,,,,,,
파리게이츠 금정점,부산광역시 금정구 부곡동 225-62,2,,,,,,,
파리게이츠 금정점,부산광역시 금정구 부곡동 225-62,3,,,,,,,
파리게이츠 금정점,부산광역시 금정구 부곡동 225-62,4,,,,,,,
파리게이츠 금정점,부산광역시 금정구 부곡동 225-62,5,,,,,,,
파리게이츠 금정점,부산광역시 금정구 부곡동 225-62,6,,,,,,,
파운드빈티지,부산광역시 금정구 장전동 293-13,0,13:00,22:00,,,,,
파운드빈티지,부산광역시 금정구 장전동 293-13,1,13:00,22:00,,,,,
파운드빈티지,부산광역시 금정구 장전동 293-13,2,13:00,22:00,,,,,
파운드빈티지,부산광역시 금정구 장전동 293-13,3,13:00,22:00,,,,,
파운드빈티지,부산광역시 금정구 장전동 293-13,4,13:00,22:00,,,,,
파운드빈티지,부산광역시 금정구 장전동 293-13,5,13:00,22:00,,,,,
파운드빈티지,부산광역시 금정구 장전동 293-13,6,13:00,22:00,,,,,
파크랜드 두실점,부산광역시 금정구 구서동 158-1,0,10:30,21:00,,,,,
파크랜드 두실점,부산광역시 금정구 구서동 158-1,1,10:30,21:00,,,,,
파크랜드 두실점,부산광역시 금정구 구서동 158-1,2,10:30,21:00,,,,,
파크랜드 두실점,부산광역시 금정구 구서동 158-1,3,10:30,21:00,,,,,
파크랜드 두실점,부산광역시 금정구 구서동 158-1,4,10:30,21:00,,,,,
파크랜드 두실점,부산광역시 금정구 구서동 158-1,5,10:30,21:00,,,,,
파크랜드 두실점,부산광역시 금정구 구서동 158-1,6,10:30,21:00,,,,,
패션오드리,부산광역시 금정구 구서동 654-45,0,,,,,,,
패션오드리,부산광역시 금정구 구서동 654-45,1,,,,,,,
패션오드리,부산광역시 금정구 구서동 654-45,2,,,,,,,
패션오드리,부산광역시 금정구 구서동 654-45,3,,,,,,,
패션오드리,부산광역시 금정구 구서동 654-45,4,,,,,,,
패션오드리,부산광역시 금정구 구서동 654-45,5,,,,,,,
패션오드리,부산광역시 금정구 구서동 654-45,6,,,,,,,
퍼베이드,부산광역시 금정구 장전동 304-5,0,,,,,,,
퍼베이드,부산광역시 금정구 장전동 304-5,1,,,,,,,
퍼베이드,부산광역시 금정구 장전동 304-5,2,,,,,,,
퍼베이드,부산광역시 금정구 장전동 304-5,3,,,,,,,
퍼베이드,부산광역시 금정구 장전동 304-5,4,,,,,,,
퍼베이드,부산광역시 금정구 장전동 304-5,5,,,,,,,
퍼베이드,부산광역시 금정구 장전동 304-5,6,,,,,,,
페이지플린,부산광역시 금정구 장전동 422-24,0,,,,,,,
페이지플린,부산광역시 금정구 장전동 422-24,1,,,,,,,
페이지플린,부산광역시 금정구 장전동 422-24,2,,,,,,,
페이지플린,부산광역시 금정구 장전동 422-24,3,,,,,,,
페이지플린,부산광역시 금정구 장전동 422-24,4,,,,,,,
페이지플린,부산광역시 금정구 장전동 422-24,5,,,,,,,
페이지플린,부산광역시 금정구 장전동 422-24,6,,,,,,,
포레,부산광역시 동래구 온천동 100-13,0,,,,,,,
포레,부산광역시 동래구 온천동 100-13,1,,,,,,,
포레,부산광역시 동래구 온천동 100-13,2,,,,,,,
포레,부산광역시 동래구 온천동 100-13,3,,,,,,,
포레,부산광역시 동래구 온천동 100-13,4,,,,,,,
포레,부산광역시 동래구 온천동 100-13,5,,,,,,,
포레,부산광역시 동래구 온천동 100-13,6,,,,,,,
포렛,부산광역시 동래구 온천동 210-81,0,,,,,,,
포렛,부산광역시 동래구 온천동 210-81,1,,,,,,,
포렛,부산광역시 동래구 온천동 210-81,2,,,,,,,
포렛,부산광역시 동래구 온천동 210-81,3,,,,,,,
포렛,부산광역시 동래구 온천동 210-81,4,,,,,,,
포렛,부산광역시 동래구 온천동 210-81,5,,,,,,,
포렛,부산광역시 동래구 온천동 210-81,6,,,,,,,
포리,부산광역시 동래구 명륜동 306-3,0,,,,,,,
포리,부산광역시 동래구 명륜동 306-3,1,,,,,,,
포리,부산광역시 동래구 명륜동 306-3,2,,,,,,,
포리,부산광역시 동래구 명륜동 306-3,3,,,,,,,
포리,부산광역시 동래구 명륜동 306-3,4,,,,,,,
포리,부산광역시 동래구 명륜동 306-3,5,,,,,,,
포리,부산광역시 동래구 명륜동 306-3,6,,,,,,,
포에라화장품,부산광역시 동래구 명륜동 700-193,0,,,,,,,
포에라화장품,부산광역시 동래구 명륜동 700-193,1,,,,,,,
포에라화장품,부산광역시 동래구 명륜동 700-193,2,,,,,,,
포에라화장품,부산광역시 동래구 명륜동 700-193,3,,,,,,,
포에라화장품,부산광역시 동래구 명륜동 700-193,4,,,,,,,
포에라화장품,부산광역시 동래구 명륜동 700-193,5,,,,,,,
포에라화장품,부산광역시 동래구 명륜동 700-193,6,,,,,,,
포에트플라워,부산광역시 동래구 명륜동 586-1,0,0:00,,,,,,
포에트플라워,부산광역시 동래구 명륜동 586-1,1,0:00,,,,,,
포에트플라워,부산광역시 동래구 명륜동 586-1,2,0:00,,,,,,
포에트플라워,부산광역시 동래구 명륜동 586-1,3,0:00,,,,,,
포에트플라워,부산광역시 동래구 명륜동 586-1,4,0:00,,,,,,
포에트플라워,부산광역시 동래구 명륜동 586-1,5,0:00,,,,,,
포에트플라워,부산광역시 동래구 명륜동 586-1,6,0:00,,,,,,
포우구제가게,부산광역시 금정구 부곡동 296-46,0,,,,,,,
포우구제가게,부산광역시 금정구 부곡동 296-46,1,,,,,,,
포우구제가게,부산광역시 금정구 부곡동 296-46,2,,,,,,,
포우구제가게,부산광역시 금정구 부곡동 296-46,3,,,,,,,
포우구제가게,부산광역시 금정구 부곡동 296-46,4,,,,,,,
포우구제가게,부산광역시 금정구 부곡동 296-46,5,,,,,,,
포우구제가게,부산광역시 금정구 부곡동 296-46,6,,,,,,,
폰짝꿍,부산광역시 금정구 장전동 309-17,0,,,,,,,
폰짝꿍,부산광역시 금정구 장전동 309-17,1,,,,,,,
폰짝꿍,부산광역시 금정구 장전동 309-17,2,,,,,,,
폰짝꿍,부산광역시 금정구 장전동 309-17,3,,,,,,,
폰짝꿍,부산광역시 금정구 장전동 309-17,4,,,,,,,
폰짝꿍,부산광역시 금정구 장전동 309-17,5,,,,,,,
폰짝꿍,부산광역시 금정구 장전동 309-17,6,,,,,,,
폰케이스#,부산광역시 금정구 장전동 309-16,0,11:00,20:00,,,,,
폰케이스#,부산광역시 금정구 장전동 309-16,1,11:00,20:00,,,,,
폰케이스#,부산광역시 금정구 장전동 309-16,2,11:00,20:00,,,,,
폰케이스#,부산광역시 금정구 장전동 309-16,3,11:00,20:00,,,,,
폰케이스#,부산광역시 금정구 장전동 309-16,4,11:00,20:00,,,,,
폰케이스#,부산광역시 금정구 장전동 309-16,5,11:00,20:00,,,,,
폰케이스#,부산광역시 금정구 장전동 309-16,6,11:00,20:00,,,,,
폰하우스,부산광역시 금정구 부곡동 329-47,0,,,,,,,
폰하우스,부산광역시 금정구 부곡동 329-47,1,,,,,,,
폰하우스,부산광역시 금정구 부곡동 329-47,2,,,,,,,
폰하우스,부산광역시 금정구 부곡동 329-47,3,,,,,,,
폰하우스,부산광역시 금정구 부곡동 329-47,4,,,,,,,
폰하우스,부산광역시 금정구 부곡동 329-47,5,,,,,,,
폰하우스,부산광역시 금정구 부곡동 329-47,6,,,,,,,
폴라리스,부산광역시 금정구 장전동 293-173,0,12:00,21:00,,,,,
폴라리스,부산광역시 금정구 장전동 293-173,1,12:00,21:00,,,,,
폴라리스,부산광역시 금정구 장전동 293-173,2,12:00,21:00,,,,,
폴라리스,부산광역시 금정구 장전동 293-173,3,12:00,21:00,,,,,
폴라리스,부산광역시 금정구 장전동 293-173,4,12:00,21:00,,,,,
폴라리스,부산광역시 금정구 장전동 293-173,5,12:00,21:00,,,,,
폴라리스,부산광역시 금정구 장전동 293-173,6,12:00,21:00,,,,,
폴햄 NC부산대,부산광역시 금정구 장전동 40,0,,,,,,,
폴햄 NC부산대,부산광역시 금정구 장전동 40,1,,,,,,,
폴햄 NC부산대,부산광역시 금정구 장전동 40,2,,,,,,,
폴햄 NC부산대,부산광역시 금정구 장전동 40,3,,,,,,,
폴햄 NC부산대,부산광역시 금정구 장전동 40,4,,,,,,,
폴햄 NC부산대,부산광역시 금정구 장전동 40,5,,,,,,,
폴햄 NC부산대,부산광역시 금정구 장전동 40,6,,,,,,,
폴햄키즈,부산광역시 금정구 장전동 40,0,,,,,,,
폴햄키즈,부산광역시 금정구 장전동 40,1,,,,,,,
폴햄키즈,부산광역시 금정구 장전동 40,2,,,,,,,
폴햄키즈,부산광역시 금정구 장전동 40,3,,,,,,,
폴햄키즈,부산광역시 금정구 장전동 40,4,,,,,,,
폴햄키즈,부산광역시 금정구 장전동 40,5,,,,,,,
폴햄키즈,부산광역시 금정구 장전동 40,6,,,,,,,
풋젠장전점,부산광역시 금정구 구서동 470-5,0,,,,,,,
풋젠장전점,부산광역시 금정구 구서동 470-5,1,,,,,,,
풋젠장전점,부산광역시 금정구 구서동 470-5,2,,,,,,,
풋젠장전점,부산광역시 금정구 구서동 470-5,3,,,,,,,
풋젠장전점,부산광역시 금정구 구서동 470-5,4,,,,,,,
풋젠장전점,부산광역시 금정구 구서동 470-5,5,,,,,,,
풋젠장전점,부산광역시 금정구 구서동 470-5,6,,,,,,,
풋조이롯데동래점 백화점,부산광역시 동래구 온천동 502-3,0,,,,,,,
풋조이롯데동래점 백화점,부산광역시 동래구 온천동 502-3,1,,,,,,,
풋조이롯데동래점 백화점,부산광역시 동래구 온천동 502-3,2,,,,,,,
풋조이롯데동래점 백화점,부산광역시 동래구 온천동 502-3,3,,,,,,,
풋조이롯데동래점 백화점,부산광역시 동래구 온천동 502-3,4,,,,,,,
풋조이롯데동래점 백화점,부산광역시 동래구 온천동 502-3,5,,,,,,,
풋조이롯데동래점 백화점,부산광역시 동래구 온천동 502-3,6,,,,,,,
풍경소리,부산광역시 금정구 구서동 1026-1,0,,,,,,,
풍경소리,부산광역시 금정구 구서동 1026-1,1,,,,,,,
풍경소리,부산광역시 금정구 구서동 1026-1,2,,,,,,,
풍경소리,부산광역시 금정구 구서동 1026-1,3,,,,,,,
풍경소리,부산광역시 금정구 구서동 1026-1,4,,,,,,,
풍경소리,부산광역시 금정구 구서동 1026-1,5,,,,,,,
풍경소리,부산광역시 금정구 구서동 1026-1,6,,,,,,,
프랑코페라로,부산광역시 동래구 온천동 502-3,0,,,,,,,
프랑코페라로,부산광역시 동래구 온천동 502-3,1,,,,,,,
프랑코페라로,부산광역시 동래구 온천동 502-3,2,,,,,,,
프랑코페라로,부산광역시 동래구 온천동 502-3,3,,,,,,,
프랑코페라로,부산광역시 동래구 온천동 502-3,4,,,,,,,
프랑코페라로,부산광역시 동래구 온천동 502-3,5,,,,,,,
프랑코페라로,부산광역시 동래구 온천동 502-3,6,,,,,,,
프렌치켓,부산광역시 동래구 온천동 502-3,0,,,,,,,
프렌치켓,부산광역시 동래구 온천동 502-3,1,,,,,,,
프렌치켓,부산광역시 동래구 온천동 502-3,2,,,,,,,
프렌치켓,부산광역시 동래구 온천동 502-3,3,,,,,,,
프렌치켓,부산광역시 동래구 온천동 502-3,4,,,,,,,
프렌치켓,부산광역시 동래구 온천동 502-3,5,,,,,,,
프렌치켓,부산광역시 동래구 온천동 502-3,6,,,,,,,
프렐린,부산광역시 금정구 장전동 40,0,,,,,,,
프렐린,부산광역시 금정구 장전동 40,1,,,,,,,
프렐린,부산광역시 금정구 장전동 40,2,,,,,,,
프렐린,부산광역시 금정구 장전동 40,3,,,,,,,
프렐린,부산광역시 금정구 장전동 40,4,,,,,,,
프렐린,부산광역시 금정구 장전동 40,5,,,,,,,
프렐린,부산광역시 금정구 장전동 40,6,,,,,,,
프로스펙스동래롯데 백화점,부산광역시 동래구 온천동 502-3,0,,,,,,,
프로스펙스동래롯데 백화점,부산광역시 동래구 온천동 502-3,1,,,,,,,
프로스펙스동래롯데 백화점,부산광역시 동래구 온천동 502-3,2,,,,,,,
프로스펙스동래롯데 백화점,부산광역시 동래구 온천동 502-3,3,,,,,,,
프로스펙스동래롯데 백화점,부산광역시 동래구 온천동 502-3,4,,,,,,,
프로스펙스동래롯데 백화점,부산광역시 동래구 온천동 502-3,5,,,,,,,
프로스펙스동래롯데 백화점,부산광역시 동래구 온천동 502-3,6,,,,,,,
프로월드컵,부산광역시 동래구 온천동 153-8,0,,,,,,,
프로월드컵,부산광역시 동래구 온천동 153-8,1,,,,,,,
프로월드컵,부산광역시 동래구 온천동 153-8,2,,,,,,,
프로월드컵,부산광역시 동래구 온천동 153-8,3,,,,,,,
프로월드컵,부산광역시 동래구 온천동 153-8,4,,,,,,,
프로월드컵,부산광역시 동래구 온천동 153-8,5,,,,,,,
프로월드컵,부산광역시 동래구 온천동 153-8,6,,,,,,,
프로젝트엠,부산광역시 동래구 온천동 502-3,0,,,,,,,
프로젝트엠,부산광역시 동래구 온천동 502-3,1,,,,,,,
프로젝트엠,부산광역시 동래구 온천동 502-3,2,,,,,,,
프로젝트엠,부산광역시 동래구 온천동 502-3,3,,,,,,,
프로젝트엠,부산광역시 동래구 온천동 502-3,4,,,,,,,
프로젝트엠,부산광역시 동래구 온천동 502-3,5,,,,,,,
프로젝트엠,부산광역시 동래구 온천동 502-3,6,,,,,,,
프로토콜,부산광역시 금정구 구서동 490-19,0,,,,,,,
프로토콜,부산광역시 금정구 구서동 490-19,1,,,,,,,
프로토콜,부산광역시 금정구 구서동 490-19,2,,,,,,,
프로토콜,부산광역시 금정구 구서동 490-19,3,,,,,,,
프로토콜,부산광역시 금정구 구서동 490-19,4,,,,,,,
프로토콜,부산광역시 금정구 구서동 490-19,5,,,,,,,
프로토콜,부산광역시 금정구 구서동 490-19,6,,,,,,,
프리밸런스,부산광역시 동래구 온천동 502-3,0,,,,,,,
프리밸런스,부산광역시 동래구 온천동 502-3,1,,,,,,,
프리밸런스,부산광역시 동래구 온천동 502-3,2,,,,,,,
프리밸런스,부산광역시 동래구 온천동 502-3,3,,,,,,,
프리밸런스,부산광역시 동래구 온천동 502-3,4,,,,,,,
프리밸런스,부산광역시 동래구 온천동 502-3,5,,,,,,,
프리밸런스,부산광역시 동래구 온천동 502-3,6,,,,,,,
플라워스토리,부산광역시 금정구 장전동 643-310,0,,,,,,TRUE,
플라워스토리,부산광역시 금정구 장전동 643-310,1,13:00,20:00,,,,,
플라워스토리,부산광역시 금정구 장전동 643-310,2,13:00,20:00,,,,,
플라워스토리,부산광역시 금정구 장전동 643-310,3,13:00,20:00,,,,,
플라워스토리,부산광역시 금정구 장전동 643-310,4,13:00,20:00,,,,,
플라워스토리,부산광역시 금정구 장전동 643-310,5,13:00,20:00,,,,,
플라워스토리,부산광역시 금정구 장전동 643-310,6,10:00,17:00,,,,,
플레이샵,부산광역시 금정구 부곡동 292-10,0,,,,,,,
플레이샵,부산광역시 금정구 부곡동 292-10,1,,,,,,,
플레이샵,부산광역시 금정구 부곡동 292-10,2,,,,,,,
플레이샵,부산광역시 금정구 부곡동 292-10,3,,,,,,,
플레이샵,부산광역시 금정구 부곡동 292-10,4,,,,,,,
플레이샵,부산광역시 금정구 부곡동 292-10,5,,,,,,,
플레이샵,부산광역시 금정구 부곡동 292-10,6,,,,,,,
플레이키즈프로,부산광역시 동래구 온천동 502-3,0,,,,,,,
플레이키즈프로,부산광역시 동래구 온천동 502-3,1,,,,,,,
플레이키즈프로,부산광역시 동래구 온천동 502-3,2,,,,,,,
플레이키즈프로,부산광역시 동래구 온천동 502-3,3,,,,,,,
플레이키즈프로,부산광역시 동래구 온천동 502-3,4,,,,,,,
플레이키즈프로,부산광역시 동래구 온천동 502-3,5,,,,,,,
플레이키즈프로,부산광역시 동래구 온천동 502-3,6,,,,,,,
플로라,부산광역시 금정구 장전동 304-5,0,,,,,,,
플로라,부산광역시 금정구 장전동 304-5,1,,,,,,,
플로라,부산광역시 금정구 장전동 304-5,2,,,,,,,
플로라,부산광역시 금정구 장전동 304-5,3,,,,,,,
플로라,부산광역시 금정구 장전동 304-5,4,,,,,,,
플로라,부산광역시 금정구 장전동 304-5,5,,,,,,,
플로라,부산광역시 금정구 장전동 304-5,6,,,,,,,
플로라뷰티,부산광역시 금정구 구서동 368,0,,,,,,,
플로라뷰티,부산광역시 금정구 구서동 368,1,,,,,,,
플로라뷰티,부산광역시 금정구 구서동 368,2,,,,,,,
플로라뷰티,부산광역시 금정구 구서동 368,3,,,,,,,
플로라뷰티,부산광역시 금정구 구서동 368,4,,,,,,,
플로라뷰티,부산광역시 금정구 구서동 368,5,,,,,,,
플로라뷰티,부산광역시 금정구 구서동 368,6,,,,,,,
피멜제이,부산광역시 금정구 장전동 293-126,0,,,,,,,
피멜제이,부산광역시 금정구 장전동 293-126,1,,,,,,,
피멜제이,부산광역시 금정구 장전동 293-126,2,,,,,,,
피멜제이,부산광역시 금정구 장전동 293-126,3,,,,,,,
피멜제이,부산광역시 금정구 장전동 293-126,4,,,,,,,
피멜제이,부산광역시 금정구 장전동 293-126,5,,,,,,,
피멜제이,부산광역시 금정구 장전동 293-126,6,,,,,,,
피부상담,부산광역시 금정구 장전동 655-13,0,,,,,,,
피부상담,부산광역시 금정구 장전동 655-13,1,,,,,,,
피부상담,부산광역시 금정구 장전동 655-13,2,,,,,,,
피부상담,부산광역시 금정구 장전동 655-13,3,,,,,,,
피부상담,부산광역시 금정구 장전동 655-13,4,,,,,,,
피부상담,부산광역시 금정구 장전동 655-13,5,,,,,,,
피부상담,부산광역시 금정구 장전동 655-13,6,,,,,,,
피부에바나나,부산광역시 금정구 장전동 541-23,0,,,,,,,
피부에바나나,부산광역시 금정구 장전동 541-23,1,,,,,,,
피부에바나나,부산광역시 금정구 장전동 541-23,2,,,,,,,
피부에바나나,부산광역시 금정구 장전동 541-23,3,,,,,,,
피부에바나나,부산광역시 금정구 장전동 541-23,4,,,,,,,
피부에바나나,부산광역시 금정구 장전동 541-23,5,,,,,,,
피부에바나나,부산광역시 금정구 장전동 541-23,6,,,,,,,
피플,부산광역시 금정구 장전동 293-130,0,,,,,,,
피플,부산광역시 금정구 장전동 293-130,1,,,,,,,
피플,부산광역시 금정구 장전동 293-130,2,,,,,,,
피플,부산광역시 금정구 장전동 293-130,3,,,,,,,
피플,부산광역시 금정구 장전동 293-130,4,,,,,,,
피플,부산광역시 금정구 장전동 293-130,5,,,,,,,
피플,부산광역시 금정구 장전동 293-130,6,,,,,,,
픽팝,부산광역시 금정구 장전동 293-173,0,,,,,,,
픽팝,부산광역시 금정구 장전동 293-173,1,,,,,,,
픽팝,부산광역시 금정구 장전동 293-173,2,,,,,,,
픽팝,부산광역시 금정구 장전동 293-173,3,,,,,,,
픽팝,부산광역시 금정구 장전동 293-173,4,,,,,,,
픽팝,부산광역시 금정구 장전동 293-173,5,,,,,,,
픽팝,부산광역시 금정구 장전동 293-173,6,,,,,,,
핑롯데 동래점,부산광역시 동래구 온천동 502-3,0,,,,,,,
핑롯데 동래점,부산광역시 동래구 온천동 502-3,1,,,,,,,
핑롯데 동래점,부산광역시 동래구 온천동 502-3,2,,,,,,,
핑롯데 동래점,부산광역시 동래구 온천동 502-3,3,,,,,,,
핑롯데 동래점,부산광역시 동래구 온천동 502-3,4,,,,,,,
핑롯데 동래점,부산광역시 동래구 온천동 502-3,5,,,,,,,
핑롯데 동래점,부산광역시 동래구 온천동 502-3,6,,,,,,,
하비카페에이스,부산광역시 동래구 온천동 442-11,0,,,,,,,
하비카페에이스,부산광역시 동래구 온천동 442-11,1,,,,,,,
하비카페에이스,부산광역시 동래구 온천동 442-11,2,,,,,,,
하비카페에이스,부산광역시 동래구 온천동 442-11,3,,,,,,,
하비카페에이스,부산광역시 동래구 온천동 442-11,4,,,,,,,
하비카페에이스,부산광역시 동래구 온천동 442-11,5,,,,,,,
하비카페에이스,부산광역시 동래구 온천동 442-11,6,,,,,,,
하오베베,부산광역시 금정구 부곡동 225-6,0,,,,,,,
하오베베,부산광역시 금정구 부곡동 225-6,1,,,,,,,
하오베베,부산광역시 금정구 부곡동 225-6,2,,,,,,,
하오베베,부산광역시 금정구 부곡동 225-6,3,,,,,,,
하오베베,부산광역시 금정구 부곡동 225-6,4,,,,,,,
하오베베,부산광역시 금정구 부곡동 225-6,5,,,,,,,
하오베베,부산광역시 금정구 부곡동 225-6,6,,,,,,,
하이콤마,부산광역시 금정구 장전동 424-16,0,,,,,,,
하이콤마,부산광역시 금정구 장전동 424-16,1,,,,,,,
하이콤마,부산광역시 금정구 장전동 424-16,2,,,,,,,
하이콤마,부산광역시 금정구 장전동 424-16,3,,,,,,,
하이콤마,부산광역시 금정구 장전동 424-16,4,,,,,,,
하이콤마,부산광역시 금정구 장전동 424-16,5,,,,,,,
하이콤마,부산광역시 금정구 장전동 424-16,6,,,,,,,
하이패션가람 두실지점,부산광역시 금정구 구서동 163-25,0,,,,,,,
하이패션가람 두실지점,부산광역시 금정구 구서동 163-25,1,,,,,,,
하이패션가람 두실지점,부산광역시 금정구 구서동 163-25,2,,,,,,,
하이패션가람 두실지점,부산광역시 금정구 구서동 163-25,3,,,,,,,
하이패션가람 두실지점,부산광역시 금정구 구서동 163-25,4,,,,,,,
하이패션가람 두실지점,부산광역시 금정구 구서동 163-25,5,,,,,,,
하이패션가람 두실지점,부산광역시 금정구 구서동 163-25,6,,,,,,,
하이패션가람온천지점,부산광역시 동래구 온천동 212-6,0,,,,,,,
하이패션가람온천지점,부산광역시 동래구 온천동 212-6,1,,,,,,,
하이패션가람온천지점,부산광역시 동래구 온천동 212-6,2,,,,,,,
하이패션가람온천지점,부산광역시 동래구 온천동 212-6,3,,,,,,,
하이패션가람온천지점,부산광역시 동래구 온천동 212-6,4,,,,,,,
하이패션가람온천지점,부산광역시 동래구 온천동 212-6,5,,,,,,,
하이패션가람온천지점,부산광역시 동래구 온천동 212-6,6,,,,,,,
학생사,부산광역시 동래구 온천동 148-52,0,,,,,,,
학생사,부산광역시 동래구 온천동 148-52,1,,,,,,,
학생사,부산광역시 동래구 온천동 148-52,2,,,,,,,
학생사,부산광역시 동래구 온천동 148-52,3,,,,,,,
학생사,부산광역시 동래구 온천동 148-52,4,,,,,,,
학생사,부산광역시 동래구 온천동 148-52,5,,,,,,,
학생사,부산광역시 동래구 온천동 148-52,6,,,,,,,
한국유통,부산광역시 동래구 온천동 165-2,0,,,,,,,
한국유통,부산광역시 동래구 온천동 165-2,1,,,,,,,
한국유통,부산광역시 동래구 온천동 165-2,2,,,,,,,
한국유통,부산광역시 동래구 온천동 165-2,3,,,,,,,
한국유통,부산광역시 동래구 온천동 165-2,4,,,,,,,
한국유통,부산광역시 동래구 온천동 165-2,5,,,,,,,
한국유통,부산광역시 동래구 온천동 165-2,6,,,,,,,
한나몰,부산광역시 동래구 온천동 1236-27,0,,,,,,,
한나몰,부산광역시 동래구 온천동 1236-27,1,,,,,,,
한나몰,부산광역시 동래구 온천동 1236-27,2,,,,,,,
한나몰,부산광역시 동래구 온천동 1236-27,3,,,,,,,
한나몰,부산광역시 동래구 온천동 1236-27,4,,,,,,,
한나몰,부산광역시 동래구 온천동 1236-27,5,,,,,,,
한나몰,부산광역시 동래구 온천동 1236-27,6,,,,,,,
한마음의류,부산광역시 금정구 장전동 643-322,0,,,,,,,
한마음의류,부산광역시 금정구 장전동 643-322,1,,,,,,,
한마음의류,부산광역시 금정구 장전동 643-322,2,,,,,,,
한마음의류,부산광역시 금정구 장전동 643-322,3,,,,,,,
한마음의류,부산광역시 금정구 장전동 643-322,4,,,,,,,
한마음의류,부산광역시 금정구 장전동 643-322,5,,,,,,,
한마음의류,부산광역시 금정구 장전동 643-322,6,,,,,,,
한섬 부산대지점,부산광역시 금정구 장전동 423-5,0,10:20,20:20,,,,,
한섬 부산대지점,부산광역시 금정구 장전동 423-5,1,10:20,20:20,,,,,
한섬 부산대지점,부산광역시 금정구 장전동 423-5,2,10:20,20:20,,,,,
한섬 부산대지점,부산광역시 금정구 장전동 423-5,3,10:20,20:20,,,,,
한섬 부산대지점,부산광역시 금정구 장전동 423-5,4,10:20,20:20,,,,,
한섬 부산대지점,부산광역시 금정구 장전동 423-5,5,10:20,20:20,,,,,
한섬 부산대지점,부산광역시 금정구 장전동 423-5,6,10:20,20:20,,,,,
한섬아울렛 FX&SJ,부산광역시 금정구 장전동 423-5,0,10:20,20:20,,,,,
한섬아울렛 FX&SJ,부산광역시 금정구 장전동 423-5,1,10:20,20:20,,,,,
한섬아울렛 FX&SJ,부산광역시 금정구 장전동 423-5,2,10:20,20:20,,,,,
한섬아울렛 FX&SJ,부산광역시 금정구 장전동 423-5,3,10:20,20:20,,,,,
한섬아울렛 FX&SJ,부산광역시 금정구 장전동 423-5,4,10:20,20:20,,,,,
한섬아울렛 FX&SJ,부산광역시 금정구 장전동 423-5,5,10:20,20:20,,,,,
한섬아울렛 FX&SJ,부산광역시 금정구 장전동 423-5,6,10:20,20:20,,,,,
한양의류,부산광역시 금정구 부곡동 388-25,0,,,,,,,
한양의류,부산광역시 금정구 부곡동 388-25,1,,,,,,,
한양의류,부산광역시 금정구 부곡동 388-25,2,,,,,,,
한양의류,부산광역시 금정구 부곡동 388-25,3,,,,,,,
한양의류,부산광역시 금정구 부곡동 388-25,4,,,,,,,
한양의류,부산광역시 금정구 부곡동 388-25,5,,,,,,,
한양의류,부산광역시 금정구 부곡동 388-25,6,,,,,,,
해든미르,부산광역시 금정구 장전동 309-3,0,,,,,,,
해든미르,부산광역시 금정구 장전동 309-3,1,,,,,,,
해든미르,부산광역시 금정구 장전동 309-3,2,,,,,,,
해든미르,부산광역시 금정구 장전동 309-3,3,,,,,,,
해든미르,부산광역시 금정구 장전동 309-3,4,,,,,,,
해든미르,부산광역시 금정구 장전동 309-3,5,,,,,,,
해든미르,부산광역시 금정구 장전동 309-3,6,,,,,,,
해방자유,부산광역시 금정구 장전동 382-1,0,,,,,,,
해방자유,부산광역시 금정구 장전동 382-1,1,,,,,,,
해방자유,부산광역시 금정구 장전동 382-1,2,,,,,,,
해방자유,부산광역시 금정구 장전동 382-1,3,,,,,,,
해방자유,부산광역시 금정구 장전동 382-1,4,,,,,,,
해방자유,부산광역시 금정구 장전동 382-1,5,,,,,,,
해방자유,부산광역시 금정구 장전동 382-1,6,,,,,,,
해솔공방,부산광역시 동래구 명륜동 679-6,0,,,,,,,
해솔공방,부산광역시 동래구 명륜동 679-6,1,,,,,,,
해솔공방,부산광역시 동래구 명륜동 679-6,2,,,,,,,
해솔공방,부산광역시 동래구 명륜동 679-6,3,,,,,,,
해솔공방,부산광역시 동래구 명륜동 679-6,4,,,,,,,
해솔공방,부산광역시 동래구 명륜동 679-6,5,,,,,,,
해솔공방,부산광역시 동래구 명륜동 679-6,6,,,,,,,
해피플레이스,부산광역시 동래구 온천동 152-18,0,,,,,,,
해피플레이스,부산광역시 동래구 온천동 152-18,1,,,,,,,
해피플레이스,부산광역시 동래구 온천동 152-18,2,,,,,,,
해피플레이스,부산광역시 동래구 온천동 152-18,3,,,,,,,
해피플레이스,부산광역시 동래구 온천동 152-18,4,,,,,,,
해피플레이스,부산광역시 동래구 온천동 152-18,5,,,,,,,
해피플레이스,부산광역시 동래구 온천동 152-18,6,,,,,,,
햅페르모소,부산광역시 동래구 온천동 1465-28,0,,,,,,,
햅페르모소,부산광역시 동래구 온천동 1465-28,1,,,,,,,
햅페르모소,부산광역시 동래구 온천동 1465-28,2,,,,,,,
햅페르모소,부산광역시 동래구 온천동 1465-28,3,,,,,,,
햅페르모소,부산광역시 동래구 온천동 1465-28,4,,,,,,,
햅페르모소,부산광역시 동래구 온천동 1465-28,5,,,,,,,
햅페르모소,부산광역시 동래구 온천동 1465-28,6,,,,,,,
행복,부산광역시 금정구 장전동 651-64,0,,,,,,,
행복,부산광역시 금정구 장전동 651-64,1,,,,,,,
행복,부산광역시 금정구 장전동 651-64,2,,,,,,,
행복,부산광역시 금정구 장전동 651-64,3,,,,,,,
행복,부산광역시 금정구 장전동 651-64,4,,,,,,,
행복,부산광역시 금정구 장전동 651-64,5,,,,,,,
행복,부산광역시 금정구 장전동 651-64,6,,,,,,,
행텐주니어,부산광역시 금정구 장전동 40,0,,,,,,,
행텐주니어,부산광역시 금정구 장전동 40,1,,,,,,,
행텐주니어,부산광역시 금정구 장전동 40,2,,,,,,,
행텐주니어,부산광역시 금정구 장전동 40,3,,,,,,,
행텐주니어,부산광역시 금정구 장전동 40,4,,,,,,,
행텐주니어,부산광역시 금정구 장전동 40,5,,,,,,,
행텐주니어,부산광역시 금정구 장전동 40,6,,,,,,,
행텐주니어 NC부산대점,부산광역시 금정구 장전동 40,0,,,,,,,
행텐주니어 NC부산대점,부산광역시 금정구 장전동 40,1,,,,,,,
행텐주니어 NC부산대점,부산광역시 금정구 장전동 40,2,,,,,,,
행텐주니어 NC부산대점,부산광역시 금정구 장전동 40,3,,,,,,,
행텐주니어 NC부산대점,부산광역시 금정구 장전동 40,4,,,,,,,
행텐주니어 NC부산대점,부산광역시 금정구 장전동 40,5,,,,,,,
행텐주니어 NC부산대점,부산광역시 금정구 장전동 40,6,,,,,,,
허그,부산광역시 금정구 부곡동 296-86,0,,,,,,,
허그,부산광역시 금정구 부곡동 296-86,1,,,,,,,
허그,부산광역시 금정구 부곡동 296-86,2,,,,,,,
허그,부산광역시 금정구 부곡동 296-86,3,,,,,,,
허그,부산광역시 금정구 부곡동 296-86,4,,,,,,,
허그,부산광역시 금정구 부곡동 296-86,5,,,,,,,
허그,부산광역시 금정구 부곡동 296-86,6,,,,,,,
허브,부산광역시 동래구 온천동 1233-11,0,,,,,,,
허브,부산광역시 동래구 온천동 1233-11,1,,,,,,,
허브,부산광역시 동래구 온천동 1233-11,2,,,,,,,
허브,부산광역시 동래구 온천동 1233-11,3,,,,,,,
허브,부산광역시 동래구 온천동 1233-11,4,,,,,,,
허브,부산광역시 동래구 온천동 1233-11,5,,,,,,,
허브,부산광역시 동래구 온천동 1233-11,6,,,,,,,
허브그린,부산광역시 동래구 온천동 724,0,,,,,,,
허브그린,부산광역시 동래구 온천동 724,1,,,,,,,
허브그린,부산광역시 동래구 온천동 724,2,,,,,,,
허브그린,부산광역시 동래구 온천동 724,3,,,,,,,
허브그린,부산광역시 동래구 온천동 724,4,,,,,,,
허브그린,부산광역시 동래구 온천동 724,5,,,,,,,
허브그린,부산광역시 동래구 온천동 724,6,,,,,,,
허시파피,부산광역시 금정구 장전동 40,0,,,,,,,
허시파피,부산광역시 금정구 장전동 40,1,,,,,,,
허시파피,부산광역시 금정구 장전동 40,2,,,,,,,
허시파피,부산광역시 금정구 장전동 40,3,,,,,,,
허시파피,부산광역시 금정구 장전동 40,4,,,,,,,
허시파피,부산광역시 금정구 장전동 40,5,,,,,,,
허시파피,부산광역시 금정구 장전동 40,6,,,,,,,
헌트,부산광역시 금정구 장전동 310-3,0,,,,,,,
헌트,부산광역시 금정구 장전동 310-3,1,,,,,,,
헌트,부산광역시 금정구 장전동 310-3,2,,,,,,,
헌트,부산광역시 금정구 장전동 310-3,3,,,,,,,
헌트,부산광역시 금정구 장전동 310-3,4,,,,,,,
헌트,부산광역시 금정구 장전동 310-3,5,,,,,,,
헌트,부산광역시 금정구 장전동 310-3,6,,,,,,,
헤지스키즈,부산광역시 동래구 온천동 502-3,0,,,,,,,
헤지스키즈,부산광역시 동래구 온천동 502-3,1,,,,,,,
헤지스키즈,부산광역시 동래구 온천동 502-3,2,,,,,,,
헤지스키즈,부산광역시 동래구 온천동 502-3,3,,,,,,,
헤지스키즈,부산광역시 동래구 온천동 502-3,4,,,,,,,
헤지스키즈,부산광역시 동래구 온천동 502-3,5,,,,,,,
헤지스키즈,부산광역시 동래구 온천동 502-3,6,,,,,,,
혁신,부산광역시 동래구 온천동 153-8,0,,,,,,,
혁신,부산광역시 동래구 온천동 153-8,1,,,,,,,
혁신,부산광역시 동래구 온천동 153-8,2,,,,,,,
혁신,부산광역시 동래구 온천동 153-8,3,,,,,,,
혁신,부산광역시 동래구 온천동 153-8,4,,,,,,,
혁신,부산광역시 동래구 온천동 153-8,5,,,,,,,
혁신,부산광역시 동래구 온천동 153-8,6,,,,,,,
현영이네,부산광역시 동래구 온천동 1459-21,0,,,,,,,
현영이네,부산광역시 동래구 온천동 1459-21,1,,,,,,,
현영이네,부산광역시 동래구 온천동 1459-21,2,,,,,,,
현영이네,부산광역시 동래구 온천동 1459-21,3,,,,,,,
현영이네,부산광역시 동래구 온천동 1459-21,4,,,,,,,
현영이네,부산광역시 동래구 온천동 1459-21,5,,,,,,,
현영이네,부산광역시 동래구 온천동 1459-21,6,,,,,,,
협성상사,부산광역시 금정구 장전동 40,0,,,,,,,
협성상사,부산광역시 금정구 장전동 40,1,,,,,,,
협성상사,부산광역시 금정구 장전동 40,2,,,,,,,
협성상사,부산광역시 금정구 장전동 40,3,,,,,,,
협성상사,부산광역시 금정구 장전동 40,4,,,,,,,
협성상사,부산광역시 금정구 장전동 40,5,,,,,,,
협성상사,부산광역시 금정구 장전동 40,6,,,,,,,
홀리카홀리카 이마트금정점,부산광역시 금정구 구서동 368,0,,,,,,,
홀리카홀리카 이마트금정점,부산광역시 금정구 구서동 368,1,,,,,,,
홀리카홀리카 이마트금정점,부산광역시 금정구 구서동 368,2,,,,,,,
홀리카홀리카 이마트금정점,부산광역시 금정구 구서동 368,3,,,,,,,
홀리카홀리카 이마트금정점,부산광역시 금정구 구서동 368,4,,,,,,,
홀리카홀리카 이마트금정점,부산광역시 금정구 구서동 368,5,,,,,,,
홀리카홀리카 이마트금정점,부산광역시 금정구 구서동 368,6,,,,,,,
홀리카홀리카메가마트 동래점,부산광역시 동래구 명륜동 506-3,0,,,,,,,
홀리카홀리카메가마트 동래점,부산광역시 동래구 명륜동 506-3,1,,,,,,,
홀리카홀리카메가마트 동래점,부산광역시 동래구 명륜동 506-3,2,,,,,,,
홀리카홀리카메가마트 동래점,부산광역시 동래구 명륜동 506-3,3,,,,,,,
홀리카홀리카메가마트 동래점,부산광역시 동래구 명륜동 506-3,4,,,,,,,
홀리카홀리카메가마트 동래점,부산광역시 동래구 명륜동 506-3,5,,,,,,,
홀리카홀리카메가마트 동래점,부산광역시 동래구 명륜동 506-3,6,,,,,,,
홍궁,부산광역시 금정구 장전동 293-130,0,,,,,,,
홍궁,부산광역시 금정구 장전동 293-130,1,,,,,,,
홍궁,부산광역시 금정구 장전동 293-130,2,,,,,,,
홍궁,부산광역시 금정구 장전동 293-130,3,,,,,,,
홍궁,부산광역시 금정구 장전동 293-130,4,,,,,,,
홍궁,부산광역시 금정구 장전동 293-130,5,,,,,,,
홍궁,부산광역시 금정구 장전동 293-130,6,,,,,,,
홍당무,부산광역시 동래구 온천동 1266-22,0,,,,,,,
홍당무,부산광역시 동래구 온천동 1266-22,1,,,,,,,
홍당무,부산광역시 동래구 온천동 1266-22,2,,,,,,,
홍당무,부산광역시 동래구 온천동 1266-22,3,,,,,,,
홍당무,부산광역시 동래구 온천동 1266-22,4,,,,,,,
홍당무,부산광역시 동래구 온천동 1266-22,5,,,,,,,
홍당무,부산광역시 동래구 온천동 1266-22,6,,,,,,,
화이트뷰티,부산광역시 금정구 장전동 211-11,0,,,,,,,
화이트뷰티,부산광역시 금정구 장전동 211-11,1,,,,,,,
화이트뷰티,부산광역시 금정구 장전동 211-11,2,,,,,,,
화이트뷰티,부산광역시 금정구 장전동 211-11,3,,,,,,,
화이트뷰티,부산광역시 금정구 장전동 211-11,4,,,,,,,
화이트뷰티,부산광역시 금정구 장전동 211-11,5,,,,,,,
화이트뷰티,부산광역시 금정구 장전동 211-11,6,,,,,,,
화이트카라,부산광역시 금정구 장전동 293-128,0,,,,,,,
화이트카라,부산광역시 금정구 장전동 293-128,1,,,,,,,
화이트카라,부산광역시 금정구 장전동 293-128,2,,,,,,,
화이트카라,부산광역시 금정구 장전동 293-128,3,,,,,,,
화이트카라,부산광역시 금정구 장전동 293-128,4,,,,,,,
화이트카라,부산광역시 금정구 장전동 293-128,5,,,,,,,
화이트카라,부산광역시 금정구 장전동 293-128,6,,,,,,,
화장품물류,부산광역시 금정구 구서동 175-1,0,,,,,,,
화장품물류,부산광역시 금정구 구서동 175-1,1,,,,,,,
화장품물류,부산광역시 금정구 구서동 175-1,2,,,,,,,
화장품물류,부산광역시 금정구 구서동 175-1,3,,,,,,,
화장품물류,부산광역시 금정구 구서동 175-1,4,,,,,,,
화장품물류,부산광역시 금정구 구서동 175-1,5,,,,,,,
화장품물류,부산광역시 금정구 구서동 175-1,6,,,,,,,
화장품소매업,부산광역시 동래구 온천동 1460-20,0,,,,,,,
화장품소매업,부산광역시 동래구 온천동 1460-20,1,,,,,,,
화장품소매업,부산광역시 동래구 온천동 1460-20,2,,,,,,,
화장품소매업,부산광역시 동래구 온천동 1460-20,3,,,,,,,
화장품소매업,부산광역시 동래구 온천동 1460-20,4,,,,,,,
화장품소매업,부산광역시 동래구 온천동 1460-20,5,,,,,,,
화장품소매업,부산광역시 동래구 온천동 1460-20,6,,,,,,,
환희,부산광역시 금정구 장전동 576-2,0,,,,,,,
환희,부산광역시 금정구 장전동 576-2,1,,,,,,,
환희,부산광역시 금정구 장전동 576-2,2,,,,,,,
환희,부산광역시 금정구 장전동 576-2,3,,,,,,,
환희,부산광역시 금정구 장전동 576-2,4,,,,,,,
환희,부산광역시 금정구 장전동 576-2,5,,,,,,,
환희,부산광역시 금정구 장전동 576-2,6,,,,,,,
휠라스포츠,부산광역시 동래구 온천동 502-3,0,,,,,,,
휠라스포츠,부산광역시 동래구 온천동 502-3,1,,,,,,,
휠라스포츠,부산광역시 동래구 온천동 502-3,2,,,,,,,
휠라스포츠,부산광역시 동래구 온천동 502-3,3,,,,,,,
휠라스포츠,부산광역시 동래구 온천동 502-3,4,,,,,,,
휠라스포츠,부산광역시 동래구 온천동 502-3,5,,,,,,,
휠라스포츠,부산광역시 동래구 온천동 502-3,6,,,,,,,
휠라인티모 이마트금정점,부산광역시 금정구 구서동 368,0,,,,,,,
휠라인티모 이마트금정점,부산광역시 금정구 구서동 368,1,,,,,,,
휠라인티모 이마트금정점,부산광역시 금정구 구서동 368,2,,,,,,,
휠라인티모 이마트금정점,부산광역시 금정구 구서동 368,3,,,,,,,
휠라인티모 이마트금정점,부산광역시 금정구 구서동 368,4,,,,,,,
휠라인티모 이마트금정점,부산광역시 금정구 구서동 368,5,,,,,,,
휠라인티모 이마트금정점,부산광역시 금정구 구서동 368,6,,,,,,,
휠라키즈,부산광역시 동래구 온천동 502-3,0,,,,,,,
휠라키즈,부산광역시 동래구 온천동 502-3,1,,,,,,,
휠라키즈,부산광역시 동래구 온천동 502-3,2,,,,,,,
휠라키즈,부산광역시 동래구 온천동 502-3,3,,,,,,,
휠라키즈,부산광역시 동래구 온천동 502-3,4,,,,,,,
휠라키즈,부산광역시 동래구 온천동 502-3,5,,,,,,,
휠라키즈,부산광역시 동래구 온천동 502-3,6,,,,,,,
히드라아쿠아,부산광역시 금정구 부곡동 293-29,0,13:00,18:00,,,,,
히드라아쿠아,부산광역시 금정구 부곡동 293-29,1,13:00,18:00,,,,,
히드라아쿠아,부산광역시 금정구 부곡동 293-29,2,13:00,18:00,,,,,
히드라아쿠아,부산광역시 금정구 부곡동 293-29,3,13:00,18:00,,,,,
히드라아쿠아,부산광역시 금정구 부곡동 293-29,4,13:00,18:00,,,,,
히드라아쿠아,부산광역시 금정구 부곡동 293-29,5,13:00,18:00,,,,,
히드라아쿠아,부산광역시 금정구 부곡동 293-29,6,13:00,18:00,,,,,
히트,부산광역시 금정구 장전동 303-6,0,,,,,,,
히트,부산광역시 금정구 장전동 303-6,1,,,,,,,
히트,부산광역시 금정구 장전동 303-6,2,,,,,,,
히트,부산광역시 금정구 장전동 303-6,3,,,,,,,
히트,부산광역시 금정구 장전동 303-6,4,,,,,,,
히트,부산광역시 금정구 장전동 303-6,5,,,,,,,
히트,부산광역시 금정구 장전동 303-6,6,,,,,,,
힐링샵,부산광역시 동래구 온천동 154-36,0,,,,,,,
힐링샵,부산광역시 동래구 온천동 154-36,1,,,,,,,
힐링샵,부산광역시 동래구 온천동 154-36,2,,,,,,,
힐링샵,부산광역시 동래구 온천동 154-36,3,,,,,,,
힐링샵,부산광역시 동래구 온천동 154-36,4,,,,,,,
힐링샵,부산광역시 동래구 온천동 154-36,5,,,,,,,
힐링샵,부산광역시 동래구 온천동 154-36,6,,,,,,,
